object_id,nome,tipo,costellazione,magnitudine,ascensione_retta,declinazione,dimensione_apparente,max_angular_size_deg,recommended_observation_type,best_filter_class,fallback_filter_class,optional_color_filter_class,imaging_reducer_recommended,recommendation_enabled_by_default,descrizione
messier-M1,Crab Nebula,Supernova remnant,Taurus,8.4,05h 34m 31.9s,+22° 00′ 52.2″,420″ × 290″,0.117,General,UHC,,,0,1,M1 (NGC 1952) - Supernova remnant in Taurus.
messier-M2,M2,Globular cluster,Aquarius,6.5,21h 33m 27.0s,-00° 49′ 23.7″,16′,0.267,General,,,,0,1,M2 (NGC 7089) - Globular cluster in Aquarius.
messier-M3,M3,Globular cluster,Canes Venatici,6.2,13h 42m 11.6s,+28° 22′ 38.2″,18′,0.300,General,,,,0,1,M3 (NGC 5272) - Globular cluster in Canes Venatici.
messier-M4,Spider Globular Cluster,Globular cluster,Scorpius,5.6,16h 23m 35.2s,-26° 31′ 32.7″,26′,0.433,General,,,,0,1,M4 (NGC 6121) - Globular cluster in Scorpius.
messier-M5,Rose Cluster,Globular cluster,Serpens,5.6,15h 18m 33.2s,+02° 04′ 51.7″,23′,0.383,General,,,,0,1,M5 (NGC 5904) - Globular cluster in Serpens.
messier-M6,Butterfly Cluster,Open cluster,Scorpius,4.2,17h 40.1m,-32° 13′,25′,0.417,WideField,,,,1,1,M6 (NGC 6405) - Open cluster in Scorpius.
messier-M7,Ptolemy's Cluster,Open cluster,Scorpius,3.3,17h 53m 51.2s,-34° 47′ 34″,80′,1.333,WideField,,,,1,1,M7 (NGC 6475) - Open cluster in Scorpius.
messier-M8,Lagoon Nebula,Nebula with cluster,Sagittarius,4.6,18h 03m 37s,-24° 23′ 12″,90′ × 40′,1.500,WideField,UHC,,,1,1,M8 (NGC 6523) - Nebula with cluster in Sagittarius.
messier-M9,M9,Globular cluster,Ophiuchus,7.7,17h 19m 11.8s,-18° 30′ 58.5″,9.3′,0.155,HighMagnification,,,,0,1,M9 (NGC 6333) - Globular cluster in Ophiuchus.
messier-M10,M10,Globular cluster,Ophiuchus,6.6,16h 57m 8.9s,-04° 05′ 58.1″,20′,0.333,General,,,,0,1,M10 (NGC 6254) - Globular cluster in Ophiuchus.
messier-M11,Wild Duck Cluster,Open cluster,Scutum,5.8,18h 51.1m,-06° 16′,22.8′,0.380,WideField,,,,1,1,M11 (NGC 6705) - Open cluster in Scutum.
messier-M12,M12,Globular cluster,Ophiuchus,6.7,16h 47m 14.2s,-01° 56′ 54.7″,16′,0.267,General,,,,0,1,M12 (NGC 6218) - Globular cluster in Ophiuchus.
messier-M13,Great Hercules Cluster,Globular cluster,Hercules,5.8,16h 41m 41.2s,+36° 27′ 35.5″,20′,0.333,General,,,,0,1,M13 (NGC 6205) - Globular cluster in Hercules.
messier-M14,M14,Globular cluster,Ophiuchus,7.6,17h 37m 36.2s,-03° 14′ 45.3″,11′,0.183,General,,,,0,1,M14 (NGC 6402) - Globular cluster in Ophiuchus.
messier-M15,Great Pegasus Cluster,Globular cluster,Pegasus,6.2,21h 29m 58.3s,+12° 10′ 01.2″,18′,0.300,General,,,,0,1,M15 (NGC 7078) - Globular cluster in Pegasus.
messier-M16,Eagle Nebula,H II region nebula with cluster,Serpens,6.4,18h 18m 48s,-13° 49′,70′ × 50′,1.167,WideField,UHC,,,1,1,M16 (NGC 6611) - H II region nebula with cluster in Serpens.
messier-M17,"Omega, Swan, Horseshoe, Lobster, or Checkmark Nebula",H II region nebula with cluster,Sagittarius,6.0,18h 20m 26s,-16° 10′ 36″,11′,0.183,General,UHC,,,0,1,M17 (NGC 6618) - H II region nebula with cluster in Sagittarius.
messier-M18,Black Swan Cluster,Open cluster,Sagittarius,7.5,18h 19.9m,-17° 08′,9.8′,0.163,General,,,,0,1,M18 (NGC 6613) - Open cluster in Sagittarius.
messier-M19,M19,Globular cluster,Ophiuchus,6.8,17h 02m 37.7s,-26° 16′ 04.6″,17′,0.283,General,,,,0,1,M19 (NGC 6273) - Globular cluster in Ophiuchus.
messier-M20,Trifid Nebula,H II region nebula with cluster,Sagittarius,6.3,18h 02m 23s,-23° 01′ 48″,28′,0.467,WideField,UHC,,,1,1,M20 (NGC 6514) - H II region nebula with cluster in Sagittarius.
messier-M21,Webb's Cross Cluster,Open cluster,Sagittarius,6.5,18h 04.6m,-22° 30′,14′,0.233,General,,,,0,1,M21 (NGC 6531) - Open cluster in Sagittarius.
messier-M22,Great Sagittarius Cluster,Globular cluster,Sagittarius,5.1,18h 36m 23.9s,-23° 54′ 17.1″,32′,0.533,General,,,,0,1,M22 (NGC 6656) - Globular cluster in Sagittarius.
messier-M23,M23,Open cluster,Sagittarius,5.5,17h 56.8m,-19° 01′,35′,0.583,WideField,,,,1,1,M23 (NGC 6494) - Open cluster in Sagittarius.
messier-M24,Small Sagittarius Star Cloud,Milky Way star cloud,Sagittarius,2.5,18h 17m,-18° 33′,2°x1°,2.000,WideField,,,,1,1,M24 (IC 4715) - Milky Way star cloud in Sagittarius.
messier-M25,M25,Open cluster,Sagittarius,4.6,18h 31.6m,-19° 15′,36′,0.600,WideField,,,,1,1,M25 (IC 4725) - Open cluster in Sagittarius.
messier-M26,M26,Open cluster,Scutum,8.0,18h 45.2m,-09° 24′,14′,0.233,General,,,,0,1,M26 (NGC 6694) - Open cluster in Scutum.
messier-M27,Dumbbell Nebula,Planetary nebula,Vulpecula,7.4,19h 59m 36.3s,+22° 43′ 16.1″,8.0′ × 5.6′,0.133,General,OIII,,,0,1,M27 (NGC 6853) - Planetary nebula in Vulpecula.
messier-M28,M28,Globular cluster,Sagittarius,6.8,18h 24m 32.9s,-24° 52′ 11.4″,11.2′,0.187,General,,,,0,1,M28 (NGC 6626) - Globular cluster in Sagittarius.
messier-M29,Cooling Tower Cluster,Open cluster,Cygnus,7.1,20h 23m 56s,+38° 31′ 24″,7′,0.117,General,,,,0,1,M29 (NGC 6913) - Open cluster in Cygnus.
messier-M30,Jellyfish Cluster,Globular cluster,Capricornus,7.2,21h 40m 22.1s,-23° 10′ 47.5″,12′,0.200,General,,,,0,1,M30 (NGC 7099) - Globular cluster in Capricornus.
messier-M31,Andromeda Galaxy,Spiral galaxy,Andromeda,3.4,00h 42m 44.3s,+41° 16′ 09″,3.17° × 1°,3.170,WideField,,,,1,1,M31 (NGC 224) - Spiral galaxy in Andromeda.
messier-M32,Andromeda Satellite #1,Dwarf elliptical galaxy,Andromeda,8.1,00h 42m 41.8s,+40° 51′ 55″,8.7′ × 6.5′,0.145,General,,,,0,1,M32 (NGC 221) - Dwarf elliptical galaxy in Andromeda.
messier-M33,Triangulum/Pinwheel Galaxy,Spiral galaxy,Triangulum,5.7,01h 33m 50.0s,+30° 39′ 36.7″,70.8′ × 41.7′,1.180,WideField,,,,1,1,M33 (NGC 598) - Spiral galaxy in Triangulum.
messier-M34,Spiral Cluster,Open cluster,Perseus,5.5,02h 42.1m,+42° 46′,35′,0.583,WideField,,,,1,1,M34 (NGC 1039) - Open cluster in Perseus.
messier-M35,Shoe-Buckle Cluster,Open cluster,Gemini,5.3,06h 09.1m,+24° 21′,28′,0.467,WideField,,,,1,1,M35 (NGC 2168) - Open cluster in Gemini.
messier-M36,Pinwheel Cluster,Open cluster,Auriga,6.3,05h 36m 12s,+34° 08′ 04″,12′,0.200,General,,,,0,1,M36 (NGC 1960) - Open cluster in Auriga.
messier-M37,Salt and Pepper Cluster,Open cluster,Auriga,6.2,05h 52m 18s,+32° 33′ 02″,24′,0.400,WideField,,,,1,1,M37 (NGC 2099) - Open cluster in Auriga.
messier-M38,Starfish Cluster,Open cluster,Auriga,7.4,05h 28m 42s,+35° 51′ 18″,21′,0.350,WideField,,,,1,1,M38 (NGC 1912) - Open cluster in Auriga.
messier-M39,Pyramid Cluster,Open cluster,Cygnus,4.6,21h 31m 42s,+48° 26′ 00″,29′,0.483,WideField,,,,1,1,M39 (NGC 7092) - Open cluster in Cygnus.
messier-M40,Winnecke 4,Optical Double,Ursa Major,8.4,12h 22m 12.5s,+58° 04′ 59″,51.7″,0.014,HighMagnification,,,,0,1,M40 - Optical Double in Ursa Major.
messier-M41,Little Beehive Cluster,Open cluster,Canis Major,4.5,06h 46.0m,-20° 46′,38′,0.633,WideField,,,,1,1,M41 (NGC 2287) - Open cluster in Canis Major.
messier-M42,Great Orion Nebula,H II region nebula,Orion,4.0,05h 35m 17.3s,-05° 23′ 28″,65′ × 60′,1.083,WideField,UHC,,,1,1,M42 (NGC 1976) - H II region nebula in Orion.
messier-M43,De Mairan's Nebula,H II region nebula (part of the Orion Nebula),Orion,9.0,05h 35.6m,-05° 16′,20′ × 15′,0.333,WideField,H_BETA,,,1,1,M43 (NGC 1982) - H II region nebula (part of the Orion Nebula) in Orion.
messier-M44,Beehive Cluster or Praesepe,Open cluster,Cancer,3.7,08h 40.4m,+19° 59′,95′,1.583,WideField,,,,1,1,M44 (NGC 2632) - Open cluster in Cancer.
messier-M45,"Pleiades, Seven Sisters or Subaru",Open cluster,Taurus,1.6,03h 47m 24s,+24° 07′ 00″,2°,2.000,WideField,,,,1,1,M45 - Open cluster in Taurus.
messier-M46,M46,Open cluster,Puppis,6.0,07h 41.8m,-14° 49′,22.8′,0.380,WideField,,,,1,1,M46 (NGC 2437) - Open cluster in Puppis.
messier-M47,M47,Open cluster,Puppis,4.4,07h 36.6m,-14° 30′,30′,0.500,WideField,,,,1,1,M47 (NGC 2422) - Open cluster in Puppis.
messier-M48,M48,Open cluster,Hydra,5.5,08h 13.7m,-05° 45′,30′,0.500,WideField,,,,1,1,M48 (NGC 2548) - Open cluster in Hydra.
messier-M49,M49,Elliptical galaxy,Virgo,8.4,12h 29m 46.7s,+08° 00′ 02″,10.2′ × 8.3′,0.170,General,,,,0,1,M49 (NGC 4472) - Elliptical galaxy in Virgo.
messier-M50,Heart-Shaped Cluster,Open cluster,Monoceros,5.9,07h 03.2m,-08° 20′,16′,0.267,General,,,,0,1,M50 (NGC 2323) - Open cluster in Monoceros.
messier-M51,Whirlpool Galaxy,Spiral galaxy,Canes Venatici,8.4,13h 29m 52.7s,+47° 11′ 43″,11.2′ × 6.9′,0.187,General,,,,0,1,"M51 (NGC 5194,NGC 5195) - Spiral galaxy in Canes Venatici."
messier-M52,Scorpion Cluster,Open cluster,Cassiopeia,7.3,23h 24.2m,+61° 35′,13′,0.217,General,,,,0,1,M52 (NGC 7654) - Open cluster in Cassiopeia.
messier-M53,M53,Globular cluster,Coma Berenices,7.6,13h 12m 55.3s,+18° 10′ 05.4″,13′,0.217,General,,,,0,1,M53 (NGC 5024) - Globular cluster in Coma Berenices.
messier-M54,M54,Globular cluster,Sagittarius,7.6,18h 55m 03.3s,-30° 28′ 47.5″,12′,0.200,General,,,,0,1,M54 (NGC 6715) - Globular cluster in Sagittarius.
messier-M55,Specter Cluster,Globular cluster,Sagittarius,6.3,19h 39m 59.7s,-30° 57′ 53.1″,19′,0.317,General,,,,0,1,M55 (NGC 6809) - Globular cluster in Sagittarius.
messier-M56,M56,Globular cluster,Lyra,8.3,19h 16m 35.6s,+30° 11′ 00.5″,8.8′,0.147,HighMagnification,,,,0,1,M56 (NGC 6779) - Globular cluster in Lyra.
messier-M57,Ring Nebula,Planetary nebula,Lyra,8.8,18h 53m 35.1s,+33° 01′ 45.0″,230″ × 230″,0.064,HighMagnification,OIII,,,0,1,M57 (NGC 6720) - Planetary nebula in Lyra.
messier-M58,M58,Barred Spiral galaxy,Virgo,9.7,12h 37m 43.5s,+11° 49′ 05″,5.9′ × 4.7′,0.098,General,,,,0,1,M58 (NGC 4579) - Barred Spiral galaxy in Virgo.
messier-M59,M59,Elliptical galaxy,Virgo,9.6,12h 42m 02.3s,+11° 38′ 49″,5.4′ × 3.7′,0.090,General,,,,0,1,M59 (NGC 4621) - Elliptical galaxy in Virgo.
messier-M60,M60,Elliptical galaxy,Virgo,8.8,12h 43m 39.6s,+11° 33′ 09″,7.4′ × 6.0′,0.123,General,,,,0,1,M60 (NGC 4649) - Elliptical galaxy in Virgo.
messier-M61,Swelling Spiral Galaxy,Spiral galaxy,Virgo,9.7,12h 21m 54.9s,+04° 28′ 25″,6.5′ × 5.8′,0.108,General,,,,0,1,M61 (NGC 4303) - Spiral galaxy in Virgo.
messier-M62,Flickering Globular,Globular cluster,Ophiuchus,6.5,17h 01m 12.6s,-30° 06′ 44.5″,15′,0.250,General,,,,0,1,M62 (NGC 6266) - Globular cluster in Ophiuchus.
messier-M63,Sunflower Galaxy,Spiral galaxy,Canes Venatici,8.6,13h 15m 49.3s,+42° 01′ 45″,12.6′ × 7.2′,0.210,General,,,,0,1,M63 (NGC 5055) - Spiral galaxy in Canes Venatici.
messier-M64,Black Eye Galaxy,Spiral galaxy,Coma Berenices,8.5,12h 56m 43.7s,+21° 40′ 58″,10.7′ × 5.1′,0.178,General,,,,0,1,M64 (NGC 4826) - Spiral galaxy in Coma Berenices.
messier-M65,Leo Triplet,Barred Spiral galaxy,Leo,9.3,11h 18m 55.9s,+13° 05′ 32″,8.7′ × 2.5′,0.145,General,,,,0,1,M65 (NGC 3623) - Barred Spiral galaxy in Leo.
messier-M66,Leo Triplet,Barred Spiral galaxy,Leo,8.9,11h 20m 15.0s,+12° 59′ 30″,9.1′ × 4.2′,0.152,General,,,,0,1,M66 (NGC 3627) - Barred Spiral galaxy in Leo.
messier-M67,King Cobra or Golden Eye Cluster,Open cluster,Cancer,6.1,08h 51.3m,+11° 49′,30′,0.500,WideField,,,,1,1,M67 (NGC 2682) - Open cluster in Cancer.
messier-M68,M68,Globular cluster,Hydra,7.8,12h 39m 28.0s,-26° 44′ 38.6″,11′,0.183,General,,,,0,1,M68 (NGC 4590) - Globular cluster in Hydra.
messier-M69,M69,Globular cluster,Sagittarius,7.6,18h 31m 23.1s,-32° 20′ 53.1″,10.8′,0.180,General,,,,0,1,M69 (NGC 6637) - Globular cluster in Sagittarius.
messier-M70,M70,Globular cluster,Sagittarius,7.9,18h 43m 12.8s,-32° 17′ 31.6″,8′,0.133,HighMagnification,,,,0,1,M70 (NGC 6681) - Globular cluster in Sagittarius.
messier-M71,Angelfish Cluster,Globular cluster,Sagitta,8.2,19h 53m 46.5s,+18° 46′ 45.1″,7.2′,0.120,HighMagnification,,,,0,1,M71 (NGC 6838) - Globular cluster in Sagitta.
messier-M72,M72,Globular cluster,Aquarius,9.3,20h 53m 27.7s,-12° 32′ 14.3″,6.6′,0.110,HighMagnification,,,,0,1,M72 (NGC 6981) - Globular cluster in Aquarius.
messier-M73,M73,Asterism,Aquarius,9.0,20h 58m 54s,-12° 38′,2.8′,0.047,HighMagnification,,,,0,1,M73 (NGC 6994) - Asterism in Aquarius.
messier-M74,Phantom Galaxy,Spiral galaxy,Pisces,9.4,01h 36m 41.8s,+15° 47′ 01″,10.5′ × 9.5′,0.175,General,,,,0,1,M74 (NGC 628) - Spiral galaxy in Pisces.
messier-M75,M75,Globular cluster,Sagittarius,8.5,20h 06m 04.8s,-21° 55′ 16.2″,6.8′,0.113,HighMagnification,,,,0,1,M75 (NGC 6864) - Globular cluster in Sagittarius.
messier-M76,Little Dumbbell Nebula,Planetary nebula,Perseus,10.1,01h 42.4m,+51° 34′ 31″,2.7′ × 1.8′,0.045,HighMagnification,OIII,,,0,1,"M76 (NGC 650,NGC 651) - Planetary nebula in Perseus."
messier-M77,Cetus A or Squid Galaxy,Spiral galaxy,Cetus,8.9,02h 42m 40.7s,-00° 00′ 48″,7.1′ × 6.0′,0.118,General,,,,0,1,M77 (NGC 1068) - Spiral galaxy in Cetus.
messier-M78,M78,Diffuse nebula,Orion,8.3,05h 46m 46.7s,+00° 00′ 50″,8′ × 6′,0.133,General,,,,0,1,M78 (NGC 2068) - Diffuse nebula in Orion.
messier-M79,M79,Globular cluster,Lepus,7.7,05h 24m 10.6s,-24° 31′ 27.3″,8.7′,0.145,HighMagnification,,,,0,1,M79 (NGC 1904) - Globular cluster in Lepus.
messier-M80,M80,Globular cluster,Scorpius,7.3,16h 17m 02.4s,-22° 58′ 33.9″,10′,0.167,HighMagnification,,,,0,1,M80 (NGC 6093) - Globular cluster in Scorpius.
messier-M81,Bode's Galaxy,Spiral galaxy,Ursa Major,6.9,09h 55m 33.2s,+69° 03′ 55″,26.9′ × 14.1′,0.448,General,,,,0,1,M81 (NGC 3031) - Spiral galaxy in Ursa Major.
messier-M82,Cigar Galaxy,Starburst galaxy,Ursa Major,8.4,09h 55m 52.2s,+69° 40′ 47″,11.2′ × 4.3′,0.187,General,,,,0,1,M82 (NGC 3034) - Starburst galaxy in Ursa Major.
messier-M83,Southern Pinwheel Galaxy,Barred Spiral galaxy,Hydra,7.6,13h 37m 00.9s,-29° 51′ 57″,12.9′ × 11.5′,0.215,General,,,,0,1,M83 (NGC 5236) - Barred Spiral galaxy in Hydra.
messier-M84,M84,Lenticular galaxy,Virgo,9.1,12h 25m 03.7s,+12° 53′ 13″,6.5′ × 5.6′,0.108,General,,,,0,1,M84 (NGC 4374) - Lenticular galaxy in Virgo.
messier-M85,M85,Lenticular galaxy,Coma Berenices,9.1,12h 25m 24.0s,+18° 11′ 28″,7.1′ × 5.5′,0.118,General,,,,0,1,M85 (NGC 4382) - Lenticular galaxy in Coma Berenices.
messier-M86,M86,Lenticular galaxy,Virgo,8.9,12h 26m 11.7s,+12° 56′ 46″,8.9′ × 5.8′,0.148,General,,,,0,1,M86 (NGC 4406) - Lenticular galaxy in Virgo.
messier-M87,Virgo A,Elliptical galaxy,Virgo,8.6,12h 30m 49.4s,+12° 23′ 28.0″,7.2′ × 6.8′,0.120,General,,,,0,1,M87 (NGC 4486) - Elliptical galaxy in Virgo.
messier-M88,M88,Spiral galaxy,Coma Berenices,9.6,12h 31m 59.2s,+14° 25′ 14″,6.9′ × 3.7′,0.115,General,,,,0,1,M88 (NGC 4501) - Spiral galaxy in Coma Berenices.
messier-M89,M89,Elliptical galaxy,Virgo,9.8,12h 35m 39.8s,+12° 33′ 23″,5.1′ × 4.7′,0.085,General,,,,0,1,M89 (NGC 4552) - Elliptical galaxy in Virgo.
messier-M90,Carabin Galaxy,Spiral galaxy,Virgo,9.5,12h 36m 49.8s,+13° 09′ 46″,9.5′ × 4.4′,0.158,General,,,,0,1,M90 (NGC 4569) - Spiral galaxy in Virgo.
messier-M91,M91,Barred Spiral galaxy,Coma Berenices,10.2,12h 35m 26.4s,+14° 29′ 47″,5.4′ × 4.3′,0.090,General,,,,0,1,M91 (NGC 4548) - Barred Spiral galaxy in Coma Berenices.
messier-M92,M92,Globular cluster,Hercules,6.4,17h 17m 07.4s,+43° 08′ 09.4″,14′,0.233,General,,,,0,1,M92 (NGC 6341) - Globular cluster in Hercules.
messier-M93,Critter Cluster,Open cluster,Puppis,6.0,07h 44.6m,-23° 52′,10′,0.167,General,,,,0,1,M93 (NGC 2447) - Open cluster in Puppis.
messier-M94,Crocodile Eye or Cat's Eye Galaxy,Spiral galaxy,Canes Venatici,8.2,12h 50m 53.1s,+41° 07′ 14″,11.2′ × 9.1′,0.187,General,,,,0,1,M94 (NGC 4736) - Spiral galaxy in Canes Venatici.
messier-M95,M95,Barred Spiral galaxy,Leo,9.7,10h 43m 57.7s,+11° 42′ 14″,3.1′ × 2.9′,0.052,General,,,,0,1,M95 (NGC 3351) - Barred Spiral galaxy in Leo.
messier-M96,M96,Spiral galaxy,Leo,9.2,10h 46m 45.7s,+11° 49′ 12″,7.6′ × 5.2′,0.127,General,,,,0,1,M96 (NGC 3368) - Spiral galaxy in Leo.
messier-M97,Owl Nebula,Planetary nebula,Ursa Major,9.9,11h 14m 47.7s,+55° 01′ 08.5″,3.4′ × 3.3′,0.057,General,OIII,,,0,1,M97 (NGC 3587) - Planetary nebula in Ursa Major.
messier-M98,M98,Spiral galaxy,Coma Berenices,10.1,12h 13m 48.3s,+14° 54′ 01.7″,9.8′ × 2.8′,0.163,General,,,,0,1,M98 (NGC 4192) - Spiral galaxy in Coma Berenices.
messier-M99,St. Catherine's Wheel,Spiral galaxy,Coma Berenices,9.9,12h 18m 49.6s,+14° 24′ 59″,5.4′ × 4.7′,0.090,General,,,,0,1,M99 (NGC 4254) - Spiral galaxy in Coma Berenices.
messier-M100,Mirror Galaxy,Spiral galaxy,Coma Berenices,9.3,12h 22m 54.9s,+15° 49′ 21″,7.4′ × 6.3′,0.123,General,,,,0,1,M100 (NGC 4321) - Spiral galaxy in Coma Berenices.
messier-M101,Pinwheel Galaxy,Spiral galaxy,Ursa Major,7.9,14h 03m 12.6s,+54° 20′ 57″,28.8′ × 26.9′,0.480,WideField,,,,1,1,M101 (NGC 5457) - Spiral galaxy in Ursa Major.
messier-M102,Spindle Galaxy,Lenticular galaxy,Draco,9.9,15h 06m 29.5s,+55° 45′ 48″,4.7′ × 1.9′,0.078,General,,,,0,1,M102 (NGC 5866) - Lenticular galaxy in Draco.
messier-M103,M103,Open cluster,Cassiopeia,7.4,01h 33.2m,+60° 42′,6′,0.100,General,,,,0,1,M103 (NGC 581) - Open cluster in Cassiopeia.
messier-M104,Sombrero Galaxy,Spiral galaxy,Virgo,8.0,12h 39m 59.4s,-11° 37′ 23″,9′ × 4′,0.150,General,,,,0,1,M104 (NGC 4594) - Spiral galaxy in Virgo.
messier-M105,M105,Elliptical galaxy,Leo,9.3,10h 47m 49.6s,+12° 34′ 54″,5.4′ × 4.8′,0.090,General,,,,0,1,M105 (NGC 3379) - Elliptical galaxy in Leo.
messier-M106,M106,Spiral galaxy,Canes Venatici,8.4,12h 18m 57.5s,+47° 18′ 14″,18.6′ × 7.2′,0.310,General,,,,0,1,M106 (NGC 4258) - Spiral galaxy in Canes Venatici.
messier-M107,Crucifix Cluster,Globular cluster,Ophiuchus,7.9,16h 32m 31.9s,-13° 03′ 13.6″,10′,0.167,General,,,,0,1,M107 (NGC 6171) - Globular cluster in Ophiuchus.
messier-M108,Surfboard Galaxy,Barred Spiral galaxy,Ursa Major,10.0,11h 11m 31.0s,+55° 40′ 27″,8.7′ × 2.2′,0.145,General,,,,0,1,M108 (NGC 3556) - Barred Spiral galaxy in Ursa Major.
messier-M109,Vacuum Cleaner Galaxy,Barred Spiral galaxy,Ursa Major,9.8,11h 57m 36.0s,+53° 22′ 28″,7.6′ × 4.7′,0.127,General,,,,0,1,M109 (NGC 3992) - Barred Spiral galaxy in Ursa Major.
messier-M110,Andromeda Satellite #2,Dwarf elliptical galaxy,Andromeda,8.5,00h 40m 22.1s,+41° 41′ 07″,21.9′ × 11.0′,0.365,General,,,,0,1,M110 (NGC 205) - Dwarf elliptical galaxy in Andromeda.
caldwell-C1,NGC 188,Open cluster,Cepheus,8.1,00h 44.4m,+85° 20′,14′,0.233,General,,,,0,1,C1 (NGC 188) - Ammasso aperto nella costellazione di Cefeo.
caldwell-C2,NGC 40,Planetary nebula,Cepheus,11.6,00h 13.0m,+72° 32′,0.6′,0.010,HighMagnification,UHC,,,0,1,C2 (NGC 40) - Nebulosa planetaria nella costellazione di Cefeo.
caldwell-C3,NGC 4236,Spiral galaxy,Draco,9.7,12h 16.7m,+69° 28′,21′ x 7′,0.350,WideField,,,,1,1,C3 (NGC 4236) - Galassia spirale nella costellazione di Dragone.
caldwell-C4,NGC 7023 - Nebulosa Iris,Nebula,Cepheus,6.8,21h 01.8m,+68° 12′,18′ x 18′,0.300,General,,,,0,1,C4 (NGC 7023) - Nebulosa nella costellazione di Cefeo.
caldwell-C5,IC 342,Barred spiral galaxy,Camelopardalis,9.2,03h 46.8m,+68° 06′,18′ x 17′,0.300,General,,,,0,1,C5 (IC 342) - Galassia spirale barrata nella costellazione di Giraffa.
caldwell-C6,NGC 6543 - Nebulosa Occhio di Gatto,Planetary nebula,Draco,8.8,17h 58.6m,+66° 38′,0.3′ / 5.8′,0.097,HighMagnification,OIII,,,0,1,C6 (NGC 6543) - Nebulosa planetaria nella costellazione di Dragone.
caldwell-C7,NGC 2403,Spiral galaxy,Camelopardalis,8.9,07h 36.9m,+65° 36′,18′ x 10′,0.300,General,,,,0,1,C7 (NGC 2403) - Galassia spirale nella costellazione di Giraffa.
caldwell-C8,NGC 559,Open cluster,Cassiopeia,9.5,01h 29.5m,+63° 18′,4′,0.067,General,,,,0,1,C8 (NGC 559) - Ammasso aperto nella costellazione di Cassiopea.
caldwell-C9,Sh2-155 - Nebulosa Grotta,Nebula,Cepheus,7.7,22h 56.8m,+62° 37′,50′ x 10′,0.833,WideField,UHC,,,1,1,C9 (Sh2-155) - Nebulosa nella costellazione di Cefeo.
caldwell-C10,NGC 663,Open cluster,Cassiopeia,7.1,01h 46.0m,+61° 15′,16′,0.267,General,,,,0,1,C10 (NGC 663) - Ammasso aperto nella costellazione di Cassiopea.
caldwell-C11,NGC 7635 - Nebulosa Bolla,Nebula,Cassiopeia,7.0,23h 20.7m,+61° 12′,15′ x 8′,0.250,General,OIII,,,0,1,C11 (NGC 7635) - Nebulosa nella costellazione di Cassiopea.
caldwell-C12,NGC 6946 - Galassia Fuochi d'Artificio,Spiral galaxy,Cepheus,9.7,20h 34.8m,+60° 09′,11′ x 9′,0.183,General,,,,0,1,C12 (NGC 6946) - Galassia spirale nella costellazione di Cefeo.
caldwell-C13,NGC 457 - Ammasso Civetta,Open cluster,Cassiopeia,6.4,01h 19.1m,+58° 20′,13′,0.217,General,,,,0,1,C13 (NGC 457) - Ammasso aperto nella costellazione di Cassiopea.
caldwell-C14,NGC 869/884 - Doppio Ammasso di Perseo,Open cluster,Perseus,4.3,02h 20.0m,+57° 08′,30′ + 30′,0.500,WideField,,,,1,1,C14 (NGC 869/884) - Doppio ammasso aperto nella costellazione di Perseo.
caldwell-C15,NGC 6826 - Nebulosa Lampeggiante,Planetary nebula,Cygnus,9.8,19h 44.8m,+50° 31′,0.5′ / 2.3′,0.038,HighMagnification,OIII,,,0,1,C15 (NGC 6826) - Nebulosa planetaria nella costellazione di Cigno.
caldwell-C16,NGC 7243,Open cluster,Lacerta,6.4,22h 15.3m,+49° 53′,21′,0.350,WideField,,,,1,1,C16 (NGC 7243) - Ammasso aperto nella costellazione di Lucertola.
caldwell-C17,NGC 147,Dwarf elliptical galaxy,Cassiopeia,9.3,00h 33.2m,+48° 30′,13′ x 8′,0.217,General,,,,0,1,C17 (NGC 147) - Galassia ellittica nana nella costellazione di Cassiopea.
caldwell-C18,NGC 185,Dwarf elliptical galaxy,Cassiopeia,9.2,00h 39.0m,+48° 20′,12′ x 9′,0.200,General,,,,0,1,C18 (NGC 185) - Galassia ellittica nana nella costellazione di Cassiopea.
caldwell-C19,IC 5146 - Nebulosa Bozzolo,Nebula,Cygnus,10.0,21h 53.5m,+47° 16′,12′ x 12′,0.200,General,H_BETA,,,0,1,C19 (IC 5146) - Nebulosa nella costellazione di Cigno.
caldwell-C20,NGC 7000 - Nebulosa Nord America,Nebula,Cygnus,6.0,20h 58.8m,+44° 20′,120′ x 100′,2.000,WideField,UHC,,,1,1,C20 (NGC 7000) - Nebulosa nella costellazione di Cigno.
caldwell-C21,NGC 4449,Irregular galaxy,Canes Venatici,9.4,12h 28.2m,+44° 06′,5′ x 3′,0.083,General,,,,0,1,C21 (NGC 4449) - Galassia irregolare nella costellazione di Cani da Caccia.
caldwell-C22,NGC 7662 - Nebulosa Palla di Neve Blu,Planetary nebula,Andromeda,9.2,23h 25.9m,+42° 33′,0.3′ / 2.2′,0.037,HighMagnification,OIII,,,0,1,C22 (NGC 7662) - Nebulosa planetaria nella costellazione di Andromeda.
caldwell-C23,NGC 891,Spiral galaxy,Andromeda,9.9,02h 22.6m,+42° 21′,14′ x 2′,0.233,General,,,,0,1,C23 (NGC 891) - Galassia spirale nella costellazione di Andromeda.
caldwell-C24,NGC 1275 - Perseo A,Seyfert galaxy,Perseus,11.6,03h 19.8m,+41° 31′,2.6′ x 1′,0.043,General,,,,0,1,C24 (NGC 1275) - Galassia di Seyfert nella costellazione di Perseo.
caldwell-C25,NGC 2419 - Vagabondo Intergalattico,Globular cluster,Lynx,10.4,07h 38.1m,+38° 53′,4.1′,0.068,General,,,,0,1,C25 (NGC 2419) - Ammasso globulare nella costellazione di Lince.
caldwell-C26,NGC 4244 - Galassia Ago d'Argento,Spiral galaxy,Canes Venatici,10.6,12h 17.5m,+37° 49′,16′ x 2.5′,0.267,General,,,,0,1,C26 (NGC 4244) - Galassia spirale nella costellazione di Cani da Caccia.
caldwell-C27,NGC 6888 - Nebulosa Crescente,Nebula,Cygnus,7.5,20h 12.0m,+38° 21′,20′ x 10′,0.333,WideField,OIII,,,1,1,C27 (NGC 6888) - Nebulosa nella costellazione di Cigno.
caldwell-C28,NGC 752,Open cluster,Andromeda,5.7,01h 57.8m,+37° 41′,50′,0.833,WideField,,,,1,1,C28 (NGC 752) - Ammasso aperto nella costellazione di Andromeda.
caldwell-C29,NGC 5005,Spiral galaxy,Canes Venatici,9.8,13h 10.9m,+37° 03′,5.4′ x 2′,0.090,General,,,,0,1,C29 (NGC 5005) - Galassia spirale nella costellazione di Cani da Caccia.
caldwell-C30,NGC 7331,Spiral galaxy,Pegasus,9.5,22h 37.1m,+34° 25′,11′ x 4′,0.183,General,,,,0,1,C30 (NGC 7331) - Galassia spirale nella costellazione di Pegaso.
caldwell-C31,IC 405 - Nebulosa Stella Fiammeggiante,Nebula,Auriga,6.0,05h 16.2m,+34° 16′,30′ x 19′,0.500,WideField,H_BETA,,,1,1,C31 (IC 405) - Nebulosa nella costellazione di Auriga.
caldwell-C32,NGC 4631 - Galassia Balena,Spiral galaxy,Canes Venatici,9.3,12h 42.1m,+32° 32′,15′ x 3′,0.250,General,,,,0,1,C32 (NGC 4631) - Galassia spirale nella costellazione di Cani da Caccia.
caldwell-C33,NGC 6992/6995 - Nebulosa Velo Est,Supernova remnant,Cygnus,,20h 56.4m,+31° 43′,60′ x 8′,1.000,WideField,OIII,,,1,1,C33 (NGC 6992/6995) - Resto di supernova nella costellazione di Cigno.
caldwell-C34,NGC 6960 - Nebulosa Velo Ovest,Supernova remnant,Cygnus,,20h 45.7m,+30° 43′,70′ x 6′,1.167,WideField,OIII,,,1,1,C34 (NGC 6960) - Resto di supernova nella costellazione di Cigno.
caldwell-C35,NGC 4889,Elliptical galaxy,Coma Berenices,11.4,13h 00.1m,+27° 59′,3′ x 2′,0.050,General,,,,0,1,C35 (NGC 4889) - Galassia ellittica nella costellazione di Chioma di Berenice.
caldwell-C36,NGC 4559,Spiral galaxy,Coma Berenices,9.8,12h 36.0m,+27° 58′,10′ x 4′,0.167,General,,,,0,1,C36 (NGC 4559) - Galassia spirale nella costellazione di Chioma di Berenice.
caldwell-C37,NGC 6885,Open cluster,Vulpecula,5.7,20h 12.0m,+26° 29′,7′,0.117,General,,,,0,1,C37 (NGC 6885) - Ammasso aperto nella costellazione di Volpetta.
caldwell-C38,NGC 4565 - Galassia Ago,Spiral galaxy,Coma Berenices,9.6,12h 36.3m,+25° 59′,16′ x 3′,0.267,General,,,,0,1,C38 (NGC 4565) - Galassia spirale nella costellazione di Chioma di Berenice.
caldwell-C39,NGC 2392,Planetary nebula,Gemini,9.9,07h 29.2m,+20° 55′,0.2′ / 0.7′,0.012,HighMagnification,OIII,,,0,1,C39 (NGC 2392) - Nebulosa planetaria nella costellazione di Gemelli.
caldwell-C40,NGC 3626,Spiral galaxy,Leo,10.9,11h 20.1m,+18° 21′,3′ x 2′,0.050,General,,,,0,1,C40 (NGC 3626) - Galassia spirale nella costellazione di Leone.
caldwell-C41,Iadi,Open cluster,Taurus,1.0,04h 27.0m,+16° 00′,330′,5.500,WideField,,,,1,1,C41 - Ammasso aperto nella costellazione di Toro.
caldwell-C42,NGC 7006,Globular cluster,Delphinus,10.6,21h 01.5m,+16° 11′,2.8′,0.047,General,,,,0,1,C42 (NGC 7006) - Ammasso globulare nella costellazione di Delfino.
caldwell-C43,NGC 7814,Spiral galaxy,Pegasus,10.5,00h 03.3m,+16° 09′,6′ x 2′,0.100,General,,,,0,1,C43 (NGC 7814) - Galassia spirale nella costellazione di Pegaso.
caldwell-C44,NGC 7479,Barred spiral galaxy,Pegasus,11.0,23h 04.9m,+12° 19′,4′ x 3′,0.067,General,,,,0,1,C44 (NGC 7479) - Galassia spirale barrata nella costellazione di Pegaso.
caldwell-C45,NGC 5248,Spiral galaxy,Bootes,10.2,13h 37.5m,+08° 53′,6′ x 4′,0.100,General,,,,0,1,C45 (NGC 5248) - Galassia spirale nella costellazione di Boote.
caldwell-C46,NGC 2261 - Nebulosa Variabile di Hubble,Nebula,Monoceros,10.0,06h 39.2m,+08° 44′,2′ x 1′,0.033,General,,,,0,1,C46 (NGC 2261) - Nebulosa nella costellazione di Unicorno.
caldwell-C47,NGC 6934,Globular cluster,Delphinus,8.9,20h 34.2m,+07° 24′,5.9′,0.098,General,,,,0,1,C47 (NGC 6934) - Ammasso globulare nella costellazione di Delfino.
caldwell-C48,NGC 2775,Spiral galaxy,Cancer,10.3,09h 10.3m,+07° 02′,4.5′ x 3′,0.075,General,,,,0,1,C48 (NGC 2775) - Galassia spirale nella costellazione di Cancro.
caldwell-C49,NGC 2237-2239 - Nebulosa Rosetta,Nebula,Monoceros,,06h 32.3m,+05° 03′,80′ x 60′,1.333,WideField,UHC,,,1,1,C49 (NGC 2237-2239) - Nebulosa nella costellazione di Unicorno.
caldwell-C50,NGC 2244,Open cluster,Monoceros,4.8,06h 32.4m,+04° 52′,24′,0.400,WideField,,,,1,1,C50 (NGC 2244) - Ammasso aperto nella costellazione di Unicorno.
caldwell-C51,IC 1613,Irregular galaxy,Cetus,9.0,01h 04.8m,+02° 07′,12′ x 11′,0.200,General,,,,0,1,C51 (IC 1613) - Galassia irregolare nella costellazione di Balena.
caldwell-C52,NGC 4697,Elliptical galaxy,Virgo,9.3,12h 48.6m,-05° 48′,6′ x 3′,0.100,General,,,,0,1,C52 (NGC 4697) - Galassia ellittica nella costellazione di Vergine.
caldwell-C53,NGC 3115 - Galassia Fuso,Lenticular galaxy,Sextans,9.1,10h 05.2m,-07° 43′,8′ x 3′,0.133,General,,,,0,1,C53 (NGC 3115) - Galassia lenticolare nella costellazione del Sestante.
caldwell-C54,NGC 2506,Open cluster,Monoceros,7.6,08h 00.2m,-10° 47′,7′,0.117,General,,,,0,1,C54 (NGC 2506) - Ammasso aperto nella costellazione di Unicorno.
caldwell-C55,NGC 7009 - Nebulosa Saturno,Planetary nebula,Aquarius,8.3,21h 04.2m,-11° 22′,2.5′ / 1′,0.042,HighMagnification,OIII,,,0,1,C55 (NGC 7009) - Nebulosa planetaria nella costellazione di Acquario.
caldwell-C56,NGC 246,Planetary nebula,Cetus,8.0,00h 47.0m,-11° 53′,3.8′,0.063,HighMagnification,OIII,,,0,1,C56 (NGC 246) - Nebulosa planetaria nella costellazione di Balena.
caldwell-C57,NGC 6822 - Galassia di Barnard,Irregular galaxy,Sagittarius,9.3,19h 44.9m,-14° 48′,10′ x 9′,0.167,General,,,,0,1,C57 (NGC 6822) - Galassia irregolare nella costellazione di Sagittario.
caldwell-C58,NGC 2360,Open cluster,Canis Major,7.2,07h 17.8m,-15° 37′,13′,0.217,General,,,,0,1,C58 (NGC 2360) - Ammasso aperto nella costellazione di Cane Maggiore.
caldwell-C59,NGC 3242 - Fantasma di Giove,Planetary nebula,Hydra,8.6,10h 24.8m,-18° 38′,0.3′ / 21′,0.350,HighMagnification,OIII,,,0,1,C59 (NGC 3242) - Nebulosa planetaria nella costellazione di Idra.
caldwell-C60,NGC 4038 - Galassie Antenne,Spiral galaxy,Corvus,11.3,12h 01.9m,-18° 52′,2.6′ x 1.8′,0.043,General,,,,0,1,C60 (NGC 4038) - Galassia spirale nella costellazione di Corvo.
caldwell-C61,NGC 4039 - Galassie Antenne,Spiral galaxy,Corvus,13.0,12h 01.9m,-18° 53′,3.2′ x 2.2′,0.053,General,,,,0,1,C61 (NGC 4039) - Galassia spirale nella costellazione di Corvo.
caldwell-C62,NGC 247,Spiral galaxy,Cetus,8.9,00h 47.1m,-20° 46′,20′ x 7′,0.333,WideField,,,,1,1,C62 (NGC 247) - Galassia spirale nella costellazione di Balena.
caldwell-C63,NGC 7293 - Nebulosa Elica,Planetary nebula,Aquarius,6.5,22h 29.6m,-20° 48′,13′,0.217,General,OIII,,,0,1,C63 (NGC 7293) - Nebulosa planetaria nella costellazione di Acquario.
caldwell-C64,NGC 2362 - Ammasso Tau Canis Majoris,Open cluster,Canis Major,4.1,07h 18.8m,-24° 57′,8′,0.133,General,,,,0,1,C64 (NGC 2362) - Ammasso aperto nella costellazione di Cane Maggiore.
caldwell-C65,NGC 253 - Galassia dello Scultore,Spiral galaxy,Sculptor,7.1,00h 47.6m,-25° 17′,25′ x 7′,0.417,WideField,,,,1,1,C65 (NGC 253) - Galassia spirale nella costellazione di Scultore.
caldwell-C66,NGC 5694,Globular cluster,Hydra,10.2,14h 39.6m,-26° 32′,3.6′,0.060,General,,,,0,1,C66 (NGC 5694) - Ammasso globulare nella costellazione di Idra.
caldwell-C67,NGC 1097,Barred spiral galaxy,Fornax,9.2,02h 46.3m,-30° 17′,9′ x 6′,0.150,General,,,,0,1,C67 (NGC 1097) - Galassia spirale barrata nella costellazione di Fornace.
caldwell-C68,NGC 6729 - Nebulosa R Coronae Australis,Nebula,Corona Australis,9.7,19h 01.9m,-36° 57′,1.0′,0.017,General,,,,0,1,C68 (NGC 6729) - Nebulosa nella costellazione di Corona Australe.
caldwell-C69,NGC 6302 - Nebulosa Insetto,Planetary nebula,Scorpius,12.8,17h 13.7m,-37° 06′,0.8′,0.013,HighMagnification,OIII,,,0,1,C69 (NGC 6302) - Nebulosa planetaria nella costellazione di Scorpione.
caldwell-C70,NGC 300,Spiral galaxy,Sculptor,8.1,00h 54.9m,-37° 41′,20′ x 13′,0.333,WideField,,,,1,1,C70 (NGC 300) - Galassia spirale nella costellazione di Scultore.
caldwell-C71,NGC 2477,Open cluster,Puppis,5.8,07h 52.3m,-38° 33′,27′,0.450,WideField,,,,1,1,C71 (NGC 2477) - Ammasso aperto nella costellazione di Poppa.
caldwell-C72,NGC 55,Barred spiral galaxy,Sculptor,8.2,00h 14.9m,-39° 11′,32′ x 6′,0.533,WideField,,,,1,1,C72 (NGC 55) - Galassia spirale barrata nella costellazione di Scultore.
caldwell-C73,NGC 1851,Globular cluster,Columba,7.3,05h 14.1m,-40° 03′,11′,0.183,General,,,,0,1,C73 (NGC 1851) - Ammasso globulare nella costellazione di Colomba.
caldwell-C74,NGC 3132,Planetary nebula,Vela,8.2,10h 07.7m,-40° 26′,0.8′,0.013,HighMagnification,OIII,,,0,1,C74 (NGC 3132) - Nebulosa planetaria nella costellazione di Vele.
caldwell-C75,NGC 6124,Open cluster,Scorpius,5.8,16h 25.6m,-40° 40′,29′,0.483,WideField,,,,1,1,C75 (NGC 6124) - Ammasso aperto nella costellazione di Scorpione.
caldwell-C76,NGC 6231,Open cluster,Scorpius,2.6,16h 54.0m,-41° 48′,15′,0.250,General,,,,0,1,C76 (NGC 6231) - Ammasso aperto nella costellazione di Scorpione.
caldwell-C77,NGC 5128 - Centaurus A,Peculiar galaxy,Centaurus,7.0,13h 25.5m,-43° 01′,18′ x 14′,0.300,General,,,,0,1,C77 (NGC 5128) - Galassia peculiare nella costellazione di Centauro.
caldwell-C78,NGC 6541,Globular cluster,Corona Australis,6.6,18h 08.0m,-43° 42′,13′,0.217,General,,,,0,1,C78 (NGC 6541) - Ammasso globulare nella costellazione di Corona Australe.
caldwell-C79,NGC 3201,Globular cluster,Vela,6.7,10h 17.6m,-46° 25′,18′,0.300,General,,,,0,1,C79 (NGC 3201) - Ammasso globulare nella costellazione di Vele.
caldwell-C80,NGC 5139 - Omega Centauri,Globular cluster,Centaurus,3.6,13h 26.8m,-47° 29′,36′,0.600,General,,,,0,1,C80 (NGC 5139) - Ammasso globulare nella costellazione di Centauro.
caldwell-C81,NGC 6352,Globular cluster,Ara,8.1,17h 25.5m,-48° 25′,7′,0.117,General,,,,0,1,C81 (NGC 6352) - Ammasso globulare nella costellazione di Altare.
caldwell-C82,NGC 6193,Open cluster,Ara,5.2,16h 41.3m,-48° 46′,15′,0.250,General,,,,0,1,C82 (NGC 6193) - Ammasso aperto nella costellazione di Altare.
caldwell-C83,NGC 4945,Barred spiral galaxy,Centaurus,9.5,13h 05.4m,-49° 28′,20′ x 4′,0.333,WideField,,,,1,1,C83 (NGC 4945) - Galassia spirale barrata nella costellazione di Centauro.
caldwell-C84,NGC 5286,Globular cluster,Centaurus,7.6,13h 46.4m,-51° 22′,9′,0.150,General,,,,0,1,C84 (NGC 5286) - Ammasso globulare nella costellazione di Centauro.
caldwell-C85,IC 2391 - Ammasso Omicron Velorum,Open cluster,Vela,2.5,08h 40.2m,-53° 04′,50′,0.833,WideField,,,,1,1,C85 (IC 2391) - Ammasso aperto nella costellazione di Vele.
caldwell-C86,NGC 6397,Globular cluster,Ara,5.6,17h 40.7m,-53° 40′,26′,0.433,General,,,,0,1,C86 (NGC 6397) - Ammasso globulare nella costellazione di Altare.
caldwell-C87,NGC 1261,Globular cluster,Horologium,8.4,03h 12.3m,-55° 13′,7′,0.117,General,,,,0,1,C87 (NGC 1261) - Ammasso globulare nella costellazione di Orologio.
caldwell-C88,NGC 5823,Open cluster,Circinus,7.9,15h 05.7m,-55° 36′,10′,0.167,General,,,,0,1,C88 (NGC 5823) - Ammasso aperto nella costellazione di Compasso.
caldwell-C89,NGC 6087 - Ammasso S Normae,Open cluster,Norma,5.4,16h 18.9m,-57° 54′,12′,0.200,General,,,,0,1,C89 (NGC 6087) - Ammasso aperto nella costellazione di Regolo.
caldwell-C90,NGC 2867,Planetary nebula,Carina,9.7,09h 21.4m,-58° 19′,0.2′,0.003,HighMagnification,OIII,,,0,1,C90 (NGC 2867) - Nebulosa planetaria nella costellazione di Carena.
caldwell-C91,NGC 3532,Open cluster,Carina,3.0,11h 06.4m,-58° 40′,55′,0.917,WideField,,,,1,1,C91 (NGC 3532) - Ammasso aperto nella costellazione di Carena.
caldwell-C92,NGC 3372 - Nebulosa della Carena,Nebula,Carina,6.2,10h 43.8m,-59° 52′,120′ x 120′,2.000,WideField,UHC,,,1,1,C92 (NGC 3372) - Nebulosa nella costellazione di Carena.
caldwell-C93,NGC 6752,Globular cluster,Pavo,5.4,19h 10.9m,-59° 59′,20′,0.333,General,,,,0,1,C93 (NGC 6752) - Ammasso globulare nella costellazione di Pavone.
caldwell-C94,NGC 4755 - Scrigno di Gioielli,Open cluster,Crux,4.2,12h 53.6m,-60° 20′,10′,0.167,General,,,,0,1,C94 (NGC 4755) - Ammasso aperto nella costellazione di Croce del Sud.
caldwell-C95,NGC 6025,Open cluster,Triangulum Australe,5.1,16h 03.7m,-60° 30′,12′,0.200,General,,,,0,1,C95 (NGC 6025) - Ammasso aperto nella costellazione di Triangolo Australe.
caldwell-C96,NGC 2516,Open cluster,Carina,3.8,07h 58.3m,-60° 52′,30′,0.500,WideField,,,,1,1,C96 (NGC 2516) - Ammasso aperto nella costellazione di Carena.
caldwell-C97,NGC 3766,Open cluster,Centaurus,5.3,11h 36.1m,-61° 37′,12′,0.200,General,,,,0,1,C97 (NGC 3766) - Ammasso aperto nella costellazione di Centauro.
caldwell-C98,NGC 4609,Open cluster,Crux,6.9,12h 42.3m,-62° 58′,5′,0.083,General,,,,0,1,C98 (NGC 4609) - Ammasso aperto nella costellazione di Croce del Sud.
caldwell-C99,Nebulosa Sacco di Carbone,Dark nebula,Crux,,12h 53.0m,-63° 00′,400′ x 300′,6.667,WideField,,,,1,1,C99 - Nebulosa oscura nella costellazione di Croce del Sud.
caldwell-C100,IC 2944 - Ammasso Lambda Centauri,Open cluster,Centaurus,4.5,11h 36.6m,-63° 02′,15′,0.250,General,,,,0,1,C100 (IC 2944) - Ammasso aperto nella costellazione di Centauro.
caldwell-C101,NGC 6744,Barred spiral galaxy,Pavo,9.0,19h 09.8m,-63° 51′,16′ x 10′,0.267,General,,,,0,1,C101 (NGC 6744) - Galassia spirale barrata nella costellazione di Pavone.
caldwell-C102,IC 2602 - Pleiadi del Sud,Open cluster,Carina,1.9,10h 43.2m,-64° 24′,50′,0.833,WideField,,,,1,1,C102 (IC 2602) - Ammasso aperto nella costellazione di Carena.
caldwell-C103,NGC 2070 - Nebulosa Tarantola,Nebula,Dorado,1.0,05h 38.7m,-69° 06′,40′ x 25′,0.667,WideField,UHC,,,1,1,C103 (NGC 2070) - Nebulosa nella costellazione di Dorado.
caldwell-C104,NGC 362,Globular cluster,Tucana,6.6,01h 03.2m,-70° 51′,13′,0.217,General,,,,0,1,C104 (NGC 362) - Ammasso globulare nella costellazione di Tucano.
caldwell-C105,NGC 4833,Globular cluster,Musca,7.3,12h 59.6m,-70° 53′,14′,0.233,General,,,,0,1,C105 (NGC 4833) - Ammasso globulare nella costellazione di Mosca.
caldwell-C106,NGC 104 - 47 Tucanae,Globular cluster,Tucana,4.0,00h 24.1m,-72° 05′,31′,0.517,General,,,,0,1,C106 (NGC 104) - Ammasso globulare nella costellazione di Tucano.
caldwell-C107,NGC 6101,Globular cluster,Apus,9.3,16h 25.8m,-72° 12′,11′,0.183,General,,,,0,1,C107 (NGC 6101) - Ammasso globulare nella costellazione di Uccello del Paradiso.
caldwell-C108,NGC 4372,Globular cluster,Musca,7.8,12h 25.8m,-72° 40′,19′,0.317,General,,,,0,1,C108 (NGC 4372) - Ammasso globulare nella costellazione di Mosca.
caldwell-C109,NGC 3195,Planetary nebula,Chamaeleon,,10h 09.5m,-80° 52′,0.6′,0.010,HighMagnification,OIII,,,0,1,C109 (NGC 3195) - Nebulosa planetaria nella costellazione di Camaleonte.
ngc-NGC1,NGC 1,Galaxy,Pegasus,12.93,00:07:15.84,+27:42:29.1,1.57′ × 1.07′,0.02616667,General,,,,0,0,Work in progress
ngc-NGC2,NGC 2,Galaxy,Pegasus,14.17,00:07:17.11,+27:40:42.1,0.95′ × 0.47′,0.01583333,General,,,,0,0,Work in progress
ngc-NGC3,NGC 3,Galaxy,Pisces,13.4,00:07:16.80,+08:18:05.9,1.02′ × 0.59′,0.017,General,,,,0,0,Work in progress
ngc-NGC4,NGC 4,Galaxy,Pisces,16.36,00:07:24.41,+08:22:25.6,0.53′ × 0.24′,0.00883333,General,,,,0,0,Work in progress
ngc-NGC5,NGC 5,Galaxy,Andromeda,14.61,00:07:48.87,+35:21:44.3,0.98′ × 0.59′,0.01633333,General,,,,0,0,Work in progress
ngc-NGC6,NGC 6,Galaxy,Andromeda,14.41,00:09:32.70,+33:18:31.2,1.73′ × 1.34′,0.02883333,General,,,,0,0,Work in progress
ngc-NGC7,NGC 7,Galaxy,Sculptor,13.84,00:08:20.96,-29:54:54.0,2.47′ × 0.53′,0.04116667,General,,,,0,0,Work in progress
ngc-NGC8,NGC 8,Optical double,Pegasus,15.32,00:08:45.30,+23:50:20.0,,,HighMagnification,,,,0,0,Work in progress
ngc-NGC9,NGC 9,Galaxy,Pegasus,14.59,00:08:54.70,+23:49:01.1,0.7′ × 0.31′,0.01166667,General,,,,0,0,Work in progress
ngc-NGC10,NGC 10,Galaxy,Sculptor,12.49,00:08:34.54,-33:51:30.0,2.35′ × 1.27′,0.03916667,General,,,,0,0,Work in progress
ngc-NGC11,NGC 11,Galaxy,Andromeda,14.44,00:08:42.50,+37:26:52.5,1.44′ × 0.22′,0.024,General,,,,0,0,Work in progress
ngc-NGC12,NGC 12,Galaxy,Pisces,13.18,00:08:44.75,+04:36:45.1,1.52′ × 1.21′,0.02533333,General,,,,0,0,Work in progress
ngc-NGC13,NGC 13,Galaxy,Andromeda,14.08,00:08:47.72,+33:26:00.0,2.28′ × 0.6′,0.038,General,,,,0,0,Work in progress
ngc-NGC14,NGC 14,Galaxy,Pegasus,12.44,00:08:46.40,+15:48:56.0,1.53′ × 1.01′,0.0255,General,,,,0,0,Work in progress
ngc-NGC15,NGC 15,Galaxy,Pegasus,15.08,00:09:02.47,+21:37:28.3,1.07′ × 0.56′,0.01783333,General,,,,0,0,Work in progress
ngc-NGC16,NGC 16,Galaxy,Pegasus,12,00:09:04.29,+27:43:45.9,1.74′ × 0.85′,0.029,General,,,,0,0,Work in progress
ngc-NGC17,NGC 17,Galaxy,Cetus,13.52,00:11:06.55,-12:06:26.3,1.15′ × 0.39′,0.01916667,General,,,,0,0,Work in progress
ngc-NGC18,NGC 18,Optical double,Pegasus,14,00:09:23.10,+27:43:55.5,,,HighMagnification,,,,0,0,Work in progress
ngc-NGC19,NGC 19,Galaxy,Andromeda,13.83,00:10:40.87,+32:58:59.1,1.21′ × 0.6′,0.02016667,General,,,,0,0,Work in progress
ngc-NGC21,NGC 21,Galaxy,Andromeda,13.42,00:10:46.90,+33:21:10.2,1.38′ × 0.63′,0.023,General,,,,0,0,Work in progress
ngc-NGC22,NGC 22,Galaxy,Pegasus,14.83,00:09:48.19,+27:49:56.3,1.21′ × 0.74′,0.02016667,General,,,,0,0,Work in progress
ngc-NGC23,NGC 23,Galaxy,Pegasus,11.98,00:09:53.41,+25:55:25.6,1.55′ × 1.22′,0.02583333,General,,,,0,0,Work in progress
ngc-NGC24,NGC 24,Galaxy,Sculptor,11.52,00:09:56.54,-24:57:47.3,6.18′ × 2.4′,0.103,General,,,,0,0,Work in progress
ngc-NGC25,NGC 25,Galaxy,Phoenix,15.5,00:09:59.28,-57:01:15.0,1.43′ × 1.1′,0.02383333,General,,,,0,0,Work in progress
ngc-NGC26,NGC 26,Galaxy,Pegasus,13.84,00:10:25.87,+25:49:54.6,1.12′ × 0.76′,0.01866667,General,,,,0,0,Work in progress
ngc-NGC27,NGC 27,Galaxy,Andromeda,14.43,00:10:32.77,+28:59:46.5,1.22′ × 0.46′,0.02033333,General,,,,0,0,Work in progress
ngc-NGC28,NGC 28,Galaxy,Phoenix,15.8,00:10:25.24,-56:59:20.9,0.92′ × 0.81′,0.01533333,General,,,,0,0,Work in progress
ngc-NGC30,NGC 30,Optical double,Pegasus,,00:10:50.79,+21:58:37.1,,,HighMagnification,,,,0,0,Work in progress
ngc-NGC31,NGC 31,Galaxy,Phoenix,14.58,00:10:38.39,-56:59:11.4,1.17′ × 0.53′,0.0195,General,,,,0,0,Work in progress
ngc-NGC32,NGC 32,Star,Pegasus,,00:10:53.59,+18:47:45.6,,,HighMagnification,,,,0,0,Work in progress
ngc-NGC33,NGC 33,Optical double,Pisces,,00:10:56.64,+03:40:33.3,,,HighMagnification,,,,0,0,Work in progress
ngc-NGC35,NGC 35,Galaxy,Cetus,14.88,00:11:10.48,-12:01:15.3,0.76′ × 0.62′,0.01266667,General,,,,0,0,Work in progress
ngc-NGC36,NGC 36,Galaxy,Pisces,14.39,00:11:22.30,+06:23:21.7,2.14′ × 1.32′,0.03566667,General,,,,0,0,Work in progress
ngc-NGC37,NGC 37,Galaxy,Phoenix,14.94,00:11:22.93,-56:57:26.4,1.11′ × 0.68′,0.0185,General,,,,0,0,Work in progress
ngc-NGC38,NGC 38,Galaxy,Pisces,14.34,00:11:46.99,-05:35:10.6,1.14′ × 1.05′,0.019,General,,,,0,0,Work in progress
ngc-NGC39,NGC 39,Galaxy,Andromeda,14.34,00:12:18.86,+31:03:39.9,1.1′ × 0.99′,0.01833333,General,,,,0,0,Work in progress
ngc-NGC41,NGC 41,Galaxy,Pegasus,14.52,00:12:47.97,+22:01:24.2,0.94′ × 0.53′,0.01566667,General,,,,0,0,Work in progress
ngc-NGC42,NGC 42,Galaxy,Pegasus,15.07,00:12:56.35,+22:06:01.1,0.86′ × 0.5′,0.01433333,General,,,,0,0,Work in progress
ngc-NGC43,NGC 43,Galaxy,Andromeda,13.87,00:13:00.75,+30:54:55.0,1.39′ × 1.21′,0.02316667,General,,,,0,0,Work in progress
ngc-NGC44,NGC 44,Optical double,Andromeda,,00:13:13.40,+31:17:10.5,,,HighMagnification,,,,0,0,Work in progress
ngc-NGC45,NGC 45,Galaxy,Cetus,10.44,00:14:03.99,-23:10:55.5,6.18′ × 4.44′,0.103,General,,,,0,0,Work in progress
ngc-NGC46,NGC 46,Star,Pisces,11.68,00:14:09.86,+05:59:15.7,,,HighMagnification,,,,0,0,Work in progress
ngc-NGC48,NGC 48,Galaxy,Andromeda,14.93,00:14:02.19,+48:14:05.5,1.34′ × 0.61′,0.02233333,General,,,,0,0,Work in progress
ngc-NGC49,NGC 49,Galaxy,Andromeda,15.2,00:14:22.43,+48:14:47.8,0.93′ × 0.59′,0.0155,General,,,,0,0,Work in progress
ngc-NGC50,NGC 50,Galaxy,Cetus,12.79,00:14:44.57,-07:20:42.3,2.04′ × 1.17′,0.034,General,,,,0,0,Work in progress
ngc-NGC51,NGC 51,Galaxy,Andromeda,14.44,00:14:34.92,+48:15:20.5,1.4′ × 0.8′,0.02333333,General,,,,0,0,Work in progress
ngc-NGC52,NGC 52,Galaxy,Pegasus,14.34,00:14:40.11,+18:34:55.3,2.26′ × 0.61′,0.03766667,General,,,,0,0,Work in progress
ngc-NGC53,NGC 53,Galaxy,Tucana,12.64,00:14:42.85,-60:19:43.5,1.54′ × 0.95′,0.02566667,General,,,,0,0,Work in progress
ngc-NGC54,NGC 54,Galaxy,Cetus,14.31,00:15:07.67,-07:06:24.2,1.35′ × 0.49′,0.0225,General,,,,0,0,Work in progress
ngc-NGC56,NGC 56,Unclassified object,Pisces,,00:15:20.66,+12:26:40.3,,,General,,,,0,0,Work in progress
ngc-NGC57,NGC 57,Galaxy,Pisces,11.65,00:15:30.87,+17:19:42.7,2.11′ × 1.6′,0.03516667,General,,,,0,0,Work in progress
ngc-NGC59,NGC 59,Galaxy,Cetus,12.45,00:15:25.13,-21:26:39.8,2.38′ × 1.24′,0.03966667,General,,,,0,0,Work in progress
ngc-NGC60,NGC 60,Galaxy,Pisces,14.86,00:15:58.24,-00:18:12.7,1.03′ × 0.66′,0.01716667,General,,,,0,0,Work in progress
ngc-NGC61,NGC 61,Galaxy pair,Cetus,,00:16:24.20,-06:19:10.0,1.5′,0.025,General,,,,0,0,Work in progress
ngc-NGC62,NGC 62,Galaxy,Cetus,14.29,00:17:05.42,-13:29:13.6,0.99′ × 0.73′,0.0165,General,,,,0,0,Work in progress
ngc-NGC63,NGC 63,Galaxy,Pisces,12.53,00:17:45.52,+11:27:01.2,1.72′ × 1.04′,0.02866667,General,,,,0,0,Work in progress
ngc-NGC64,NGC 64,Galaxy,Cetus,14.09,00:17:30.37,-06:49:28.6,1.38′ × 0.9′,0.023,General,,,,0,0,Work in progress
ngc-NGC65,NGC 65,Galaxy,Cetus,14.67,00:18:58.71,-22:52:49.3,1.02′ × 0.83′,0.017,General,,,,0,0,Work in progress
ngc-NGC66,NGC 66,Galaxy,Cetus,14.12,00:19:04.94,-22:56:11.0,1.24′ × 0.5′,0.02066667,General,,,,0,0,Work in progress
ngc-NGC67,NGC 67,Galaxy,Andromeda,16.47,00:18:12.19,+30:03:19.9,0.49′ × 0.33′,0.00816667,General,,,,0,0,Work in progress
ngc-NGC68,NGC 68,Galaxy,Andromeda,14.42,00:18:18.49,+30:04:18.3,1.29′ × 1.2′,0.0215,General,,,,0,0,Work in progress
ngc-NGC69,NGC 69,Galaxy,Andromeda,14.71,00:18:20.51,+30:02:23.9,0.6′ × 0.43′,0.01,General,,,,0,0,Work in progress
ngc-NGC70,NGC 70,Galaxy,Andromeda,14.5,00:18:22.54,+30:04:46.5,1.69′ × 1.39′,0.02816667,General,,,,0,0,Work in progress
ngc-NGC71,NGC 71,Galaxy,Andromeda,14.09,00:18:23.58,+30:03:47.7,1.95′ × 1.46′,0.0325,General,,,,0,0,Work in progress
ngc-NGC72,NGC 72,Galaxy,Andromeda,13.56,00:18:28.37,+30:02:26.5,1.16′ × 1.06′,0.01933333,General,,,,0,0,Work in progress
ngc-NGC73,NGC 73,Galaxy,Cetus,14.37,00:18:39.01,-15:19:20.1,1.68′ × 1.01′,0.028,General,,,,0,0,Work in progress
ngc-NGC74,NGC 74,Galaxy,Andromeda,15.64,00:18:49.34,+30:03:43.1,0.83′ × 0.35′,0.01383333,General,,,,0,0,Work in progress
ngc-NGC75,NGC 75,Galaxy,Pisces,14.64,00:19:26.33,+06:26:57.7,1.82′ × 1.82′,0.03033333,General,,,,0,0,Work in progress
ngc-NGC76,NGC 76,Galaxy,Andromeda,14.06,00:19:37.79,+29:56:01.9,1.28′ × 1′,0.02133333,General,,,,0,0,Work in progress
ngc-NGC77,NGC 77,Galaxy,Cetus,15.92,00:20:01.65,-22:31:55.6,0.48′ × 0.44′,0.008,General,,,,0,0,Work in progress
ngc-NGC78,NGC 78,Galaxy pair,Pisces,,00:20:26.60,+00:49:47.0,1.9′,0.03166667,General,,,,0,0,Work in progress
ngc-NGC79,NGC 79,Galaxy,Andromeda,15.16,00:21:02.85,+22:33:59.7,0.79′ × 0.72′,0.01316667,General,,,,0,0,Work in progress
ngc-NGC80,NGC 80,Galaxy,Andromeda,12.3,00:21:10.85,+22:21:25.9,1.82′ × 1.61′,0.03033333,General,,,,0,0,Work in progress
ngc-NGC81,NGC 81,Galaxy,Andromeda,16.37,00:21:13.27,+22:22:58.4,0.41′ × 0.3′,0.00683333,General,,,,0,0,Work in progress
ngc-NGC82,NGC 82,Star,Andromeda,,00:21:17.55,+22:27:37.3,,,HighMagnification,,,,0,0,Work in progress
ngc-NGC83,NGC 83,Galaxy,Andromeda,12.55,00:21:22.40,+22:26:01.0,1.25′ × 1.1′,0.02083333,General,,,,0,0,Work in progress
ngc-NGC84,NGC 84,Star,Andromeda,,00:21:21.25,+22:37:10.9,,,HighMagnification,,,,0,0,Work in progress
ngc-NGC85,NGC 85,Galaxy,Andromeda,15.79,00:21:25.53,+22:30:42.4,0.69′ × 0.62′,0.0115,General,,,,0,0,Work in progress
ngc-NGC86,NGC 86,Galaxy,Andromeda,14.85,00:21:28.57,+22:33:23.1,0.75′ × 0.28′,0.0125,General,,,,0,0,Work in progress
ngc-NGC87,NGC 87,Galaxy,Phoenix,14.26,00:21:14.27,-48:37:41.6,0.86′ × 0.71′,0.01433333,General,,,,0,0,Work in progress
ngc-NGC88,NGC 88,Galaxy,Phoenix,14.41,00:21:22.12,-48:38:24.6,0.85′ × 0.49′,0.01416667,General,,,,0,0,Work in progress
ngc-NGC89,NGC 89,Galaxy,Phoenix,13.49,00:21:24.36,-48:39:55.1,1.24′ × 0.56′,0.02066667,General,,,,0,0,Work in progress
ngc-NGC90,NGC 90,Galaxy,Andromeda,13.77,00:21:51.40,+22:24:00.0,0.98′ × 0.81′,0.01633333,General,,,,0,0,Work in progress
ngc-NGC91,NGC 91,Star,Andromeda,15.2,00:21:51.72,+22:22:06.1,,,HighMagnification,,,,0,0,Work in progress
ngc-NGC92,NGC 92,Galaxy,Phoenix,13.19,00:21:31.70,-48:37:29.1,1.65′ × 0.76′,0.0275,General,,,,0,0,Work in progress
ngc-NGC93,NGC 93,Galaxy,Andromeda,13.27,00:22:03.23,+22:24:29.1,1.3′ × 0.73′,0.02166667,General,,,,0,0,Work in progress
ngc-NGC94,NGC 94,Galaxy,Andromeda,15.4,00:22:13.53,+22:28:59.0,0.51′ × 0.31′,0.0085,General,,,,0,0,Work in progress
ngc-NGC95,NGC 95,Galaxy,Pisces,12.61,00:22:13.54,+10:29:29.7,1.46′ × 1.08′,0.02433333,General,,,,0,0,Work in progress
ngc-NGC96,NGC 96,Galaxy,Andromeda,15.49,00:22:17.71,+22:32:46.5,0.68′ × 0.64′,0.01133333,General,,,,0,0,Work in progress
ngc-NGC97,NGC 97,Galaxy,Andromeda,13.41,00:22:30.00,+29:44:43.3,1.32′ × 1.16′,0.022,General,,,,0,0,Work in progress
ngc-NGC98,NGC 98,Galaxy,Phoenix,12.7,00:22:49.54,-45:16:08.4,1.62′ × 1.37′,0.027,General,,,,0,0,Work in progress
ngc-NGC99,NGC 99,Galaxy,Pisces,13.78,00:23:59.39,+15:46:13.5,1.05′ × 0.88′,0.0175,General,,,,0,0,Work in progress
ngc-NGC100,NGC 100,Galaxy,Pisces,13.21,00:24:02.84,+16:29:11.0,3.55′ × 0.49′,0.05916667,General,,,,0,0,Work in progress
ngc-NGC101,NGC 101,Galaxy,Sculptor,12.84,00:23:54.61,-32:32:10.2,1.93′ × 1.82′,0.03216667,General,,,,0,0,Work in progress
ngc-NGC102,NGC 102,Galaxy,Cetus,14.38,00:24:36.53,-13:57:22.9,0.94′ × 0.57′,0.01566667,General,,,,0,0,Work in progress
ngc-NGC103,NGC 103,Open cluster,Cassiopeia,9.8,00:25:16.40,+61:19:24.5,2.7′,0.045,WideField,,,,0,0,Work in progress
ngc-NGC105,NGC 105,Galaxy,Pisces,13.2,00:25:16.78,+12:53:01.9,0.81′ × 0.65′,0.0135,General,,,,0,0,Work in progress
ngc-NGC106,NGC 106,Galaxy,Pisces,14.53,00:24:43.75,-05:08:55.5,0.93′ × 0.71′,0.0155,General,,,,0,0,Work in progress
ngc-NGC107,NGC 107,Galaxy,Cetus,15.03,00:25:42.20,-08:16:58.1,0.78′ × 0.49′,0.013,General,,,,0,0,Work in progress
ngc-NGC108,NGC 108,Galaxy,Andromeda,13.26,00:25:59.73,+29:12:43.4,1.69′ × 1.14′,0.02816667,General,,,,0,0,Work in progress
ngc-NGC109,NGC 109,Galaxy,Andromeda,13.74,00:26:14.64,+21:48:26.3,1.05′ × 0.82′,0.0175,General,,,,0,0,Work in progress
ngc-NGC110,NGC 110,Open cluster,Cassiopeia,,00:27:25.01,+71:23:29.5,3.9′,0.065,WideField,,,,0,0,Work in progress
ngc-NGC111,NGC 111,Unclassified object,Cetus,,00:26:38.41,-02:37:29.9,,,General,,,,0,0,Work in progress
ngc-NGC112,NGC 112,Galaxy,Andromeda,14.45,00:26:48.73,+31:42:11.9,1.02′ × 0.49′,0.017,General,,,,0,0,Work in progress
ngc-NGC113,NGC 113,Galaxy,Cetus,14.01,00:26:54.64,-02:30:03.2,1.23′ × 1′,0.0205,General,,,,0,0,Work in progress
ngc-NGC114,NGC 114,Galaxy,Cetus,14.69,00:26:58.23,-01:47:10.5,0.98′ × 0.75′,0.01633333,General,,,,0,0,Work in progress
ngc-NGC115,NGC 115,Galaxy,Sculptor,13.72,00:26:46.28,-33:40:37.5,2.09′ × 0.73′,0.03483333,General,,,,0,0,Work in progress
ngc-NGC116,NGC 116,Galaxy,Cetus,14.7,00:27:05.23,-07:40:05.7,1.08′ × 0.53′,0.018,General,,,,0,0,Work in progress
ngc-NGC117,NGC 117,Galaxy,Cetus,15.41,00:27:11.07,+01:20:01.4,1′ × 0.46′,0.01666667,General,,,,0,0,Work in progress
ngc-NGC118,NGC 118,Galaxy,Cetus,14.83,00:27:16.22,-01:46:48.5,0.8′ × 0.58′,0.01333333,General,,,,0,0,Work in progress
ngc-NGC119,NGC 119,Galaxy,Phoenix,15.7,00:26:57.61,-56:58:41.0,1.2′ × 1.12′,0.02,General,,,,0,0,Work in progress
ngc-NGC120,NGC 120,Galaxy,Cetus,14.56,00:27:30.08,-01:30:48.5,1.51′ × 0.5′,0.02516667,General,,,,0,0,Work in progress
ngc-NGC121,NGC 121,Globular cluster,Tucana,11.24,00:26:48.25,-71:32:08.4,3.8′ × 3.1′,0.06333333,General,,,,0,0,Work in progress
ngc-NGC122,NGC 122,Star,Cetus,,00:27:38.33,-01:38:25.7,,,HighMagnification,,,,0,0,Work in progress
ngc-NGC123,NGC 123,Star,Cetus,,00:27:39.99,-01:37:39.5,,,HighMagnification,,,,0,0,Work in progress
ngc-NGC124,NGC 124,Galaxy,Cetus,13.73,00:27:52.36,-01:48:36.7,1.26′ × 0.72′,0.021,General,,,,0,0,Work in progress
ngc-NGC125,NGC 125,Galaxy,Pisces,12.34,00:28:50.19,+02:50:19.9,1.4′ × 1.22′,0.02333333,General,,,,0,0,Work in progress
ngc-NGC126,NGC 126,Galaxy,Pisces,15.46,00:29:08.10,+02:48:40.0,0.71′ × 0.58′,0.01183333,General,,,,0,0,Work in progress
ngc-NGC127,NGC 127,Galaxy,Pisces,15.32,00:29:12.37,+02:52:21.7,0.93′ × 0.42′,0.0155,General,,,,0,0,Work in progress
ngc-NGC128,NGC 128,Galaxy,Pisces,11.63,00:29:15.06,+02:51:50.6,3.16′ × 0.87′,0.05266667,General,,,,0,0,Work in progress
ngc-NGC129,NGC 129,Open cluster,Cassiopeia,6.5,00:29:58.19,+60:12:40.2,5.4′,0.09,WideField,,,,0,0,Work in progress
ngc-NGC130,NGC 130,Galaxy,Pisces,14.81,00:29:18.55,+02:52:13.6,0.72′ × 0.42′,0.012,General,,,,0,0,Work in progress
ngc-NGC131,NGC 131,Galaxy,Sculptor,13.21,00:29:38.52,-33:15:35.1,1.81′ × 0.67′,0.03016667,General,,,,0,0,Work in progress
ngc-NGC132,NGC 132,Galaxy,Cetus,13.71,00:30:10.71,+02:05:36.4,1.6′ × 1.09′,0.02666667,General,,,,0,0,Work in progress
ngc-NGC133,NGC 133,Open cluster,Cassiopeia,9.4,00:31:16.96,+63:21:09.4,2.1′,0.035,WideField,,,,0,0,Work in progress
ngc-NGC134,NGC 134,Galaxy,Sculptor,10.31,00:30:21.97,-33:14:38.5,8.38′ × 1.79′,0.13966667,General,,,,0,0,Work in progress
ngc-NGC135,NGC 135,Galaxy,Cetus,15.01,00:31:45.94,-13:20:14.9,0.66′ × 0.35′,0.011,General,,,,0,0,Work in progress
ngc-NGC136,NGC 136,Open cluster,Cassiopeia,,00:31:30.79,+61:30:33.3,3.3′,0.055,WideField,,,,0,0,Work in progress
ngc-NGC137,NGC 137,Galaxy,Pisces,12.79,00:30:58.10,+10:12:30.3,1.38′ × 1.38′,0.023,General,,,,0,0,Work in progress
ngc-NGC138,NGC 138,Galaxy,Pisces,14.73,00:30:59.24,+05:09:35.1,1.25′ × 0.64′,0.02083333,General,,,,0,0,Work in progress
ngc-NGC139,NGC 139,Galaxy,Pisces,15.45,00:31:06.40,+05:04:43.5,0.77′ × 0.44′,0.01283333,General,,,,0,0,Work in progress
ngc-NGC140,NGC 140,Galaxy,Andromeda,14.16,00:31:20.47,+30:47:33.0,0.87′ × 0.75′,0.0145,General,,,,0,0,Work in progress
ngc-NGC141,NGC 141,Galaxy,Pisces,15.33,00:31:17.44,+05:10:47.1,0.86′ × 0.55′,0.01433333,General,,,,0,0,Work in progress
ngc-NGC142,NGC 142,Galaxy,Cetus,14.55,00:31:08.08,-22:37:07.2,0.97′ × 0.39′,0.01616667,General,,,,0,0,Work in progress
ngc-NGC143,NGC 143,Galaxy,Cetus,15.31,00:31:15.62,-22:33:35.8,1.06′ × 0.32′,0.01766667,General,,,,0,0,Work in progress
ngc-NGC144,NGC 144,Galaxy,Cetus,14.36,00:31:20.67,-22:38:44.6,0.82′ × 0.78′,0.01366667,General,,,,0,0,Work in progress
ngc-NGC145,NGC 145,Galaxy,Cetus,12.75,00:31:45.74,-05:09:09.5,1.76′ × 1.43′,0.02933333,General,,,,0,0,Work in progress
ngc-NGC146,NGC 146,Open cluster,Cassiopeia,9.1,00:33:03.94,+63:18:32.4,3.6′,0.06,WideField,,,,0,0,Work in progress
ngc-NGC148,NGC 148,Galaxy,Sculptor,12.16,00:34:15.50,-31:47:09.6,1.98′ × 0.71′,0.033,General,,,,0,0,Work in progress
ngc-NGC149,NGC 149,Galaxy,Andromeda,14.96,00:33:50.26,+30:43:24.3,0.91′ × 0.49′,0.01516667,General,,,,0,0,Work in progress
ngc-NGC150,NGC 150,Galaxy,Sculptor,11.41,00:34:15.48,-27:48:12.9,3.54′ × 1.6′,0.059,General,,,,0,0,Work in progress
ngc-NGC151,NGC 151,Galaxy,Cetus,11.66,00:34:02.79,-09:42:19.2,3.74′ × 2.31′,0.06233333,General,,,,0,0,Work in progress
ngc-NGC152,NGC 152,Open cluster,Tucana,12.26,00:32:52.46,-73:07:13.4,3′ × 3′,0.05,WideField,,,,0,0,Work in progress
ngc-NGC154,NGC 154,Galaxy,Cetus,15.18,00:34:19.47,-12:39:22.7,1.01′ × 0.9′,0.01683333,General,,,,0,0,Work in progress
ngc-NGC155,NGC 155,Galaxy,Cetus,14.15,00:34:40.08,-10:45:59.4,1.49′ × 1.29′,0.02483333,General,,,,0,0,Work in progress
ngc-NGC156,NGC 156,Optical double,Cetus,,00:34:35.82,-08:20:24.2,,,HighMagnification,,,,0,0,Work in progress
ngc-NGC157,NGC 157,Galaxy,Cetus,13.11,00:34:46.76,-08:23:47.2,3.7′ × 1.9′,0.06166667,General,,,,0,0,Work in progress
ngc-NGC158,NGC 158,Optical double,Cetus,,00:35:05.60,-08:20:44.6,,,HighMagnification,,,,0,0,Work in progress
ngc-NGC159,NGC 159,Galaxy,Phoenix,14.87,00:34:35.53,-55:47:23.9,1.4′ × 0.57′,0.02333333,General,,,,0,0,Work in progress
ngc-NGC160,NGC 160,Galaxy,Andromeda,12.66,00:36:04.06,+23:57:28.4,1.98′ × 0.89′,0.033,General,,,,0,0,Work in progress
ngc-NGC161,NGC 161,Galaxy,Cetus,14.36,00:35:33.94,-02:50:55.3,1.36′ × 0.72′,0.02266667,General,,,,0,0,Work in progress
ngc-NGC162,NGC 162,Star,Andromeda,,00:36:09.26,+23:57:44.7,,,HighMagnification,,,,0,0,Work in progress
ngc-NGC163,NGC 163,Galaxy,Cetus,12.74,00:35:59.83,-10:07:18.1,1.43′ × 1.32′,0.02383333,General,,,,0,0,Work in progress
ngc-NGC164,NGC 164,Galaxy,Pisces,15.95,00:36:32.91,+02:44:59.2,0.53′ × 0.49′,0.00883333,General,,,,0,0,Work in progress
ngc-NGC165,NGC 165,Galaxy,Cetus,13.19,00:36:28.92,-10:06:22.2,1.63′ × 1.06′,0.02716667,General,,,,0,0,Work in progress
ngc-NGC166,NGC 166,Galaxy,Cetus,15.18,00:35:48.78,-13:36:38.3,0.89′ × 0.33′,0.01483333,General,,,,0,0,Work in progress
ngc-NGC167,NGC 167,Galaxy,Cetus,14.32,00:35:23.09,-23:22:30.0,0.97′ × 0.54′,0.01616667,General,,,,0,0,Work in progress
ngc-NGC168,NGC 168,Galaxy,Cetus,14.88,00:36:38.66,-22:35:36.6,1.31′ × 0.29′,0.02183333,General,,,,0,0,Work in progress
ngc-NGC169,NGC 169,Galaxy,Andromeda,13.1,00:36:51.60,+23:59:27.3,1.53′ × 0.66′,0.0255,General,,,,0,0,Work in progress
ngc-NGC170,NGC 170,Galaxy,Cetus,15.36,00:36:45.82,+01:53:11.3,0.7′ × 0.51′,0.01166667,General,,,,0,0,Work in progress
ngc-NGC171,NGC 171,Galaxy,Cetus,12.25,00:37:21.53,-19:56:03.3,2.06′ × 1.29′,0.03433333,General,,,,0,0,Work in progress
ngc-NGC172,NGC 172,Galaxy,Cetus,13.52,00:37:13.61,-22:35:13.3,2.04′ × 0.4′,0.034,General,,,,0,0,Work in progress
ngc-NGC173,NGC 173,Galaxy,Cetus,13.45,00:37:12.47,+01:56:32.1,2.09′ × 1.54′,0.03483333,General,,,,0,0,Work in progress
ngc-NGC174,NGC 174,Galaxy,Sculptor,13.8,00:36:58.94,-29:28:40.2,1.57′ × 0.69′,0.02616667,General,,,,0,0,Work in progress
ngc-NGC176,NGC 176,Open cluster,Tucana,13.01,00:35:57.87,-73:09:59.0,1.2′ × 1.2′,0.02,WideField,,,,0,0,Work in progress
ngc-NGC177,NGC 177,Galaxy,Cetus,14.15,00:37:34.34,-22:32:57.3,2.11′ × 0.5′,0.03516667,General,,,,0,0,Work in progress
ngc-NGC178,NGC 178,Galaxy,Cetus,12.57,00:39:08.40,-14:10:22.2,2.11′ × 0.58′,0.03516667,General,,,,0,0,Work in progress
ngc-NGC179,NGC 179,Galaxy,Cetus,13.21,00:37:46.28,-17:50:58.1,1.12′ × 0.96′,0.01866667,General,,,,0,0,Work in progress
ngc-NGC180,NGC 180,Galaxy,Pisces,14.19,00:37:57.70,+08:38:06.7,2.2′ × 1.48′,0.03666667,General,,,,0,0,Work in progress
ngc-NGC181,NGC 181,Galaxy,Andromeda,15.53,00:38:23.21,+29:28:21.3,0.86′ × 0.25′,0.01433333,General,,,,0,0,Work in progress
ngc-NGC182,NGC 182,Galaxy,Pisces,12.57,00:38:12.38,+02:43:42.8,1.86′ × 1.3′,0.031,General,,,,0,0,Work in progress
ngc-NGC183,NGC 183,Galaxy,Andromeda,12.74,00:38:29.39,+29:30:40.4,1.02′ × 0.75′,0.017,General,,,,0,0,Work in progress
ngc-NGC184,NGC 184,Galaxy,Andromeda,15.46,00:38:35.78,+29:26:51.4,0.73′ × 0.27′,0.01216667,General,,,,0,0,Work in progress
ngc-NGC186,NGC 186,Galaxy,Pisces,14.72,00:38:25.30,+03:09:59.2,1.39′ × 0.83′,0.02316667,General,,,,0,0,Work in progress
ngc-NGC187,NGC 187,Galaxy,Cetus,14,00:39:30.41,-14:39:22.7,1.53′ × 0.49′,0.0255,General,,,,0,0,Work in progress
ngc-NGC189,NGC 189,Open cluster,Cassiopeia,8.8,00:39:35.70,+61:05:40.1,2.7′,0.045,WideField,,,,0,0,Work in progress
ngc-NGC190,NGC 190,Galaxy pair,Pisces,,00:38:54.70,+07:03:35.0,1.1′,0.01833333,General,,,,0,0,Work in progress
ngc-NGC191,NGC 191,Galaxy,Cetus,13.81,00:38:59.44,-09:00:09.4,1′ × 0.71′,0.01666667,General,,,,0,0,Work in progress
ngc-NGC192,NGC 192,Galaxy,Cetus,12.64,00:39:13.43,+00:51:51.6,2.06′ × 0.82′,0.03433333,General,,,,0,0,Work in progress
ngc-NGC193,NGC 193,Galaxy,Pisces,12.3,00:39:18.59,+03:19:52.0,2.07′ × 1.45′,0.0345,General,,,,0,0,Work in progress
ngc-NGC194,NGC 194,Galaxy,Pisces,12.13,00:39:18.42,+03:02:14.8,1.73′ × 1.5′,0.02883333,General,,,,0,0,Work in progress
ngc-NGC195,NGC 195,Galaxy,Cetus,13.45,00:39:35.79,-09:11:40.3,1.22′ × 0.74′,0.02033333,General,,,,0,0,Work in progress
ngc-NGC196,NGC 196,Galaxy,Cetus,13.49,00:39:17.84,+00:54:45.9,1.27′ × 0.92′,0.02116667,General,,,,0,0,Work in progress
ngc-NGC197,NGC 197,Galaxy,Cetus,13.53,00:39:18.79,+00:53:30.9,0.94′ × 0.72′,0.01566667,General,,,,0,0,Work in progress
ngc-NGC198,NGC 198,Galaxy,Pisces,13.1,00:39:22.98,+02:47:52.5,1.28′ × 1.17′,0.02133333,General,,,,0,0,Work in progress
ngc-NGC199,NGC 199,Galaxy,Pisces,14.61,00:39:33.17,+03:08:18.7,1.14′ × 0.69′,0.019,General,,,,0,0,Work in progress
ngc-NGC200,NGC 200,Galaxy,Pisces,12.65,00:39:34.88,+02:53:14.8,1.8′ × 1.02′,0.03,General,,,,0,0,Work in progress
ngc-NGC201,NGC 201,Galaxy,Cetus,12.99,00:39:34.82,+00:51:35.6,1.71′ × 1.32′,0.0285,General,,,,0,0,Work in progress
ngc-NGC202,NGC 202,Galaxy,Pisces,15.45,00:39:39.85,+03:32:10.6,0.96′ × 0.33′,0.016,General,,,,0,0,Work in progress
ngc-NGC203,NGC 203,Galaxy,Pisces,14.92,00:39:39.53,+03:26:34.4,0.98′ × 0.27′,0.01633333,General,,,,0,0,Work in progress
ngc-NGC204,NGC 204,Galaxy,Pisces,12.96,00:39:44.27,+03:17:58.5,1.4′ × 1.09′,0.02333333,General,,,,0,0,Work in progress
ngc-NGC206,NGC 206,Asterism,Andromeda,,00:40:31.30,+40:44:21.4,,,WideField,,,,0,0,Work in progress
ngc-NGC207,NGC 207,Galaxy,Cetus,14.74,00:39:40.71,-14:14:13.5,0.91′ × 0.49′,0.01516667,General,,,,0,0,Work in progress
ngc-NGC208,NGC 208,Galaxy,Pisces,15.45,00:40:17.58,+02:45:23.4,0.77′ × 0.65′,0.01283333,General,,,,0,0,Work in progress
ngc-NGC209,NGC 209,Galaxy,Cetus,14.09,00:39:03.60,-18:36:29.8,1.14′ × 0.99′,0.019,General,,,,0,0,Work in progress
ngc-NGC210,NGC 210,Galaxy,Cetus,11.12,00:40:35.02,-13:52:22.1,4.98′ × 3.02′,0.083,General,,,,0,0,Work in progress
ngc-NGC212,NGC 212,Galaxy,Phoenix,15.4,00:40:13.33,-56:09:10.9,1.91′ × 1.42′,0.03183333,General,,,,0,0,Work in progress
ngc-NGC213,NGC 213,Galaxy,Pisces,14.72,00:41:10.00,+16:28:09.8,1.44′ × 1.11′,0.024,General,,,,0,0,Work in progress
ngc-NGC214,NGC 214,Galaxy,Andromeda,12.21,00:41:28.03,+25:29:58.0,1.87′ × 1.3′,0.03116667,General,,,,0,0,Work in progress
ngc-NGC215,NGC 215,Galaxy,Phoenix,14.09,00:40:48.87,-56:12:50.6,1.15′ × 0.92′,0.01916667,General,,,,0,0,Work in progress
ngc-NGC216,NGC 216,Galaxy,Cetus,13.21,00:41:27.15,-21:02:43.6,1.35′ × 0.63′,0.0225,General,,,,0,0,Work in progress
ngc-NGC217,NGC 217,Galaxy,Cetus,12.1,00:41:33.89,-10:01:17.1,3.2′ × 0.69′,0.05333333,General,,,,0,0,Work in progress
ngc-NGC218,NGC 218,Galaxy,Andromeda,13.53,00:46:31.99,+36:19:32.2,1.32′ × 0.71′,0.022,General,,,,0,0,Work in progress
ngc-NGC219,NGC 219,Galaxy,Cetus,15.23,00:42:11.31,+00:54:16.4,0.59′ × 0.46′,0.00983333,General,,,,0,0,Work in progress
ngc-NGC220,NGC 220,Open cluster,Tucana,14.39,00:40:29.89,-73:24:14.3,1.2′ × 1.2′,0.02,WideField,,,,0,0,Work in progress
ngc-NGC222,NGC 222,Open cluster,Tucana,12.64,00:40:43.71,-73:23:08.5,1.2′ × 1.2′,0.02,WideField,,,,0,0,Work in progress
ngc-NGC223,NGC 223,Galaxy,Cetus,14.33,00:42:15.88,+00:50:43.8,1.18′ × 0.78′,0.01966667,General,,,,0,0,Work in progress
ngc-NGC225,NGC 225,Open cluster,Cassiopeia,7,00:43:36.38,+61:46:01.0,4.2′,0.07,WideField,,,,0,0,Work in progress
ngc-NGC226,NGC 226,Galaxy,Andromeda,14.38,00:42:54.04,+32:34:51.5,0.79′ × 0.78′,0.01316667,General,,,,0,0,Work in progress
ngc-NGC227,NGC 227,Galaxy,Cetus,12.16,00:42:36.83,-01:31:43.6,1.91′ × 1.44′,0.03183333,General,,,,0,0,Work in progress
ngc-NGC228,NGC 228,Galaxy,Andromeda,14.82,00:42:54.51,+23:30:11.0,0.89′ × 0.81′,0.01483333,General,,,,0,0,Work in progress
ngc-NGC229,NGC 229,Galaxy,Andromeda,14.62,00:43:04.64,+23:30:32.8,1.08′ × 0.48′,0.018,General,,,,0,0,Work in progress
ngc-NGC230,NGC 230,Galaxy,Cetus,15.61,00:42:27.17,-23:37:43.7,1.3′ × 0.28′,0.02166667,General,,,,0,0,Work in progress
ngc-NGC231,NGC 231,Open cluster,Tucana,12.87,00:41:06.43,-73:21:08.7,1.8′ × 1.8′,0.03,WideField,,,,0,0,Work in progress
ngc-NGC232,NGC 232,Galaxy,Cetus,14.46,00:42:45.82,-23:33:40.9,0.98′ × 0.7′,0.01633333,General,,,,0,0,Work in progress
ngc-NGC233,NGC 233,Galaxy,Andromeda,13.76,00:43:36.56,+30:35:13.2,1.25′ × 1.11′,0.02083333,General,,,,0,0,Work in progress
ngc-NGC234,NGC 234,Galaxy,Pisces,13.43,00:43:32.39,+14:20:33.2,1.57′ × 1.22′,0.02616667,General,,,,0,0,Work in progress
ngc-NGC235,NGC 235,Galaxy pair,Cetus,,00:42:53.20,-23:32:36.0,2′,0.03333333,General,,,,0,0,Work in progress
ngc-NGC236,NGC 236,Galaxy,Pisces,14.44,00:43:27.54,+02:57:29.5,1.15′ × 1.03′,0.01916667,General,,,,0,0,Work in progress
ngc-NGC237,NGC 237,Galaxy,Cetus,13.6,00:43:27.84,-00:07:29.7,1.3′ × 0.8′,0.02166667,General,,,,0,0,Work in progress
ngc-NGC238,NGC 238,Galaxy,Phoenix,12.51,00:43:25.75,-50:10:58.2,2.02′ × 1.6′,0.03366667,General,,,,0,0,Work in progress
ngc-NGC239,NGC 239,Galaxy,Cetus,14.28,00:44:37.51,-03:45:33.3,0.94′ × 0.37′,0.01566667,General,,,,0,0,Work in progress
ngc-NGC240,NGC 240,Galaxy,Pisces,14.72,00:45:01.93,+06:06:48.1,1.35′ × 1.28′,0.0225,General,,,,0,0,Work in progress
ngc-NGC241,NGC 241,Open cluster,Tucana,,00:43:31.53,-73:26:25.7,0.95′ × 0.95′,0.01583333,WideField,,,,0,0,Work in progress
ngc-NGC242,NGC 242,Open cluster,Tucana,12.1,00:43:33.78,-73:26:46.7,0.75′ × 0.75′,0.0125,WideField,,,,0,0,Work in progress
ngc-NGC243,NGC 243,Galaxy,Andromeda,14.53,00:46:00.87,+29:57:34.2,0.92′ × 0.51′,0.01533333,General,,,,0,0,Work in progress
ngc-NGC244,NGC 244,Galaxy,Cetus,13.79,00:45:46.43,-15:35:48.8,1.04′ × 1.04′,0.01733333,General,,,,0,0,Work in progress
ngc-NGC245,NGC 245,Galaxy,Cetus,12.35,00:46:05.39,-01:43:24.2,1.2′ × 1.12′,0.02,General,,,,0,0,Work in progress
ngc-NGC248,NGC 248,Nebula with cluster,Tucana,,00:45:24.04,-73:22:47.3,1.4′ × 1.1′,0.02333333,General,,,,0,0,Work in progress
ngc-NGC249,NGC 249,H II region nebula,Tucana,13.8,00:45:32.86,-73:04:48.3,1.1′ × 0.7′,0.01833333,General,,,,0,0,Work in progress
ngc-NGC250,NGC 250,Galaxy,Pisces,14.83,00:47:16.01,+07:54:36.1,1.28′ × 0.68′,0.02133333,General,,,,0,0,Work in progress
ngc-NGC251,NGC 251,Galaxy,Pisces,12.6,00:47:54.03,+19:35:48.6,1.73′ × 1.02′,0.02883333,General,,,,0,0,Work in progress
ngc-NGC252,NGC 252,Galaxy,Andromeda,12.49,00:48:01.50,+27:37:25.1,1.62′ × 1.16′,0.027,General,,,,0,0,Work in progress
ngc-NGC254,NGC 254,Galaxy,Sculptor,11.67,00:47:27.61,-31:25:18.3,2.77′ × 1.8′,0.04616667,General,,,,0,0,Work in progress
ngc-NGC255,NGC 255,Galaxy,Cetus,11.93,00:47:47.31,-11:28:07.3,2.04′ × 1.85′,0.034,General,,,,0,0,Work in progress
ngc-NGC256,NGC 256,Open cluster,Tucana,12.5,00:45:53.33,-73:30:24.6,0.9′ × 0.9′,0.015,WideField,,,,0,0,Work in progress
ngc-NGC257,NGC 257,Galaxy,Pisces,12.62,00:48:01.51,+08:17:49.5,1.83′ × 1.32′,0.0305,General,,,,0,0,Work in progress
ngc-NGC258,NGC 258,Galaxy,Andromeda,15.23,00:48:12.79,+27:39:25.9,0.51′ × 0.42′,0.0085,General,,,,0,0,Work in progress
ngc-NGC259,NGC 259,Galaxy,Cetus,13.7,00:48:03.29,-02:46:31.2,2.86′ × 1.09′,0.04766667,General,,,,0,0,Work in progress
ngc-NGC260,NGC 260,Galaxy,Andromeda,14.27,00:48:34.65,+27:41:32.8,0.76′ × 0.68′,0.01266667,General,,,,0,0,Work in progress
ngc-NGC261,NGC 261,Nebula,Tucana,13,00:46:27.91,-73:06:13.1,1.3′ × 1.1′,0.02166667,General,,,,0,0,Work in progress
ngc-NGC262,NGC 262,Galaxy,Andromeda,14.38,00:48:47.14,+31:57:25.1,1.17′ × 0.62′,0.0195,General,,,,0,0,Work in progress
ngc-NGC263,NGC 263,Galaxy,Cetus,15.11,00:48:48.47,-13:06:26.6,0.8′ × 0.4′,0.01333333,General,,,,0,0,Work in progress
ngc-NGC264,NGC 264,Galaxy,Sculptor,14.5,00:48:20.94,-38:14:03.7,1.26′ × 0.47′,0.021,General,,,,0,0,Work in progress
ngc-NGC265,NGC 265,Open cluster,Tucana,12.17,00:47:10.16,-73:28:37.8,1.2′ × 1.2′,0.02,WideField,,,,0,0,Work in progress
ngc-NGC266,NGC 266,Galaxy,Pisces,11.82,00:49:47.80,+32:16:39.8,2.92′ × 2.83′,0.04866667,General,,,,0,0,Work in progress
ngc-NGC267,NGC 267,Open cluster,Tucana,,00:48:02.90,-73:16:26.5,2′ × 1.7′,0.03333333,WideField,,,,0,0,Work in progress
ngc-NGC268,NGC 268,Galaxy,Cetus,13.03,00:50:09.56,-05:11:37.4,1.42′ × 0.93′,0.02366667,General,,,,0,0,Work in progress
ngc-NGC269,NGC 269,Open cluster,Tucana,12.59,00:48:22.03,-73:31:53.5,1.2′ × 1.2′,0.02,WideField,,,,0,0,Work in progress
ngc-NGC270,NGC 270,Galaxy,Cetus,13.78,00:50:32.52,-08:39:05.9,1.77′ × 1.24′,0.0295,General,,,,0,0,Work in progress
ngc-NGC271,NGC 271,Galaxy,Cetus,13.2,00:50:41.86,-01:54:36.9,2.38′ × 1.28′,0.03966667,General,,,,0,0,Work in progress
ngc-NGC272,NGC 272,Open cluster,Andromeda,,00:51:25.16,+35:49:18.3,,,WideField,,,,0,0,Work in progress
ngc-NGC273,NGC 273,Galaxy,Cetus,12.92,00:50:48.45,-06:53:08.5,1.96′ × 0.54′,0.03266667,General,,,,0,0,Work in progress
ngc-NGC274,NGC 274,Galaxy,Cetus,13.38,00:51:01.86,-07:03:25.0,1.27′ × 1.08′,0.02116667,General,,,,0,0,Work in progress
ngc-NGC275,NGC 275,Galaxy,Cetus,12.43,00:51:04.20,-07:04:00.0,1.75′ × 1.39′,0.02916667,General,,,,0,0,Work in progress
ngc-NGC276,NGC 276,Galaxy,Cetus,15.85,00:52:06.57,-22:40:48.5,1.1′ × 0.36′,0.01833333,General,,,,0,0,Work in progress
ngc-NGC277,NGC 277,Galaxy,Cetus,14.36,00:51:17.23,-08:35:48.6,1.34′ × 1.11′,0.02233333,General,,,,0,0,Work in progress
ngc-NGC278,NGC 278,Galaxy,Cassiopeia,10.85,00:52:04.31,+47:33:01.8,2.36′ × 2.3′,0.03933333,General,,,,0,0,Work in progress
ngc-NGC279,NGC 279,Galaxy,Cetus,13.96,00:52:08.95,-02:13:06.4,1.41′ × 1.06′,0.0235,General,,,,0,0,Work in progress
ngc-NGC280,NGC 280,Galaxy,Andromeda,14.55,00:52:30.26,+24:21:02.1,1′ × 0.66′,0.01666667,General,,,,0,0,Work in progress
ngc-NGC281,NGC 281,H II region nebula,Cassiopeia,,00:52:59.35,+56:37:18.8,35′ × 30′,0.58333333,General,,,,0,0,Work in progress
ngc-NGC282,NGC 282,Galaxy,Pisces,14.59,00:52:42.15,+30:38:20.6,1.25′ × 0.97′,0.02083333,General,,,,0,0,Work in progress
ngc-NGC283,NGC 283,Galaxy,Cetus,15.36,00:53:13.21,-13:09:50.0,1.14′ × 0.62′,0.019,General,,,,0,0,Work in progress
ngc-NGC284,NGC 284,Galaxy,Cetus,15.93,00:53:24.27,-13:09:31.9,0.62′ × 0.55′,0.01033333,General,,,,0,0,Work in progress
ngc-NGC285,NGC 285,Galaxy,Cetus,16.13,00:53:29.89,-13:09:38.6,0.76′ × 0.65′,0.01266667,General,,,,0,0,Work in progress
ngc-NGC286,NGC 286,Galaxy,Cetus,15.33,00:53:30.38,-13:06:46.0,0.88′ × 0.42′,0.01466667,General,,,,0,0,Work in progress
ngc-NGC287,NGC 287,Galaxy,Pisces,14.74,00:53:28.29,+32:28:56.3,0.83′ × 0.64′,0.01383333,General,,,,0,0,Work in progress
ngc-NGC288,NGC 288,Globular cluster,Sculptor,8.13,00:52:47.45,-26:35:23.6,9.6′,0.16,General,,,,0,0,Work in progress
ngc-NGC289,NGC 289,Galaxy,Sculptor,11.18,00:52:42.36,-31:12:21.0,3.36′ × 2.51′,0.056,General,,,,0,0,Work in progress
ngc-NGC290,NGC 290,Open cluster,Tucana,11.71,00:51:14.18,-73:09:41.5,1.1′ × 1.1′,0.01833333,WideField,,,,0,0,Work in progress
ngc-NGC291,NGC 291,Galaxy,Cetus,14.64,00:53:29.92,-08:46:04.1,0.98′ × 0.53′,0.01633333,General,,,,0,0,Work in progress
ngc-NGC292,Small Magellanic Cloud,Galaxy,Tucana,2.3,00:52:44.78,-72:49:43.0,299.92′ × 179.89′,4.99866667,WideField,,,,0,0,Work in progress
ngc-NGC293,NGC 293,Galaxy,Cetus,15.05,00:54:15.96,-07:14:07.7,1.12′ × 0.63′,0.01866667,General,,,,0,0,Work in progress
ngc-NGC294,NGC 294,Open cluster,Tucana,12.24,00:53:04.71,-73:22:49.3,1.7′ × 1.7′,0.02833333,WideField,,,,0,0,Work in progress
ngc-NGC295,NGC 295,Galaxy,Pisces,14.98,00:59:32.28,+31:47:53.0,0.59′ × 0.54′,0.00983333,General,,,,0,0,Work in progress
ngc-NGC296,NGC 296,Galaxy,Pisces,12.29,00:55:07.51,+31:32:32.2,2.23′ × 0.88′,0.03716667,General,,,,0,0,Work in progress
ngc-NGC297,NGC 297,Galaxy,Cetus,16.88,00:54:58.94,-07:20:58.8,0.35′ × 0.29′,0.00583333,General,,,,0,0,Work in progress
ngc-NGC298,NGC 298,Galaxy,Cetus,16.52,00:55:02.35,-07:19:59.1,1.47′ × 0.49′,0.0245,General,,,,0,0,Work in progress
ngc-NGC299,NGC 299,Open cluster,Tucana,11.73,00:53:24.07,-72:11:49.6,0.9′ × 0.9′,0.015,WideField,,,,0,0,Work in progress
ngc-NGC301,NGC 301,Galaxy,Cetus,15.62,00:56:18.35,-10:40:26.0,0.64′ × 0.59′,0.01066667,General,,,,0,0,Work in progress
ngc-NGC302,NGC 302,Star,Cetus,,00:56:25.31,-10:39:47.6,,,HighMagnification,,,,0,0,Work in progress
ngc-NGC303,NGC 303,Galaxy,Cetus,15.35,00:54:54.71,-16:39:16.6,0.73′ × 0.26′,0.01216667,General,,,,0,0,Work in progress
ngc-NGC304,NGC 304,Galaxy,Andromeda,12.67,00:56:06.02,+24:07:36.8,1.17′ × 0.76′,0.0195,General,,,,0,0,Work in progress
ngc-NGC305,NGC 305,Unclassified object,Pisces,,00:56:20.92,+12:03:54.4,,,General,,,,0,0,Work in progress
ngc-NGC306,NGC 306,Open cluster,Tucana,12.07,00:54:14.18,-72:14:32.4,1.1′ × 1.1′,0.01833333,WideField,,,,0,0,Work in progress
ngc-NGC307,NGC 307,Galaxy,Cetus,12.79,00:56:32.58,-01:46:19.0,1.61′ × 0.67′,0.02683333,General,,,,0,0,Work in progress
ngc-NGC308,NGC 308,Star,Cetus,,00:56:34.22,-01:47:02.1,,,HighMagnification,,,,0,0,Work in progress
ngc-NGC309,NGC 309,Galaxy,Cetus,12.17,00:56:42.66,-09:54:49.9,2.23′ × 1.95′,0.03716667,General,,,,0,0,Work in progress
ngc-NGC310,NGC 310,Star,Cetus,,00:56:47.98,-01:45:56.8,,,HighMagnification,,,,0,0,Work in progress
ngc-NGC311,NGC 311,Galaxy,Pisces,13,00:57:32.73,+30:16:50.7,1.36′ × 0.69′,0.02266667,General,,,,0,0,Work in progress
ngc-NGC312,NGC 312,Galaxy,Phoenix,12.39,00:56:15.93,-52:46:57.7,1.84′ × 1.38′,0.03066667,General,,,,0,0,Work in progress
ngc-NGC313,NGC 313,Unclassified object,Pisces,,00:57:45.64,+30:21:57.9,,,General,,,,0,0,Work in progress
ngc-NGC314,NGC 314,Galaxy,Sculptor,14.4,00:56:52.41,-31:57:46.7,1′ × 0.77′,0.01666667,General,,,,0,0,Work in progress
ngc-NGC315,NGC 315,Galaxy,Pisces,11.6,00:57:48.88,+30:21:08.8,2.86′ × 2.14′,0.04766667,General,,,,0,0,Work in progress
ngc-NGC316,NGC 316,Star,Pisces,16.8,00:57:52.45,+30:21:15.5,,,HighMagnification,,,,0,0,Work in progress
ngc-NGC317,NGC 317,Galaxy pair,Andromeda,,00:57:39.7,+43:47:47.0,1.83′,0.0305,General,,,,0,0,Work in progress
ngc-NGC318,NGC 318,Galaxy,Pisces,15.26,00:58:05.23,+30:25:31.9,0.6′ × 0.29′,0.01,General,,,,0,0,Work in progress
ngc-NGC319,NGC 319,Galaxy,Phoenix,14.3,00:56:57.60,-43:50:19.6,1′ × 0.74′,0.01666667,General,,,,0,0,Work in progress
ngc-NGC320,NGC 320,Galaxy,Cetus,14.62,00:58:46.53,-20:50:24.3,0.89′ × 0.49′,0.01483333,General,,,,0,0,Work in progress
ngc-NGC321,NGC 321,Galaxy,Cetus,15.81,00:57:39.23,-05:05:10.3,0.45′ × 0.35′,0.0075,General,,,,0,0,Work in progress
ngc-NGC322,NGC 322,Galaxy,Phoenix,14.33,00:57:10.01,-43:43:37.5,1.15′ × 0.57′,0.01916667,General,,,,0,0,Work in progress
ngc-NGC323,NGC 323,Galaxy,Phoenix,12.53,00:56:41.65,-52:58:33.3,1.82′ × 1.52′,0.03033333,General,,,,0,0,Work in progress
ngc-NGC324,NGC 324,Galaxy,Phoenix,12.81,00:57:14.78,-40:57:32.8,1.48′ × 0.62′,0.02466667,General,,,,0,0,Work in progress
ngc-NGC325,NGC 325,Galaxy,Cetus,14.92,00:57:47.87,-05:06:43.5,1.19′ × 0.23′,0.01983333,General,,,,0,0,Work in progress
ngc-NGC326,NGC 326,Galaxy pair,Pisces,,00:58:22.70,+26:51:55.0,1′,0.01666667,General,,,,0,0,Work in progress
ngc-NGC327,NGC 327,Galaxy,Cetus,13.42,00:57:55.36,-05:07:49.5,1.39′ × 0.63′,0.02316667,General,,,,0,0,Work in progress
ngc-NGC328,NGC 328,Galaxy,Phoenix,14.07,00:56:57.57,-52:55:26.1,2.46′ × 0.71′,0.041,General,,,,0,0,Work in progress
ngc-NGC329,NGC 329,Galaxy,Cetus,13.27,00:58:01.60,-05:04:16.4,1.59′ × 0.64′,0.0265,General,,,,0,0,Work in progress
ngc-NGC330,NGC 330,Open cluster,Tucana,9.55,00:56:17.65,-72:27:46.6,2.8′ × 2.5′,0.04666667,WideField,,,,0,0,Work in progress
ngc-NGC331,NGC 331,Galaxy,Cetus,15.51,00:47:06.86,-02:43:52.1,0.96′ × 0.6′,0.016,General,,,,0,0,Work in progress
ngc-NGC332,NGC 332,Galaxy,Pisces,14.82,00:58:49.13,+07:06:40.7,1.37′ × 1.31′,0.02283333,General,,,,0,0,Work in progress
ngc-NGC333,NGC 333,Galaxy pair,Cetus,,00:58:51.20,-16:28:13.0,1.5′,0.025,General,,,,0,0,Work in progress
ngc-NGC334,NGC 334,Galaxy,Sculptor,14.62,00:58:49.81,-35:06:57.7,1.08′ × 0.65′,0.018,General,,,,0,0,Work in progress
ngc-NGC335,NGC 335,Galaxy,Cetus,15.16,00:59:19.78,-18:14:04.8,1.28′ × 0.41′,0.02133333,General,,,,0,0,Work in progress
ngc-NGC336,NGC 336,Galaxy,Cetus,15.48,00:58:02.83,-18:23:03.6,0.75′ × 0.3′,0.0125,General,,,,0,0,Work in progress
ngc-NGC337,NGC 337,Galaxy,Cetus,11.48,00:59:50.09,-07:34:40.7,2.92′ × 1.89′,0.04866667,General,,,,0,0,Work in progress
ngc-NGC338,NGC 338,Galaxy,Pisces,12.7,01:00:36.41,+30:40:08.3,1.75′ × 0.66′,0.02916667,General,,,,0,0,Work in progress
ngc-NGC339,NGC 339,Globular cluster,Tucana,12.21,00:57:42.06,-74:28:24.2,2.9′ × 2.9′,0.04833333,General,,,,0,0,Work in progress
ngc-NGC340,NGC 340,Galaxy,Cetus,14.52,01:00:34.88,-06:51:59.7,0.94′ × 0.39′,0.01566667,General,,,,0,0,Work in progress
ngc-NGC341,NGC 341,Galaxy,Cetus,13.97,01:00:45.83,-09:11:08.5,1.25′ × 1.14′,0.02083333,General,,,,0,0,Work in progress
ngc-NGC342,NGC 342,Galaxy,Cetus,15.43,01:00:49.86,-06:46:21.2,0.91′ × 0.43′,0.01516667,General,,,,0,0,Work in progress
ngc-NGC343,NGC 343,Galaxy,Cetus,16.56,00:58:23.93,-23:13:30.8,0.72′ × 0.27′,0.012,General,,,,0,0,Work in progress
ngc-NGC344,NGC 344,Galaxy,Cetus,16.87,00:58:25.44,-23:13:45.2,0.28′ × 0.2′,0.00466667,General,,,,0,0,Work in progress
ngc-NGC345,NGC 345,Galaxy,Cetus,14.86,01:01:22.10,-06:53:03.4,0.98′ × 0.58′,0.01633333,General,,,,0,0,Work in progress
ngc-NGC346,NGC 346,Open cluster,Tucana,,00:59:05.04,-72:10:37.6,8.5′ × 8.5′,0.14166667,WideField,,,,0,0,Work in progress
ngc-NGC347,NGC 347,Galaxy,Cetus,15.71,01:01:35.16,-06:44:01.2,0.6′ × 0.46′,0.01,General,,,,0,0,Work in progress
ngc-NGC348,NGC 348,Galaxy,Phoenix,14.59,01:00:52.01,-53:14:40.2,0.84′ × 0.72′,0.014,General,,,,0,0,Work in progress
ngc-NGC349,NGC 349,Galaxy,Cetus,14.05,01:01:50.75,-06:47:59.3,1.34′ × 1.16′,0.02233333,General,,,,0,0,Work in progress
ngc-NGC350,NGC 350,Galaxy,Cetus,15.43,01:01:56.71,-06:47:44.6,0.79′ × 0.52′,0.01316667,General,,,,0,0,Work in progress
ngc-NGC351,NGC 351,Galaxy,Cetus,14.12,01:01:57.84,-01:56:12.3,1.53′ × 0.75′,0.0255,General,,,,0,0,Work in progress
ngc-NGC352,NGC 352,Galaxy,Cetus,12.59,01:02:09.21,-04:14:43.7,2.29′ × 0.78′,0.03816667,General,,,,0,0,Work in progress
ngc-NGC353,NGC 353,Galaxy,Cetus,14.63,01:02:24.53,-01:57:31.9,1.26′ × 0.46′,0.021,General,,,,0,0,Work in progress
ngc-NGC354,NGC 354,Galaxy,Pisces,14.16,01:03:16.39,+22:20:33.6,0.9′ × 0.4′,0.015,General,,,,0,0,Work in progress
ngc-NGC355,NGC 355,Galaxy,Cetus,16.43,01:03:06.98,-06:19:26.4,0.73′ × 0.33′,0.01216667,General,,,,0,0,Work in progress
ngc-NGC356,NGC 356,Galaxy,Cetus,14.08,01:03:07.10,-06:59:18.1,1.75′ × 0.94′,0.02916667,General,,,,0,0,Work in progress
ngc-NGC357,NGC 357,Galaxy,Cetus,12.02,01:03:21.88,-06:20:21.2,2.11′ × 1.69′,0.03516667,General,,,,0,0,Work in progress
ngc-NGC358,NGC 358,Unclassified object,Cassiopeia,,01:05:10.93,+62:01:13.6,,,General,,,,0,0,Work in progress
ngc-NGC359,NGC 359,Galaxy,Cetus,14.42,01:04:16.96,-00:45:53.7,1.28′ × 0.85′,0.02133333,General,,,,0,0,Work in progress
ngc-NGC360,NGC 360,Galaxy,Tucana,13.43,01:02:51.45,-65:36:35.9,3.99′ × 0.57′,0.0665,General,,,,0,0,Work in progress
ngc-NGC361,NGC 361,Open cluster,Tucana,11.77,01:02:10.16,-71:36:17.1,2.6′ × 2.6′,0.04333333,WideField,,,,0,0,Work in progress
ngc-NGC363,NGC 363,Galaxy,Cetus,15.64,01:06:15.79,-16:32:33.9,0.82′ × 0.6′,0.01366667,General,,,,0,0,Work in progress
ngc-NGC364,NGC 364,Galaxy,Cetus,14.24,01:04:40.83,-00:48:09.9,1.4′ × 0.57′,0.02333333,General,,,,0,0,Work in progress
ngc-NGC365,NGC 365,Galaxy,Sculptor,14.25,01:04:18.72,-35:07:17.1,1.01′ × 0.6′,0.01683333,General,,,,0,0,Work in progress
ngc-NGC366,NGC 366,Open cluster,Cassiopeia,,01:06:25.99,+62:13:44.1,5.1′,0.085,WideField,,,,0,0,Work in progress
ngc-NGC367,NGC 367,Galaxy,Cetus,15.45,01:05:48.89,-12:07:42.5,0.96′ × 0.35′,0.016,General,,,,0,0,Work in progress
ngc-NGC368,NGC 368,Galaxy,Phoenix,14.7,01:04:22.04,-43:16:36.3,0.72′ × 0.62′,0.012,General,,,,0,0,Work in progress
ngc-NGC369,NGC 369,Galaxy,Cetus,14.58,01:05:08.91,-17:45:33.1,0.95′ × 0.77′,0.01583333,General,,,,0,0,Work in progress
ngc-NGC370,NGC 370,Unclassified object,Pisces,,01:06:44.59,+32:25:43.3,,,General,,,,0,0,Work in progress
ngc-NGC371,NGC 371,Open cluster,Tucana,,01:03:29.53,-72:03:24.6,4.2′ × 3.8′,0.07,WideField,,,,0,0,Work in progress
ngc-NGC373,NGC 373,Galaxy,Pisces,15.94,01:06:58.21,+32:18:30.5,0.52′ × 0.45′,0.00866667,General,,,,0,0,Work in progress
ngc-NGC374,NGC 374,Galaxy,Pisces,14.23,01:07:05.78,+32:47:42.4,1.3′ × 0.58′,0.02166667,General,,,,0,0,Work in progress
ngc-NGC375,NGC 375,Galaxy,Pisces,14.29,01:07:05.92,+32:20:53.4,0.48′ × 0.38′,0.008,General,,,,0,0,Work in progress
ngc-NGC376,NGC 376,Open cluster,Tucana,10.9,01:03:53.45,-72:49:25.2,1.8′ × 1.8′,0.03,WideField,,,,0,0,Work in progress
ngc-NGC377,NGC 377,Galaxy,Cetus,16.31,01:06:34.82,-20:19:57.2,0.98′ × 0.27′,0.01633333,General,,,,0,0,Work in progress
ngc-NGC378,NGC 378,Galaxy,Sculptor,13.8,01:06:12.21,-30:10:41.3,1.52′ × 1.11′,0.02533333,General,,,,0,0,Work in progress
ngc-NGC379,NGC 379,Galaxy,Pisces,12.76,01:07:15.69,+32:31:13.3,1.41′ × 0.68′,0.0235,General,,,,0,0,Work in progress
ngc-NGC380,NGC 380,Galaxy,Pisces,12.48,01:07:17.59,+32:28:58.5,1.45′ × 1.35′,0.02416667,General,,,,0,0,Work in progress
ngc-NGC381,NGC 381,Open cluster,Cassiopeia,9.3,01:08:18.01,+61:34:59.8,6′,0.1,WideField,,,,0,0,Work in progress
ngc-NGC382,NGC 382,Galaxy,Pisces,14.48,01:07:23.87,+32:24:13.9,0.24′ × 0.23′,0.004,General,,,,0,0,Work in progress
ngc-NGC383,NGC 383,Galaxy,Pisces,12.14,01:07:24.96,+32:24:45.2,2.39′ × 2′,0.03983333,General,,,,0,0,Work in progress
ngc-NGC384,NGC 384,Galaxy,Pisces,13.08,01:07:25.10,+32:17:32.8,1.1′ × 0.78′,0.01833333,General,,,,0,0,Work in progress
ngc-NGC385,NGC 385,Galaxy,Pisces,12.94,01:07:27.25,+32:19:10.3,1.21′ × 0.91′,0.02016667,General,,,,0,0,Work in progress
ngc-NGC386,NGC 386,Galaxy,Pisces,14.28,01:07:31.29,+32:21:43.2,0.46′ × 0.37′,0.00766667,General,,,,0,0,Work in progress
ngc-NGC387,NGC 387,Galaxy,Pisces,16.49,01:07:33.06,+32:23:28.0,0.42′ × 0.36′,0.007,General,,,,0,0,Work in progress
ngc-NGC388,NGC 388,Galaxy,Pisces,14.36,01:07:47.15,+32:18:35.9,0.58′ × 0.38′,0.00966667,General,,,,0,0,Work in progress
ngc-NGC389,NGC 389,Galaxy,Andromeda,14.93,01:08:29.93,+39:41:43.6,1.26′ × 0.46′,0.021,General,,,,0,0,Work in progress
ngc-NGC390,NGC 390,Star,Pisces,,01:07:53.75,+32:25:59.2,,,HighMagnification,,,,0,0,Work in progress
ngc-NGC391,NGC 391,Galaxy,Cetus,14.33,01:07:22.58,+00:55:33.4,0.98′ × 0.74′,0.01633333,General,,,,0,0,Work in progress
ngc-NGC392,NGC 392,Galaxy,Pisces,12.71,01:08:23.46,+33:08:01.0,1.36′ × 0.93′,0.02266667,General,,,,0,0,Work in progress
ngc-NGC393,NGC 393,Galaxy,Andromeda,12.54,01:08:36.95,+39:38:39.5,1.64′ × 1.34′,0.02733333,General,,,,0,0,Work in progress
ngc-NGC394,NGC 394,Galaxy,Pisces,13.83,01:08:26.05,+33:08:52.7,0.64′ × 0.34′,0.01066667,General,,,,0,0,Work in progress
ngc-NGC395,NGC 395,Open cluster,Tucana,,01:05:08.32,-71:59:26.6,1.5′ × 1.1′,0.025,WideField,,,,0,0,Work in progress
ngc-NGC396,NGC 396,Galaxy,Pisces,,01:08:08.40,+04:31:51.1,0.62′ × 0.3′,0.01033333,General,,,,0,0,Work in progress
ngc-NGC397,NGC 397,Galaxy,Pisces,14.58,01:08:31.10,+33:06:33.1,0.65′ × 0.5′,0.01083333,General,,,,0,0,Work in progress
ngc-NGC398,NGC 398,Galaxy,Pisces,15.34,01:08:53.67,+32:30:52.3,0.83′ × 0.49′,0.01383333,General,,,,0,0,Work in progress
ngc-NGC399,NGC 399,Galaxy,Pisces,14.44,01:08:59.20,+32:38:03.5,1.12′ × 0.76′,0.01866667,General,,,,0,0,Work in progress
ngc-NGC400,NGC 400,Star,Pisces,,01:09:02.49,+32:43:56.7,,,HighMagnification,,,,0,0,Work in progress
ngc-NGC401,NGC 401,Star,Pisces,,01:09:07.72,+32:45:33.6,,,HighMagnification,,,,0,0,Work in progress
ngc-NGC402,NGC 402,Star,Pisces,,01:09:13.36,+32:48:22.5,,,HighMagnification,,,,0,0,Work in progress
ngc-NGC403,NGC 403,Galaxy,Pisces,13.18,01:09:14.16,+32:45:07.7,2.4′ × 0.79′,0.04,General,,,,0,0,Work in progress
ngc-NGC404,NGC 404,Galaxy,Andromeda,10.55,01:09:27.02,+35:43:05.3,3.4′ × 3.37′,0.05666667,General,,,,0,0,Work in progress
ngc-NGC405,NGC 405,Unclassified object,Phoenix,6.89,01:08:34.11,-46:40:06.6,,,General,,,,0,0,Work in progress
ngc-NGC406,NGC 406,Galaxy,Tucana,12.46,01:07:25.05,-69:52:45.0,2.44′ × 1.1′,0.04066667,General,,,,0,0,Work in progress
ngc-NGC407,NGC 407,Galaxy,Pisces,14.3,01:10:36.56,+33:07:35.4,2′ × 0.29′,0.03333333,General,,,,0,0,Work in progress
ngc-NGC408,NGC 408,Star,Pisces,,01:10:51.09,+33:09:04.6,,,HighMagnification,,,,0,0,Work in progress
ngc-NGC409,NGC 409,Galaxy,Sculptor,14.08,01:09:33.22,-35:48:20.2,1.36′ × 1.15′,0.02266667,General,,,,0,0,Work in progress
ngc-NGC410,NGC 410,Galaxy,Pisces,11.48,01:10:58.90,+33:09:06.8,2.37′ × 1.6′,0.0395,General,,,,0,0,Work in progress
ngc-NGC411,NGC 411,Open cluster,Tucana,12.1,01:07:55.67,-71:46:06.1,2.1′ × 1.9′,0.035,WideField,,,,0,0,Work in progress
ngc-NGC413,NGC 413,Galaxy,Cetus,15.06,01:12:31.40,-02:47:36.3,1.05′ × 0.67′,0.0175,General,,,,0,0,Work in progress
ngc-NGC414,NGC 414,Galaxy pair,Pisces,,01:11:17.80,+33:06:46.0,0.75′,0.0125,General,,,,0,0,Work in progress
ngc-NGC415,NGC 415,Galaxy,Sculptor,14.3,01:10:05.69,-35:29:26.8,1.57′ × 0.74′,0.02616667,General,,,,0,0,Work in progress
ngc-NGC416,NGC 416,Globular cluster,Tucana,11.76,01:07:58.50,-72:21:18.2,1.7′ × 1.7′,0.02833333,General,,,,0,0,Work in progress
ngc-NGC417,NGC 417,Galaxy,Cetus,15.29,01:11:05.56,-18:08:54.0,1.08′ × 0.81′,0.018,General,,,,0,0,Work in progress
ngc-NGC418,NGC 418,Galaxy,Sculptor,12.58,01:10:35.62,-30:13:16.6,1.98′ × 1.3′,0.033,General,,,,0,0,Work in progress
ngc-NGC419,NGC 419,Globular cluster,Tucana,10.5,01:08:17.17,-72:53:00.6,2.8′ × 2.8′,0.04666667,General,,,,0,0,Work in progress
ngc-NGC420,NGC 420,Galaxy,Pisces,13.36,01:12:09.65,+32:07:23.4,1.38′ × 1.05′,0.023,General,,,,0,0,Work in progress
ngc-NGC421,NGC 421,Unclassified object,Pisces,,01:12:14.46,+32:07:24.6,,,General,,,,0,0,Work in progress
ngc-NGC422,NGC 422,Open cluster,Tucana,13.26,01:09:25.39,-71:46:02.0,1′ × 1′,0.01666667,WideField,,,,0,0,Work in progress
ngc-NGC423,NGC 423,Galaxy,Sculptor,14.39,01:11:22.21,-29:14:04.3,0.9′ × 0.6′,0.015,General,,,,0,0,Work in progress
ngc-NGC424,NGC 424,Galaxy,Sculptor,14.12,01:11:27.63,-38:05:00.5,1.66′ × 0.68′,0.02766667,General,,,,0,0,Work in progress
ngc-NGC425,NGC 425,Galaxy,Andromeda,13.46,01:13:02.56,+38:46:06.1,0.89′ × 0.84′,0.01483333,General,,,,0,0,Work in progress
ngc-NGC426,NGC 426,Galaxy,Cetus,12.89,01:12:48.61,-00:17:24.7,1.2′ × 0.89′,0.02,General,,,,0,0,Work in progress
ngc-NGC427,NGC 427,Galaxy,Sculptor,15.1,01:12:19.24,-32:03:40.2,1.1′ × 0.66′,0.01833333,General,,,,0,0,Work in progress
ngc-NGC428,NGC 428,Galaxy,Cetus,11.47,01:12:55.71,+00:58:53.6,2.82′ × 2.08′,0.047,General,,,,0,0,Work in progress
ngc-NGC429,NGC 429,Galaxy,Cetus,14.45,01:12:57.42,-00:20:42.0,1.51′ × 0.31′,0.02516667,General,,,,0,0,Work in progress
ngc-NGC430,NGC 430,Galaxy,Cetus,12.53,01:12:59.93,-00:15:09.0,1.18′ × 0.81′,0.01966667,General,,,,0,0,Work in progress
ngc-NGC431,NGC 431,Galaxy,Andromeda,13.96,01:14:04.54,+33:42:15.1,1.16′ × 0.67′,0.01933333,General,,,,0,0,Work in progress
ngc-NGC432,NGC 432,Galaxy,Tucana,14.12,01:11:46.26,-61:31:39.5,1.32′ × 1.07′,0.022,General,,,,0,0,Work in progress
ngc-NGC433,NGC 433,Open cluster,Cassiopeia,,01:15:09.26,+60:07:32.8,3.6′,0.06,WideField,,,,0,0,Work in progress
ngc-NGC434,NGC 434,Galaxy,Tucana,12.04,01:12:14.13,-58:14:52.7,2.24′ × 1.24′,0.03733333,General,,,,0,0,Work in progress
ngc-NGC435,NGC 435,Galaxy,Cetus,14.94,01:13:59.85,+02:04:17.2,1.1′ × 0.43′,0.01833333,General,,,,0,0,Work in progress
ngc-NGC436,NGC 436,Open cluster,Cassiopeia,8.8,01:15:57.78,+58:49:01.6,5.7′,0.095,WideField,,,,0,0,Work in progress
ngc-NGC437,NGC 437,Galaxy,Pisces,13.91,01:14:22.29,+05:55:36.8,1.73′ × 1.37′,0.02883333,General,,,,0,0,Work in progress
ngc-NGC438,NGC 438,Galaxy,Sculptor,13.61,01:13:34.16,-37:54:05.9,1.35′ × 0.77′,0.0225,General,,,,0,0,Work in progress
ngc-NGC439,NGC 439,Galaxy,Sculptor,12.89,01:13:47.26,-31:44:49.7,3.38′ × 2.14′,0.05633333,General,,,,0,0,Work in progress
ngc-NGC440,NGC 440,Galaxy,Tucana,13.18,01:12:48.50,-58:16:56.2,1.06′ × 0.64′,0.01766667,General,,,,0,0,Work in progress
ngc-NGC441,NGC 441,Galaxy,Sculptor,13.77,01:13:51.26,-31:47:18.0,1.51′ × 1.36′,0.02516667,General,,,,0,0,Work in progress
ngc-NGC442,NGC 442,Galaxy,Cetus,14.35,01:14:38.65,-01:01:14.3,1.16′ × 0.69′,0.01933333,General,,,,0,0,Work in progress
ngc-NGC443,NGC 443,Galaxy,Pisces,14.25,01:15:07.59,+33:22:38.4,0.82′ × 0.72′,0.01366667,General,,,,0,0,Work in progress
ngc-NGC444,NGC 444,Galaxy,Pisces,14.24,01:15:49.60,+31:04:48.9,1.57′ × 0.34′,0.02616667,General,,,,0,0,Work in progress
ngc-NGC445,NGC 445,Galaxy,Cetus,15.45,01:14:52.48,+01:55:02.8,0.79′ × 0.53′,0.01316667,General,,,,0,0,Work in progress
ngc-NGC446,NGC 446,Galaxy,Pisces,13.5,01:16:03.61,+04:17:38.8,2.06′ × 1.6′,0.03433333,General,,,,0,0,Work in progress
ngc-NGC447,NGC 447,Galaxy,Pisces,13.94,01:15:37.63,+33:04:03.8,2.21′ × 2.15′,0.03683333,General,,,,0,0,Work in progress
ngc-NGC448,NGC 448,Galaxy,Cetus,13.25,01:15:16.52,-01:37:34.3,1.6′ × 0.76′,0.02666667,General,,,,0,0,Work in progress
ngc-NGC449,NGC 449,Galaxy,Pisces,14.57,01:16:07.25,+33:05:22.4,0.68′ × 0.39′,0.01133333,General,,,,0,0,Work in progress
ngc-NGC450,NGC 450,Galaxy,Cetus,12.79,01:15:30.44,-00:51:39.5,2.94′ × 1.95′,0.049,General,,,,0,0,Work in progress
ngc-NGC451,NGC 451,Galaxy,Pisces,14.76,01:16:12.40,+33:03:50.8,0.69′ × 0.53′,0.0115,General,,,,0,0,Work in progress
ngc-NGC452,NGC 452,Galaxy,Pisces,12.59,01:16:14.83,+31:02:01.8,1.99′ × 0.5′,0.03316667,General,,,,0,0,Work in progress
ngc-NGC453,NGC 453,Unclassified object,Pisces,,01:16:17.42,+33:00:51.0,,,General,,,,0,0,Work in progress
ngc-NGC454,NGC 454,Galaxy pair,Phoenix,,01:14:22.53,-55:23:55.3,2′,0.03333333,General,,,,0,0,Work in progress
ngc-NGC455,NGC 455,Galaxy,Pisces,13.85,01:15:57.64,+05:10:43.3,2.58′ × 1.49′,0.043,General,,,,0,0,Work in progress
ngc-NGC456,NGC 456,Open cluster,Tucana,,01:13:44.38,-73:17:25.9,3.8′ × 2.9′,0.06333333,WideField,,,,0,0,Work in progress
ngc-NGC458,NGC 458,Open cluster,Tucana,11.66,01:14:53.47,-71:33:09.7,2.6′ × 2.3′,0.04333333,WideField,,,,0,0,Work in progress
ngc-NGC459,NGC 459,Galaxy,Pisces,15.69,01:18:08.19,+17:33:44.6,0.58′ × 0.55′,0.00966667,General,,,,0,0,Work in progress
ngc-NGC460,NGC 460,Nebula with cluster,Tucana,,01:14:38.60,-73:16:27.1,2.6′ × 1.5′,0.04333333,General,,,,0,0,Work in progress
ngc-NGC461,NGC 461,Galaxy,Sculptor,14.08,01:17:20.64,-33:50:27.2,1.21′ × 1.01′,0.02016667,General,,,,0,0,Work in progress
ngc-NGC462,NGC 462,Galaxy,Pisces,15.74,01:18:10.99,+04:13:33.6,0.48′ × 0.45′,0.008,General,,,,0,0,Work in progress
ngc-NGC463,NGC 463,Galaxy,Pisces,15.14,01:18:58.25,+16:19:32.7,1.04′ × 0.39′,0.01733333,General,,,,0,0,Work in progress
ngc-NGC464,NGC 464,Optical double,Andromeda,,01:19:26.68,+34:57:19.5,,,HighMagnification,,,,0,0,Work in progress
ngc-NGC465,NGC 465,Open cluster,Tucana,,01:15:41.35,-73:20:04.6,5′ × 4′,0.08333333,WideField,,,,0,0,Work in progress
ngc-NGC466,NGC 466,Galaxy,Tucana,13.59,01:17:13.26,-58:54:35.8,1.61′ × 1.34′,0.02683333,General,,,,0,0,Work in progress
ngc-NGC467,NGC 467,Galaxy,Pisces,12.1,01:19:10.13,+03:18:03.0,1.66′ × 1.49′,0.02766667,General,,,,0,0,Work in progress
ngc-NGC468,NGC 468,Galaxy,Pisces,15.2,01:19:48.50,+32:46:04.0,0.85′ × 0.48′,0.01416667,General,,,,0,0,Work in progress
ngc-NGC469,NGC 469,Galaxy,Pisces,15.23,01:19:32.95,+14:52:19.0,0.81′ × 0.6′,0.0135,General,,,,0,0,Work in progress
ngc-NGC470,NGC 470,Galaxy,Pisces,11.79,01:19:44.85,+03:24:35.8,2.86′ × 1.62′,0.04766667,General,,,,0,0,Work in progress
ngc-NGC471,NGC 471,Galaxy,Pisces,13.32,01:19:59.59,+14:47:10.4,1.06′ × 0.79′,0.01766667,General,,,,0,0,Work in progress
ngc-NGC472,NGC 472,Galaxy,Pisces,14.16,01:20:28.69,+32:42:32.5,0.9′ × 0.68′,0.015,General,,,,0,0,Work in progress
ngc-NGC473,NGC 473,Galaxy,Pisces,12.5,01:19:55.07,+16:32:40.9,1.77′ × 1.02′,0.0295,General,,,,0,0,Work in progress
ngc-NGC474,NGC 474,Galaxy,Pisces,11.52,01:20:06.69,+03:24:55.4,2.65′ × 2.44′,0.04416667,General,,,,0,0,Work in progress
ngc-NGC475,NGC 475,Galaxy,Pisces,15.97,01:20:02.00,+14:51:39.8,0.81′ × 0.55′,0.0135,General,,,,0,0,Work in progress
ngc-NGC476,NGC 476,Galaxy,Pisces,15.17,01:20:19.90,+16:01:12.5,0.84′ × 0.55′,0.014,General,,,,0,0,Work in progress
ngc-NGC477,NGC 477,Galaxy,Andromeda,13.91,01:21:20.37,+40:29:17.5,1.55′ × 0.55′,0.02583333,General,,,,0,0,Work in progress
ngc-NGC478,NGC 478,Galaxy,Cetus,14.62,01:20:09.29,-22:22:38.6,0.84′ × 0.69′,0.014,General,,,,0,0,Work in progress
ngc-NGC479,NGC 479,Galaxy,Pisces,15.06,01:21:15.73,+03:51:44.2,0.91′ × 0.73′,0.01516667,General,,,,0,0,Work in progress
ngc-NGC480,NGC 480,Galaxy,Cetus,16.05,01:20:34.39,-09:52:48.8,0.58′ × 0.29′,0.00966667,General,,,,0,0,Work in progress
ngc-NGC481,NGC 481,Galaxy,Cetus,14.65,01:21:12.51,-09:12:40.4,1.46′ × 1.08′,0.02433333,General,,,,0,0,Work in progress
ngc-NGC482,NGC 482,Galaxy,Phoenix,14.47,01:20:20.42,-40:57:58.0,2.06′ × 0.53′,0.03433333,General,,,,0,0,Work in progress
ngc-NGC483,NGC 483,Galaxy,Pisces,13.96,01:21:56.30,+33:31:15.5,0.87′ × 0.79′,0.0145,General,,,,0,0,Work in progress
ngc-NGC484,NGC 484,Galaxy,Tucana,12.23,01:19:34.73,-58:31:27.5,1.8′ × 1.26′,0.03,General,,,,0,0,Work in progress
ngc-NGC485,NGC 485,Galaxy,Pisces,13.25,01:21:27.60,+07:01:05.1,1.64′ × 0.61′,0.02733333,General,,,,0,0,Work in progress
ngc-NGC486,NGC 486,Galaxy,Pisces,17.48,01:21:43.04,+05:20:46.7,0.36′ × 0.28′,0.006,General,,,,0,0,Work in progress
ngc-NGC487,NGC 487,Galaxy,Cetus,14.41,01:21:55.09,-16:22:13.3,1.09′ × 0.7′,0.01816667,General,,,,0,0,Work in progress
ngc-NGC488,NGC 488,Galaxy,Pisces,10.26,01:21:46.85,+05:15:24.2,5.05′ × 3.66′,0.08416667,General,,,,0,0,Work in progress
ngc-NGC489,NGC 489,Galaxy,Pisces,13.43,01:21:53.90,+09:12:23.6,1.55′ × 0.35′,0.02583333,General,,,,0,0,Work in progress
ngc-NGC490,NGC 490,Galaxy,Pisces,14.48,01:22:02.87,+05:22:01.9,0.66′ × 0.55′,0.011,General,,,,0,0,Work in progress
ngc-NGC491,NGC 491,Galaxy,Sculptor,12.55,01:21:20.43,-34:03:47.8,1.35′ × 0.99′,0.0225,General,,,,0,0,Work in progress
ngc-NGC492,NGC 492,Galaxy,Pisces,15.46,01:22:13.56,+05:25:01.4,0.67′ × 0.56′,0.01116667,General,,,,0,0,Work in progress
ngc-NGC493,NGC 493,Galaxy,Cetus,12.48,01:22:08.99,+00:56:43.3,3.01′ × 0.95′,0.05016667,General,,,,0,0,Work in progress
ngc-NGC494,NGC 494,Galaxy,Pisces,12.85,01:22:55.40,+33:10:26.0,1.86′ × 0.59′,0.031,General,,,,0,0,Work in progress
ngc-NGC495,NGC 495,Galaxy,Pisces,13.68,01:22:56.00,+33:28:18.0,1.09′ × 0.77′,0.01816667,General,,,,0,0,Work in progress
ngc-NGC496,NGC 496,Galaxy,Pisces,13.7,01:23:11.60,+33:31:45.0,0.89′ × 0.33′,0.01483333,General,,,,0,0,Work in progress
ngc-NGC497,NGC 497,Galaxy,Cetus,13.02,01:22:23.78,-00:52:30.7,2.06′ × 0.86′,0.03433333,General,,,,0,0,Work in progress
ngc-NGC498,NGC 498,Galaxy,Pisces,16.49,01:23:11.28,+33:29:21.7,0.51′ × 0.41′,0.0085,General,,,,0,0,Work in progress
ngc-NGC499,NGC 499,Galaxy,Pisces,12.27,01:23:11.50,+33:27:38.0,1.68′ × 1.05′,0.028,General,,,,0,0,Work in progress
ngc-NGC500,NGC 500,Galaxy,Pisces,15.05,01:22:39.37,+05:23:14.2,0.91′ × 0.65′,0.01516667,General,,,,0,0,Work in progress
ngc-NGC501,NGC 501,Galaxy,Pisces,14.45,01:23:22.41,+33:25:58.7,0.52′ × 0.49′,0.00866667,General,,,,0,0,Work in progress
ngc-NGC502,NGC 502,Galaxy,Pisces,12.79,01:22:55.54,+09:02:57.1,1.64′ × 1.52′,0.02733333,General,,,,0,0,Work in progress
ngc-NGC503,NGC 503,Galaxy,Pisces,15.16,01:23:28.43,+33:19:54.2,0.63′ × 0.49′,0.0105,General,,,,0,0,Work in progress
ngc-NGC504,NGC 504,Galaxy,Pisces,13.95,01:23:27.90,+33:12:16.0,1.55′ × 0.39′,0.02583333,General,,,,0,0,Work in progress
ngc-NGC505,NGC 505,Galaxy,Pisces,15.04,01:22:57.10,+09:28:08.0,1.07′ × 0.68′,0.01783333,General,,,,0,0,Work in progress
ngc-NGC506,NGC 506,Star,Pisces,,01:23:35.35,+33:14:40.8,,,HighMagnification,,,,0,0,Work in progress
ngc-NGC507,NGC 507,Galaxy,Pisces,11.57,01:23:39.91,+33:15:21.8,2.45′ × 1.66′,0.04083333,General,,,,0,0,Work in progress
ngc-NGC508,NGC 508,Galaxy,Pisces,14.2,01:23:40.60,+33:16:49.0,1.08′ × 0.96′,0.018,General,,,,0,0,Work in progress
ngc-NGC509,NGC 509,Galaxy,Pisces,14.61,01:23:24.09,+09:26:00.8,1.59′ × 0.68′,0.0265,General,,,,0,0,Work in progress
ngc-NGC510,NGC 510,Optical double,Pisces,,01:23:55.56,+33:29:48.8,,,HighMagnification,,,,0,0,Work in progress
ngc-NGC511,NGC 511,Galaxy,Pisces,15.34,01:23:30.73,+11:17:27.6,1.18′ × 0.98′,0.01966667,General,,,,0,0,Work in progress
ngc-NGC512,NGC 512,Galaxy,Andromeda,13.87,01:23:59.80,+33:54:28.0,1.46′ × 0.34′,0.02433333,General,,,,0,0,Work in progress
ngc-NGC513,NGC 513,Galaxy,Andromeda,13.4,01:24:26.85,+33:47:58.0,0.62′ × 0.31′,0.01033333,General,,,,0,0,Work in progress
ngc-NGC514,NGC 514,Galaxy,Pisces,11.71,01:24:03.90,+12:55:02.6,3.5′ × 2.5′,0.05833333,General,,,,0,0,Work in progress
ngc-NGC515,NGC 515,Galaxy,Pisces,14.26,01:24:38.60,+33:28:22.0,0.92′ × 0.64′,0.01533333,General,,,,0,0,Work in progress
ngc-NGC516,NGC 516,Galaxy,Pisces,14.25,01:24:08.07,+09:33:06.1,1.62′ × 0.46′,0.027,General,,,,0,0,Work in progress
ngc-NGC517,NGC 517,Galaxy,Pisces,13.56,01:24:43.80,+33:25:46.0,1.46′ × 0.6′,0.02433333,General,,,,0,0,Work in progress
ngc-NGC518,NGC 518,Galaxy,Pisces,14.32,01:24:17.64,+09:19:51.4,1.56′ × 0.55′,0.026,General,,,,0,0,Work in progress
ngc-NGC519,NGC 519,Galaxy,Cetus,15.3,01:24:28.64,-01:38:28.5,0.53′ × 0.29′,0.00883333,General,,,,0,0,Work in progress
ngc-NGC520,NGC 520,Galaxy pair,Pisces,,01:24:35.07,+03:47:32.7,4.2′,0.07,General,,,,0,0,Work in progress
ngc-NGC521,NGC 521,Galaxy,Cetus,11.8,01:24:33.78,+01:43:53.0,2.77′ × 2.59′,0.04616667,General,,,,0,0,Work in progress
ngc-NGC522,NGC 522,Galaxy,Pisces,12.95,01:24:45.85,+09:59:40.7,2.38′ × 0.31′,0.03966667,General,,,,0,0,Work in progress
ngc-NGC523,NGC 523,Galaxy,Andromeda,12.71,01:25:20.73,+34:01:29.8,2.52′ × 0.71′,0.042,General,,,,0,0,Work in progress
ngc-NGC524,NGC 524,Galaxy,Pisces,10.35,01:24:47.72,+09:32:19.8,3.37′ × 3.35′,0.05616667,General,,,,0,0,Work in progress
ngc-NGC525,NGC 525,Galaxy,Pisces,14.54,01:24:52.91,+09:42:12.0,1.5′ × 0.63′,0.025,General,,,,0,0,Work in progress
ngc-NGC526,NGC 526,Galaxy pair,Sculptor,,01:23:58.50,-35:07:21.0,2′,0.03333333,General,,,,0,0,Work in progress
ngc-NGC527,NGC 527,Galaxy,Sculptor,14.07,01:23:58.12,-35:06:54.2,1.79′ × 0.43′,0.02983333,General,,,,0,0,Work in progress
ngc-NGC528,NGC 528,Galaxy,Andromeda,13.65,01:25:33.60,+33:40:18.0,1.77′ × 1.04′,0.0295,General,,,,0,0,Work in progress
ngc-NGC529,NGC 529,Galaxy,Andromeda,12.13,01:25:40.40,+34:42:48.0,2.22′ × 1.96′,0.037,General,,,,0,0,Work in progress
ngc-NGC530,NGC 530,Galaxy,Cetus,13.9,01:24:41.65,-01:35:13.5,1.78′ × 0.36′,0.02966667,General,,,,0,0,Work in progress
ngc-NGC531,NGC 531,Galaxy,Andromeda,14.87,01:26:18.90,+34:45:14.0,1.77′ × 0.47′,0.0295,General,,,,0,0,Work in progress
ngc-NGC532,NGC 532,Galaxy,Pisces,12.21,01:25:17.34,+09:15:50.8,2.18′ × 0.94′,0.03633333,General,,,,0,0,Work in progress
ngc-NGC533,NGC 533,Galaxy,Cetus,11.47,01:25:31.36,+01:45:32.8,3.44′ × 2.41′,0.05733333,General,,,,0,0,Work in progress
ngc-NGC534,NGC 534,Galaxy,Sculptor,14.4,01:24:44.63,-38:07:44.7,1.19′ × 1.07′,0.01983333,General,,,,0,0,Work in progress
ngc-NGC535,NGC 535,Galaxy,Cetus,14.85,01:25:31.15,-01:24:29.3,0.97′ × 0.34′,0.01616667,General,,,,0,0,Work in progress
ngc-NGC536,NGC 536,Galaxy,Andromeda,12.37,01:26:21.78,+34:42:10.9,2.92′ × 1.49′,0.04866667,General,,,,0,0,Work in progress
ngc-NGC538,NGC 538,Galaxy,Cetus,14.62,01:25:26.05,-01:33:02.3,1.38′ × 0.54′,0.023,General,,,,0,0,Work in progress
ngc-NGC539,NGC 539,Galaxy,Cetus,13.62,01:25:21.73,-18:09:49.9,1.32′ × 1.1′,0.022,General,,,,0,0,Work in progress
ngc-NGC540,NGC 540,Galaxy,Cetus,15.72,01:27:08.90,-20:02:11.9,0.82′ × 0.39′,0.01366667,General,,,,0,0,Work in progress
ngc-NGC541,NGC 541,Galaxy,Cetus,12.19,01:25:44.31,-01:22:46.5,2.16′ × 1.5′,0.036,General,,,,0,0,Work in progress
ngc-NGC542,NGC 542,Galaxy,Andromeda,15.67,01:26:30.90,+34:40:31.0,1.02′ × 0.23′,0.017,General,,,,0,0,Work in progress
ngc-NGC543,NGC 543,Galaxy,Cetus,13.17,01:25:49.99,-01:17:34.1,0.81′ × 0.37′,0.0135,General,,,,0,0,Work in progress
ngc-NGC544,NGC 544,Galaxy,Sculptor,14.46,01:25:12.03,-38:05:40.3,1.47′ × 1.03′,0.0245,General,,,,0,0,Work in progress
ngc-NGC545,NGC 545,Galaxy,Cetus,13.34,01:25:59.12,-01:20:24.8,3.01′ × 1.95′,0.05016667,General,,,,0,0,Work in progress
ngc-NGC546,NGC 546,Galaxy,Sculptor,14.41,01:25:12.81,-38:04:08.7,1.35′ × 0.6′,0.0225,General,,,,0,0,Work in progress
ngc-NGC547,NGC 547,Galaxy,Cetus,13.34,01:26:00.63,-01:20:42.6,3.07′ × 1.93′,0.05116667,General,,,,0,0,Work in progress
ngc-NGC548,NGC 548,Galaxy,Cetus,13.71,01:26:02.51,-01:13:32.2,0.9′ × 0.74′,0.015,General,,,,0,0,Work in progress
ngc-NGC549,NGC 549,Galaxy,Sculptor,15.5,01:25:07.08,-38:00:27.9,0.59′ × 0.55′,0.00983333,General,,,,0,0,Work in progress
ngc-NGC550,NGC 550,Galaxy,Cetus,13.5,01:26:42.55,+02:01:20.5,1.82′ × 0.69′,0.03033333,General,,,,0,0,Work in progress
ngc-NGC551,NGC 551,Galaxy,Andromeda,13.42,01:27:40.66,+37:10:58.5,1.49′ × 0.59′,0.02483333,General,,,,0,0,Work in progress
ngc-NGC552,NGC 552,Star,Pisces,,01:26:10.15,+33:24:21.1,,,HighMagnification,,,,0,0,Work in progress
ngc-NGC553,NGC 553,Galaxy,Pisces,14.93,01:26:12.60,+33:24:18.0,0.91′ × 0.3′,0.01516667,General,,,,0,0,Work in progress
ngc-NGC554,NGC 554,Galaxy pair,Cetus,,01:27:09.60,-22:43:30.0,1.42′,0.02366667,General,,,,0,0,Work in progress
ngc-NGC555,NGC 555,Galaxy,Cetus,15.31,01:27:11.81,-22:45:43.8,0.74′ × 0.69′,0.01233333,General,,,,0,0,Work in progress
ngc-NGC556,NGC 556,Galaxy,Cetus,15.56,01:27:12.61,-22:41:51.9,0.45′ × 0.4′,0.0075,General,,,,0,0,Work in progress
ngc-NGC557,NGC 557,Galaxy,Cetus,14.82,01:26:25.15,-01:38:19.4,1.45′ × 0.47′,0.02416667,General,,,,0,0,Work in progress
ngc-NGC558,NGC 558,Galaxy,Cetus,15.24,01:27:16.17,-01:58:15.2,0.62′ × 0.26′,0.01033333,General,,,,0,0,Work in progress
ngc-NGC560,NGC 560,Galaxy,Cetus,12.9,01:27:25.42,-01:54:46.7,2.09′ × 0.44′,0.03483333,General,,,,0,0,Work in progress
ngc-NGC561,NGC 561,Galaxy,Andromeda,14.02,01:28:18.76,+34:18:31.1,1.4′ × 1.28′,0.02333333,General,,,,0,0,Work in progress
ngc-NGC562,NGC 562,Galaxy,Andromeda,14.46,01:28:29.26,+48:23:13.5,0.91′ × 0.86′,0.01516667,General,,,,0,0,Work in progress
ngc-NGC564,NGC 564,Galaxy,Cetus,12.51,01:27:48.21,-01:52:46.3,1.72′ × 1.2′,0.02866667,General,,,,0,0,Work in progress
ngc-NGC565,NGC 565,Galaxy,Cetus,14.42,01:28:10.18,-01:18:21.7,1.46′ × 0.41′,0.02433333,General,,,,0,0,Work in progress
ngc-NGC566,NGC 566,Galaxy,Pisces,14.53,01:29:02.96,+32:19:56.1,1.21′ × 0.32′,0.02016667,General,,,,0,0,Work in progress
ngc-NGC567,NGC 567,Galaxy,Cetus,14.97,01:27:02.40,-10:15:54.9,1.21′ × 0.45′,0.02016667,General,,,,0,0,Work in progress
ngc-NGC568,NGC 568,Galaxy,Sculptor,12.62,01:27:57.01,-35:43:03.7,2.04′ × 1.24′,0.034,General,,,,0,0,Work in progress
ngc-NGC569,NGC 569,Galaxy,Pisces,14.65,01:29:07.16,+11:07:53.3,0.99′ × 0.48′,0.0165,General,,,,0,0,Work in progress
ngc-NGC570,NGC 570,Galaxy,Cetus,12.79,01:28:58.64,-00:56:56.4,1.62′ × 1.09′,0.027,General,,,,0,0,Work in progress
ngc-NGC571,NGC 571,Galaxy,Pisces,14.97,01:29:55.98,+32:30:04.8,0.71′ × 0.66′,0.01183333,General,,,,0,0,Work in progress
ngc-NGC572,NGC 572,Galaxy,Sculptor,15.14,01:28:36.42,-39:18:26.3,0.89′ × 0.84′,0.01483333,General,,,,0,0,Work in progress
ngc-NGC573,NGC 573,Galaxy,Andromeda,13.52,01:30:49.35,+41:15:26.3,0.39′ × 0.33′,0.0065,General,,,,0,0,Work in progress
ngc-NGC574,NGC 574,Galaxy,Sculptor,14.28,01:29:03.08,-35:35:56.1,1.15′ × 0.83′,0.01916667,General,,,,0,0,Work in progress
ngc-NGC575,NGC 575,Galaxy,Pisces,13.02,01:30:46.64,+21:26:25.5,1.45′ × 1.35′,0.02416667,General,,,,0,0,Work in progress
ngc-NGC576,NGC 576,Galaxy,Phoenix,14.42,01:28:57.67,-51:35:55.2,0.99′ × 0.81′,0.0165,General,,,,0,0,Work in progress
ngc-NGC577,NGC 577,Galaxy,Cetus,14.12,01:30:40.71,-01:59:39.7,1.45′ × 1.28′,0.02416667,General,,,,0,0,Work in progress
ngc-NGC578,NGC 578,Galaxy,Cetus,11.09,01:30:29.09,-22:40:02.5,4.82′ × 2.92′,0.08033333,General,,,,0,0,Work in progress
ngc-NGC579,NGC 579,Galaxy,Triangulum,13.33,01:31:46.49,+33:36:56.0,1.08′ × 0.85′,0.018,General,,,,0,0,Work in progress
ngc-NGC582,NGC 582,Galaxy,Triangulum,13.16,01:31:58.05,+33:28:35.5,2.07′ × 0.49′,0.0345,General,,,,0,0,Work in progress
ngc-NGC583,NGC 583,Galaxy,Cetus,15.27,01:29:44.15,-18:20:21.9,0.72′ × 0.66′,0.012,General,,,,0,0,Work in progress
ngc-NGC584,NGC 584,Galaxy,Cetus,10.35,01:31:20.75,-06:52:05.0,3.78′ × 2.51′,0.063,General,,,,0,0,Work in progress
ngc-NGC585,NGC 585,Galaxy,Cetus,14.07,01:31:42.14,-00:55:59.9,2.4′ × 0.48′,0.04,General,,,,0,0,Work in progress
ngc-NGC586,NGC 586,Galaxy,Cetus,13.14,01:31:36.85,-06:53:37.5,1.61′ × 0.78′,0.02683333,General,,,,0,0,Work in progress
ngc-NGC587,NGC 587,Galaxy,Triangulum,13.59,01:32:33.33,+35:21:30.9,2.23′ × 0.66′,0.03716667,General,,,,0,0,Work in progress
ngc-NGC588,NGC 588,H II region nebula,Triangulum,14.44,01:32:45.94,+30:38:51.1,0.6′ × 0.43′,0.01,General,,,,0,0,Work in progress
ngc-NGC589,NGC 589,Galaxy,Cetus,14.97,01:32:39.94,-12:02:33.7,0.76′ × 0.65′,0.01266667,General,,,,0,0,Work in progress
ngc-NGC590,NGC 590,Galaxy,Andromeda,14.09,01:33:40.92,+44:55:43.3,2.13′ × 0.77′,0.0355,General,,,,0,0,Work in progress
ngc-NGC591,NGC 591,Galaxy,Andromeda,13.9,01:33:31.27,+35:40:05.7,1.43′ × 1.14′,0.02383333,General,,,,0,0,Work in progress
ngc-NGC592,NGC 592,Asterism,Triangulum,,01:33:11.69,+30:38:41.8,,,WideField,,,,0,0,Work in progress
ngc-NGC593,NGC 593,Galaxy,Cetus,15.27,01:32:20.76,-12:21:16.0,0.88′ × 0.27′,0.01466667,General,,,,0,0,Work in progress
ngc-NGC594,NGC 594,Galaxy,Cetus,15.79,01:32:56.91,-16:32:09.6,1.24′ × 0.65′,0.02066667,General,,,,0,0,Work in progress
ngc-NGC595,NGC 595,H II region nebula,Triangulum,,01:33:33.83,+30:41:29.6,1.73′ × 0.9′,0.02883333,General,,,,0,0,Work in progress
ngc-NGC596,NGC 596,Galaxy,Cetus,10.95,01:32:52.08,-07:01:54.6,2.14′ × 1.58′,0.03566667,General,,,,0,0,Work in progress
ngc-NGC597,NGC 597,Galaxy,Sculptor,13.97,01:32:14.85,-33:29:49.5,1.31′ × 1.21′,0.02183333,General,,,,0,0,Work in progress
ngc-NGC599,NGC 599,Galaxy,Cetus,14.14,01:32:53.78,-12:11:28.5,1.53′ × 1.16′,0.0255,General,,,,0,0,Work in progress
ngc-NGC600,NGC 600,Galaxy,Cetus,12.46,01:33:05.30,-07:18:41.1,2.63′ × 2.56′,0.04383333,General,,,,0,0,Work in progress
ngc-NGC601,NGC 601,Galaxy,Cetus,16.4,01:33:06.58,-12:12:31.5,0.4′ × 0.38′,0.00666667,General,,,,0,0,Work in progress
ngc-NGC602,NGC 602,Open cluster,Hydrus,13.02,01:29:26.36,-73:33:37.8,3.2′ × 2.9′,0.05333333,WideField,,,,0,0,Work in progress
ngc-NGC603,NGC 603,Unclassified object,Triangulum,,01:34:43.90,+30:13:55.1,,,General,,,,0,0,Work in progress
ngc-NGC604,NGC 604,H II region nebula,Triangulum,,01:34:33.19,+30:47:05.6,1.93′ × 1.2′,0.03216667,General,,,,0,0,Work in progress
ngc-NGC605,NGC 605,Galaxy,Andromeda,14.23,01:35:02.35,+41:14:53.3,1.32′ × 0.56′,0.022,General,,,,0,0,Work in progress
ngc-NGC606,NGC 606,Galaxy,Pisces,14.45,01:34:50.16,+21:25:06.4,1.01′ × 0.77′,0.01683333,General,,,,0,0,Work in progress
ngc-NGC607,NGC 607,Unclassified object,Cetus,,01:34:16.37,-07:24:46.1,,,General,,,,0,0,Work in progress
ngc-NGC608,NGC 608,Galaxy,Triangulum,14.21,01:35:28.24,+33:39:24.2,0.83′ × 0.55′,0.01383333,General,,,,0,0,Work in progress
ngc-NGC609,NGC 609,Open cluster,Cassiopeia,11,01:36:23.74,+64:32:11.7,4.8′,0.08,WideField,,,,0,0,Work in progress
ngc-NGC610,NGC 610,Unclassified object,Cetus,,01:34:18.00,-20:08:39.2,,,General,,,,0,0,Work in progress
ngc-NGC611,NGC 611,Unclassified object,Cetus,,01:34:18.01,-20:07:39.2,,,General,,,,0,0,Work in progress
ngc-NGC612,NGC 612,Galaxy,Sculptor,13.01,01:33:57.74,-36:29:35.7,1.49′ × 1.34′,0.02483333,General,,,,0,0,Work in progress
ngc-NGC613,NGC 613,Galaxy,Sculptor,10.35,01:34:18.17,-29:25:06.1,5.48′ × 4.51′,0.09133333,General,,,,0,0,Work in progress
ngc-NGC614,NGC 614,Galaxy,Triangulum,13.84,01:35:52.26,+33:40:54.8,1.52′ × 1.44′,0.02533333,General,,,,0,0,Work in progress
ngc-NGC615,NGC 615,Galaxy,Cetus,11.66,01:35:05.68,-07:20:25.1,3.18′ × 1.16′,0.053,General,,,,0,0,Work in progress
ngc-NGC616,NGC 616,Optical double,Triangulum,,01:36:04.20,+33:46:12.8,,,HighMagnification,,,,0,0,Work in progress
ngc-NGC617,NGC 617,Galaxy,Cetus,14.7,01:34:02.54,-09:46:26.9,0.59′ × 0.52′,0.00983333,General,,,,0,0,Work in progress
ngc-NGC619,NGC 619,Galaxy,Sculptor,14.19,01:34:51.79,-36:29:21.8,1.66′ × 1.03′,0.02766667,General,,,,0,0,Work in progress
ngc-NGC620,NGC 620,Galaxy,Andromeda,13.86,01:36:59.68,+42:19:24.0,0.82′ × 0.77′,0.01366667,General,,,,0,0,Work in progress
ngc-NGC621,NGC 621,Galaxy,Triangulum,14.14,01:36:49.06,+35:30:43.9,1.12′ × 1.06′,0.01866667,General,,,,0,0,Work in progress
ngc-NGC622,NGC 622,Galaxy,Cetus,13.28,01:36:00.16,+00:39:48.7,1.3′ × 0.83′,0.02166667,General,,,,0,0,Work in progress
ngc-NGC623,NGC 623,Galaxy,Sculptor,12.52,01:35:06.39,-36:29:24.8,1.94′ × 1.46′,0.03233333,General,,,,0,0,Work in progress
ngc-NGC624,NGC 624,Galaxy,Cetus,14.18,01:35:51.09,-10:00:10.7,1.3′ × 0.67′,0.02166667,General,,,,0,0,Work in progress
ngc-NGC625,NGC 625,Galaxy,Phoenix,13.66,01:35:04.63,-41:26:10.3,6.55′ × 2.05′,0.10916667,General,,,,0,0,Work in progress
ngc-NGC626,NGC 626,Galaxy,Sculptor,13.47,01:35:12.08,-39:08:45.8,1.44′ × 1.3′,0.024,General,,,,0,0,Work in progress
ngc-NGC629,NGC 629,Unclassified object,Cassiopeia,,01:38:58.54,+72:52:01.5,,,General,,,,0,0,Work in progress
ngc-NGC630,NGC 630,Galaxy,Sculptor,13.62,01:35:36.48,-39:21:28.2,1.9′ × 1.4′,0.03166667,General,,,,0,0,Work in progress
ngc-NGC631,NGC 631,Galaxy,Pisces,14.97,01:36:47.06,+05:50:07.3,0.93′ × 0.83′,0.0155,General,,,,0,0,Work in progress
ngc-NGC632,NGC 632,Galaxy,Pisces,13.48,01:37:17.53,+05:52:39.5,0.99′ × 0.86′,0.0165,General,,,,0,0,Work in progress
ngc-NGC633,NGC 633,Galaxy,Sculptor,13.53,01:36:23.40,-37:19:17.6,1.1′ × 0.95′,0.01833333,General,,,,0,0,Work in progress
ngc-NGC634,NGC 634,Galaxy,Triangulum,13.85,01:38:18.66,+35:21:53.4,1.77′ × 0.61′,0.0295,General,,,,0,0,Work in progress
ngc-NGC635,NGC 635,Galaxy,Cetus,15.26,01:38:17.86,-22:55:44.1,0.6′ × 0.53′,0.01,General,,,,0,0,Work in progress
ngc-NGC636,NGC 636,Galaxy,Cetus,11.41,01:39:06.53,-07:30:45.4,2.7′ × 2.3′,0.045,General,,,,0,0,Work in progress
ngc-NGC637,NGC 637,Open cluster,Cassiopeia,8.2,01:43:03.11,+64:02:11.6,4.5′,0.075,WideField,,,,0,0,Work in progress
ngc-NGC638,NGC 638,Galaxy,Pisces,13.79,01:39:37.85,+07:14:14.4,0.94′ × 0.62′,0.01566667,General,,,,0,0,Work in progress
ngc-NGC639,NGC 639,Galaxy,Sculptor,14.13,01:38:59.05,-29:55:31.2,1.04′ × 0.3′,0.01733333,General,,,,0,0,Work in progress
ngc-NGC640,NGC 640,Galaxy,Cetus,15.5,01:39:24.88,-09:24:04.2,0.76′ × 0.43′,0.01266667,General,,,,0,0,Work in progress
ngc-NGC641,NGC 641,Galaxy,Phoenix,12.17,01:38:39.23,-42:31:39.1,1.82′ × 1.68′,0.03033333,General,,,,0,0,Work in progress
ngc-NGC642,NGC 642,Galaxy,Sculptor,13.46,01:39:06.33,-29:54:53.6,1.8′ × 1.09′,0.03,General,,,,0,0,Work in progress
ngc-NGC643,NGC 643,Open cluster,Hydrus,,01:35:01.43,-75:33:24.7,2.2′ × 2.2′,0.03666667,WideField,,,,0,0,Work in progress
ngc-NGC644,NGC 644,Galaxy,Phoenix,14.74,01:38:52.96,-42:35:07.0,1.3′ × 0.68′,0.02166667,General,,,,0,0,Work in progress
ngc-NGC645,NGC 645,Galaxy,Pisces,13.68,01:40:08.70,+05:43:36.1,2.29′ × 0.68′,0.03816667,General,,,,0,0,Work in progress
ngc-NGC646,NGC 646,Galaxy pair,Hydrus,14.37,01:37:25.50,-64:53:47.0,1.51′ × 1.02′,0.02516667,General,,,,0,0,Work in progress
ngc-NGC647,NGC 647,Galaxy,Cetus,14.32,01:39:56.19,-09:14:32.6,1.27′ × 0.98′,0.02116667,General,,,,0,0,Work in progress
ngc-NGC648,NGC 648,Galaxy,Cetus,14.69,01:38:39.79,-17:49:52.3,1.09′ × 0.63′,0.01816667,General,,,,0,0,Work in progress
ngc-NGC649,NGC 649,Galaxy,Cetus,15.35,01:40:07.45,-09:16:19.6,1.07′ × 0.39′,0.01783333,General,,,,0,0,Work in progress
ngc-NGC652,NGC 652,Galaxy,Pisces,14.96,01:40:43.28,+07:58:58.5,0.94′ × 0.51′,0.01566667,General,,,,0,0,Work in progress
ngc-NGC653,NGC 653,Galaxy,Andromeda,14.06,01:42:25.74,+35:38:18.0,1.49′ × 0.23′,0.02483333,General,,,,0,0,Work in progress
ngc-NGC654,NGC 654,Open cluster,Cassiopeia,6.5,01:43:59.43,+61:52:57.8,6.3′,0.105,WideField,,,,0,0,Work in progress
ngc-NGC655,NGC 655,Galaxy,Cetus,14.74,01:41:55.13,-13:04:54.3,1.12′ × 0.65′,0.01866667,General,,,,0,0,Work in progress
ngc-NGC656,NGC 656,Galaxy,Pisces,13.46,01:42:27.24,+26:08:35.0,1.27′ × 1.08′,0.02116667,General,,,,0,0,Work in progress
ngc-NGC657,NGC 657,Open cluster,Cassiopeia,,01:43:20.80,+55:50:11.0,3′,0.05,WideField,,,,0,0,Work in progress
ngc-NGC658,NGC 658,Galaxy,Pisces,12.41,01:42:09.66,+12:36:06.8,1.48′ × 0.89′,0.02466667,General,,,,0,0,Work in progress
ngc-NGC659,NGC 659,Open cluster,Cassiopeia,7.9,01:44:22.99,+60:40:09.0,4.2′,0.07,WideField,,,,0,0,Work in progress
ngc-NGC660,NGC 660,Galaxy,Pisces,11.29,01:43:02.40,+13:38:42.2,4.57′ × 1.69′,0.07616667,General,,,,0,0,Work in progress
ngc-NGC661,NGC 661,Galaxy,Triangulum,12.2,01:44:14.62,+28:42:21.3,1.91′ × 1.4′,0.03183333,General,,,,0,0,Work in progress
ngc-NGC662,NGC 662,Galaxy,Andromeda,13.84,01:44:35.45,+37:41:44.8,0.81′ × 0.55′,0.0135,General,,,,0,0,Work in progress
ngc-NGC664,NGC 664,Galaxy,Pisces,13.84,01:43:45.81,+04:13:22.4,1.19′ × 0.93′,0.01983333,General,,,,0,0,Work in progress
ngc-NGC665,NGC 665,Galaxy,Pisces,12.14,01:44:56.10,+10:25:22.9,1.62′ × 0.95′,0.027,General,,,,0,0,Work in progress
ngc-NGC666,NGC 666,Galaxy,Triangulum,13.37,01:46:06.20,+34:22:28.3,0.77′ × 0.52′,0.01283333,General,,,,0,0,Work in progress
ngc-NGC667,NGC 667,Galaxy,Cetus,15.43,01:44:56.68,-22:55:08.2,0.71′ × 0.57′,0.01183333,General,,,,0,0,Work in progress
ngc-NGC668,NGC 668,Galaxy,Andromeda,13.05,01:46:22.67,+36:27:37.1,1.2′ × 0.82′,0.02,General,,,,0,0,Work in progress
ngc-NGC669,NGC 669,Galaxy,Triangulum,12.3,01:47:16.15,+35:33:47.9,2.34′ × 0.57′,0.039,General,,,,0,0,Work in progress
ngc-NGC670,NGC 670,Galaxy,Triangulum,12.62,01:47:24.85,+27:53:08.7,2.18′ × 0.74′,0.03633333,General,,,,0,0,Work in progress
ngc-NGC671,NGC 671,Galaxy,Aries,16.71,01:46:59.17,+13:07:30.4,1.08′ × 0.43′,0.018,General,,,,0,0,Work in progress
ngc-NGC672,NGC 672,Galaxy,Triangulum,10.92,01:47:54.52,+27:25:58.0,7.01′ × 2.71′,0.11683333,General,,,,0,0,Work in progress
ngc-NGC673,NGC 673,Galaxy,Aries,12.62,01:48:22.44,+11:31:16.7,1.77′ × 1.3′,0.0295,General,,,,0,0,Work in progress
ngc-NGC674,NGC 674,Galaxy,Aries,11.97,01:51:17.57,+22:21:28.7,3.81′ × 1.26′,0.0635,General,,,,0,0,Work in progress
ngc-NGC675,NGC 675,Galaxy,Aries,15.45,01:49:08.61,+13:03:35.6,1.04′ × 0.44′,0.01733333,General,,,,0,0,Work in progress
ngc-NGC676,NGC 676,Galaxy,Pisces,12,01:48:57.31,+05:54:27.1,2.75′ × 0.69′,0.04583333,General,,,,0,0,Work in progress
ngc-NGC677,NGC 677,Galaxy,Aries,12.27,01:49:14.06,+13:03:19.3,1.81′ × 1.81′,0.03016667,General,,,,0,0,Work in progress
ngc-NGC678,NGC 678,Galaxy,Aries,12.23,01:49:24.86,+21:59:50.3,3.08′ × 0.77′,0.05133333,General,,,,0,0,Work in progress
ngc-NGC679,NGC 679,Galaxy,Andromeda,12.54,01:49:43.78,+35:47:08.3,1.32′ × 1′,0.022,General,,,,0,0,Work in progress
ngc-NGC680,NGC 680,Galaxy,Aries,11.9,01:49:47.29,+21:58:15.1,1.69′ × 1.56′,0.02816667,General,,,,0,0,Work in progress
ngc-NGC681,NGC 681,Galaxy,Cetus,11.87,01:49:10.83,-10:25:35.1,2.47′ × 1.77′,0.04116667,General,,,,0,0,Work in progress
ngc-NGC682,NGC 682,Galaxy,Cetus,13.85,01:49:04.60,-14:58:29.4,0.74′ × 0.25′,0.01233333,General,,,,0,0,Work in progress
ngc-NGC683,NGC 683,Galaxy,Aries,14.91,01:49:46.69,+11:42:04.7,0.66′ × 0.6′,0.011,General,,,,0,0,Work in progress
ngc-NGC684,NGC 684,Galaxy,Triangulum,12.34,01:50:14.02,+27:38:44.4,2.95′ × 0.82′,0.04916667,General,,,,0,0,Work in progress
ngc-NGC685,NGC 685,Galaxy,Eridanus,11.5,01:47:42.81,-52:45:42.5,3.01′ × 2.3′,0.05016667,General,,,,0,0,Work in progress
ngc-NGC686,NGC 686,Galaxy,Fornax,13.4,01:48:56.14,-23:47:53.3,1.34′ × 1.06′,0.02233333,General,,,,0,0,Work in progress
ngc-NGC687,NGC 687,Galaxy,Andromeda,12.53,01:50:33.24,+36:22:14.9,1.27′ × 1.16′,0.02116667,General,,,,0,0,Work in progress
ngc-NGC688,NGC 688,Galaxy,Triangulum,12.67,01:50:44.18,+35:17:04.3,0.89′ × 0.38′,0.01483333,General,,,,0,0,Work in progress
ngc-NGC689,NGC 689,Galaxy,Fornax,14.51,01:49:51.77,-27:27:59.8,1.07′ × 0.66′,0.01783333,General,,,,0,0,Work in progress
ngc-NGC690,NGC 690,Galaxy,Cetus,14.27,01:47:48.08,-16:43:19.2,1.1′ × 0.7′,0.01833333,General,,,,0,0,Work in progress
ngc-NGC691,NGC 691,Galaxy,Aries,11.73,01:50:41.72,+21:45:35.7,2.68′ × 1.85′,0.04466667,General,,,,0,0,Work in progress
ngc-NGC692,NGC 692,Galaxy,Phoenix,13.07,01:48:41.99,-48:38:54.6,1.95′ × 1.41′,0.0325,General,,,,0,0,Work in progress
ngc-NGC693,NGC 693,Galaxy,Pisces,12.45,01:50:30.85,+06:08:42.8,2.11′ × 1.09′,0.03516667,General,,,,0,0,Work in progress
ngc-NGC694,NGC 694,Galaxy,Aries,13.77,01:50:58.49,+21:59:51.0,0.57′ × 0.34′,0.0095,General,,,,0,0,Work in progress
ngc-NGC695,NGC 695,Galaxy,Aries,13.76,01:51:14.24,+22:34:56.5,0.48′ × 0.42′,0.008,General,,,,0,0,Work in progress
ngc-NGC696,NGC 696,Galaxy,Fornax,14.44,01:49:31.26,-34:54:18.6,1.8′ × 0.72′,0.03,General,,,,0,0,Work in progress
ngc-NGC698,NGC 698,Galaxy,Fornax,14.8,01:49:43.70,-34:49:51.9,0.93′ × 0.79′,0.0155,General,,,,0,0,Work in progress
ngc-NGC699,NGC 699,Galaxy,Cetus,14.94,01:50:43.68,-12:02:08.4,1.4′ × 0.37′,0.02333333,General,,,,0,0,Work in progress
ngc-NGC700,NGC 700,Galaxy,Andromeda,15.51,01:52:16.84,+36:02:12.2,0.48′ × 0.4′,0.008,General,,,,0,0,Work in progress
ngc-NGC701,NGC 701,Galaxy,Cetus,12.14,01:51:03.84,-09:42:09.4,2.24′ × 1.11′,0.03733333,General,,,,0,0,Work in progress
ngc-NGC702,NGC 702,Galaxy pair,Cetus,,01:51:18.80,-04:03:07.0,1.6′,0.02666667,General,,,,0,0,Work in progress
ngc-NGC703,NGC 703,Galaxy,Andromeda,13.33,01:52:39.60,+36:10:17.1,0.99′ × 0.69′,0.0165,General,,,,0,0,Work in progress
ngc-NGC704,NGC 704,Galaxy pair,Andromeda,,01:52:38.60,+36:07:27.0,1.5′,0.025,General,,,,0,0,Work in progress
ngc-NGC705,NGC 705,Galaxy,Andromeda,14.42,01:52:41.52,+36:08:38.4,1.44′ × 0.69′,0.024,General,,,,0,0,Work in progress
ngc-NGC706,NGC 706,Galaxy,Pisces,12.52,01:51:50.53,+06:17:48.8,1.29′ × 1.06′,0.0215,General,,,,0,0,Work in progress
ngc-NGC707,NGC 707,Galaxy,Cetus,14.6,01:51:27.10,-08:30:19.3,1.31′ × 0.73′,0.02183333,General,,,,0,0,Work in progress
ngc-NGC708,NGC 708,Galaxy,Andromeda,13.29,01:52:46.48,+36:09:06.6,2.56′ × 1.23′,0.04266667,General,,,,0,0,Work in progress
ngc-NGC709,NGC 709,Galaxy,Andromeda,14.26,01:52:50.62,+36:13:24.4,0.72′ × 0.36′,0.012,General,,,,0,0,Work in progress
ngc-NGC710,NGC 710,Galaxy,Andromeda,13.67,01:52:53.94,+36:03:10.4,1.04′ × 0.67′,0.01733333,General,,,,0,0,Work in progress
ngc-NGC711,NGC 711,Galaxy,Aries,14.55,01:52:27.76,+17:30:45.6,1.1′ × 0.48′,0.01833333,General,,,,0,0,Work in progress
ngc-NGC712,NGC 712,Galaxy,Andromeda,14.05,01:53:08.44,+36:49:11.5,1.08′ × 0.71′,0.018,General,,,,0,0,Work in progress
ngc-NGC713,NGC 713,Galaxy,Cetus,15.25,01:55:21.53,-09:05:01.5,1.15′ × 0.28′,0.01916667,General,,,,0,0,Work in progress
ngc-NGC714,NGC 714,Galaxy,Andromeda,13.05,01:53:29.65,+36:13:16.7,1.46′ × 0.35′,0.02433333,General,,,,0,0,Work in progress
ngc-NGC715,NGC 715,Galaxy,Cetus,14.94,01:53:12.52,-12:52:22.2,0.88′ × 0.36′,0.01466667,General,,,,0,0,Work in progress
ngc-NGC716,NGC 716,Galaxy,Aries,14.01,01:52:59.68,+12:42:30.5,1.31′ × 0.52′,0.02183333,General,,,,0,0,Work in progress
ngc-NGC717,NGC 717,Galaxy,Andromeda,13.89,01:53:55.11,+36:13:45.9,1.31′ × 0.23′,0.02183333,General,,,,0,0,Work in progress
ngc-NGC718,NGC 718,Galaxy,Pisces,11.66,01:53:13.30,+04:11:45.0,2.75′ × 2.46′,0.04583333,General,,,,0,0,Work in progress
ngc-NGC719,NGC 719,Galaxy,Aries,14.83,01:53:38.84,+19:50:25.5,1.01′ × 0.71′,0.01683333,General,,,,0,0,Work in progress
ngc-NGC720,NGC 720,Galaxy,Cetus,10.14,01:53:00.50,-13:44:19.2,4.49′ × 2.37′,0.07483333,General,,,,0,0,Work in progress
ngc-NGC721,NGC 721,Galaxy,Andromeda,13.46,01:54:45.46,+39:23:00.7,1.4′ × 0.83′,0.02333333,General,,,,0,0,Work in progress
ngc-NGC722,NGC 722,Galaxy,Aries,14.54,01:54:46.95,+20:41:53.6,1.13′ × 0.47′,0.01883333,General,,,,0,0,Work in progress
ngc-NGC723,NGC 723,Galaxy,Cetus,13.39,01:53:45.68,-23:45:27.9,1.34′ × 1.04′,0.02233333,General,,,,0,0,Work in progress
ngc-NGC725,NGC 725,Galaxy,Cetus,14.97,01:52:35.49,-16:31:04.1,0.89′ × 0.55′,0.01483333,General,,,,0,0,Work in progress
ngc-NGC726,NGC 726,Galaxy,Cetus,15.08,01:55:31.87,-10:47:59.3,1.08′ × 0.44′,0.018,General,,,,0,0,Work in progress
ngc-NGC727,NGC 727,Galaxy,Fornax,14.92,01:53:49.38,-35:51:22.2,1.18′ × 0.62′,0.01966667,General,,,,0,0,Work in progress
ngc-NGC728,NGC 728,Unclassified object,Pisces,,01:55:01.44,+04:13:21.3,,,General,,,,0,0,Work in progress
ngc-NGC730,NGC 730,Star,Pisces,,01:55:18.00,+05:38:11.0,,,HighMagnification,,,,0,0,Work in progress
ngc-NGC731,NGC 731,Galaxy,Cetus,12.14,01:54:56.21,-09:00:38.9,1.7′ × 1.5′,0.02833333,General,,,,0,0,Work in progress
ngc-NGC732,NGC 732,Galaxy,Andromeda,14.85,01:56:27.71,+36:48:08.0,0.98′ × 0.57′,0.01633333,General,,,,0,0,Work in progress
ngc-NGC733,NGC 733,Star,Triangulum,15.8,01:56:33.89,+33:03:19.1,,,HighMagnification,,,,0,0,Work in progress
ngc-NGC734,NGC 734,Galaxy,Cetus,15.39,01:53:28.74,-16:59:44.5,0.75′ × 0.4′,0.0125,General,,,,0,0,Work in progress
ngc-NGC735,NGC 735,Galaxy,Triangulum,13.25,01:56:37.98,+34:10:36.4,1.6′ × 0.41′,0.02666667,General,,,,0,0,Work in progress
ngc-NGC736,NGC 736,Galaxy,Triangulum,12.14,01:56:40.87,+33:02:36.6,1.83′ × 1.64′,0.0305,General,,,,0,0,Work in progress
ngc-NGC737,NGC 737,Unclassified object,Triangulum,,01:56:40.80,+33:02:56.1,,,General,,,,0,0,Work in progress
ngc-NGC738,NGC 738,Galaxy,Triangulum,15.94,01:56:45.69,+33:03:30.0,0.35′ × 0.31′,0.00583333,General,,,,0,0,Work in progress
ngc-NGC739,NGC 739,Galaxy,Triangulum,14.74,01:56:54.69,+33:16:00.1,0.81′ × 0.52′,0.0135,General,,,,0,0,Work in progress
ngc-NGC740,NGC 740,Galaxy,Triangulum,14.81,01:56:54.87,+33:00:54.6,1.57′ × 0.34′,0.02616667,General,,,,0,0,Work in progress
ngc-NGC741,NGC 741,Galaxy,Pisces,11.26,01:56:21.03,+05:37:44.2,2.83′ × 2.33′,0.04716667,General,,,,0,0,Work in progress
ngc-NGC742,NGC 742,Galaxy,Pisces,15.03,01:56:24.17,+05:37:36.1,0.19′ × 0.19′,0.00316667,General,,,,0,0,Work in progress
ngc-NGC743,NGC 743,Open cluster,Cassiopeia,,01:58:31.29,+60:09:58.7,5.4′,0.09,WideField,,,,0,0,Work in progress
ngc-NGC744,NGC 744,Open cluster,Perseus,7.9,01:58:29.92,+55:28:28.6,11.7′,0.195,WideField,,,,0,0,Work in progress
ngc-NGC745,NGC 745,Galaxy group,Eridanus,,01:54:08.66,-56:41:26.7,1.8′,0.03,General,,,,0,0,Work in progress
ngc-NGC746,NGC 746,Galaxy,Andromeda,13.7,01:57:51.01,+44:55:06.9,1.82′ × 1.29′,0.03033333,General,,,,0,0,Work in progress
ngc-NGC747,NGC 747,Galaxy,Cetus,14.5,01:57:30.45,-09:27:44.5,1.15′ × 0.59′,0.01916667,General,,,,0,0,Work in progress
ngc-NGC748,NGC 748,Galaxy,Cetus,12.64,01:56:21.80,-04:28:03.5,2.56′ × 1.02′,0.04266667,General,,,,0,0,Work in progress
ngc-NGC749,NGC 749,Galaxy,Fornax,13.53,01:55:41.12,-29:55:20.4,2.07′ × 1.27′,0.0345,General,,,,0,0,Work in progress
ngc-NGC750,NGC 750,Galaxy,Triangulum,13.11,01:57:32.73,+33:12:33.4,1.48′ × 1.41′,0.02466667,General,,,,0,0,Work in progress
ngc-NGC751,NGC 751,Galaxy,Triangulum,13.39,01:57:32.99,+33:12:11.1,1.64′ × 1.3′,0.02733333,General,,,,0,0,Work in progress
ngc-NGC753,NGC 753,Galaxy,Andromeda,12.41,01:57:42.20,+35:54:58.0,1.38′ × 0.87′,0.023,General,,,,0,0,Work in progress
ngc-NGC754,NGC 754,Galaxy,Eridanus,15.25,01:54:20.84,-56:45:39.8,0.61′ × 0.57′,0.01016667,General,,,,0,0,Work in progress
ngc-NGC755,NGC 755,Galaxy,Cetus,12.59,01:56:22.68,-09:03:41.1,2.87′ × 0.9′,0.04783333,General,,,,0,0,Work in progress
ngc-NGC756,NGC 756,Galaxy pair,Cetus,15,01:54:29.05,-16:42:25.8,0.67′ × 0.48′,0.01116667,General,,,,0,0,Work in progress
ngc-NGC758,NGC 758,Galaxy,Cetus,15.42,01:55:42.14,-03:03:59.3,0.77′ × 0.61′,0.01283333,General,,,,0,0,Work in progress
ngc-NGC759,NGC 759,Galaxy,Andromeda,12.73,01:57:50.33,+36:20:35.2,1.12′ × 1.06′,0.01866667,General,,,,0,0,Work in progress
ngc-NGC760,NGC 760,Optical double,Triangulum,14.5,01:57:47.40,+33:21:19.4,,,HighMagnification,,,,0,0,Work in progress
ngc-NGC761,NGC 761,Galaxy,Triangulum,14.42,01:57:49.59,+33:22:37.7,1.48′ × 0.51′,0.02466667,General,,,,0,0,Work in progress
ngc-NGC762,NGC 762,Galaxy,Cetus,14,01:56:57.79,-05:24:10.3,1.24′ × 1.09′,0.02066667,General,,,,0,0,Work in progress
ngc-NGC764,NGC 764,Optical double,Cetus,,01:57:03.27,-16:03:45.0,,,HighMagnification,,,,0,0,Work in progress
ngc-NGC765,NGC 765,Galaxy,Aries,12.47,01:58:48.00,+24:53:32.9,2.62′ × 2.62′,0.04366667,General,,,,0,0,Work in progress
ngc-NGC766,NGC 766,Galaxy,Pisces,14.3,01:58:41.95,+08:20:47.9,1.81′ × 1.11′,0.03016667,General,,,,0,0,Work in progress
ngc-NGC767,NGC 767,Galaxy,Cetus,15.37,01:58:50.80,-09:35:13.7,1.27′ × 0.35′,0.02116667,General,,,,0,0,Work in progress
ngc-NGC768,NGC 768,Galaxy,Cetus,14.2,01:58:40.93,+00:31:45.2,1.56′ × 0.59′,0.026,General,,,,0,0,Work in progress
ngc-NGC769,NGC 769,Galaxy,Triangulum,13.36,01:59:35.90,+30:54:35.7,0.85′ × 0.49′,0.01416667,General,,,,0,0,Work in progress
ngc-NGC770,NGC 770,Galaxy,Aries,13.49,01:59:13.64,+18:57:16.8,0.91′ × 0.62′,0.01516667,General,,,,0,0,Work in progress
ngc-NGC771,NGC 771,Star,Cassiopeia,3.95,02:03:26.59,+72:25:15.2,,,HighMagnification,,,,0,0,Work in progress
ngc-NGC772,NGC 772,Galaxy,Aries,10.3,01:59:19.58,+19:00:27.1,4.57′ × 2.52′,0.07616667,General,,,,0,0,Work in progress
ngc-NGC773,NGC 773,Galaxy,Cetus,13.91,01:58:52.00,-11:30:52.7,1.38′ × 0.72′,0.023,General,,,,0,0,Work in progress
ngc-NGC774,NGC 774,Galaxy,Aries,14.28,01:59:34.73,+14:00:29.5,1.28′ × 1.06′,0.02133333,General,,,,0,0,Work in progress
ngc-NGC775,NGC 775,Galaxy,Fornax,13.38,01:58:32.67,-26:17:37.4,1.69′ × 1.28′,0.02816667,General,,,,0,0,Work in progress
ngc-NGC776,NGC 776,Galaxy,Aries,13.44,01:59:54.49,+23:38:39.8,1.35′ × 1.29′,0.0225,General,,,,0,0,Work in progress
ngc-NGC777,NGC 777,Galaxy,Triangulum,11.46,02:00:14.90,+31:25:46.5,2.75′ × 2.06′,0.04583333,General,,,,0,0,Work in progress
ngc-NGC778,NGC 778,Galaxy,Triangulum,14.14,02:00:19.44,+31:18:46.9,1.05′ × 0.46′,0.0175,General,,,,0,0,Work in progress
ngc-NGC779,NGC 779,Galaxy,Cetus,11.21,01:59:42.28,-05:57:47.5,1.35′ × 0.58′,0.0225,General,,,,0,0,Work in progress
ngc-NGC780,NGC 780,Galaxy,Triangulum,14.58,02:00:35.18,+28:13:30.5,1.65′ × 0.81′,0.0275,General,,,,0,0,Work in progress
ngc-NGC781,NGC 781,Galaxy,Aries,13.91,02:00:08.96,+12:39:22.0,1.47′ × 0.41′,0.0245,General,,,,0,0,Work in progress
ngc-NGC782,NGC 782,Galaxy,Eridanus,12.07,01:57:40.38,-57:47:24.6,2.45′ × 2.03′,0.04083333,General,,,,0,0,Work in progress
ngc-NGC783,NGC 783,Galaxy,Triangulum,12.72,02:01:06.61,+31:52:56.9,1.38′ × 0.75′,0.023,General,,,,0,0,Work in progress
ngc-NGC784,NGC 784,Galaxy,Triangulum,11.73,02:01:16.93,+28:50:14.1,4.17′ × 1.07′,0.0695,General,,,,0,0,Work in progress
ngc-NGC785,NGC 785,Galaxy,Triangulum,13.85,02:01:40.00,+31:49:35.4,1.6′ × 0.9′,0.02666667,General,,,,0,0,Work in progress
ngc-NGC786,NGC 786,Galaxy,Aries,14.27,02:01:24.72,+15:38:47.5,0.79′ × 0.64′,0.01316667,General,,,,0,0,Work in progress
ngc-NGC787,NGC 787,Galaxy,Cetus,13.63,02:00:48.62,-09:00:09.3,1.87′ × 1.3′,0.03116667,General,,,,0,0,Work in progress
ngc-NGC788,NGC 788,Galaxy,Cetus,12.33,02:01:06.45,-06:48:55.9,1.74′ × 1.42′,0.029,General,,,,0,0,Work in progress
ngc-NGC789,NGC 789,Galaxy,Triangulum,13.98,02:02:26.01,+32:04:20.1,0.69′ × 0.48′,0.0115,General,,,,0,0,Work in progress
ngc-NGC790,NGC 790,Galaxy,Cetus,13.96,02:01:21.60,-05:22:15.5,1.38′ × 1.21′,0.023,General,,,,0,0,Work in progress
ngc-NGC791,NGC 791,Galaxy,Pisces,14.72,02:01:44.22,+08:29:59.8,1.49′ × 1.49′,0.02483333,General,,,,0,0,Work in progress
ngc-NGC792,NGC 792,Galaxy,Aries,14.53,02:02:15.33,+15:42:43.9,1.27′ × 0.67′,0.02116667,General,,,,0,0,Work in progress
ngc-NGC793,NGC 793,Optical double,Triangulum,,02:02:54.54,+31:58:50.6,,,HighMagnification,,,,0,0,Work in progress
ngc-NGC794,NGC 794,Galaxy,Aries,12.73,02:02:29.33,+18:22:22.8,1.22′ × 0.96′,0.02033333,General,,,,0,0,Work in progress
ngc-NGC795,NGC 795,Galaxy,Eridanus,14.3,01:59:49.36,-55:49:27.0,1.28′ × 0.77′,0.02133333,General,,,,0,0,Work in progress
ngc-NGC796,NGC 796,Open cluster,Hydrus,,01:56:43.75,-74:13:12.0,1.2′ × 1.1′,0.02,WideField,,,,0,0,Work in progress
ngc-NGC797,NGC 797,Galaxy pair,Andromeda,,02:03:26.30,+38:06:52.0,1.8′,0.03,General,,,,0,0,Work in progress
ngc-NGC798,NGC 798,Galaxy,Triangulum,14.63,02:03:19.60,+32:04:39.1,1.19′ × 0.44′,0.01983333,General,,,,0,0,Work in progress
ngc-NGC799,NGC 799,Galaxy,Cetus,14.14,02:02:12.34,-00:06:02.3,1.71′ × 1.44′,0.0285,General,,,,0,0,Work in progress
ngc-NGC800,NGC 800,Galaxy,Cetus,14.4,02:02:11.85,-00:07:49.6,1.08′ × 0.79′,0.018,General,,,,0,0,Work in progress
ngc-NGC801,NGC 801,Galaxy,Andromeda,13.07,02:03:44.83,+38:15:31.4,2.76′ × 0.59′,0.046,General,,,,0,0,Work in progress
ngc-NGC802,NGC 802,Galaxy,Hydrus,13.68,01:59:06.00,-67:52:12.5,0.9′ × 0.59′,0.015,General,,,,0,0,Work in progress
ngc-NGC803,NGC 803,Galaxy,Aries,12.41,02:03:44.70,+16:01:51.5,2.67′ × 0.92′,0.0445,General,,,,0,0,Work in progress
ngc-NGC804,NGC 804,Galaxy,Triangulum,14.63,02:04:02.11,+30:49:58.3,1.27′ × 0.33′,0.02116667,General,,,,0,0,Work in progress
ngc-NGC805,NGC 805,Galaxy,Triangulum,14.83,02:04:29.57,+28:48:44.4,1.05′ × 0.68′,0.0175,General,,,,0,0,Work in progress
ngc-NGC806,NGC 806,Galaxy,Cetus,14.61,02:03:31.15,-09:56:00.1,1.35′ × 0.38′,0.0225,General,,,,0,0,Work in progress
ngc-NGC807,NGC 807,Galaxy,Triangulum,13.75,02:04:55.66,+28:59:14.8,1.71′ × 1.08′,0.0285,General,,,,0,0,Work in progress
ngc-NGC808,NGC 808,Galaxy,Cetus,13.52,02:03:56.60,-23:18:41.8,1.31′ × 0.62′,0.02183333,General,,,,0,0,Work in progress
ngc-NGC809,NGC 809,Galaxy,Cetus,14.59,02:04:18.97,-08:44:07.1,1.11′ × 0.86′,0.0185,General,,,,0,0,Work in progress
ngc-NGC810,NGC 810,Galaxy pair,Aries,,02:05:28.90,+13:15:05.0,1.4′,0.02333333,General,,,,0,0,Work in progress
ngc-NGC811,NGC 811,Galaxy,Cetus,15.6,02:04:34.84,-10:06:30.5,0.99′ × 0.46′,0.0165,General,,,,0,0,Work in progress
ngc-NGC812,NGC 812,Galaxy,Andromeda,12.67,02:06:51.50,+44:34:22.5,2.74′ × 0.97′,0.04566667,General,,,,0,0,Work in progress
ngc-NGC813,NGC 813,Galaxy,Hydrus,13.85,02:01:36.07,-68:26:21.1,1.42′ × 0.95′,0.02366667,General,,,,0,0,Work in progress
ngc-NGC814,NGC 814,Galaxy,Cetus,14.83,02:10:37.63,-15:46:24.9,1.32′ × 0.59′,0.022,General,,,,0,0,Work in progress
ngc-NGC815,NGC 815,Galaxy pair,Cetus,,02:10:39.40,-15:48:46.0,0.4′,0.00666667,General,,,,0,0,Work in progress
ngc-NGC816,NGC 816,Galaxy,Triangulum,15.24,02:08:08.85,+29:15:21.0,0.66′ × 0.52′,0.011,General,,,,0,0,Work in progress
ngc-NGC817,NGC 817,Galaxy,Aries,13.86,02:07:33.71,+17:12:09.5,0.89′ × 0.4′,0.01483333,General,,,,0,0,Work in progress
ngc-NGC818,NGC 818,Galaxy,Andromeda,12.51,02:08:44.52,+38:46:37.9,2.2′ × 0.76′,0.03666667,General,,,,0,0,Work in progress
ngc-NGC819,NGC 819,Galaxy,Triangulum,14.09,02:08:34.37,+29:14:02.5,0.6′ × 0.45′,0.01,General,,,,0,0,Work in progress
ngc-NGC820,NGC 820,Galaxy,Aries,13.7,02:08:24.98,+14:20:58.4,1.34′ × 0.79′,0.02233333,General,,,,0,0,Work in progress
ngc-NGC821,NGC 821,Galaxy,Aries,10.77,02:08:21.14,+10:59:41.7,2.45′ × 2.1′,0.04083333,General,,,,0,0,Work in progress
ngc-NGC822,NGC 822,Galaxy,Phoenix,13.17,02:06:39.14,-41:09:24.3,1.4′ × 0.87′,0.02333333,General,,,,0,0,Work in progress
ngc-NGC823,NGC 823,Galaxy,Fornax,13.72,02:07:20.05,-25:26:30.8,1.54′ × 1.1′,0.02566667,General,,,,0,0,Work in progress
ngc-NGC824,NGC 824,Galaxy,Fornax,14.1,02:06:53.26,-36:27:11.4,1.49′ × 0.38′,0.02483333,General,,,,0,0,Work in progress
ngc-NGC825,NGC 825,Galaxy,Cetus,14.39,02:08:32.36,+06:19:25.4,2.06′ × 0.66′,0.03433333,General,,,,0,0,Work in progress
ngc-NGC826,NGC 826,Galaxy,Triangulum,15.31,02:09:25.05,+30:44:22.9,1′ × 0.78′,0.01666667,General,,,,0,0,Work in progress
ngc-NGC827,NGC 827,Galaxy,Cetus,13.89,02:08:56.26,+07:58:17.3,2.2′ × 1.14′,0.03666667,General,,,,0,0,Work in progress
ngc-NGC828,NGC 828,Galaxy,Andromeda,12.24,02:10:09.57,+39:11:25.3,2.85′ × 2.13′,0.0475,General,,,,0,0,Work in progress
ngc-NGC829,NGC 829,Galaxy,Cetus,14.21,02:08:42.38,-07:47:25.9,1.18′ × 0.77′,0.01966667,General,,,,0,0,Work in progress
ngc-NGC830,NGC 830,Galaxy,Cetus,14.35,02:08:58.68,-07:46:00.5,1.4′ × 0.82′,0.02333333,General,,,,0,0,Work in progress
ngc-NGC831,NGC 831,Galaxy,Cetus,15.22,02:09:34.60,+06:05:46.8,0.44′ × 0.34′,0.00733333,General,,,,0,0,Work in progress
ngc-NGC832,NGC 832,Optical double,Triangulum,,02:11:00.83,+35:32:28.5,,,HighMagnification,,,,0,0,Work in progress
ngc-NGC833,NGC 833,Galaxy,Cetus,12.9,02:09:20.84,-10:07:59.1,1.63′ × 0.67′,0.02716667,General,,,,0,0,Work in progress
ngc-NGC834,NGC 834,Galaxy,Andromeda,13.05,02:11:01.29,+37:39:58.6,1.05′ × 0.5′,0.0175,General,,,,0,0,Work in progress
ngc-NGC835,NGC 835,Galaxy,Cetus,12.41,02:09:24.60,-10:08:09.3,0.87′ × 0.73′,0.0145,General,,,,0,0,Work in progress
ngc-NGC836,NGC 836,Galaxy,Cetus,14.47,02:10:24.88,-22:03:17.5,1.11′ × 0.84′,0.0185,General,,,,0,0,Work in progress
ngc-NGC837,NGC 837,Galaxy,Cetus,14.85,02:10:16.25,-22:25:53.4,0.99′ × 0.39′,0.0165,General,,,,0,0,Work in progress
ngc-NGC838,NGC 838,Galaxy,Cetus,12.91,02:09:38.53,-10:08:48.1,1.34′ × 0.97′,0.02233333,General,,,,0,0,Work in progress
ngc-NGC839,NGC 839,Galaxy,Cetus,13.17,02:09:42.93,-10:11:02.7,1.49′ × 0.64′,0.02483333,General,,,,0,0,Work in progress
ngc-NGC840,NGC 840,Galaxy,Cetus,13.42,02:10:16.21,+07:50:43.1,1.74′ × 0.78′,0.029,General,,,,0,0,Work in progress
ngc-NGC841,NGC 841,Galaxy,Andromeda,13.12,02:11:17.36,+37:29:49.8,1.74′ × 0.87′,0.029,General,,,,0,0,Work in progress
ngc-NGC842,NGC 842,Galaxy,Cetus,12.69,02:09:50.79,-07:45:44.9,1.74′ × 0.85′,0.029,General,,,,0,0,Work in progress
ngc-NGC843,NGC 843,Unclassified object,Triangulum,,02:11:08.11,+32:05:50.7,,,General,,,,0,0,Work in progress
ngc-NGC844,NGC 844,Galaxy,Cetus,14.8,02:10:14.25,+06:02:59.3,0.49′ × 0.38′,0.00816667,General,,,,0,0,Work in progress
ngc-NGC845,NGC 845,Galaxy,Andromeda,13.49,02:12:19.79,+37:28:38.4,1.63′ × 0.33′,0.02716667,General,,,,0,0,Work in progress
ngc-NGC846,NGC 846,Galaxy,Andromeda,13.1,02:12:12.32,+44:34:06.2,1.92′ × 1.68′,0.032,General,,,,0,0,Work in progress
ngc-NGC848,NGC 848,Galaxy,Cetus,13.1,02:10:17.64,-10:19:17.2,1.36′ × 1.05′,0.02266667,General,,,,0,0,Work in progress
ngc-NGC849,NGC 849,Galaxy,Cetus,15.42,02:10:11.19,-22:19:22.8,0.59′ × 0.44′,0.00983333,General,,,,0,0,Work in progress
ngc-NGC850,NGC 850,Galaxy,Cetus,14,02:11:13.61,-01:29:08.1,1.22′ × 1′,0.02033333,General,,,,0,0,Work in progress
ngc-NGC851,NGC 851,Galaxy,Cetus,14.64,02:11:12.09,+03:46:46.9,1.14′ × 0.66′,0.019,General,,,,0,0,Work in progress
ngc-NGC852,NGC 852,Galaxy,Eridanus,14.19,02:08:55.46,-56:44:13.4,1.36′ × 1′,0.02266667,General,,,,0,0,Work in progress
ngc-NGC853,NGC 853,Galaxy,Cetus,15.87,02:11:41.19,-09:18:21.6,1.8′ × 1.17′,0.03,General,,,,0,0,Work in progress
ngc-NGC854,NGC 854,Galaxy,Fornax,13.81,02:11:30.75,-35:50:06.4,2′ × 0.72′,0.03333333,General,,,,0,0,Work in progress
ngc-NGC855,NGC 855,Galaxy,Triangulum,12.56,02:14:03.49,+27:52:38.4,2.94′ × 1.08′,0.049,General,,,,0,0,Work in progress
ngc-NGC856,NGC 856,Galaxy,Cetus,16.54,02:13:38.36,-00:43:02.2,1.19′ × 0.94′,0.01983333,General,,,,0,0,Work in progress
ngc-NGC857,NGC 857,Galaxy,Fornax,13.48,02:12:36.97,-31:56:40.6,1.58′ × 1.34′,0.02633333,General,,,,0,0,Work in progress
ngc-NGC858,NGC 858,Galaxy,Cetus,13.75,02:12:30.17,-22:28:17.5,1.26′ × 1.01′,0.021,General,,,,0,0,Work in progress
ngc-NGC860,NGC 860,Galaxy,Triangulum,15.11,02:15:00.15,+30:46:43.7,0.63′ × 0.52′,0.0105,General,,,,0,0,Work in progress
ngc-NGC861,NGC 861,Galaxy,Triangulum,14.72,02:15:51.14,+35:54:48.9,1.48′ × 0.42′,0.02466667,General,,,,0,0,Work in progress
ngc-NGC862,NGC 862,Galaxy,Phoenix,12.89,02:13:03.00,-42:02:00.7,1.04′ × 0.97′,0.01733333,General,,,,0,0,Work in progress
ngc-NGC863,NGC 863,Galaxy,Cetus,13.71,02:14:33.56,-00:46:00.1,1.27′ × 1.15′,0.02116667,General,,,,0,0,Work in progress
ngc-NGC864,NGC 864,Galaxy,Cetus,11.07,02:15:27.64,+06:00:09.4,3.72′ × 2.57′,0.062,General,,,,0,0,Work in progress
ngc-NGC865,NGC 865,Galaxy,Triangulum,13.91,02:16:15.11,+28:35:59.0,1.62′ × 0.27′,0.027,General,,,,0,0,Work in progress
ngc-NGC867,NGC 867,Galaxy,Cetus,14.01,02:17:04.78,+01:14:39.1,1.24′ × 1.11′,0.02066667,General,,,,0,0,Work in progress
ngc-NGC868,NGC 868,Galaxy,Cetus,15.55,02:15:58.48,-00:42:49.1,0.79′ × 0.54′,0.01316667,General,,,,0,0,Work in progress
ngc-NGC870,NGC 870,Galaxy,Aries,16.38,02:17:09.22,+14:31:23.2,0.37′ × 0.34′,0.00616667,General,,,,0,0,Work in progress
ngc-NGC871,NGC 871,Galaxy,Aries,13.55,02:17:10.73,+14:32:52.2,1.01′ × 0.33′,0.01683333,General,,,,0,0,Work in progress
ngc-NGC872,NGC 872,Galaxy,Cetus,14.54,02:15:25.23,-17:46:51.8,1.77′ × 0.55′,0.0295,General,,,,0,0,Work in progress
ngc-NGC873,NGC 873,Galaxy,Cetus,12.71,02:16:32.36,-11:20:54.8,1.48′ × 1.07′,0.02466667,General,,,,0,0,Work in progress
ngc-NGC874,NGC 874,Galaxy,Cetus,15.11,02:16:01.15,-23:18:06.2,1.01′ × 0.48′,0.01683333,General,,,,0,0,Work in progress
ngc-NGC876,NGC 876,Galaxy,Aries,16.5,02:17:53.31,+14:31:16.6,1.32′ × 0.38′,0.022,General,,,,0,0,Work in progress
ngc-NGC877,NGC 877,Galaxy,Aries,11.86,02:17:59.64,+14:32:38.6,1.92′ × 1.47′,0.032,General,,,,0,0,Work in progress
ngc-NGC878,NGC 878,Galaxy,Cetus,14.71,02:17:54.26,-23:23:02.6,0.87′ × 0.53′,0.0145,General,,,,0,0,Work in progress
ngc-NGC879,NGC 879,Galaxy,Cetus,15.5,02:16:51.20,-08:57:50.5,0.77′ × 0.64′,0.01283333,General,,,,0,0,Work in progress
ngc-NGC880,NGC 880,Galaxy,Cetus,15.11,02:18:27.18,-04:12:20.7,0.58′ × 0.38′,0.00966667,General,,,,0,0,Work in progress
ngc-NGC881,NGC 881,Galaxy,Cetus,12.44,02:18:45.27,-06:38:20.7,2.28′ × 1.26′,0.038,General,,,,0,0,Work in progress
ngc-NGC882,NGC 882,Galaxy,Aries,14.87,02:19:39.91,+15:48:51.3,1.13′ × 0.48′,0.01883333,General,,,,0,0,Work in progress
ngc-NGC883,NGC 883,Galaxy,Cetus,13.5,02:19:05.18,-06:47:27.3,1.57′ × 1.4′,0.02616667,General,,,,0,0,Work in progress
ngc-NGC886,NGC 886,Open cluster,Cassiopeia,,02:23:11.77,+63:46:43.5,4.8′,0.08,WideField,,,,0,0,Work in progress
ngc-NGC887,NGC 887,Galaxy,Cetus,13.5,02:19:32.61,-16:04:11.0,1.66′ × 1.34′,0.02766667,General,,,,0,0,Work in progress
ngc-NGC888,NGC 888,Galaxy,Horologium,14.5,02:17:27.10,-59:51:39.8,1.16′ × 0.9′,0.01933333,General,,,,0,0,Work in progress
ngc-NGC889,NGC 889,Galaxy,Phoenix,14.62,02:19:06.93,-41:44:57.6,1.24′ × 0.89′,0.02066667,General,,,,0,0,Work in progress
ngc-NGC890,NGC 890,Galaxy,Triangulum,11.87,02:22:01.01,+33:15:57.8,1.1′ × 0.67′,0.01833333,General,,,,0,0,Work in progress
ngc-NGC892,NGC 892,Galaxy,Cetus,15.62,02:20:52.02,-23:06:49.1,0.72′ × 0.4′,0.012,General,,,,0,0,Work in progress
ngc-NGC893,NGC 893,Galaxy,Phoenix,13.58,02:19:58.58,-41:24:11.3,1.34′ × 0.83′,0.02233333,General,,,,0,0,Work in progress
ngc-NGC894,NGC 894,Unclassified object,Cetus,,02:21:34.57,-05:30:36.8,,,General,,,,0,0,Work in progress
ngc-NGC895,NGC 895,Galaxy,Cetus,11.77,02:21:36.47,-05:31:17.0,3.32′ × 2.22′,0.05533333,General,,,,0,0,Work in progress
ngc-NGC896,NGC 896,Nebula,Cassiopeia,,02:25:27.82,+62:01:09.7,10′ × 10′,0.16666667,General,,,,0,0,Work in progress
ngc-NGC897,NGC 897,Galaxy,Fornax,11.85,02:21:06.37,-33:43:14.4,2.01′ × 1.43′,0.0335,General,,,,0,0,Work in progress
ngc-NGC898,NGC 898,Galaxy,Andromeda,13.71,02:23:20.37,+41:57:05.1,1.75′ × 0.47′,0.02916667,General,,,,0,0,Work in progress
ngc-NGC899,NGC 899,Galaxy,Cetus,13.1,02:21:53.14,-20:49:23.7,1.63′ × 1.21′,0.02716667,General,,,,0,0,Work in progress
ngc-NGC900,NGC 900,Galaxy,Aries,14.98,02:23:32.18,+26:30:41.5,0.92′ × 0.62′,0.01533333,General,,,,0,0,Work in progress
ngc-NGC901,NGC 901,Galaxy,Aries,15.66,02:23:34.09,+26:33:25.4,0.78′ × 0.55′,0.013,General,,,,0,0,Work in progress
ngc-NGC902,NGC 902,Galaxy,Cetus,14.82,02:22:21.76,-16:40:44.6,0.74′ × 0.55′,0.01233333,General,,,,0,0,Work in progress
ngc-NGC903,NGC 903,Galaxy,Aries,16.71,02:24:00.88,+27:21:22.6,0.74′ × 0.4′,0.01233333,General,,,,0,0,Work in progress
ngc-NGC904,NGC 904,Galaxy,Aries,14.98,02:24:05.57,+27:20:32.6,1.45′ × 0.85′,0.02416667,General,,,,0,0,Work in progress
ngc-NGC905,NGC 905,Galaxy,Cetus,15.7,02:22:43.57,-08:43:08.5,0.61′ × 0.3′,0.01016667,General,,,,0,0,Work in progress
ngc-NGC906,NGC 906,Galaxy,Andromeda,12.9,02:25:16.26,+42:05:23.6,1.46′ × 1.01′,0.02433333,General,,,,0,0,Work in progress
ngc-NGC907,NGC 907,Galaxy,Cetus,12.6,02:23:01.91,-20:42:43.4,2.21′ × 0.75′,0.03683333,General,,,,0,0,Work in progress
ngc-NGC908,NGC 908,Galaxy,Cetus,10.31,02:23:04.57,-21:14:01.9,6.14′ × 2.82′,0.10233333,General,,,,0,0,Work in progress
ngc-NGC909,NGC 909,Galaxy,Andromeda,14.51,02:25:22.79,+42:02:08.4,1.02′ × 1.02′,0.017,General,,,,0,0,Work in progress
ngc-NGC910,NGC 910,Galaxy,Andromeda,12.25,02:25:26.78,+41:49:27.4,1.79′ × 1.51′,0.02983333,General,,,,0,0,Work in progress
ngc-NGC911,NGC 911,Galaxy,Andromeda,13.95,02:25:42.40,+41:57:22.6,1.69′ × 0.84′,0.02816667,General,,,,0,0,Work in progress
ngc-NGC912,NGC 912,Galaxy,Andromeda,14.91,02:25:42.73,+41:46:38.8,0.79′ × 0.6′,0.01316667,General,,,,0,0,Work in progress
ngc-NGC913,NGC 913,Galaxy,Andromeda,15,02:25:44.64,+41:47:57.9,0.61′ × 0.33′,0.01016667,General,,,,0,0,Work in progress
ngc-NGC914,NGC 914,Galaxy,Andromeda,13.81,02:26:05.18,+42:08:38.7,1.56′ × 1.04′,0.026,General,,,,0,0,Work in progress
ngc-NGC915,NGC 915,Galaxy,Aries,15.2,02:25:45.58,+27:13:15.6,0.76′ × 0.76′,0.01266667,General,,,,0,0,Work in progress
ngc-NGC916,NGC 916,Galaxy,Aries,15.13,02:25:47.64,+27:14:33.1,1.18′ × 0.53′,0.01966667,General,,,,0,0,Work in progress
ngc-NGC917,NGC 917,Galaxy,Triangulum,14.4,02:26:07.69,+31:54:44.4,1.77′ × 0.99′,0.0295,General,,,,0,0,Work in progress
ngc-NGC918,NGC 918,Galaxy,Aries,13.21,02:25:50.84,+18:29:46.5,3.09′ × 1.73′,0.0515,General,,,,0,0,Work in progress
ngc-NGC919,NGC 919,Galaxy,Aries,15.43,02:26:16.67,+27:12:43.6,1.31′ × 0.32′,0.02183333,General,,,,0,0,Work in progress
ngc-NGC920,NGC 920,Galaxy,Andromeda,15.54,02:27:51.78,+45:56:49.4,1.17′ × 0.85′,0.0195,General,,,,0,0,Work in progress
ngc-NGC921,NGC 921,Galaxy,Cetus,15.41,02:26:33.42,-15:50:51.1,1.25′ × 0.53′,0.02083333,General,,,,0,0,Work in progress
ngc-NGC922,NGC 922,Galaxy,Fornax,12,02:25:04.42,-24:47:17.4,2.1′ × 1.77′,0.035,General,,,,0,0,Work in progress
ngc-NGC923,NGC 923,Galaxy,Andromeda,14.37,02:27:34.64,+41:58:39.4,0.78′ × 0.55′,0.013,General,,,,0,0,Work in progress
ngc-NGC924,NGC 924,Galaxy,Aries,13.74,02:26:46.83,+20:29:51.0,2.03′ × 1.18′,0.03383333,General,,,,0,0,Work in progress
ngc-NGC925,NGC 925,Galaxy,Triangulum,10.12,02:27:16.88,+33:34:45.0,10.72′ × 5.75′,0.17866667,General,,,,0,0,Work in progress
ngc-NGC926,NGC 926,Galaxy,Cetus,13.25,02:26:06.71,-00:19:55.0,1.75′ × 0.78′,0.02916667,General,,,,0,0,Work in progress
ngc-NGC927,NGC 927,Galaxy,Aries,14.44,02:26:37.31,+12:09:19.2,1.18′ × 1.02′,0.01966667,General,,,,0,0,Work in progress
ngc-NGC928,NGC 928,Galaxy,Aries,14.63,02:27:41.02,+27:13:16.3,0.9′ × 0.54′,0.015,General,,,,0,0,Work in progress
ngc-NGC929,NGC 929,Galaxy,Cetus,15.02,02:27:18.22,-12:05:12.9,0.88′ × 0.4′,0.01466667,General,,,,0,0,Work in progress
ngc-NGC930,NGC 930,Unclassified object,Aries,,02:27:51.44,+20:20:30.4,,,General,,,,0,0,Work in progress
ngc-NGC931,NGC 931,Galaxy,Triangulum,14.5,02:28:14.48,+31:18:42.0,2.45′ × 0.69′,0.04083333,General,,,,0,0,Work in progress
ngc-NGC932,NGC 932,Galaxy,Aries,13.88,02:27:54.69,+20:19:56.9,2′ × 1.85′,0.03333333,General,,,,0,0,Work in progress
ngc-NGC933,NGC 933,Galaxy,Andromeda,15.3,02:29:17.49,+45:54:40.7,1.84′ × 0.96′,0.03066667,General,,,,0,0,Work in progress
ngc-NGC934,NGC 934,Galaxy,Cetus,13.43,02:27:32.93,-00:14:40.4,1.14′ × 0.8′,0.019,General,,,,0,0,Work in progress
ngc-NGC935,NGC 935,Galaxy,Aries,12.82,02:28:11.15,+19:35:56.8,1.58′ × 0.98′,0.02633333,General,,,,0,0,Work in progress
ngc-NGC936,NGC 936,Galaxy,Cetus,10.23,02:27:37.46,-01:09:22.6,4.44′ × 3.18′,0.074,General,,,,0,0,Work in progress
ngc-NGC937,NGC 937,Galaxy,Andromeda,14.96,02:29:28.08,+42:14:59.9,0.89′ × 0.35′,0.01483333,General,,,,0,0,Work in progress
ngc-NGC938,NGC 938,Galaxy,Aries,13.75,02:28:33.51,+20:17:01.3,1.55′ × 1.14′,0.02583333,General,,,,0,0,Work in progress
ngc-NGC939,NGC 939,Galaxy,Eridanus,14.05,02:26:21.32,-44:26:46.2,1.66′ × 1.16′,0.02766667,General,,,,0,0,Work in progress
ngc-NGC940,NGC 940,Galaxy,Triangulum,13.35,02:29:27.50,+31:38:27.3,1.64′ × 1.15′,0.02733333,General,,,,0,0,Work in progress
ngc-NGC941,NGC 941,Galaxy,Cetus,12.49,02:28:27.85,-01:09:05.5,1.87′ × 1.33′,0.03116667,General,,,,0,0,Work in progress
ngc-NGC942,NGC 942,Galaxy,Cetus,14.48,02:29:10.25,-10:50:10.1,1.78′ × 0.87′,0.02966667,General,,,,0,0,Work in progress
ngc-NGC943,NGC 943,Galaxy,Cetus,14.35,02:29:09.68,-10:49:41.0,1.55′ × 0.95′,0.02583333,General,,,,0,0,Work in progress
ngc-NGC944,NGC 944,Galaxy,Cetus,15,02:26:41.53,-14:30:56.3,1.01′ × 0.37′,0.01683333,General,,,,0,0,Work in progress
ngc-NGC945,NGC 945,Galaxy,Cetus,12.12,02:28:37.28,-10:32:20.3,2.06′ × 1.82′,0.03433333,General,,,,0,0,Work in progress
ngc-NGC946,NGC 946,Galaxy,Andromeda,14.5,02:30:38.43,+42:13:57.4,1.42′ × 0.84′,0.02366667,General,,,,0,0,Work in progress
ngc-NGC947,NGC 947,Galaxy,Cetus,12.62,02:28:33.12,-19:02:31.6,2.14′ × 1.15′,0.03566667,General,,,,0,0,Work in progress
ngc-NGC948,NGC 948,Galaxy,Cetus,14.06,02:28:45.47,-10:30:50.0,1.17′ × 0.96′,0.0195,General,,,,0,0,Work in progress
ngc-NGC949,NGC 949,Galaxy,Triangulum,11.89,02:30:48.65,+37:08:12.4,3.1′ × 1.35′,0.05166667,General,,,,0,0,Work in progress
ngc-NGC950,NGC 950,Galaxy,Cetus,14.48,02:29:11.77,-11:01:28.9,1.18′ × 0.63′,0.01966667,General,,,,0,0,Work in progress
ngc-NGC951,NGC 951,Galaxy,Cetus,15.49,02:28:56.88,-22:20:58.0,1.08′ × 0.54′,0.018,General,,,,0,0,Work in progress
ngc-NGC953,NGC 953,Galaxy,Triangulum,14.46,02:31:09.78,+29:35:19.5,1.47′ × 1.19′,0.0245,General,,,,0,0,Work in progress
ngc-NGC954,NGC 954,Galaxy,Eridanus,12.91,02:28:51.63,-41:24:09.6,1.79′ × 0.94′,0.02983333,General,,,,0,0,Work in progress
ngc-NGC955,NGC 955,Galaxy,Cetus,11.96,02:30:33.15,-01:06:30.3,2.72′ × 0.88′,0.04533333,General,,,,0,0,Work in progress
ngc-NGC956,NGC 956,Open cluster,Andromeda,8.9,02:32:30.90,+44:35:36.5,4.5′,0.075,WideField,,,,0,0,Work in progress
ngc-NGC957,NGC 957,Open cluster,Perseus,7.6,02:33:19.03,+57:34:10.9,10.2′,0.17,WideField,,,,0,0,Work in progress
ngc-NGC958,NGC 958,Galaxy,Cetus,12.18,02:30:42.83,-02:56:20.4,2.51′ × 0.72′,0.04183333,General,,,,0,0,Work in progress
ngc-NGC959,NGC 959,Galaxy,Triangulum,12.48,02:32:23.94,+35:29:40.7,1.87′ × 1.11′,0.03116667,General,,,,0,0,Work in progress
ngc-NGC960,NGC 960,Galaxy,Cetus,14.78,02:31:41.36,-09:18:01.6,1.23′ × 0.32′,0.0205,General,,,,0,0,Work in progress
ngc-NGC961,NGC 961,Galaxy,Cetus,13.25,02:41:02.49,-06:56:09.3,1.81′ × 1.04′,0.03016667,General,,,,0,0,Work in progress
ngc-NGC962,NGC 962,Galaxy,Aries,14.15,02:32:39.83,+28:04:11.8,1.46′ × 1.03′,0.02433333,General,,,,0,0,Work in progress
ngc-NGC963,NGC 963,Galaxy,Cetus,14.31,02:30:31.28,-04:12:55.5,0.8′ × 0.79′,0.01333333,General,,,,0,0,Work in progress
ngc-NGC964,NGC 964,Galaxy,Fornax,13.53,02:31:05.79,-36:02:04.8,2.18′ × 0.5′,0.03633333,General,,,,0,0,Work in progress
ngc-NGC965,NGC 965,Galaxy,Cetus,14.85,02:32:25.10,-18:38:23.0,0.94′ × 0.77′,0.01566667,General,,,,0,0,Work in progress
ngc-NGC966,NGC 966,Galaxy,Cetus,12.99,02:31:47.16,-19:52:54.1,1.13′ × 0.95′,0.01883333,General,,,,0,0,Work in progress
ngc-NGC967,NGC 967,Galaxy,Cetus,13.8,02:32:12.71,-17:13:00.7,1.48′ × 1.06′,0.02466667,General,,,,0,0,Work in progress
ngc-NGC968,NGC 968,Galaxy,Triangulum,13.74,02:34:06.21,+34:28:47.6,1.2′ × 0.45′,0.02,General,,,,0,0,Work in progress
ngc-NGC969,NGC 969,Galaxy,Triangulum,12.41,02:34:08.20,+32:56:49.0,1.69′ × 1.16′,0.02816667,General,,,,0,0,Work in progress
ngc-NGC970,NGC 970,Galaxy pair,Triangulum,,02:34:11.30,+32:58:34.0,1′,0.01666667,General,,,,0,0,Work in progress
ngc-NGC971,NGC 971,Star,Triangulum,,02:34:16.05,+32:59:13.6,,,HighMagnification,,,,0,0,Work in progress
ngc-NGC972,NGC 972,Galaxy,Aries,11.33,02:34:13.38,+29:18:40.6,3.31′ × 1.61′,0.05516667,General,,,,0,0,Work in progress
ngc-NGC973,NGC 973,Galaxy,Triangulum,13.56,02:34:20.11,+32:30:20.2,3.28′ × 0.43′,0.05466667,General,,,,0,0,Work in progress
ngc-NGC974,NGC 974,Galaxy,Triangulum,14.05,02:34:25.80,+32:57:16.2,3.2′ × 2.6′,0.05333333,General,,,,0,0,Work in progress
ngc-NGC975,NGC 975,Galaxy,Cetus,14.16,02:33:22.75,+09:36:06.1,0.84′ × 0.63′,0.014,General,,,,0,0,Work in progress
ngc-NGC976,NGC 976,Galaxy,Aries,12.41,02:34:00.02,+20:58:36.4,1.54′ × 1.44′,0.02566667,General,,,,0,0,Work in progress
ngc-NGC977,NGC 977,Galaxy,Cetus,14.16,02:33:03.43,-10:45:35.9,1.82′ × 1.17′,0.03033333,General,,,,0,0,Work in progress
ngc-NGC978,NGC 978,Galaxy pair,Triangulum,,02:34:47.60,+32:50:37.0,1.87′,0.03116667,General,,,,0,0,Work in progress
ngc-NGC979,NGC 979,Galaxy,Eridanus,13.83,02:31:38.79,-44:31:27.5,1.38′ × 1.12′,0.023,General,,,,0,0,Work in progress
ngc-NGC980,NGC 980,Galaxy,Andromeda,14.21,02:35:18.56,+40:55:35.4,1.64′ × 0.81′,0.02733333,General,,,,0,0,Work in progress
ngc-NGC981,NGC 981,Galaxy,Cetus,14.54,02:32:59.89,-10:58:26.2,1.08′ × 0.51′,0.018,General,,,,0,0,Work in progress
ngc-NGC982,NGC 982,Galaxy,Andromeda,13.11,02:35:24.87,+40:52:11.0,1.6′ × 0.63′,0.02666667,General,,,,0,0,Work in progress
ngc-NGC983,NGC 983,Galaxy,Triangulum,13.94,02:38:55.64,+34:37:20.2,1.16′ × 0.69′,0.01933333,General,,,,0,0,Work in progress
ngc-NGC984,NGC 984,Galaxy,Aries,13.57,02:34:43.10,+23:24:46.8,1.66′ × 1.1′,0.02766667,General,,,,0,0,Work in progress
ngc-NGC985,NGC 985,Galaxy,Cetus,14.09,02:34:37.77,-08:47:15.4,0.86′ × 0.66′,0.01433333,General,,,,0,0,Work in progress
ngc-NGC986,NGC 986,Galaxy,Fornax,10.91,02:33:34.35,-39:02:42.2,3.77′ × 3.03′,0.06283333,General,,,,0,0,Work in progress
ngc-NGC987,NGC 987,Galaxy,Triangulum,13.32,02:36:49.61,+33:19:38.1,1.52′ × 1.07′,0.02533333,General,,,,0,0,Work in progress
ngc-NGC988,NGC 988,Galaxy,Cetus,11.21,02:35:27.75,-09:21:22.3,4.33′ × 1.73′,0.07216667,General,,,,0,0,Work in progress
ngc-NGC989,NGC 989,Galaxy,Cetus,15.09,02:33:46.05,-16:30:40.2,0.92′ × 0.84′,0.01533333,General,,,,0,0,Work in progress
ngc-NGC990,NGC 990,Galaxy,Aries,12.46,02:36:18.21,+11:38:31.5,1.48′ × 1.12′,0.02466667,General,,,,0,0,Work in progress
ngc-NGC991,NGC 991,Galaxy,Cetus,12.96,02:35:32.68,-07:09:16.0,1.48′ × 1.31′,0.02466667,General,,,,0,0,Work in progress
ngc-NGC992,NGC 992,Galaxy,Aries,15.13,02:37:25.49,+21:06:03.0,0.79′ × 0.59′,0.01316667,General,,,,0,0,Work in progress
ngc-NGC993,NGC 993,Galaxy,Cetus,14.86,02:36:46.06,+02:03:01.5,0.86′ × 0.68′,0.01433333,General,,,,0,0,Work in progress
ngc-NGC995,NGC 995,Galaxy,Andromeda,14.83,02:38:32.04,+41:31:45.3,1.3′ × 0.76′,0.02166667,General,,,,0,0,Work in progress
ngc-NGC996,NGC 996,Galaxy,Andromeda,14.46,02:38:39.87,+41:38:51.1,1.3′ × 1.12′,0.02166667,General,,,,0,0,Work in progress
ngc-NGC997,NGC 997,Galaxy pair,Cetus,,02:37:14.50,+07:18:28.0,1′,0.01666667,General,,,,0,0,Work in progress
ngc-NGC998,NGC 998,Galaxy,Cetus,14.6,02:37:16.50,+07:20:08.9,0.63′ × 0.52′,0.0105,General,,,,0,0,Work in progress
ngc-NGC999,NGC 999,Galaxy,Andromeda,14.67,02:38:47.46,+41:40:13.8,0.78′ × 0.69′,0.013,General,,,,0,0,Work in progress
ngc-NGC1000,NGC 1000,Galaxy,Andromeda,15.45,02:38:49.74,+41:27:34.9,0.64′ × 0.39′,0.01066667,General,,,,0,0,Work in progress
ngc-NGC1001,NGC 1001,Galaxy,Perseus,14.66,02:39:12.65,+41:40:18.2,0.72′ × 0.27′,0.012,General,,,,0,0,Work in progress
ngc-NGC1003,NGC 1003,Galaxy,Perseus,11.51,02:39:16.89,+40:52:20.3,3.47′ × 0.83′,0.05783333,General,,,,0,0,Work in progress
ngc-NGC1004,NGC 1004,Galaxy,Cetus,12.69,02:37:41.78,+01:58:31.1,1.17′ × 1.05′,0.0195,General,,,,0,0,Work in progress
ngc-NGC1005,NGC 1005,Galaxy,Perseus,14.5,02:39:29.20,+41:29:20.3,0.66′ × 0.65′,0.011,General,,,,0,0,Work in progress
ngc-NGC1006,NGC 1006,Galaxy,Cetus,14.05,02:37:34.86,-11:01:30.0,0.86′ × 0.24′,0.01433333,General,,,,0,0,Work in progress
ngc-NGC1007,NGC 1007,Galaxy,Cetus,16.45,02:37:52.26,+02:09:21.7,0.61′ × 0.21′,0.01016667,General,,,,0,0,Work in progress
ngc-NGC1008,NGC 1008,Galaxy,Cetus,14.87,02:37:55.29,+02:04:46.7,0.86′ × 0.54′,0.01433333,General,,,,0,0,Work in progress
ngc-NGC1009,NGC 1009,Galaxy,Cetus,15.3,02:38:19.07,+02:18:36.1,1.39′ × 0.23′,0.02316667,General,,,,0,0,Work in progress
ngc-NGC1011,NGC 1011,Galaxy,Cetus,14.87,02:37:38.89,-11:00:20.0,0.68′ × 0.62′,0.01133333,General,,,,0,0,Work in progress
ngc-NGC1012,NGC 1012,Galaxy,Aries,12.99,02:39:14.91,+30:09:05.0,2.1′ × 1.05′,0.035,General,,,,0,0,Work in progress
ngc-NGC1013,NGC 1013,Galaxy,Cetus,15.02,02:37:50.47,-11:30:26.1,1.08′ × 0.68′,0.018,General,,,,0,0,Work in progress
ngc-NGC1014,NGC 1014,Optical double,Cetus,,02:38:00.85,-09:34:24.2,,,HighMagnification,,,,0,0,Work in progress
ngc-NGC1015,NGC 1015,Galaxy,Cetus,12.47,02:38:11.56,-01:19:07.3,1.98′ × 1.68′,0.033,General,,,,0,0,Work in progress
ngc-NGC1016,NGC 1016,Galaxy,Cetus,11.64,02:38:19.56,+02:07:09.3,2.26′ × 1.36′,0.03766667,General,,,,0,0,Work in progress
ngc-NGC1017,NGC 1017,Galaxy,Cetus,14.89,02:37:49.84,-11:00:37.0,0.68′ × 0.55′,0.01133333,General,,,,0,0,Work in progress
ngc-NGC1018,NGC 1018,Galaxy,Cetus,15.26,02:38:10.36,-09:32:38.1,1.07′ × 0.59′,0.01783333,General,,,,0,0,Work in progress
ngc-NGC1019,NGC 1019,Galaxy,Cetus,14.95,02:38:27.41,+01:54:27.8,1.08′ × 0.75′,0.018,General,,,,0,0,Work in progress
ngc-NGC1020,NGC 1020,Galaxy,Cetus,14.93,02:38:44.34,+02:13:52.6,0.92′ × 0.28′,0.01533333,General,,,,0,0,Work in progress
ngc-NGC1021,NGC 1021,Galaxy,Cetus,15.04,02:38:48.02,+02:13:02.7,0.79′ × 0.55′,0.01316667,General,,,,0,0,Work in progress
ngc-NGC1022,NGC 1022,Galaxy,Cetus,11.35,02:38:32.71,-06:40:38.7,2.6′ × 1.5′,0.04333333,General,,,,0,0,Work in progress
ngc-NGC1023,NGC 1023,Galaxy,Perseus,9.47,02:40:24.01,+39:03:47.8,7.4′ × 3.06′,0.12333333,General,,,,0,0,Work in progress
ngc-NGC1024,NGC 1024,Galaxy,Aries,12.3,02:39:11.96,+10:50:48.6,2.86′ × 1.06′,0.04766667,General,,,,0,0,Work in progress
ngc-NGC1025,NGC 1025,Galaxy,Horologium,13.36,02:36:19.93,-54:51:51.0,0.94′ × 0.55′,0.01566667,General,,,,0,0,Work in progress
ngc-NGC1026,NGC 1026,Galaxy,Cetus,14.06,02:39:19.22,+06:32:38.4,1.84′ × 1.68′,0.03066667,General,,,,0,0,Work in progress
ngc-NGC1027,NGC 1027,Open cluster,Cassiopeia,6.7,02:42:35.06,+61:35:39.7,7.8′,0.13,WideField,,,,0,0,Work in progress
ngc-NGC1028,NGC 1028,Galaxy,Aries,14.79,02:39:37.15,+10:50:37.2,0.87′ × 0.46′,0.0145,General,,,,0,0,Work in progress
ngc-NGC1029,NGC 1029,Galaxy,Aries,13.11,02:39:36.54,+10:47:36.0,1.56′ × 0.46′,0.026,General,,,,0,0,Work in progress
ngc-NGC1030,NGC 1030,Galaxy,Aries,14.42,02:39:50.60,+18:01:27.4,1.5′ × 0.64′,0.025,General,,,,0,0,Work in progress
ngc-NGC1031,NGC 1031,Galaxy,Horologium,12.52,02:36:38.76,-54:51:35.2,2.27′ × 1.08′,0.03783333,General,,,,0,0,Work in progress
ngc-NGC1032,NGC 1032,Galaxy,Cetus,11.67,02:39:23.64,+01:05:37.6,3.58′ × 0.86′,0.05966667,General,,,,0,0,Work in progress
ngc-NGC1033,NGC 1033,Galaxy,Cetus,14.69,02:40:16.12,-08:46:37.0,1.14′ × 0.91′,0.019,General,,,,0,0,Work in progress
ngc-NGC1034,NGC 1034,Galaxy,Cetus,14.57,02:38:14.02,-15:48:32.7,0.8′ × 0.73′,0.01333333,General,,,,0,0,Work in progress
ngc-NGC1035,NGC 1035,Galaxy,Cetus,12.89,02:39:29.09,-08:07:58.6,2.08′ × 0.68′,0.03466667,General,,,,0,0,Work in progress
ngc-NGC1036,NGC 1036,Galaxy,Aries,13.19,02:40:28.99,+19:17:49.6,1.4′ × 1.03′,0.02333333,General,,,,0,0,Work in progress
ngc-NGC1037,NGC 1037,Unclassified object,Cetus,,02:39:58.38,-01:44:02.6,,,General,,,,0,0,Work in progress
ngc-NGC1038,NGC 1038,Galaxy,Cetus,14.32,02:40:06.32,+01:30:31.6,1.39′ × 0.5′,0.02316667,General,,,,0,0,Work in progress
ngc-NGC1040,NGC 1040,Galaxy,Perseus,13.95,02:43:12.44,+41:30:02.2,1.67′ × 0.72′,0.02783333,General,,,,0,0,Work in progress
ngc-NGC1041,NGC 1041,Galaxy,Cetus,14.09,02:40:25.22,-05:26:25.6,1.36′ × 1.08′,0.02266667,General,,,,0,0,Work in progress
ngc-NGC1042,NGC 1042,Galaxy,Cetus,11.22,02:40:23.97,-08:26:00.8,3.87′ × 2.13′,0.0645,General,,,,0,0,Work in progress
ngc-NGC1043,NGC 1043,Galaxy,Cetus,15.74,02:40:46.57,+01:20:35.3,0.85′ × 0.18′,0.01416667,General,,,,0,0,Work in progress
ngc-NGC1044,NGC 1044,Galaxy pair,Cetus,,02:41:06.60,+08:44:14.0,1.2′,0.02,General,,,,0,0,Work in progress
ngc-NGC1045,NGC 1045,Galaxy,Cetus,13.42,02:40:29.12,-11:16:39.2,1.69′ × 1.27′,0.02816667,General,,,,0,0,Work in progress
ngc-NGC1046,NGC 1046,Galaxy,Cetus,14.7,02:41:12.85,+08:43:09.8,0.75′ × 0.7′,0.0125,General,,,,0,0,Work in progress
ngc-NGC1047,NGC 1047,Galaxy,Cetus,14.43,02:40:32.84,-08:08:51.6,1.36′ × 0.75′,0.02266667,General,,,,0,0,Work in progress
ngc-NGC1048,NGC 1048,Galaxy,Cetus,14.5,02:40:37.95,-08:32:00.1,1.18′ × 0.47′,0.01966667,General,,,,0,0,Work in progress
ngc-NGC1049,Fornax Dwarf Cluster 3,Globular cluster,Fornax,13.59,02:39:48.14,-34:15:29.7,1.2′ × 1.2′,0.02,General,,,,0,0,Work in progress
ngc-NGC1050,NGC 1050,Galaxy,Perseus,13.5,02:42:35.59,+34:45:48.6,1.1′ × 0.81′,0.01833333,General,,,,0,0,Work in progress
ngc-NGC1052,NGC 1052,Galaxy,Cetus,11.04,02:41:04.80,-08:15:20.8,2.94′ × 2.07′,0.049,General,,,,0,0,Work in progress
ngc-NGC1054,NGC 1054,Galaxy,Aries,14.54,02:42:15.74,+18:13:01.9,0.8′ × 0.44′,0.01333333,General,,,,0,0,Work in progress
ngc-NGC1055,NGC 1055,Galaxy,Cetus,10.6,02:41:45.23,+00:26:35.4,6.92′ × 3.53′,0.11533333,General,,,,0,0,Work in progress
ngc-NGC1056,NGC 1056,Galaxy,Aries,12.35,02:42:48.30,+28:34:27.1,1.88′ × 1.36′,0.03133333,General,,,,0,0,Work in progress
ngc-NGC1057,NGC 1057,Galaxy,Triangulum,15.72,02:43:02.90,+32:29:28.3,1.16′ × 0.72′,0.01933333,General,,,,0,0,Work in progress
ngc-NGC1058,NGC 1058,Galaxy,Perseus,11.25,02:43:30.00,+37:20:28.8,2.47′ × 1.36′,0.04116667,General,,,,0,0,Work in progress
ngc-NGC1059,NGC 1059,Optical double,Aries,,02:42:35.60,+17:59:48.3,,,HighMagnification,,,,0,0,Work in progress
ngc-NGC1060,NGC 1060,Galaxy,Triangulum,11.82,02:43:15.05,+32:25:29.9,2.36′ × 1.75′,0.03933333,General,,,,0,0,Work in progress
ngc-NGC1061,NGC 1061,Galaxy,Triangulum,15.13,02:43:15.76,+32:28:00.2,0.87′ × 0.59′,0.0145,General,,,,0,0,Work in progress
ngc-NGC1062,NGC 1062,Star,Triangulum,,02:43:24.02,+32:27:43.7,,,HighMagnification,,,,0,0,Work in progress
ngc-NGC1063,NGC 1063,Galaxy,Cetus,14.44,02:42:10.06,-05:34:06.8,1.45′ × 0.51′,0.02416667,General,,,,0,0,Work in progress
ngc-NGC1064,NGC 1064,Galaxy,Cetus,15.02,02:42:23.53,-09:21:44.2,1.01′ × 0.75′,0.01683333,General,,,,0,0,Work in progress
ngc-NGC1065,NGC 1065,Galaxy,Cetus,14.9,02:42:06.27,-15:05:29.6,0.82′ × 0.75′,0.01366667,General,,,,0,0,Work in progress
ngc-NGC1066,NGC 1066,Galaxy,Triangulum,14.79,02:43:49.94,+32:28:30.0,1.82′ × 1.28′,0.03033333,General,,,,0,0,Work in progress
ngc-NGC1067,NGC 1067,Galaxy,Triangulum,13.69,02:43:50.52,+32:30:42.8,0.97′ × 0.92′,0.01616667,General,,,,0,0,Work in progress
ngc-NGC1069,NGC 1069,Galaxy,Cetus,14.28,02:42:59.82,-08:17:22.2,1.35′ × 0.84′,0.0225,General,,,,0,0,Work in progress
ngc-NGC1070,NGC 1070,Galaxy,Cetus,12.88,02:43:22.27,+04:58:06.3,2.34′ × 2′,0.039,General,,,,0,0,Work in progress
ngc-NGC1071,NGC 1071,Galaxy,Cetus,15.35,02:43:07.85,-08:46:26.0,1.22′ × 0.41′,0.02033333,General,,,,0,0,Work in progress
ngc-NGC1072,NGC 1072,Galaxy,Cetus,14.27,02:43:31.31,+00:18:24.5,1.21′ × 0.49′,0.02016667,General,,,,0,0,Work in progress
ngc-NGC1073,NGC 1073,Galaxy,Cetus,11.05,02:43:40.52,+01:22:34.0,3.54′ × 2.23′,0.059,General,,,,0,0,Work in progress
ngc-NGC1074,NGC 1074,Galaxy,Cetus,15.18,02:43:36.12,-16:17:49.5,0.91′ × 0.5′,0.01516667,General,,,,0,0,Work in progress
ngc-NGC1075,NGC 1075,Galaxy,Cetus,15.45,02:43:33.55,-16:12:04.0,0.81′ × 0.53′,0.0135,General,,,,0,0,Work in progress
ngc-NGC1076,NGC 1076,Galaxy,Cetus,13.71,02:43:29.25,-14:45:15.5,1.81′ × 1.25′,0.03016667,General,,,,0,0,Work in progress
ngc-NGC1077,NGC 1077,Galaxy pair,Perseus,,02:46:01.7,+40:05:30,1.33′,0.02216667,General,,,,0,0,Work in progress
ngc-NGC1078,NGC 1078,Galaxy,Cetus,15.2,02:44:08.04,-09:27:08.6,0.85′ × 0.62′,0.01416667,General,,,,0,0,Work in progress
ngc-NGC1079,NGC 1079,Galaxy,Fornax,11.44,02:43:44.34,-29:00:12.1,2.65′ × 1.49′,0.04416667,General,,,,0,0,Work in progress
ngc-NGC1080,NGC 1080,Galaxy,Cetus,13.58,02:45:09.94,-04:42:38.8,1.09′ × 0.82′,0.01816667,General,,,,0,0,Work in progress
ngc-NGC1081,NGC 1081,Galaxy,Eridanus,14.36,02:45:05.52,-15:35:16.1,1.78′ × 0.59′,0.02966667,General,,,,0,0,Work in progress
ngc-NGC1082,NGC 1082,Galaxy,Eridanus,14.71,02:45:41.25,-08:10:49.9,0.96′ × 0.71′,0.016,General,,,,0,0,Work in progress
ngc-NGC1083,NGC 1083,Galaxy,Eridanus,15.19,02:45:40.60,-15:21:28.0,1.55′ × 0.33′,0.02583333,General,,,,0,0,Work in progress
ngc-NGC1084,NGC 1084,Galaxy,Eridanus,10.6,02:45:59.91,-07:34:42.5,3.4′ × 2.25′,0.05666667,General,,,,0,0,Work in progress
ngc-NGC1085,NGC 1085,Galaxy,Cetus,13.77,02:46:25.30,+03:36:26.2,2.04′ × 1.5′,0.034,General,,,,0,0,Work in progress
ngc-NGC1086,NGC 1086,Galaxy,Perseus,13.53,02:47:56.37,+41:14:47.3,1.32′ × 0.79′,0.022,General,,,,0,0,Work in progress
ngc-NGC1087,NGC 1087,Galaxy,Cetus,11.02,02:46:25.16,-00:29:55.1,2.97′ × 1.8′,0.0495,General,,,,0,0,Work in progress
ngc-NGC1088,NGC 1088,Galaxy pair,Aries,,02:47:04.40,+16:12:04.0,1′,0.01666667,General,,,,0,0,Work in progress
ngc-NGC1089,NGC 1089,Galaxy,Eridanus,14.66,02:46:10.10,-15:04:23.5,1.38′ × 0.99′,0.023,General,,,,0,0,Work in progress
ngc-NGC1090,NGC 1090,Galaxy,Cetus,11.97,02:46:33.94,-00:14:49.8,3.31′ × 1.46′,0.05516667,General,,,,0,0,Work in progress
ngc-NGC1091,NGC 1091,Galaxy,Eridanus,15.17,02:45:22.43,-17:31:59.4,0.81′ × 0.67′,0.0135,General,,,,0,0,Work in progress
ngc-NGC1092,NGC 1092,Galaxy,Eridanus,14.48,02:45:29.57,-17:32:32.2,1′ × 0.89′,0.01666667,General,,,,0,0,Work in progress
ngc-NGC1093,NGC 1093,Galaxy,Triangulum,14.24,02:48:16.15,+34:25:11.2,1.16′ × 0.75′,0.01933333,General,,,,0,0,Work in progress
ngc-NGC1094,NGC 1094,Galaxy,Cetus,13.56,02:47:27.83,-00:17:06.4,1.32′ × 0.84′,0.022,General,,,,0,0,Work in progress
ngc-NGC1095,NGC 1095,Galaxy,Cetus,14.13,02:47:37.86,+04:38:15.5,1.26′ × 0.81′,0.021,General,,,,0,0,Work in progress
ngc-NGC1096,NGC 1096,Galaxy,Horologium,12.78,02:43:49.29,-59:54:48.3,1.76′ × 1.61′,0.02933333,General,,,,0,0,Work in progress
ngc-NGC1098,NGC 1098,Galaxy,Eridanus,12.71,02:44:53.67,-17:39:32.9,1.58′ × 1.27′,0.02633333,General,,,,0,0,Work in progress
ngc-NGC1099,NGC 1099,Galaxy,Eridanus,13.21,02:45:18.02,-17:42:30.1,2.1′ × 0.63′,0.035,General,,,,0,0,Work in progress
ngc-NGC1100,NGC 1100,Galaxy,Eridanus,13.12,02:45:36.07,-17:41:20.2,1.64′ × 0.76′,0.02733333,General,,,,0,0,Work in progress
ngc-NGC1101,NGC 1101,Galaxy,Cetus,13.05,02:48:14.83,+04:34:40.9,1.33′ × 1.05′,0.02216667,General,,,,0,0,Work in progress
ngc-NGC1102,NGC 1102,Galaxy,Eridanus,15.33,02:47:12.90,-22:12:31.8,0.89′ × 0.58′,0.01483333,General,,,,0,0,Work in progress
ngc-NGC1103,NGC 1103,Galaxy,Eridanus,12.87,02:48:06.00,-13:57:33.2,2.22′ × 0.63′,0.037,General,,,,0,0,Work in progress
ngc-NGC1104,NGC 1104,Galaxy,Cetus,14.58,02:48:38.69,-00:16:17.5,1.04′ × 0.62′,0.01733333,General,,,,0,0,Work in progress
ngc-NGC1105,NGC 1105,Galaxy,Cetus,15.16,02:43:41.98,-15:42:20.1,0.97′ × 0.83′,0.01616667,General,,,,0,0,Work in progress
ngc-NGC1106,NGC 1106,Galaxy,Perseus,13.65,02:50:40.51,+41:40:17.4,1.82′ × 1.82′,0.03033333,General,,,,0,0,Work in progress
ngc-NGC1107,NGC 1107,Galaxy,Cetus,12.22,02:49:19.61,+08:05:33.5,1.88′ × 1.56′,0.03133333,General,,,,0,0,Work in progress
ngc-NGC1108,NGC 1108,Galaxy,Eridanus,14.71,02:48:38.54,-07:57:04.0,1.04′ × 0.77′,0.01733333,General,,,,0,0,Work in progress
ngc-NGC1109,NGC 1109,Galaxy,Aries,15.37,02:47:43.58,+13:15:19.2,0.81′ × 0.67′,0.0135,General,,,,0,0,Work in progress
ngc-NGC1110,NGC 1110,Galaxy,Eridanus,14.5,02:49:09.57,-07:50:15.2,2.37′ × 0.46′,0.0395,General,,,,0,0,Work in progress
ngc-NGC1111,NGC 1111,Galaxy,Aries,15.92,02:48:39.35,+13:15:34.3,0.66′ × 0.32′,0.011,General,,,,0,0,Work in progress
ngc-NGC1112,NGC 1112,Galaxy,Aries,14.85,02:49:00.37,+13:13:25.5,0.99′ × 0.71′,0.0165,General,,,,0,0,Work in progress
ngc-NGC1113,NGC 1113,Star,Aries,,02:50:05.05,+13:19:38.7,,,HighMagnification,,,,0,0,Work in progress
ngc-NGC1114,NGC 1114,Galaxy,Eridanus,13.27,02:49:07.20,-16:59:36.1,2.15′ × 0.81′,0.03583333,General,,,,0,0,Work in progress
ngc-NGC1115,NGC 1115,Galaxy,Aries,15.53,02:50:25.38,+13:15:58.4,0.91′ × 0.26′,0.01516667,General,,,,0,0,Work in progress
ngc-NGC1116,NGC 1116,Galaxy,Aries,15.33,02:50:35.69,+13:20:06.2,1.2′ × 0.4′,0.02,General,,,,0,0,Work in progress
ngc-NGC1117,NGC 1117,Galaxy,Aries,14.86,02:51:13.11,+13:11:07.1,0.7′ × 0.52′,0.01166667,General,,,,0,0,Work in progress
ngc-NGC1118,NGC 1118,Galaxy,Eridanus,14.25,02:49:58.67,-12:09:49.4,1.97′ × 0.63′,0.03283333,General,,,,0,0,Work in progress
ngc-NGC1119,NGC 1119,Galaxy,Eridanus,15.06,02:48:17.08,-17:59:15.4,0.48′ × 0.37′,0.008,General,,,,0,0,Work in progress
ngc-NGC1120,NGC 1120,Galaxy,Eridanus,14.9,02:49:04.09,-14:28:14.5,1.79′ × 0.97′,0.02983333,General,,,,0,0,Work in progress
ngc-NGC1121,NGC 1121,Galaxy,Eridanus,13.65,02:50:39.19,-01:44:02.6,0.95′ × 0.34′,0.01583333,General,,,,0,0,Work in progress
ngc-NGC1122,NGC 1122,Galaxy,Perseus,12.93,02:52:51.20,+42:12:18.1,1.35′ × 0.64′,0.0225,General,,,,0,0,Work in progress
ngc-NGC1124,NGC 1124,Galaxy,Fornax,14.82,02:51:35.92,-25:42:06.6,1.1′ × 0.74′,0.01833333,General,,,,0,0,Work in progress
ngc-NGC1125,NGC 1125,Galaxy,Eridanus,12.81,02:51:40.27,-16:39:03.7,1.51′ × 0.66′,0.02516667,General,,,,0,0,Work in progress
ngc-NGC1126,NGC 1126,Galaxy,Eridanus,15.32,02:52:18.63,-01:17:45.6,0.95′ × 0.23′,0.01583333,General,,,,0,0,Work in progress
ngc-NGC1127,NGC 1127,Galaxy,Aries,16.17,02:52:51.84,+13:15:23.1,0.69′ × 0.49′,0.0115,General,,,,0,0,Work in progress
ngc-NGC1128,NGC 1128,Galaxy pair,Cetus,,02:57:41.57,+06:01:28.8,0.8′,0.01333333,General,,,,0,0,Work in progress
ngc-NGC1129,NGC 1129,Galaxy,Perseus,13.6,02:54:27.38,+41:34:46.5,2.82′ × 1.07′,0.047,General,,,,0,0,Work in progress
ngc-NGC1130,NGC 1130,Galaxy,Perseus,15.56,02:54:24.38,+41:36:20.2,0.69′ × 0.41′,0.0115,General,,,,0,0,Work in progress
ngc-NGC1131,NGC 1131,Galaxy,Perseus,15.4,02:54:33.98,+41:33:32.5,0.54′ × 0.46′,0.009,General,,,,0,0,Work in progress
ngc-NGC1132,NGC 1132,Galaxy,Eridanus,12.3,02:52:51.91,-01:16:28.9,1.91′ × 0.71′,0.03183333,General,,,,0,0,Work in progress
ngc-NGC1133,NGC 1133,Galaxy,Eridanus,14.87,02:52:42.19,-08:48:15.8,0.97′ × 0.71′,0.01616667,General,,,,0,0,Work in progress
ngc-NGC1134,NGC 1134,Galaxy,Aries,13.09,02:53:41.34,+13:00:50.9,2.21′ × 0.76′,0.03683333,General,,,,0,0,Work in progress
ngc-NGC1135,NGC 1135,Galaxy,Horologium,16.17,02:50:47.22,-54:55:46.5,0.71′ × 0.42′,0.01183333,General,,,,0,0,Work in progress
ngc-NGC1136,NGC 1136,Galaxy,Horologium,12.97,02:50:53.70,-54:58:33.3,1.44′ × 1.19′,0.024,General,,,,0,0,Work in progress
ngc-NGC1137,NGC 1137,Galaxy,Cetus,12.84,02:54:02.73,+02:57:43.5,1.1′ × 0.61′,0.01833333,General,,,,0,0,Work in progress
ngc-NGC1138,NGC 1138,Galaxy,Perseus,14.05,02:56:36.44,+43:02:50.5,1.73′ × 1.49′,0.02883333,General,,,,0,0,Work in progress
ngc-NGC1139,NGC 1139,Galaxy,Eridanus,15.91,02:52:46.81,-14:31:45.6,1.02′ × 0.35′,0.017,General,,,,0,0,Work in progress
ngc-NGC1140,NGC 1140,Galaxy,Eridanus,12.43,02:54:33.58,-10:01:39.9,2.04′ × 1′,0.034,General,,,,0,0,Work in progress
ngc-NGC1143,NGC 1143,Galaxy,Cetus,14.27,02:55:09.71,-00:10:40.3,1.22′ × 0.68′,0.02033333,General,,,,0,0,Work in progress
ngc-NGC1144,NGC 1144,Galaxy,Cetus,13.96,02:55:12.20,-00:11:00.8,1.08′ × 0.74′,0.018,General,,,,0,0,Work in progress
ngc-NGC1145,NGC 1145,Galaxy,Eridanus,12.47,02:54:33.51,-18:38:06.3,3.36′ × 0.76′,0.056,General,,,,0,0,Work in progress
ngc-NGC1146,NGC 1146,Unclassified object,Perseus,,02:57:37.34,+46:25:37.0,,,General,,,,0,0,Work in progress
ngc-NGC1147,NGC 1147,Unclassified object,Eridanus,,02:55:09.29,-09:07:10.7,,,General,,,,0,0,Work in progress
ngc-NGC1148,NGC 1148,Galaxy,Eridanus,14.57,02:57:04.37,-07:41:08.3,1.31′ × 0.68′,0.02183333,General,,,,0,0,Work in progress
ngc-NGC1149,NGC 1149,Galaxy,Cetus,15.04,02:57:23.87,-00:18:33.9,0.71′ × 0.51′,0.01183333,General,,,,0,0,Work in progress
ngc-NGC1150,NGC 1150,Galaxy,Eridanus,15.03,02:57:01.39,-15:02:54.3,1.06′ × 0.7′,0.01766667,General,,,,0,0,Work in progress
ngc-NGC1151,NGC 1151,Galaxy,Eridanus,15.92,02:57:04.63,-15:00:46.9,0.55′ × 0.45′,0.00916667,General,,,,0,0,Work in progress
ngc-NGC1152,NGC 1152,Galaxy,Eridanus,14.32,02:57:33.63,-07:45:31.8,1.3′ × 0.76′,0.02166667,General,,,,0,0,Work in progress
ngc-NGC1153,NGC 1153,Galaxy,Cetus,13.46,02:58:10.28,+03:21:42.9,1.23′ × 0.85′,0.0205,General,,,,0,0,Work in progress
ngc-NGC1154,NGC 1154,Galaxy,Eridanus,13.92,02:58:07.67,-10:21:47.9,1.02′ × 0.59′,0.017,General,,,,0,0,Work in progress
ngc-NGC1155,NGC 1155,Galaxy,Eridanus,14.15,02:58:13.09,-10:21:02.1,1.1′ × 0.87′,0.01833333,General,,,,0,0,Work in progress
ngc-NGC1156,NGC 1156,Galaxy,Aries,11.63,02:59:42.30,+25:14:16.2,2.96′ × 2.34′,0.04933333,General,,,,0,0,Work in progress
ngc-NGC1157,NGC 1157,Galaxy,Eridanus,15.5,02:58:06.68,-15:07:06.7,0.72′ × 0.32′,0.012,General,,,,0,0,Work in progress
ngc-NGC1158,NGC 1158,Galaxy,Eridanus,15.92,02:57:11.46,-14:23:43.9,0.95′ × 0.61′,0.01583333,General,,,,0,0,Work in progress
ngc-NGC1159,NGC 1159,Galaxy,Perseus,14.21,03:00:46.52,+43:09:45.2,0.48′ × 0.4′,0.008,General,,,,0,0,Work in progress
ngc-NGC1160,NGC 1160,Galaxy,Perseus,12.82,03:01:13.25,+44:57:19.5,2.38′ × 1.1′,0.03966667,General,,,,0,0,Work in progress
ngc-NGC1161,NGC 1161,Galaxy,Perseus,11.89,03:01:14.13,+44:53:50.4,2.69′ × 1.84′,0.04483333,General,,,,0,0,Work in progress
ngc-NGC1162,NGC 1162,Galaxy,Eridanus,13.87,02:58:56.00,-12:23:54.9,1.59′ × 1.47′,0.0265,General,,,,0,0,Work in progress
ngc-NGC1163,NGC 1163,Galaxy,Eridanus,13.8,03:00:22.09,-17:09:09.1,2.26′ × 0.36′,0.03766667,General,,,,0,0,Work in progress
ngc-NGC1164,NGC 1164,Galaxy,Perseus,14.51,03:01:59.85,+42:35:05.8,1.18′ × 0.93′,0.01966667,General,,,,0,0,Work in progress
ngc-NGC1165,NGC 1165,Galaxy,Fornax,13.78,02:58:47.69,-32:05:57.1,2.31′ × 0.5′,0.0385,General,,,,0,0,Work in progress
ngc-NGC1166,NGC 1166,Galaxy,Aries,15.35,03:00:35.00,+11:50:34.0,0.98′ × 0.8′,0.01633333,General,,,,0,0,Work in progress
ngc-NGC1167,NGC 1167,Galaxy,Perseus,12.64,03:01:42.37,+35:12:20.7,1.82′ × 1.38′,0.03033333,General,,,,0,0,Work in progress
ngc-NGC1168,NGC 1168,Galaxy,Aries,15.35,03:00:47.02,+11:46:20.3,0.98′ × 0.38′,0.01633333,General,,,,0,0,Work in progress
ngc-NGC1169,NGC 1169,Galaxy,Perseus,11.41,03:03:34.75,+46:23:10.9,3.31′ × 1.95′,0.05516667,General,,,,0,0,Work in progress
ngc-NGC1170,NGC 1170,Unclassified object,Aries,,03:02:26.89,+27:04:21.6,,,General,,,,0,0,Work in progress
ngc-NGC1171,NGC 1171,Galaxy,Perseus,13.5,03:03:58.99,+43:23:53.9,1.77′ × 0.81′,0.0295,General,,,,0,0,Work in progress
ngc-NGC1172,NGC 1172,Galaxy,Eridanus,11.75,03:01:36.05,-14:50:11.7,2.28′ × 1.64′,0.038,General,,,,0,0,Work in progress
ngc-NGC1173,NGC 1173,Unclassified object,Perseus,,03:03:57.71,+42:23:01.4,,,General,,,,0,0,Work in progress
ngc-NGC1174,NGC 1174,Galaxy,Perseus,12.35,03:05:30.86,+42:50:07.8,3.58′ × 1.43′,0.05966667,General,,,,0,0,Work in progress
ngc-NGC1175,NGC 1175,Galaxy,Perseus,12.8,03:04:32.35,+42:20:21.5,1.76′ × 0.55′,0.02933333,General,,,,0,0,Work in progress
ngc-NGC1176,NGC 1176,Star,Perseus,14.6,03:04:34.88,+42:23:36.4,,,HighMagnification,,,,0,0,Work in progress
ngc-NGC1177,NGC 1177,Galaxy,Perseus,15.68,03:04:37.13,+42:21:46.2,0.6′ × 0.6′,0.01,General,,,,0,0,Work in progress
ngc-NGC1178,NGC 1178,Star,Perseus,15.3,03:04:38.82,+42:18:48.5,,,HighMagnification,,,,0,0,Work in progress
ngc-NGC1179,NGC 1179,Galaxy,Eridanus,12,03:02:38.48,-18:53:52.0,3.67′ × 2.51′,0.06116667,General,,,,0,0,Work in progress
ngc-NGC1180,NGC 1180,Galaxy,Eridanus,15.76,03:01:51.04,-15:01:47.4,0.66′ × 0.4′,0.011,General,,,,0,0,Work in progress
ngc-NGC1181,NGC 1181,Galaxy,Eridanus,16.27,03:01:42.76,-15:03:08.4,0.86′ × 0.2′,0.01433333,General,,,,0,0,Work in progress
ngc-NGC1182,NGC 1182,Galaxy,Eridanus,14.79,03:03:28.44,-09:40:13.2,0.82′ × 0.39′,0.01366667,General,,,,0,0,Work in progress
ngc-NGC1183,NGC 1183,Star,Perseus,15,03:04:46.16,+42:22:08.2,,,HighMagnification,,,,0,0,Work in progress
ngc-NGC1184,NGC 1184,Galaxy,Cepheus,12.19,03:16:45.03,+80:47:36.0,3.54′ × 0.87′,0.059,General,,,,0,0,Work in progress
ngc-NGC1185,NGC 1185,Galaxy,Eridanus,14.46,03:02:59.48,-09:07:55.7,1.36′ × 0.4′,0.02266667,General,,,,0,0,Work in progress
ngc-NGC1187,NGC 1187,Galaxy,Eridanus,10.92,03:02:37.59,-22:52:01.8,4.14′ × 3.02′,0.069,General,,,,0,0,Work in progress
ngc-NGC1188,NGC 1188,Galaxy,Eridanus,14.61,03:03:43.37,-15:29:04.5,1.21′ × 0.56′,0.02016667,General,,,,0,0,Work in progress
ngc-NGC1189,NGC 1189,Galaxy,Eridanus,14.42,03:03:24.47,-15:37:24.5,1.42′ × 0.47′,0.02366667,General,,,,0,0,Work in progress
ngc-NGC1190,NGC 1190,Galaxy,Eridanus,15.16,03:03:26.13,-15:39:42.8,0.76′ × 0.29′,0.01266667,General,,,,0,0,Work in progress
ngc-NGC1191,NGC 1191,Galaxy,Eridanus,15.28,03:03:30.89,-15:41:07.1,0.76′ × 0.56′,0.01266667,General,,,,0,0,Work in progress
ngc-NGC1192,NGC 1192,Galaxy,Eridanus,15.36,03:03:34.63,-15:40:43.8,0.8′ × 0.4′,0.01333333,General,,,,0,0,Work in progress
ngc-NGC1193,NGC 1193,Open cluster,Perseus,12.6,03:05:55.67,+44:22:59.2,2.4′,0.04,WideField,,,,0,0,Work in progress
ngc-NGC1194,NGC 1194,Galaxy,Cetus,13.8,03:03:49.11,-01:06:13.5,1.55′ × 0.77′,0.02583333,General,,,,0,0,Work in progress
ngc-NGC1195,NGC 1195,Galaxy,Eridanus,15.11,03:03:32.81,-12:02:23.2,0.64′ × 0.53′,0.01066667,General,,,,0,0,Work in progress
ngc-NGC1196,NGC 1196,Galaxy,Eridanus,14.09,03:03:35.20,-12:04:34.7,1.54′ × 1.41′,0.02566667,General,,,,0,0,Work in progress
ngc-NGC1197,NGC 1197,Unclassified object,Perseus,,03:06:14.21,+44:03:40.3,,,General,,,,0,0,Work in progress
ngc-NGC1198,NGC 1198,Galaxy,Perseus,13.95,03:06:13.24,+41:50:56.2,2.05′ × 1′,0.03416667,General,,,,0,0,Work in progress
ngc-NGC1199,NGC 1199,Galaxy,Eridanus,11.43,03:03:38.41,-15:36:47.5,2.83′ × 2.32′,0.04716667,General,,,,0,0,Work in progress
ngc-NGC1200,NGC 1200,Galaxy,Eridanus,13.8,03:03:54.48,-11:59:30.5,2.91′ × 1.88′,0.0485,General,,,,0,0,Work in progress
ngc-NGC1201,NGC 1201,Galaxy,Fornax,10.81,03:04:07.98,-26:04:10.7,3.41′ × 1.96′,0.05683333,General,,,,0,0,Work in progress
ngc-NGC1202,NGC 1202,Galaxy,Eridanus,15.22,03:05:02.53,-06:29:29.8,0.65′ × 0.53′,0.01083333,General,,,,0,0,Work in progress
ngc-NGC1203,NGC 1203,Galaxy pair,Eridanus,,03:05:14.20,-14:22:44.0,1.13′,0.01883333,General,,,,0,0,Work in progress
ngc-NGC1204,NGC 1204,Galaxy,Eridanus,14.21,03:04:39.92,-12:20:29.0,1.52′ × 0.54′,0.02533333,General,,,,0,0,Work in progress
ngc-NGC1206,NGC 1206,Galaxy,Eridanus,15.93,03:06:09.74,-08:49:59.4,0.75′ × 0.65′,0.0125,General,,,,0,0,Work in progress
ngc-NGC1207,NGC 1207,Galaxy,Perseus,13.61,03:08:15.49,+38:22:55.8,1.68′ × 1.18′,0.028,General,,,,0,0,Work in progress
ngc-NGC1208,NGC 1208,Galaxy,Eridanus,13.35,03:06:11.91,-09:32:29.1,2.19′ × 1.24′,0.0365,General,,,,0,0,Work in progress
ngc-NGC1209,NGC 1209,Galaxy,Eridanus,11.38,03:06:03.02,-15:36:40.5,2.25′ × 0.94′,0.0375,General,,,,0,0,Work in progress
ngc-NGC1210,NGC 1210,Galaxy,Fornax,12.71,03:06:45.36,-25:42:59.2,1.16′ × 0.68′,0.01933333,General,,,,0,0,Work in progress
ngc-NGC1211,NGC 1211,Galaxy,Cetus,12.35,03:06:52.42,-00:47:40.1,1.49′ × 0.95′,0.02483333,General,,,,0,0,Work in progress
ngc-NGC1212,NGC 1212,Galaxy,Perseus,16,03:09:42.23,+40:53:35.1,0.89′ × 0.47′,0.01483333,General,,,,0,0,Work in progress
ngc-NGC1213,NGC 1213,Galaxy,Perseus,15.65,03:09:17.31,+38:38:58.0,0.94′ × 0.76′,0.01566667,General,,,,0,0,Work in progress
ngc-NGC1214,NGC 1214,Galaxy,Eridanus,14.97,03:06:56.02,-09:32:39.0,1.58′ × 0.42′,0.02633333,General,,,,0,0,Work in progress
ngc-NGC1215,NGC 1215,Galaxy,Eridanus,14.98,03:07:09.46,-09:35:33.6,1.67′ × 1.21′,0.02783333,General,,,,0,0,Work in progress
ngc-NGC1216,NGC 1216,Galaxy,Eridanus,15.86,03:07:18.54,-09:36:46.1,0.9′ × 0.22′,0.015,General,,,,0,0,Work in progress
ngc-NGC1217,NGC 1217,Galaxy,Fornax,13.3,03:06:06.02,-39:02:11.0,1.88′ × 1.3′,0.03133333,General,,,,0,0,Work in progress
ngc-NGC1218,NGC 1218,Galaxy,Cetus,13.16,03:08:26.22,+04:06:39.3,1.35′ × 1.06′,0.0225,General,,,,0,0,Work in progress
ngc-NGC1219,NGC 1219,Galaxy,Cetus,12.99,03:08:27.97,+02:06:30.9,1.18′ × 1.04′,0.01966667,General,,,,0,0,Work in progress
ngc-NGC1220,NGC 1220,Open cluster,Perseus,11.8,03:11:40.67,+53:20:53.4,2.4′,0.04,WideField,,,,0,0,Work in progress
ngc-NGC1221,NGC 1221,Galaxy,Eridanus,14.6,03:08:15.53,-04:15:34.1,1.46′ × 0.53′,0.02433333,General,,,,0,0,Work in progress
ngc-NGC1222,NGC 1222,Galaxy,Eridanus,12.55,03:08:56.74,-02:57:18.5,1.57′ × 0.95′,0.02616667,General,,,,0,0,Work in progress
ngc-NGC1223,NGC 1223,Galaxy,Eridanus,13.93,03:08:19.93,-04:08:18.2,1.34′ × 1.29′,0.02233333,General,,,,0,0,Work in progress
ngc-NGC1224,NGC 1224,Galaxy,Perseus,15.43,03:11:13.55,+41:21:49.3,1.36′ × 1.03′,0.02266667,General,,,,0,0,Work in progress
ngc-NGC1225,NGC 1225,Galaxy,Eridanus,14.85,03:08:47.22,-04:06:05.6,1.24′ × 0.6′,0.02066667,General,,,,0,0,Work in progress
ngc-NGC1226,NGC 1226,Galaxy,Perseus,14.47,03:11:05.35,+35:23:12.6,1.23′ × 0.94′,0.0205,General,,,,0,0,Work in progress
ngc-NGC1227,NGC 1227,Galaxy,Perseus,15.68,03:11:07.73,+35:19:29.5,0.66′ × 0.44′,0.011,General,,,,0,0,Work in progress
ngc-NGC1228,NGC 1228,Galaxy,Eridanus,14.31,03:08:11.74,-22:55:22.3,1.52′ × 0.71′,0.02533333,General,,,,0,0,Work in progress
ngc-NGC1229,NGC 1229,Galaxy,Eridanus,14.45,03:08:10.79,-22:57:38.9,1.02′ × 0.6′,0.017,General,,,,0,0,Work in progress
ngc-NGC1230,NGC 1230,Galaxy,Eridanus,15.52,03:08:16.40,-22:59:02.4,0.69′ × 0.22′,0.0115,General,,,,0,0,Work in progress
ngc-NGC1231,NGC 1231,Galaxy,Eridanus,15,03:06:29.30,-15:34:08.7,0.98′ × 0.84′,0.01633333,General,,,,0,0,Work in progress
ngc-NGC1232,NGC 1232,Galaxy,Eridanus,10.11,03:09:45.51,-20:34:45.5,6.79′ × 5.77′,0.11316667,General,,,,0,0,Work in progress
ngc-NGC1233,NGC 1233,Galaxy,Perseus,13.16,03:12:33.11,+39:19:08.1,1.51′ × 0.46′,0.02516667,General,,,,0,0,Work in progress
ngc-NGC1234,NGC 1234,Galaxy,Eridanus,15.24,03:09:39.09,-07:50:46.3,1.58′ × 0.82′,0.02633333,General,,,,0,0,Work in progress
ngc-NGC1236,NGC 1236,Galaxy,Aries,15.73,03:11:27.99,+10:48:29.8,0.66′ × 0.48′,0.011,General,,,,0,0,Work in progress
ngc-NGC1237,NGC 1237,Optical double,Eridanus,,03:10:08.97,-08:41:32.4,,,HighMagnification,,,,0,0,Work in progress
ngc-NGC1238,NGC 1238,Galaxy,Eridanus,14.33,03:10:52.71,-10:44:53.0,1.53′ × 1.2′,0.0255,General,,,,0,0,Work in progress
ngc-NGC1239,NGC 1239,Galaxy,Eridanus,14.61,03:10:53.72,-02:33:11.3,1.23′ × 0.81′,0.0205,General,,,,0,0,Work in progress
ngc-NGC1240,NGC 1240,Optical double,Aries,,03:13:26.68,+30:30:25.8,,,HighMagnification,,,,0,0,Work in progress
ngc-NGC1241,NGC 1241,Galaxy,Eridanus,12.63,03:11:14.64,-08:55:19.7,2.7′ × 1.5′,0.045,General,,,,0,0,Work in progress
ngc-NGC1242,NGC 1242,Galaxy,Eridanus,13.71,03:11:19.32,-08:54:08.7,1.06′ × 0.54′,0.01766667,General,,,,0,0,Work in progress
ngc-NGC1243,NGC 1243,Optical double,Eridanus,,03:11:25.46,-08:56:43.0,,,HighMagnification,,,,0,0,Work in progress
ngc-NGC1244,NGC 1244,Galaxy,Horologium,13.92,03:06:31.09,-66:46:32.2,1.44′ × 0.36′,0.024,General,,,,0,0,Work in progress
ngc-NGC1245,NGC 1245,Open cluster,Perseus,8.4,03:14:41.46,+47:14:19.3,11.4′,0.19,WideField,,,,0,0,Work in progress
ngc-NGC1246,NGC 1246,Galaxy,Horologium,13.89,03:07:02.09,-66:56:19.1,1.42′ × 0.76′,0.02366667,General,,,,0,0,Work in progress
ngc-NGC1247,NGC 1247,Galaxy,Eridanus,12.48,03:12:14.32,-10:28:52.0,3.55′ × 0.52′,0.05916667,General,,,,0,0,Work in progress
ngc-NGC1248,NGC 1248,Galaxy,Eridanus,12.67,03:12:48.56,-05:13:28.9,1.21′ × 1.06′,0.02016667,General,,,,0,0,Work in progress
ngc-NGC1249,NGC 1249,Galaxy,Horologium,11.77,03:10:01.23,-53:20:08.7,3.64′ × 1.44′,0.06066667,General,,,,0,0,Work in progress
ngc-NGC1250,NGC 1250,Galaxy,Perseus,12.83,03:15:21.10,+41:21:19.5,2.33′ × 0.8′,0.03883333,General,,,,0,0,Work in progress
ngc-NGC1251,NGC 1251,Optical double,Cetus,,03:14:09.11,+01:27:23.5,,,HighMagnification,,,,0,0,Work in progress
ngc-NGC1252,NGC 1252,Open cluster,Horologium,,03:10:44.30,-57:45:31.0,7.2′,0.12,WideField,,,,0,0,Work in progress
ngc-NGC1253,NGC 1253,Galaxy,Eridanus,11.78,03:14:09.05,-02:49:22.6,4.57′ × 1.86′,0.07616667,General,,,,0,0,Work in progress
ngc-NGC1254,NGC 1254,Galaxy,Cetus,15.42,03:14:24.05,+02:40:38.5,0.98′ × 0.77′,0.01633333,General,,,,0,0,Work in progress
ngc-NGC1255,NGC 1255,Galaxy,Fornax,11.17,03:13:32.04,-25:43:30.6,4.05′ × 2.24′,0.0675,General,,,,0,0,Work in progress
ngc-NGC1256,NGC 1256,Galaxy,Eridanus,13.55,03:13:58.27,-21:59:11.1,1.13′ × 0.41′,0.01883333,General,,,,0,0,Work in progress
ngc-NGC1257,NGC 1257,Optical double,Perseus,,03:16:59.55,+41:31:44.6,,,HighMagnification,,,,0,0,Work in progress
ngc-NGC1258,NGC 1258,Galaxy,Eridanus,13.95,03:14:05.47,-21:46:27.4,1.41′ × 1.04′,0.0235,General,,,,0,0,Work in progress
ngc-NGC1259,NGC 1259,Galaxy,Perseus,15.21,03:17:17.28,+41:23:07.8,0.95′ × 0.68′,0.01583333,General,,,,0,0,Work in progress
ngc-NGC1260,NGC 1260,Galaxy,Perseus,14.3,03:17:27.24,+41:24:18.8,1.29′ × 0.5′,0.0215,General,,,,0,0,Work in progress
ngc-NGC1262,NGC 1262,Galaxy,Eridanus,14.2,03:15:33.58,-15:52:45.5,0.95′ × 0.8′,0.01583333,General,,,,0,0,Work in progress
ngc-NGC1263,NGC 1263,Galaxy,Eridanus,14.99,03:15:39.56,-15:05:53.9,0.86′ × 0.76′,0.01433333,General,,,,0,0,Work in progress
ngc-NGC1264,NGC 1264,Galaxy,Perseus,15.24,03:17:59.57,+41:31:13.0,1′ × 0.89′,0.01666667,General,,,,0,0,Work in progress
ngc-NGC1265,NGC 1265,Galaxy,Perseus,11.92,03:18:15.66,+41:51:27.9,1.9′ × 1.63′,0.03166667,General,,,,0,0,Work in progress
ngc-NGC1266,NGC 1266,Galaxy,Eridanus,14.39,03:16:00.75,-02:25:38.5,1.48′ × 0.99′,0.02466667,General,,,,0,0,Work in progress
ngc-NGC1267,NGC 1267,Galaxy,Perseus,12.98,03:18:44.92,+41:28:03.8,1.12′ × 0.86′,0.01866667,General,,,,0,0,Work in progress
ngc-NGC1268,NGC 1268,Galaxy,Perseus,14.84,03:18:45.16,+41:29:19.3,0.96′ × 0.49′,0.016,General,,,,0,0,Work in progress
ngc-NGC1269,NGC 1269,Galaxy,Eridanus,8.7,03:17:18.59,-41:06:29.0,11.17′ × 9.93′,0.18616667,General,,,,0,0,Work in progress
ngc-NGC1270,NGC 1270,Galaxy,Perseus,13.03,03:18:58.15,+41:28:12.0,1.05′ × 0.97′,0.0175,General,,,,0,0,Work in progress
ngc-NGC1271,NGC 1271,Galaxy,Perseus,15.1,03:19:11.28,+41:21:11.7,0.81′ × 0.51′,0.0135,General,,,,0,0,Work in progress
ngc-NGC1272,NGC 1272,Galaxy,Perseus,11.88,03:19:21.29,+41:29:26.3,2.55′ × 1.25′,0.0425,General,,,,0,0,Work in progress
ngc-NGC1273,NGC 1273,Galaxy,Perseus,13.16,03:19:26.74,+41:32:25.9,0.89′ × 0.7′,0.01483333,General,,,,0,0,Work in progress
ngc-NGC1274,NGC 1274,Galaxy,Perseus,15.09,03:19:40.55,+41:32:55.1,0.78′ × 0.49′,0.013,General,,,,0,0,Work in progress
ngc-NGC1276,NGC 1276,Optical double,Perseus,,03:19:51.21,+41:38:31.1,,,HighMagnification,,,,0,0,Work in progress
ngc-NGC1277,NGC 1277,Galaxy,Perseus,13.51,03:19:51.49,+41:34:24.7,0.97′ × 0.67′,0.01616667,General,,,,0,0,Work in progress
ngc-NGC1278,NGC 1278,Galaxy,Perseus,12.45,03:19:54.15,+41:33:48.2,1.43′ × 1.3′,0.02383333,General,,,,0,0,Work in progress
ngc-NGC1279,NGC 1279,Galaxy,Perseus,17.23,03:19:59.07,+41:28:46.3,0.58′ × 0.39′,0.00966667,General,,,,0,0,Work in progress
ngc-NGC1280,NGC 1280,Galaxy,Cetus,13.41,03:17:57.07,-00:10:08.7,0.92′ × 0.69′,0.01533333,General,,,,0,0,Work in progress
ngc-NGC1281,NGC 1281,Galaxy,Perseus,13.35,03:20:06.11,+41:37:48.1,0.78′ × 0.42′,0.013,General,,,,0,0,Work in progress
ngc-NGC1282,NGC 1282,Galaxy,Perseus,12.88,03:20:12.12,+41:22:01.2,1.39′ × 1.07′,0.02316667,General,,,,0,0,Work in progress
ngc-NGC1283,NGC 1283,Galaxy,Perseus,13.61,03:20:15.52,+41:23:55.2,0.93′ × 0.79′,0.0155,General,,,,0,0,Work in progress
ngc-NGC1284,NGC 1284,Galaxy,Eridanus,14.36,03:17:45.51,-10:17:20.7,1.87′ × 1.22′,0.03116667,General,,,,0,0,Work in progress
ngc-NGC1285,NGC 1285,Galaxy,Eridanus,13.59,03:17:53.43,-07:17:52.1,1.59′ × 0.88′,0.0265,General,,,,0,0,Work in progress
ngc-NGC1286,NGC 1286,Galaxy,Eridanus,14.74,03:17:48.53,-07:37:00.7,0.98′ × 0.79′,0.01633333,General,,,,0,0,Work in progress
ngc-NGC1287,NGC 1287,Galaxy,Eridanus,14.72,03:18:33.47,-02:43:51.0,0.76′ × 0.68′,0.01266667,General,,,,0,0,Work in progress
ngc-NGC1288,NGC 1288,Galaxy,Fornax,12.17,03:17:13.19,-32:34:33.2,2.32′ × 1.71′,0.03866667,General,,,,0,0,Work in progress
ngc-NGC1289,NGC 1289,Galaxy,Eridanus,12.57,03:18:49.81,-01:58:24.0,1.75′ × 1′,0.02916667,General,,,,0,0,Work in progress
ngc-NGC1290,NGC 1290,Galaxy,Eridanus,15.4,03:19:25.17,-13:59:22.6,0.71′ × 0.52′,0.01183333,General,,,,0,0,Work in progress
ngc-NGC1292,NGC 1292,Galaxy,Fornax,12.13,03:18:14.89,-27:36:37.2,2.93′ × 1.2′,0.04883333,General,,,,0,0,Work in progress
ngc-NGC1293,NGC 1293,Galaxy,Perseus,13.39,03:21:36.46,+41:23:34.2,0.86′ × 0.86′,0.01433333,General,,,,0,0,Work in progress
ngc-NGC1294,NGC 1294,Galaxy,Perseus,13.26,03:21:39.96,+41:21:38.0,1.38′ × 1.09′,0.023,General,,,,0,0,Work in progress
ngc-NGC1295,NGC 1295,Galaxy,Eridanus,15.01,03:20:03.30,-13:59:53.7,0.99′ × 0.53′,0.0165,General,,,,0,0,Work in progress
ngc-NGC1296,NGC 1296,Galaxy,Eridanus,14.76,03:18:49.71,-13:03:44.8,0.9′ × 0.45′,0.015,General,,,,0,0,Work in progress
ngc-NGC1297,NGC 1297,Galaxy,Eridanus,14.7,03:19:14.22,-19:06:00.0,2.4′ × 2.01′,0.04,General,,,,0,0,Work in progress
ngc-NGC1298,NGC 1298,Galaxy,Eridanus,13.96,03:20:13.08,-02:06:50.8,1.04′ × 0.92′,0.01733333,General,,,,0,0,Work in progress
ngc-NGC1299,NGC 1299,Galaxy,Eridanus,13.6,03:20:09.68,-06:15:43.2,1.21′ × 0.67′,0.02016667,General,,,,0,0,Work in progress
ngc-NGC1300,NGC 1300,Galaxy,Eridanus,10.52,03:19:41.08,-19:24:40.9,5.96′ × 3.06′,0.09933333,General,,,,0,0,Work in progress
ngc-NGC1301,NGC 1301,Galaxy,Eridanus,13.4,03:20:35.33,-18:42:55.2,2.38′ × 0.51′,0.03966667,General,,,,0,0,Work in progress
ngc-NGC1302,NGC 1302,Galaxy,Fornax,10.63,03:19:51.18,-26:03:37.6,4.27′ × 3.9′,0.07116667,General,,,,0,0,Work in progress
ngc-NGC1303,NGC 1303,Galaxy,Eridanus,14.73,03:20:40.79,-07:23:39.9,1.12′ × 0.8′,0.01866667,General,,,,0,0,Work in progress
ngc-NGC1304,NGC 1304,Galaxy,Eridanus,14.39,03:21:12.78,-04:35:02.7,1.33′ × 0.7′,0.02216667,General,,,,0,0,Work in progress
ngc-NGC1305,NGC 1305,Galaxy,Eridanus,11.97,03:21:22.97,-02:19:00.6,1.33′ × 0.94′,0.02216667,General,,,,0,0,Work in progress
ngc-NGC1306,NGC 1306,Galaxy,Fornax,13.76,03:21:02.99,-25:30:45.2,1.1′ × 0.64′,0.01833333,General,,,,0,0,Work in progress
ngc-NGC1308,NGC 1308,Galaxy,Eridanus,14.7,03:22:28.54,-02:45:25.7,1.15′ × 0.86′,0.01916667,General,,,,0,0,Work in progress
ngc-NGC1309,NGC 1309,Galaxy,Eridanus,11.58,03:22:06.56,-15:24:00.2,2.39′ × 2.24′,0.03983333,General,,,,0,0,Work in progress
ngc-NGC1310,NGC 1310,Galaxy,Fornax,12.1,03:21:03.43,-37:06:06.1,2.11′ × 1.58′,0.03516667,General,,,,0,0,Work in progress
ngc-NGC1311,NGC 1311,Galaxy,Horologium,12.94,03:20:06.96,-52:11:07.9,3.2′ × 0.78′,0.05333333,General,,,,0,0,Work in progress
ngc-NGC1312,NGC 1312,Optical double,Taurus,,03:23:41.73,+01:11:04.8,,,HighMagnification,,,,0,0,Work in progress
ngc-NGC1313,NGC 1313,Galaxy,Reticulum,9.49,03:18:16.05,-66:29:53.7,11.07′ × 9.14′,0.1845,General,,,,0,0,Work in progress
ngc-NGC1314,NGC 1314,Galaxy,Eridanus,14.86,03:22:41.16,-04:11:11.6,1.47′ × 1.3′,0.0245,General,,,,0,0,Work in progress
ngc-NGC1315,NGC 1315,Galaxy,Eridanus,13.65,03:23:06.59,-21:22:30.6,1.62′ × 1.35′,0.027,General,,,,0,0,Work in progress
ngc-NGC1316,Fornax A,Galaxy,Fornax,8.48,03:22:41.72,-37:12:29.6,13.46′ × 7.71′,0.22433333,General,,,,0,0,Work in progress
ngc-NGC1317,Fornax B,Galaxy,Fornax,10.88,03:22:44.29,-37:06:13.3,3.1′ × 2.58′,0.05166667,General,,,,0,0,Work in progress
ngc-NGC1319,NGC 1319,Galaxy,Eridanus,13.94,03:23:56.46,-21:31:39.8,1.46′ × 0.71′,0.02433333,General,,,,0,0,Work in progress
ngc-NGC1320,NGC 1320,Galaxy,Eridanus,13.38,03:24:48.70,-03:02:32.2,1.86′ × 0.68′,0.031,General,,,,0,0,Work in progress
ngc-NGC1321,NGC 1321,Galaxy,Eridanus,13.67,03:24:48.57,-03:00:56.1,0.97′ × 0.71′,0.01616667,General,,,,0,0,Work in progress
ngc-NGC1322,NGC 1322,Galaxy,Eridanus,14.35,03:24:54.71,-02:55:09.2,1.12′ × 0.8′,0.01866667,General,,,,0,0,Work in progress
ngc-NGC1323,NGC 1323,Galaxy,Eridanus,16.02,03:24:56.08,-02:49:19.5,0.71′ × 0.29′,0.01183333,General,,,,0,0,Work in progress
ngc-NGC1324,NGC 1324,Galaxy,Eridanus,13.4,03:25:01.68,-05:44:44.9,2.37′ × 0.69′,0.0395,General,,,,0,0,Work in progress
ngc-NGC1325,NGC 1325,Galaxy,Eridanus,11.54,03:24:25.57,-21:32:38.5,4.32′ × 1.5′,0.072,General,,,,0,0,Work in progress
ngc-NGC1326,NGC 1326,Galaxy,Fornax,10.45,03:23:56.40,-36:27:52.8,4.28′ × 2.93′,0.07133333,General,,,,0,0,Work in progress
ngc-NGC1327,NGC 1327,Galaxy,Fornax,15.47,03:25:23.11,-25:40:49.0,1.14′ × 0.4′,0.019,General,,,,0,0,Work in progress
ngc-NGC1328,NGC 1328,Galaxy,Eridanus,14.73,03:25:39.10,-04:07:29.8,0.98′ × 0.69′,0.01633333,General,,,,0,0,Work in progress
ngc-NGC1329,NGC 1329,Galaxy,Eridanus,12.65,03:26:02.59,-17:35:29.4,1.58′ × 1.27′,0.02633333,General,,,,0,0,Work in progress
ngc-NGC1330,NGC 1330,Unclassified object,Perseus,,03:29:04.47,+41:40:30.9,,,General,,,,0,0,Work in progress
ngc-NGC1331,NGC 1331,Galaxy,Eridanus,13.42,03:26:28.29,-21:21:19.1,0.92′ × 0.79′,0.01533333,General,,,,0,0,Work in progress
ngc-NGC1332,NGC 1332,Galaxy,Eridanus,10.36,03:26:17.25,-21:20:06.8,5.31′ × 3.84′,0.0885,General,,,,0,0,Work in progress
ngc-NGC1333,NGC 1333,Nebula with cluster,Perseus,10.9,03:28:55.2,+31:22:12,19.5′,0.325,General,,,,0,0,Work in progress
ngc-NGC1334,NGC 1334,Galaxy,Perseus,14.73,03:30:01.84,+41:49:55.3,1.24′ × 0.51′,0.02066667,General,,,,0,0,Work in progress
ngc-NGC1335,NGC 1335,Galaxy,Perseus,15.66,03:30:19.49,+41:34:21.9,0.9′ × 0.5′,0.015,General,,,,0,0,Work in progress
ngc-NGC1336,NGC 1336,Galaxy,Fornax,12.31,03:26:32.19,-35:42:48.8,1.97′ × 1.41′,0.03283333,General,,,,0,0,Work in progress
ngc-NGC1337,NGC 1337,Galaxy,Eridanus,12.86,03:28:05.96,-08:23:19.0,4.94′ × 1.31′,0.08233333,General,,,,0,0,Work in progress
ngc-NGC1338,NGC 1338,Galaxy,Eridanus,14,03:28:54.55,-12:09:12.1,1.31′ × 1.24′,0.02183333,General,,,,0,0,Work in progress
ngc-NGC1339,NGC 1339,Galaxy,Fornax,11.75,03:28:06.58,-32:17:10.0,2.01′ × 1.47′,0.0335,General,,,,0,0,Work in progress
ngc-NGC1340,NGC 1340,Galaxy,Fornax,10.37,03:28:19.67,-31:04:05.4,5.12′ × 3.12′,0.08533333,General,,,,0,0,Work in progress
ngc-NGC1341,NGC 1341,Galaxy,Fornax,12.42,03:27:58.42,-37:09:00.0,1.42′ × 1.07′,0.02366667,General,,,,0,0,Work in progress
ngc-NGC1342,NGC 1342,Open cluster,Perseus,6.7,03:31:40.12,+37:22:45.8,6.3′,0.105,WideField,,,,0,0,Work in progress
ngc-NGC1343,NGC 1343,Galaxy,Cassiopeia,12.37,03:37:49.70,+72:34:16.8,2.38′ × 1.06′,0.03966667,General,,,,0,0,Work in progress
ngc-NGC1345,NGC 1345,Galaxy,Eridanus,13.75,03:29:31.69,-17:46:42.2,1.34′ × 1.1′,0.02233333,General,,,,0,0,Work in progress
ngc-NGC1346,NGC 1346,Galaxy,Eridanus,16.39,03:30:13.27,-05:32:35.9,1.44′ × 0.54′,0.024,General,,,,0,0,Work in progress
ngc-NGC1347,NGC 1347,Galaxy pair,Eridanus,,03:29:41.50,-22:17:06.0,1.8′,0.03,General,,,,0,0,Work in progress
ngc-NGC1348,NGC 1348,Open cluster,Perseus,,03:34:08.49,+51:25:13.9,3.6′,0.06,WideField,,,,0,0,Work in progress
ngc-NGC1349,NGC 1349,Galaxy,Taurus,13.09,03:31:27.50,+04:22:51.0,0.91′ × 0.91′,0.01516667,General,,,,0,0,Work in progress
ngc-NGC1350,NGC 1350,Galaxy,Fornax,10.31,03:31:08.12,-33:37:43.1,5.18′ × 2.6′,0.08633333,General,,,,0,0,Work in progress
ngc-NGC1351,NGC 1351,Galaxy,Fornax,11.46,03:30:34.98,-34:51:14.2,3.4′ × 2.2′,0.05666667,General,,,,0,0,Work in progress
ngc-NGC1352,NGC 1352,Galaxy,Eridanus,13.35,03:31:32.98,-19:16:42.4,1.15′ × 0.75′,0.01916667,General,,,,0,0,Work in progress
ngc-NGC1353,NGC 1353,Galaxy,Eridanus,11.46,03:32:03.02,-20:49:09.0,3.64′ × 1.47′,0.06066667,General,,,,0,0,Work in progress
ngc-NGC1354,NGC 1354,Galaxy,Eridanus,13.46,03:32:29.37,-15:13:16.1,2.62′ × 0.97′,0.04366667,General,,,,0,0,Work in progress
ngc-NGC1355,NGC 1355,Galaxy,Eridanus,13.19,03:33:23.50,-04:59:55.3,1.73′ × 0.31′,0.02883333,General,,,,0,0,Work in progress
ngc-NGC1356,NGC 1356,Galaxy,Horologium,13.14,03:30:40.79,-50:18:34.6,1.17′ × 1.02′,0.0195,General,,,,0,0,Work in progress
ngc-NGC1357,NGC 1357,Galaxy,Eridanus,11.44,03:33:17.08,-13:39:50.9,3.37′ × 2.55′,0.05616667,General,,,,0,0,Work in progress
ngc-NGC1358,NGC 1358,Galaxy,Eridanus,12.78,03:33:39.67,-05:05:21.8,2.13′ × 1.17′,0.0355,General,,,,0,0,Work in progress
ngc-NGC1359,NGC 1359,Galaxy,Eridanus,12.35,03:33:47.71,-19:29:31.4,1.46′ × 1.21′,0.02433333,General,,,,0,0,Work in progress
ngc-NGC1360,NGC 1360,Planetary nebula,Fornax,9.4,03:33:14.65,-25:52:18.2,6.42′,0.107,HighMagnification,,,,0,0,Work in progress
ngc-NGC1361,NGC 1361,Galaxy,Eridanus,14.68,03:34:17.74,-06:15:54.0,1.24′ × 0.84′,0.02066667,General,,,,0,0,Work in progress
ngc-NGC1362,NGC 1362,Galaxy,Eridanus,13.78,03:33:53.08,-20:16:57.5,1.3′ × 1.17′,0.02166667,General,,,,0,0,Work in progress
ngc-NGC1363,NGC 1363,Galaxy,Eridanus,13.96,03:34:49.57,-09:50:32.9,0.9′ × 0.76′,0.015,General,,,,0,0,Work in progress
ngc-NGC1364,NGC 1364,Galaxy,Eridanus,15.38,03:34:58.98,-09:50:19.1,0.57′ × 0.51′,0.0095,General,,,,0,0,Work in progress
ngc-NGC1365,NGC 1365,Galaxy,Fornax,10.1,03:33:36.37,-36:08:25.4,12.02′ × 6.14′,0.20033333,General,,,,0,0,Work in progress
ngc-NGC1366,NGC 1366,Galaxy,Fornax,11.91,03:33:53.68,-31:11:38.8,2.05′ × 0.94′,0.03416667,General,,,,0,0,Work in progress
ngc-NGC1367,NGC 1367,Galaxy,Fornax,10.66,03:35:01.34,-24:55:59.6,4.88′ × 3.26′,0.08133333,General,,,,0,0,Work in progress
ngc-NGC1368,NGC 1368,Galaxy,Eridanus,15.23,03:34:58.90,-15:39:21.3,1.15′ × 0.49′,0.01916667,General,,,,0,0,Work in progress
ngc-NGC1369,NGC 1369,Galaxy,Eridanus,13.69,03:36:45.25,-36:15:22.4,2.22′ × 1.73′,0.037,General,,,,0,0,Work in progress
ngc-NGC1370,NGC 1370,Galaxy,Eridanus,13.54,03:35:14.57,-20:22:25.2,1.49′ × 0.85′,0.02483333,General,,,,0,0,Work in progress
ngc-NGC1372,NGC 1372,Galaxy,Eridanus,15.35,03:36:59.74,-15:52:53.3,0.7′ × 0.65′,0.01166667,General,,,,0,0,Work in progress
ngc-NGC1373,NGC 1373,Galaxy,Fornax,13.26,03:34:59.21,-35:10:16.0,1.2′ × 1.14′,0.02,General,,,,0,0,Work in progress
ngc-NGC1374,NGC 1374,Galaxy,Fornax,11.14,03:35:16.59,-35:13:34.5,2.86′ × 2.65′,0.04766667,General,,,,0,0,Work in progress
ngc-NGC1375,NGC 1375,Galaxy,Fornax,12.39,03:35:16.82,-35:15:56.4,2.28′ × 1′,0.038,General,,,,0,0,Work in progress
ngc-NGC1376,NGC 1376,Galaxy,Eridanus,12.85,03:37:05.92,-05:02:33.9,1.86′ × 1.79′,0.031,General,,,,0,0,Work in progress
ngc-NGC1377,NGC 1377,Galaxy,Eridanus,13.49,03:36:39.08,-20:54:08.1,2.07′ × 0.95′,0.0345,General,,,,0,0,Work in progress
ngc-NGC1378,NGC 1378,Optical double,Fornax,,03:35:58.20,-35:12:40.2,,,HighMagnification,,,,0,0,Work in progress
ngc-NGC1379,NGC 1379,Galaxy,Fornax,11.02,03:36:03.95,-35:26:28.3,2.66′ × 2.55′,0.04433333,General,,,,0,0,Work in progress
ngc-NGC1380,NGC 1380,Galaxy,Fornax,9.94,03:36:27.59,-34:58:34.4,4.58′ × 2.22′,0.07633333,General,,,,0,0,Work in progress
ngc-NGC1381,NGC 1381,Galaxy,Fornax,11.47,03:36:31.68,-35:17:42.7,2.54′ × 0.96′,0.04233333,General,,,,0,0,Work in progress
ngc-NGC1382,NGC 1382,Galaxy,Fornax,12.86,03:37:08.96,-35:11:42.1,1.99′ × 1.36′,0.03316667,General,,,,0,0,Work in progress
ngc-NGC1383,NGC 1383,Galaxy,Eridanus,12.5,03:37:39.24,-18:20:22.1,2′ × 0.82′,0.03333333,General,,,,0,0,Work in progress
ngc-NGC1384,NGC 1384,Galaxy,Taurus,15.55,03:39:13.59,+15:49:10.4,0.76′ × 0.46′,0.01266667,General,,,,0,0,Work in progress
ngc-NGC1385,NGC 1385,Galaxy,Fornax,11.03,03:37:28.85,-24:30:01.1,3.4′ × 2.13′,0.05666667,General,,,,0,0,Work in progress
ngc-NGC1386,NGC 1386,Galaxy,Eridanus,11.86,03:36:46.18,-35:59:57.9,3.59′ × 1.35′,0.05983333,General,,,,0,0,Work in progress
ngc-NGC1387,NGC 1387,Galaxy,Fornax,10.75,03:36:57.06,-35:30:23.9,3.01′ × 2.89′,0.05016667,General,,,,0,0,Work in progress
ngc-NGC1388,NGC 1388,Galaxy,Eridanus,14.84,03:38:12.01,-15:53:57.9,0.85′ × 0.8′,0.01416667,General,,,,0,0,Work in progress
ngc-NGC1389,NGC 1389,Galaxy,Eridanus,11.51,03:37:11.78,-35:44:44.1,2.58′ × 1.43′,0.043,General,,,,0,0,Work in progress
ngc-NGC1390,NGC 1390,Galaxy,Eridanus,14.07,03:37:52.17,-19:00:30.1,1.45′ × 0.51′,0.02416667,General,,,,0,0,Work in progress
ngc-NGC1391,NGC 1391,Galaxy,Eridanus,13.35,03:38:52.96,-18:21:14.8,1.21′ × 0.61′,0.02016667,General,,,,0,0,Work in progress
ngc-NGC1392,NGC 1392,Galaxy,Eridanus,16.95,03:37:47.01,-36:08:50.7,0.3′ × 0.21′,0.005,General,,,,0,0,Work in progress
ngc-NGC1393,NGC 1393,Galaxy,Eridanus,12.06,03:38:38.58,-18:25:40.7,1.88′ × 1.22′,0.03133333,General,,,,0,0,Work in progress
ngc-NGC1394,NGC 1394,Galaxy,Eridanus,12.82,03:39:06.92,-18:17:32.2,1.51′ × 0.59′,0.02516667,General,,,,0,0,Work in progress
ngc-NGC1395,NGC 1395,Galaxy,Eridanus,9.65,03:38:29.75,-23:01:39.1,4.71′ × 3.97′,0.0785,General,,,,0,0,Work in progress
ngc-NGC1396,NGC 1396,Galaxy,Fornax,14.88,03:38:06.54,-35:26:24.4,0.92′ × 0.54′,0.01533333,General,,,,0,0,Work in progress
ngc-NGC1397,NGC 1397,Galaxy,Eridanus,14.7,03:39:47.15,-04:40:12.4,0.96′ × 0.68′,0.016,General,,,,0,0,Work in progress
ngc-NGC1398,NGC 1398,Galaxy,Fornax,9.55,03:38:52.13,-26:20:16.2,6.95′ × 4.91′,0.11583333,General,,,,0,0,Work in progress
ngc-NGC1399,NGC 1399,Galaxy,Fornax,9.4,03:38:29.03,-35:27:02.4,8.51′ × 7.69′,0.14183333,General,,,,0,0,Work in progress
ngc-NGC1400,NGC 1400,Galaxy,Eridanus,11.06,03:39:30.84,-18:41:17.1,2.81′ × 2.52′,0.04683333,General,,,,0,0,Work in progress
ngc-NGC1401,NGC 1401,Galaxy,Eridanus,12.29,03:39:21.85,-22:43:28.9,2.45′ × 0.9′,0.04083333,General,,,,0,0,Work in progress
ngc-NGC1402,NGC 1402,Galaxy,Eridanus,13.54,03:39:30.57,-18:31:37.0,0.87′ × 0.83′,0.0145,General,,,,0,0,Work in progress
ngc-NGC1403,NGC 1403,Galaxy,Eridanus,12.74,03:39:10.84,-22:23:19.5,1.52′ × 1.34′,0.02533333,General,,,,0,0,Work in progress
ngc-NGC1404,NGC 1404,Galaxy,Eridanus,9.93,03:38:51.92,-35:35:39.8,5.01′ × 4.38′,0.0835,General,,,,0,0,Work in progress
ngc-NGC1405,NGC 1405,Galaxy,Eridanus,15.03,03:40:18.93,-15:31:48.7,1.6′ × 0.45′,0.02666667,General,,,,0,0,Work in progress
ngc-NGC1406,NGC 1406,Galaxy,Fornax,11.82,03:39:23.30,-31:19:17.1,4.5′ × 0.9′,0.075,General,,,,0,0,Work in progress
ngc-NGC1407,NGC 1407,Galaxy,Eridanus,9.65,03:40:11.86,-18:34:48.4,5.73′ × 5.27′,0.0955,General,,,,0,0,Work in progress
ngc-NGC1408,NGC 1408,Optical double,Fornax,,03:39:17.28,-35:30:03.0,,,HighMagnification,,,,0,0,Work in progress
ngc-NGC1409,NGC 1409,Galaxy,Taurus,14.76,03:41:10.43,-01:18:09.2,0.82′ × 0.64′,0.01366667,General,,,,0,0,Work in progress
ngc-NGC1410,NGC 1410,Galaxy,Taurus,15.22,03:41:10.75,-01:17:55.6,1.17′ × 0.62′,0.0195,General,,,,0,0,Work in progress
ngc-NGC1411,NGC 1411,Galaxy,Horologium,11.19,03:38:44.87,-44:06:02.2,2.45′ × 1.76′,0.04083333,General,,,,0,0,Work in progress
ngc-NGC1412,NGC 1412,Galaxy,Fornax,13.13,03:40:29.37,-26:51:44.1,1.06′ × 0.45′,0.01766667,General,,,,0,0,Work in progress
ngc-NGC1413,NGC 1413,Galaxy,Eridanus,15.23,03:40:11.55,-15:36:38.8,0.9′ × 0.77′,0.015,General,,,,0,0,Work in progress
ngc-NGC1414,NGC 1414,Galaxy,Eridanus,14.67,03:40:57.04,-21:42:47.3,1.71′ × 0.36′,0.0285,General,,,,0,0,Work in progress
ngc-NGC1415,NGC 1415,Galaxy,Eridanus,11.53,03:40:56.86,-22:33:52.1,3.74′ × 1.51′,0.06233333,General,,,,0,0,Work in progress
ngc-NGC1416,NGC 1416,Galaxy,Eridanus,14.18,03:41:02.89,-22:43:08.8,1.5′ × 1.01′,0.025,General,,,,0,0,Work in progress
ngc-NGC1417,NGC 1417,Galaxy,Eridanus,12.08,03:41:57.42,-04:42:17.5,2.52′ × 1.35′,0.042,General,,,,0,0,Work in progress
ngc-NGC1418,NGC 1418,Galaxy,Eridanus,13.73,03:42:16.16,-04:43:50.7,1.14′ × 0.65′,0.019,General,,,,0,0,Work in progress
ngc-NGC1419,NGC 1419,Galaxy,Eridanus,12.61,03:40:42.11,-37:30:39.0,1.48′ × 1.32′,0.02466667,General,,,,0,0,Work in progress
ngc-NGC1420,NGC 1420,Unclassified object,Eridanus,,03:42:39.84,-05:51:09.2,,,General,,,,0,0,Work in progress
ngc-NGC1421,NGC 1421,Galaxy,Eridanus,11.52,03:42:29.28,-13:29:16.9,3.55′ × 0.75′,0.05916667,General,,,,0,0,Work in progress
ngc-NGC1422,NGC 1422,Galaxy,Eridanus,14.05,03:41:31.07,-21:40:53.5,2.51′ × 0.61′,0.04183333,General,,,,0,0,Work in progress
ngc-NGC1423,NGC 1423,Galaxy,Eridanus,14.79,03:42:40.10,-06:22:54.6,1′ × 0.66′,0.01666667,General,,,,0,0,Work in progress
ngc-NGC1424,NGC 1424,Galaxy,Eridanus,13.8,03:43:14.04,-04:43:48.3,1.39′ × 0.49′,0.02316667,General,,,,0,0,Work in progress
ngc-NGC1425,NGC 1425,Galaxy,Fornax,10.7,03:42:11.47,-29:53:36.0,4.91′ × 2.15′,0.08183333,General,,,,0,0,Work in progress
ngc-NGC1426,NGC 1426,Galaxy,Eridanus,11.47,03:42:49.11,-22:06:30.1,2.86′ × 1.92′,0.04766667,General,,,,0,0,Work in progress
ngc-NGC1427,NGC 1427,Galaxy,Fornax,10.88,03:42:19.42,-35:23:33.2,4.33′ × 2.87′,0.07216667,General,,,,0,0,Work in progress
ngc-NGC1428,NGC 1428,Galaxy,Fornax,13.84,03:42:22.73,-35:09:14.4,1.48′ × 0.73′,0.02466667,General,,,,0,0,Work in progress
ngc-NGC1429,NGC 1429,Unclassified object,Eridanus,,03:44:04.12,-04:43:05.2,,,General,,,,0,0,Work in progress
ngc-NGC1430,NGC 1430,Star,Eridanus,,03:43:25.22,-18:13:30.3,,,HighMagnification,,,,0,0,Work in progress
ngc-NGC1431,NGC 1431,Galaxy,Taurus,15.58,03:44:40.80,+02:50:05.8,0.91′ × 0.67′,0.01516667,General,,,,0,0,Work in progress
ngc-NGC1432,Maia Nebula,H II region nebula,Taurus,,03:45:49.59,+24:22:04.3,60′ × 40′,1,WideField,,,,0,0,Work in progress
ngc-NGC1433,NGC 1433,Galaxy,Horologium,9.95,03:42:01.55,-47:13:19.5,6.19′ × 2.96′,0.10316667,General,,,,0,0,Work in progress
ngc-NGC1434,NGC 1434,Galaxy,Eridanus,15.36,03:46:12.87,-09:40:57.4,0.79′ × 0.48′,0.01316667,General,,,,0,0,Work in progress
ngc-NGC1435,Merope Nebula,Nebula,Taurus,,03:46:10.09,+23:45:53.9,30′ × 30′,0.5,General,,,,0,0,Work in progress
ngc-NGC1436,NGC 1436,Galaxy,Eridanus,11.69,03:43:37.08,-35:51:10.9,2.97′ × 2.08′,0.0495,General,,,,0,0,Work in progress
ngc-NGC1438,NGC 1438,Galaxy,Eridanus,12.44,03:45:17.23,-23:00:08.9,2.04′ × 0.93′,0.034,General,,,,0,0,Work in progress
ngc-NGC1439,NGC 1439,Galaxy,Eridanus,11.39,03:44:49.95,-21:55:14.0,2.96′ × 2.83′,0.04933333,General,,,,0,0,Work in progress
ngc-NGC1440,NGC 1440,Galaxy,Eridanus,11.63,03:45:02.91,-18:15:57.7,2.62′ × 1.99′,0.04366667,General,,,,0,0,Work in progress
ngc-NGC1441,NGC 1441,Galaxy,Eridanus,12.93,03:45:43.12,-04:05:29.7,1.85′ × 0.65′,0.03083333,General,,,,0,0,Work in progress
ngc-NGC1443,NGC 1443,Star,Eridanus,,03:45:53.04,-04:03:09.8,,,HighMagnification,,,,0,0,Work in progress
ngc-NGC1444,NGC 1444,Open cluster,Perseus,6.6,03:49:28.88,+52:39:19.2,3.6′,0.06,WideField,,,,0,0,Work in progress
ngc-NGC1445,NGC 1445,Galaxy,Eridanus,15.02,03:44:56.22,-09:51:21.1,0.77′ × 0.62′,0.01283333,General,,,,0,0,Work in progress
ngc-NGC1446,NGC 1446,Star,Eridanus,13.5,03:45:57.46,-04:06:43.8,,,HighMagnification,,,,0,0,Work in progress
ngc-NGC1447,NGC 1447,Galaxy,Eridanus,16.02,03:45:47.15,-09:01:07.3,0.86′ × 0.58′,0.01433333,General,,,,0,0,Work in progress
ngc-NGC1448,NGC 1448,Galaxy,Horologium,10.94,03:44:31.92,-44:38:41.4,8.02′ × 1.53′,0.13366667,General,,,,0,0,Work in progress
ngc-NGC1449,NGC 1449,Galaxy,Eridanus,13.47,03:46:03.07,-04:08:17.2,0.9′ × 0.52′,0.015,General,,,,0,0,Work in progress
ngc-NGC1450,NGC 1450,Galaxy,Eridanus,15.22,03:45:36.64,-09:14:05.5,0.91′ × 0.73′,0.01516667,General,,,,0,0,Work in progress
ngc-NGC1451,NGC 1451,Galaxy,Eridanus,13.34,03:46:07.16,-04:04:09.1,0.81′ × 0.65′,0.0135,General,,,,0,0,Work in progress
ngc-NGC1452,NGC 1452,Galaxy,Eridanus,11.84,03:45:22.31,-18:38:01.1,2.39′ × 1.76′,0.03983333,General,,,,0,0,Work in progress
ngc-NGC1453,NGC 1453,Galaxy,Eridanus,11.41,03:46:27.25,-03:58:07.6,2.46′ × 1.87′,0.041,General,,,,0,0,Work in progress
ngc-NGC1454,NGC 1454,Star,Eridanus,,03:45:59.34,-20:39:08.3,,,HighMagnification,,,,0,0,Work in progress
ngc-NGC1456,NGC 1456,Optical double,Taurus,10.96,03:48:08.25,+22:33:31.0,,,HighMagnification,,,,0,0,Work in progress
ngc-NGC1458,NGC 1458,Unclassified object,Eridanus,,03:46:58.31,-18:14:28.1,,,General,,,,0,0,Work in progress
ngc-NGC1459,NGC 1459,Galaxy,Fornax,13.68,03:46:57.94,-25:31:18.3,1.82′ × 1.19′,0.03033333,General,,,,0,0,Work in progress
ngc-NGC1460,NGC 1460,Galaxy,Eridanus,13.53,03:46:13.74,-36:41:46.8,1.92′ × 1.62′,0.032,General,,,,0,0,Work in progress
ngc-NGC1461,NGC 1461,Galaxy,Eridanus,11.81,03:48:27.14,-16:23:34.4,2.9′ × 0.85′,0.04833333,General,,,,0,0,Work in progress
ngc-NGC1462,NGC 1462,Galaxy,Taurus,15.23,03:50:23.43,+06:58:23.0,0.86′ × 0.49′,0.01433333,General,,,,0,0,Work in progress
ngc-NGC1463,NGC 1463,Galaxy,Reticulum,13.47,03:46:15.42,-59:48:36.5,1.26′ × 1.09′,0.021,General,,,,0,0,Work in progress
ngc-NGC1464,NGC 1464,Galaxy,Eridanus,14.73,03:51:24.52,-15:24:08.1,0.81′ × 0.59′,0.0135,General,,,,0,0,Work in progress
ngc-NGC1465,NGC 1465,Galaxy,Perseus,14.79,03:53:31.91,+32:29:34.1,2.01′ × 0.44′,0.0335,General,,,,0,0,Work in progress
ngc-NGC1466,NGC 1466,Globular cluster,Hydrus,11.59,03:44:33.35,-71:40:17.7,3.5′ × 3.5′,0.05833333,General,,,,0,0,Work in progress
ngc-NGC1467,NGC 1467,Galaxy,Eridanus,15.24,03:51:52.80,-08:50:17.5,1.23′ × 0.67′,0.0205,General,,,,0,0,Work in progress
ngc-NGC1468,NGC 1468,Galaxy,Eridanus,14.99,03:52:12.58,-06:20:56.2,1.22′ × 0.85′,0.02033333,General,,,,0,0,Work in progress
ngc-NGC1469,NGC 1469,Galaxy,Camelopardalis,14.45,04:00:27.77,+68:34:39.8,2.17′ × 1.22′,0.03616667,General,,,,0,0,Work in progress
ngc-NGC1470,NGC 1470,Galaxy,Eridanus,14.62,03:52:09.84,-08:59:57.7,1.61′ × 0.39′,0.02683333,General,,,,0,0,Work in progress
ngc-NGC1472,NGC 1472,Galaxy,Eridanus,16.03,03:53:47.35,-08:34:06.5,0.68′ × 0.62′,0.01133333,General,,,,0,0,Work in progress
ngc-NGC1473,NGC 1473,Galaxy,Hydrus,12.91,03:47:26.30,-68:13:14.1,1.53′ × 0.82′,0.0255,General,,,,0,0,Work in progress
ngc-NGC1474,NGC 1474,Galaxy,Taurus,13.76,03:54:30.35,+10:42:25.2,1.04′ × 0.7′,0.01733333,General,,,,0,0,Work in progress
ngc-NGC1475,NGC 1475,Galaxy,Eridanus,16.41,03:53:49.83,-08:08:15.0,0.65′ × 0.59′,0.01083333,General,,,,0,0,Work in progress
ngc-NGC1476,NGC 1476,Galaxy,Horologium,13.82,03:52:08.79,-44:31:56.9,1.5′ × 0.54′,0.025,General,,,,0,0,Work in progress
ngc-NGC1477,NGC 1477,Galaxy,Eridanus,16.16,03:54:02.88,-08:34:29.9,0.77′ × 0.68′,0.01283333,General,,,,0,0,Work in progress
ngc-NGC1478,NGC 1478,Galaxy,Eridanus,16.23,03:54:07.34,-08:33:19.5,0.64′ × 0.44′,0.01066667,General,,,,0,0,Work in progress
ngc-NGC1479,NGC 1479,Unclassified object,Eridanus,,03:54:20.44,-10:12:31.0,,,General,,,,0,0,Work in progress
ngc-NGC1480,NGC 1480,Unclassified object,Eridanus,,03:54:32.38,-10:15:31.8,,,General,,,,0,0,Work in progress
ngc-NGC1481,NGC 1481,Galaxy,Eridanus,14.56,03:54:28.96,-20:25:37.8,1.04′ × 0.78′,0.01733333,General,,,,0,0,Work in progress
ngc-NGC1482,NGC 1482,Galaxy,Eridanus,12.14,03:54:38.96,-20:30:09.6,2.46′ × 1.43′,0.041,General,,,,0,0,Work in progress
ngc-NGC1483,NGC 1483,Galaxy,Horologium,12.76,03:52:47.64,-47:28:39.1,1.87′ × 1.51′,0.03116667,General,,,,0,0,Work in progress
ngc-NGC1484,NGC 1484,Galaxy,Eridanus,13.71,03:54:20.13,-36:58:08.0,2.73′ × 0.68′,0.0455,General,,,,0,0,Work in progress
ngc-NGC1485,NGC 1485,Galaxy,Camelopardalis,12.37,04:05:03.94,+70:59:47.5,2.23′ × 0.69′,0.03716667,General,,,,0,0,Work in progress
ngc-NGC1486,NGC 1486,Galaxy,Eridanus,15.17,03:56:18.70,-21:49:16.1,0.91′ × 0.62′,0.01516667,General,,,,0,0,Work in progress
ngc-NGC1487,NGC 1487,Galaxy pair,Eridanus,,03:55:46.10,-42:22:05.0,4.4′,0.07333333,General,,,,0,0,Work in progress
ngc-NGC1488,NGC 1488,Optical double,Taurus,,04:00:04.33,+18:34:02.3,,,HighMagnification,,,,0,0,Work in progress
ngc-NGC1489,NGC 1489,Galaxy,Eridanus,13.8,03:57:38.10,-19:12:59.9,1.69′ × 0.6′,0.02816667,General,,,,0,0,Work in progress
ngc-NGC1490,NGC 1490,Galaxy,Reticulum,13.64,03:53:34.22,-66:01:05.0,1.39′ × 1.19′,0.02316667,General,,,,0,0,Work in progress
ngc-NGC1491,NGC 1491,H II region nebula,Perseus,,04:03:13.56,+51:18:57.9,9′ × 6′,0.15,General,,,,0,0,Work in progress
ngc-NGC1492,NGC 1492,Galaxy,Eridanus,14.29,03:58:13.13,-35:26:46.9,0.77′ × 0.61′,0.01283333,General,,,,0,0,Work in progress
ngc-NGC1493,NGC 1493,Galaxy,Horologium,11.44,03:57:27.43,-46:12:38.5,3.44′ × 3.18′,0.05733333,General,,,,0,0,Work in progress
ngc-NGC1494,NGC 1494,Galaxy,Horologium,11.95,03:57:42.90,-48:54:29.1,3.51′ × 1.86′,0.0585,General,,,,0,0,Work in progress
ngc-NGC1495,NGC 1495,Galaxy,Horologium,12.64,03:58:21.82,-44:27:58.5,2.22′ × 0.48′,0.037,General,,,,0,0,Work in progress
ngc-NGC1496,NGC 1496,Open cluster,Perseus,9.6,04:04:31.89,+52:39:41.0,2.1′,0.035,WideField,,,,0,0,Work in progress
ngc-NGC1497,NGC 1497,Galaxy,Taurus,14.58,04:02:06.82,+23:07:58.5,1.23′ × 0.65′,0.0205,General,,,,0,0,Work in progress
ngc-NGC1498,NGC 1498,Open cluster,Eridanus,,04:00:19.30,-12:01:11.0,,,WideField,,,,0,0,Work in progress
ngc-NGC1499,California Nebula,Nebula,Perseus,5,04:03:14.42,+36:22:02.9,160′ × 40′,2.66666667,WideField,,,,0,0,Work in progress
ngc-NGC1500,NGC 1500,Galaxy,Dorado,14.84,03:58:13.97,-52:19:41.4,1.49′ × 1.13′,0.02483333,General,,,,0,0,Work in progress
ngc-NGC1501,NGC 1501,Planetary nebula,Camelopardalis,11.5,04:06:59.37,+60:55:14.5,0.87′,0.0145,HighMagnification,,,,0,0,Work in progress
ngc-NGC1502,NGC 1502,Open cluster,Camelopardalis,6.9,04:07:49.30,+62:19:53.5,10.2′,0.17,WideField,,,,0,0,Work in progress
ngc-NGC1503,NGC 1503,Galaxy,Reticulum,14.41,03:56:33.24,-66:02:26.4,0.96′ × 0.74′,0.016,General,,,,0,0,Work in progress
ngc-NGC1504,NGC 1504,Galaxy,Eridanus,15.51,04:02:29.70,-09:20:07.4,0.79′ × 0.7′,0.01316667,General,,,,0,0,Work in progress
ngc-NGC1505,NGC 1505,Galaxy,Eridanus,14.74,04:02:36.40,-09:19:20.7,1.2′ × 0.86′,0.02,General,,,,0,0,Work in progress
ngc-NGC1506,NGC 1506,Galaxy,Dorado,13.22,04:00:21.57,-52:34:25.4,1.59′ × 0.98′,0.0265,General,,,,0,0,Work in progress
ngc-NGC1507,NGC 1507,Galaxy,Eridanus,12.41,04:04:27.21,-02:11:18.9,3.78′ × 0.79′,0.063,General,,,,0,0,Work in progress
ngc-NGC1508,NGC 1508,Galaxy,Taurus,15.22,04:05:47.64,+25:24:30.5,0.6′ × 0.44′,0.01,General,,,,0,0,Work in progress
ngc-NGC1509,NGC 1509,Galaxy,Eridanus,14.6,04:03:55.20,-11:10:44.5,0.79′ × 0.63′,0.01316667,General,,,,0,0,Work in progress
ngc-NGC1510,NGC 1510,Galaxy,Horologium,13.02,04:03:32.64,-43:24:00.4,1.32′ × 1.13′,0.022,General,,,,0,0,Work in progress
ngc-NGC1511,NGC 1511,Galaxy,Hydrus,11.3,03:59:36.98,-67:38:03.3,3.66′ × 1.47′,0.061,General,,,,0,0,Work in progress
ngc-NGC1512,NGC 1512,Galaxy,Horologium,10.37,04:03:54.28,-43:20:55.9,8.43′ × 4.02′,0.1405,General,,,,0,0,Work in progress
ngc-NGC1513,NGC 1513,Open cluster,Perseus,8.4,04:09:54.70,+49:31:02.2,5.1′,0.085,WideField,,,,0,0,Work in progress
ngc-NGC1514,NGC 1514,Planetary nebula,Taurus,10.19,04:09:16.95,+30:46:33.3,2.2′,0.03666667,HighMagnification,,,,0,0,Work in progress
ngc-NGC1515,NGC 1515,Galaxy,Dorado,10.99,04:04:02.72,-54:06:00.2,5.5′ × 1.26′,0.09166667,General,,,,0,0,Work in progress
ngc-NGC1516,NGC 1516,Galaxy pair,Eridanus,,04:08:07.7,-08:49:53,1.66′,0.02766667,General,,,,0,0,Work in progress
ngc-NGC1517,NGC 1517,Galaxy,Taurus,14.25,04:09:11.93,+08:38:55.7,0.97′ × 0.81′,0.01616667,General,,,,0,0,Work in progress
ngc-NGC1518,NGC 1518,Galaxy,Eridanus,11.79,04:06:49.72,-21:10:21.5,3.47′ × 1.3′,0.05783333,General,,,,0,0,Work in progress
ngc-NGC1519,NGC 1519,Galaxy,Eridanus,12.96,04:08:07.60,-17:11:34.4,2.47′ × 0.9′,0.04116667,General,,,,0,0,Work in progress
ngc-NGC1520,NGC 1520,Open cluster,Mensa,,03:57:30.97,-76:50:02.2,5.4′,0.09,WideField,,,,0,0,Work in progress
ngc-NGC1521,NGC 1521,Galaxy,Eridanus,11.57,04:08:18.93,-21:03:07.1,3.25′ × 2.02′,0.05416667,General,,,,0,0,Work in progress
ngc-NGC1522,NGC 1522,Galaxy,Dorado,13.6,04:06:07.92,-52:40:06.3,1.22′ × 0.87′,0.02033333,General,,,,0,0,Work in progress
ngc-NGC1523,NGC 1523,Unclassified object,Dorado,,04:06:11.02,-54:05:17.9,,,General,,,,0,0,Work in progress
ngc-NGC1524,NGC 1524,Galaxy,Eridanus,14.08,04:08:07.4,-08:49:45,0.9′ × 0.55′,0.015,General,,,,0,0,Work in progress
ngc-NGC1525,NGC 1525,Galaxy,Eridanus,15,04:08:08.31,-08:50:08.6,1.26′ × 1.26′,0.021,General,,,,0,0,Work in progress
ngc-NGC1526,NGC 1526,Galaxy,Reticulum,14.6,04:05:12.30,-65:50:23.3,0.86′ × 0.56′,0.01433333,General,,,,0,0,Work in progress
ngc-NGC1527,NGC 1527,Galaxy,Horologium,10.8,04:08:24.14,-47:53:49.3,4.58′ × 1.79′,0.07633333,General,,,,0,0,Work in progress
ngc-NGC1528,NGC 1528,Open cluster,Perseus,6.4,04:15:18.87,+51:12:41.3,9.6′,0.16,WideField,,,,0,0,Work in progress
ngc-NGC1529,NGC 1529,Galaxy,Reticulum,14.4,04:07:19.88,-62:53:57.5,0.71′ × 0.33′,0.01183333,General,,,,0,0,Work in progress
ngc-NGC1530,NGC 1530,Galaxy,Camelopardalis,11.7,04:23:27.10,+75:17:44.1,1.82′ × 1.04′,0.03033333,General,,,,0,0,Work in progress
ngc-NGC1531,NGC 1531,Galaxy,Eridanus,12.13,04:11:59.32,-32:51:02.9,1.5′ × 0.9′,0.025,General,,,,0,0,Work in progress
ngc-NGC1532,NGC 1532,Galaxy,Eridanus,10.13,04:12:04.33,-32:52:27.2,11.27′ × 3.09′,0.18783333,General,,,,0,0,Work in progress
ngc-NGC1533,NGC 1533,Galaxy,Dorado,10.65,04:09:51.84,-56:07:06.4,3.27′ × 2.04′,0.0545,General,,,,0,0,Work in progress
ngc-NGC1534,NGC 1534,Galaxy,Reticulum,13.77,04:08:46.07,-62:47:51.3,1.66′ × 1.04′,0.02766667,General,,,,0,0,Work in progress
ngc-NGC1535,NGC 1535,Planetary nebula,Eridanus,9.6,04:14:15.77,-12:44:21.8,0.85′,0.01416667,HighMagnification,,,,0,0,Work in progress
ngc-NGC1536,NGC 1536,Galaxy,Reticulum,12.9,04:10:59.86,-56:28:49.6,1.67′ × 1.21′,0.02783333,General,,,,0,0,Work in progress
ngc-NGC1537,NGC 1537,Galaxy,Eridanus,10.72,04:13:40.71,-31:38:43.5,4.35′ × 2.76′,0.0725,General,,,,0,0,Work in progress
ngc-NGC1538,NGC 1538,Galaxy,Eridanus,15.98,04:14:56.08,-13:11:30.2,0.66′ × 0.45′,0.011,General,,,,0,0,Work in progress
ngc-NGC1539,NGC 1539,Galaxy,Taurus,15.45,04:19:01.96,+26:49:39.0,0.97′ × 0.74′,0.01616667,General,,,,0,0,Work in progress
ngc-NGC1540,NGC 1540,Galaxy,Eridanus,15.05,04:15:10.66,-28:29:18.5,0.77′ × 0.49′,0.01283333,General,,,,0,0,Work in progress
ngc-NGC1541,NGC 1541,Galaxy,Taurus,13.53,04:17:00.23,+00:50:06.7,1.38′ × 0.49′,0.023,General,,,,0,0,Work in progress
ngc-NGC1542,NGC 1542,Galaxy,Taurus,13.89,04:17:14.18,+04:46:53.9,1.22′ × 0.4′,0.02033333,General,,,,0,0,Work in progress
ngc-NGC1543,NGC 1543,Galaxy,Reticulum,10.17,04:12:43.25,-57:44:16.7,3.66′ × 0.86′,0.061,General,,,,0,0,Work in progress
ngc-NGC1544,NGC 1544,Galaxy,Cepheus,14.07,05:02:36.15,+86:13:20.4,1.13′ × 0.87′,0.01883333,General,,,,0,0,Work in progress
ngc-NGC1545,NGC 1545,Open cluster,Perseus,6.2,04:20:56.26,+50:15:19.2,4.2′,0.07,WideField,,,,0,0,Work in progress
ngc-NGC1546,NGC 1546,Galaxy,Dorado,11.35,04:14:36.54,-56:03:38.9,3.72′ × 2.5′,0.062,General,,,,0,0,Work in progress
ngc-NGC1547,NGC 1547,Galaxy,Eridanus,14.39,04:17:12.41,-17:51:26.9,1.4′ × 0.58′,0.02333333,General,,,,0,0,Work in progress
ngc-NGC1548,NGC 1548,Open cluster,Perseus,,04:21:19.10,+36:54:58.8,3.6′,0.06,WideField,,,,0,0,Work in progress
ngc-NGC1549,NGC 1549,Galaxy,Dorado,9.75,04:15:45.13,-55:35:32.1,5.09′ × 4.35′,0.08483333,General,,,,0,0,Work in progress
ngc-NGC1550,NGC 1550,Galaxy,Taurus,12.08,04:19:37.93,+02:24:34.1,1.73′ × 1.54′,0.02883333,General,,,,0,0,Work in progress
ngc-NGC1552,NGC 1552,Galaxy,Eridanus,14.35,04:20:17.68,-00:41:33.8,1.79′ × 1.29′,0.02983333,General,,,,0,0,Work in progress
ngc-NGC1553,NGC 1553,Galaxy,Dorado,9.31,04:16:10.47,-55:46:48.5,6.25′ × 4.29′,0.10416667,General,,,,0,0,Work in progress
ngc-NGC1554,NGC 1554,Star,Taurus,,04:21:43.55,+19:31:14.1,,,HighMagnification,,,,0,0,Work in progress
ngc-NGC1555,Hind's Nebula,Reflection nebula,Taurus,9.98,04:21:59.43,+19:32:06.6,1.82′ × 1.35′,0.03033333,General,,,,0,0,Work in progress
ngc-NGC1556,NGC 1556,Galaxy,Dorado,13.06,04:17:44.83,-50:09:52.0,1.53′ × 0.58′,0.0255,General,,,,0,0,Work in progress
ngc-NGC1557,NGC 1557,Open cluster,Hydrus,,04:13:11.17,-70:25:29.8,7.2′,0.12,WideField,,,,0,0,Work in progress
ngc-NGC1558,NGC 1558,Galaxy,Caelum,13.29,04:20:16.18,-45:01:53.3,3.05′ × 0.95′,0.05083333,General,,,,0,0,Work in progress
ngc-NGC1559,NGC 1559,Galaxy,Reticulum,10.6,04:17:35.77,-62:47:01.2,4.19′ × 2.18′,0.06983333,General,,,,0,0,Work in progress
ngc-NGC1560,NGC 1560,Galaxy,Camelopardalis,11.5,04:32:49.09,+71:52:59.2,8.3′ × 1.68′,0.13833333,General,,,,0,0,Work in progress
ngc-NGC1561,NGC 1561,Galaxy,Eridanus,14.81,04:23:01.08,-15:50:44.4,1.37′ × 0.78′,0.02283333,General,,,,0,0,Work in progress
ngc-NGC1562,NGC 1562,Galaxy,Eridanus,15.18,04:21:47.62,-15:45:19.6,0.92′ × 0.69′,0.01533333,General,,,,0,0,Work in progress
ngc-NGC1563,NGC 1563,Galaxy,Eridanus,15.65,04:22:53.95,-15:43:57.5,0.49′ × 0.44′,0.00816667,General,,,,0,0,Work in progress
ngc-NGC1564,NGC 1564,Galaxy,Eridanus,15.62,04:23:00.95,-15:44:19.9,0.73′ × 0.56′,0.01216667,General,,,,0,0,Work in progress
ngc-NGC1565,NGC 1565,Galaxy,Eridanus,14.69,04:23:23.45,-15:44:39.6,1.02′ × 0.89′,0.017,General,,,,0,0,Work in progress
ngc-NGC1566,NGC 1566,Galaxy,Dorado,9.73,04:20:00.42,-54:56:16.1,7.23′ × 5′,0.1205,General,,,,0,0,Work in progress
ngc-NGC1567,NGC 1567,Galaxy,Caelum,13.46,04:21:08.75,-48:15:17.2,1.53′ × 1.31′,0.0255,General,,,,0,0,Work in progress
ngc-NGC1568,NGC 1568,Galaxy,Eridanus,14.82,04:24:25.34,-00:44:46.4,1.46′ × 0.99′,0.02433333,General,,,,0,0,Work in progress
ngc-NGC1569,NGC 1569,Galaxy,Camelopardalis,11.11,04:30:49.06,+64:50:52.6,3.91′ × 2.16′,0.06516667,General,,,,0,0,Work in progress
ngc-NGC1570,NGC 1570,Galaxy,Caelum,14,04:22:08.94,-43:37:46.4,2.15′ × 1.36′,0.03583333,General,,,,0,0,Work in progress
ngc-NGC1572,NGC 1572,Galaxy,Caelum,12.47,04:22:42.81,-40:36:03.3,1.37′ × 0.93′,0.02283333,General,,,,0,0,Work in progress
ngc-NGC1573,NGC 1573,Galaxy,Camelopardalis,11.79,04:35:03.99,+73:15:44.7,1.95′ × 1.32′,0.0325,General,,,,0,0,Work in progress
ngc-NGC1574,NGC 1574,Galaxy,Reticulum,10.24,04:21:58.82,-56:58:29.1,4.13′ × 2.32′,0.06883333,General,,,,0,0,Work in progress
ngc-NGC1575,NGC 1575,Galaxy,Eridanus,13.43,04:26:20.55,-10:05:54.4,1.52′ × 1.16′,0.02533333,General,,,,0,0,Work in progress
ngc-NGC1576,NGC 1576,Galaxy,Eridanus,14.34,04:26:18.82,-03:37:15.9,1.49′ × 0.88′,0.02483333,General,,,,0,0,Work in progress
ngc-NGC1578,NGC 1578,Galaxy,Dorado,13.11,04:23:46.65,-51:35:58.0,1.21′ × 0.89′,0.02016667,General,,,,0,0,Work in progress
ngc-NGC1579,NGC 1579,Nebula with cluster,Perseus,,04:30:13.80,+35:16:10.0,10.2′,0.17,General,,,,0,0,Work in progress
ngc-NGC1580,NGC 1580,Galaxy,Eridanus,14.35,04:28:18.48,-05:10:43.6,1.03′ × 0.66′,0.01716667,General,,,,0,0,Work in progress
ngc-NGC1581,NGC 1581,Galaxy,Dorado,12.8,04:24:44.96,-54:56:31.2,2.08′ × 0.81′,0.03466667,General,,,,0,0,Work in progress
ngc-NGC1582,NGC 1582,Open cluster,Perseus,7,04:31:46.79,+43:47:05.4,7.8′,0.13,WideField,,,,0,0,Work in progress
ngc-NGC1583,NGC 1583,Galaxy,Eridanus,14.69,04:28:20.73,-17:35:43.6,1.04′ × 0.9′,0.01733333,General,,,,0,0,Work in progress
ngc-NGC1584,NGC 1584,Galaxy,Eridanus,14.98,04:28:10.26,-17:31:24.1,0.95′ × 0.76′,0.01583333,General,,,,0,0,Work in progress
ngc-NGC1585,NGC 1585,Galaxy,Caelum,14.23,04:27:33.01,-42:09:54.8,0.85′ × 0.63′,0.01416667,General,,,,0,0,Work in progress
ngc-NGC1586,NGC 1586,Galaxy,Eridanus,14.21,04:30:38.23,-00:18:15.0,1.68′ × 0.85′,0.028,General,,,,0,0,Work in progress
ngc-NGC1587,NGC 1587,Galaxy,Taurus,11.7,04:30:39.94,+00:39:41.7,2.08′ × 1.48′,0.03466667,General,,,,0,0,Work in progress
ngc-NGC1588,NGC 1588,Galaxy,Taurus,12.91,04:30:43.77,+00:39:53.0,1.26′ × 0.7′,0.021,General,,,,0,0,Work in progress
ngc-NGC1589,NGC 1589,Galaxy,Taurus,11.81,04:30:45.44,+00:51:49.2,3.06′ × 0.98′,0.051,General,,,,0,0,Work in progress
ngc-NGC1590,NGC 1590,Galaxy,Taurus,13.69,04:31:10.22,+07:37:51.2,0.9′ × 0.8′,0.015,General,,,,0,0,Work in progress
ngc-NGC1591,NGC 1591,Galaxy,Eridanus,13.69,04:29:30.55,-26:42:47.2,1.39′ × 0.83′,0.02316667,General,,,,0,0,Work in progress
ngc-NGC1592,NGC 1592,Galaxy,Eridanus,14.09,04:29:40.13,-27:24:30.7,1.02′ × 0.61′,0.017,General,,,,0,0,Work in progress
ngc-NGC1593,NGC 1593,Galaxy,Taurus,14.74,04:32:06.12,+00:34:02.5,1.36′ × 0.57′,0.02266667,General,,,,0,0,Work in progress
ngc-NGC1594,NGC 1594,Galaxy,Eridanus,13.73,04:30:51.59,-05:47:53.8,1.67′ × 1.18′,0.02783333,General,,,,0,0,Work in progress
ngc-NGC1595,NGC 1595,Galaxy,Caelum,12.71,04:28:21.76,-47:48:57.2,1.5′ × 1.09′,0.025,General,,,,0,0,Work in progress
ngc-NGC1596,NGC 1596,Galaxy,Dorado,11.14,04:27:38.11,-55:01:40.1,3.87′ × 1.02′,0.0645,General,,,,0,0,Work in progress
ngc-NGC1597,NGC 1597,Galaxy,Eridanus,15,04:31:13.46,-11:17:25.5,1.02′ × 0.79′,0.017,General,,,,0,0,Work in progress
ngc-NGC1598,NGC 1598,Galaxy,Caelum,13.3,04:28:33.67,-47:46:57.2,1.4′ × 0.73′,0.02333333,General,,,,0,0,Work in progress
ngc-NGC1599,NGC 1599,Galaxy,Eridanus,13.73,04:31:38.74,-04:35:18.0,0.82′ × 0.77′,0.01366667,General,,,,0,0,Work in progress
ngc-NGC1600,NGC 1600,Galaxy,Eridanus,10.97,04:31:39.94,-05:05:10.5,3.33′ × 2.02′,0.0555,General,,,,0,0,Work in progress
ngc-NGC1601,NGC 1601,Galaxy,Eridanus,13.84,04:31:41.73,-05:03:37.3,0.94′ × 0.73′,0.01566667,General,,,,0,0,Work in progress
ngc-NGC1602,NGC 1602,Galaxy,Dorado,13.06,04:27:54.97,-55:03:27.8,1.87′ × 0.99′,0.03116667,General,,,,0,0,Work in progress
ngc-NGC1603,NGC 1603,Galaxy,Eridanus,13.8,04:31:49.95,-05:05:39.9,0.88′ × 0.57′,0.01466667,General,,,,0,0,Work in progress
ngc-NGC1604,NGC 1604,Galaxy,Eridanus,14.84,04:31:58.57,-05:22:11.8,1.35′ × 0.78′,0.0225,General,,,,0,0,Work in progress
ngc-NGC1605,NGC 1605,Open cluster,Perseus,10.7,04:34:52.28,+45:16:17.0,3.3′,0.055,WideField,,,,0,0,Work in progress
ngc-NGC1606,NGC 1606,Galaxy,Eridanus,16.54,04:32:03.34,-05:01:56.8,0.57′ × 0.49′,0.0095,General,,,,0,0,Work in progress
ngc-NGC1607,NGC 1607,Galaxy,Eridanus,15,04:32:03.09,-04:27:35.8,1.33′ × 0.51′,0.02216667,General,,,,0,0,Work in progress
ngc-NGC1609,NGC 1609,Galaxy,Eridanus,14.65,04:32:45.08,-04:22:20.7,1.24′ × 0.78′,0.02066667,General,,,,0,0,Work in progress
ngc-NGC1610,NGC 1610,Galaxy,Eridanus,16.17,04:34:13.87,-04:41:59.1,1.1′ × 0.7′,0.01833333,General,,,,0,0,Work in progress
ngc-NGC1611,NGC 1611,Galaxy,Eridanus,14.4,04:33:05.96,-04:17:50.8,1.8′ × 0.48′,0.03,General,,,,0,0,Work in progress
ngc-NGC1612,NGC 1612,Galaxy,Eridanus,15.23,04:33:13.13,-04:10:20.7,1.36′ × 0.94′,0.02266667,General,,,,0,0,Work in progress
ngc-NGC1613,NGC 1613,Galaxy,Eridanus,14.79,04:33:25.33,-04:15:55.5,1.14′ × 0.69′,0.019,General,,,,0,0,Work in progress
ngc-NGC1614,NGC 1614,Galaxy,Eridanus,12.9,04:33:59.85,-08:34:44.0,1.26′ × 0.95′,0.021,General,,,,0,0,Work in progress
ngc-NGC1615,NGC 1615,Galaxy,Taurus,12.01,04:36:01.04,+19:57:01.2,1.36′ × 0.71′,0.02266667,General,,,,0,0,Work in progress
ngc-NGC1616,NGC 1616,Galaxy,Caelum,12.64,04:32:41.73,-43:42:57.2,1.91′ × 1.03′,0.03183333,General,,,,0,0,Work in progress
ngc-NGC1617,NGC 1617,Galaxy,Dorado,10.37,04:31:39.53,-54:36:08.2,5.24′ × 2.5′,0.08733333,General,,,,0,0,Work in progress
ngc-NGC1618,NGC 1618,Galaxy,Eridanus,12.72,04:36:06.60,-03:08:55.5,2.14′ × 0.71′,0.03566667,General,,,,0,0,Work in progress
ngc-NGC1620,NGC 1620,Galaxy,Eridanus,12.08,04:36:37.35,-00:08:37.0,3.48′ × 0.91′,0.058,General,,,,0,0,Work in progress
ngc-NGC1621,NGC 1621,Galaxy,Eridanus,14.83,04:36:25.06,-04:59:14.3,1.34′ × 0.91′,0.02233333,General,,,,0,0,Work in progress
ngc-NGC1622,NGC 1622,Galaxy,Eridanus,12.53,04:36:36.64,-03:11:19.8,2.86′ × 0.52′,0.04766667,General,,,,0,0,Work in progress
ngc-NGC1623,NGC 1623,Galaxy,Eridanus,16.63,04:35:32.41,-13:33:23.2,0.78′ × 0.42′,0.013,General,,,,0,0,Work in progress
ngc-NGC1624,NGC 1624,Nebula with cluster,Perseus,11.8,04:40:36.50,+50:27:42.0,3′,0.05,General,,,,0,0,Work in progress
ngc-NGC1625,NGC 1625,Galaxy,Eridanus,12.4,04:37:06.26,-03:18:12.6,2.56′ × 0.57′,0.04266667,General,,,,0,0,Work in progress
ngc-NGC1627,NGC 1627,Galaxy,Eridanus,13.53,04:37:38.00,-04:53:14.9,1.65′ × 1.37′,0.0275,General,,,,0,0,Work in progress
ngc-NGC1628,NGC 1628,Galaxy,Eridanus,14.24,04:37:36.26,-04:42:53.4,1.91′ × 0.43′,0.03183333,General,,,,0,0,Work in progress
ngc-NGC1629,NGC 1629,Globular cluster,Hydrus,12.68,04:29:36.91,-71:50:17.8,1.7′ × 1.7′,0.02833333,General,,,,0,0,Work in progress
ngc-NGC1630,NGC 1630,Galaxy,Eridanus,15.19,04:37:15.48,-18:54:05.5,0.78′ × 0.59′,0.013,General,,,,0,0,Work in progress
ngc-NGC1631,NGC 1631,Galaxy,Eridanus,14.29,04:38:24.17,-20:38:59.5,1.33′ × 0.89′,0.02216667,General,,,,0,0,Work in progress
ngc-NGC1632,NGC 1632,Galaxy,Eridanus,15.28,04:39:58.58,-09:27:22.4,0.73′ × 0.36′,0.01216667,General,,,,0,0,Work in progress
ngc-NGC1633,NGC 1633,Galaxy,Taurus,14.54,04:40:09.11,+07:20:58.0,1.09′ × 0.9′,0.01816667,General,,,,0,0,Work in progress
ngc-NGC1634,NGC 1634,Galaxy,Taurus,14.96,04:40:09.78,+07:20:19.6,0.67′ × 0.46′,0.01116667,General,,,,0,0,Work in progress
ngc-NGC1635,NGC 1635,Galaxy,Eridanus,13.42,04:40:07.88,-00:32:51.1,1.53′ × 1.37′,0.0255,General,,,,0,0,Work in progress
ngc-NGC1636,NGC 1636,Galaxy,Eridanus,13.93,04:40:40.20,-08:36:27.9,1.24′ × 0.97′,0.02066667,General,,,,0,0,Work in progress
ngc-NGC1637,NGC 1637,Galaxy,Eridanus,10.85,04:41:28.18,-02:51:28.7,3.18′ × 2.74′,0.053,General,,,,0,0,Work in progress
ngc-NGC1638,NGC 1638,Galaxy,Eridanus,12.24,04:41:36.51,-01:48:32.5,2.08′ × 1.26′,0.03466667,General,,,,0,0,Work in progress
ngc-NGC1639,NGC 1639,Unclassified object,Eridanus,,04:40:52.21,-16:59:27.1,,,General,,,,0,0,Work in progress
ngc-NGC1640,NGC 1640,Galaxy,Eridanus,11.69,04:42:14.52,-20:26:05.2,2.72′ × 2.6′,0.04533333,General,,,,0,0,Work in progress
ngc-NGC1641,NGC 1641,Open cluster,Reticulum,,04:35:34.92,-65:45:46.4,9.6′,0.16,WideField,,,,0,0,Work in progress
ngc-NGC1642,NGC 1642,Galaxy,Taurus,12.62,04:42:54.91,+00:37:06.9,1.66′ × 1.43′,0.02766667,General,,,,0,0,Work in progress
ngc-NGC1643,NGC 1643,Galaxy,Eridanus,14.08,04:43:43.95,-05:19:10.0,1.24′ × 0.81′,0.02066667,General,,,,0,0,Work in progress
ngc-NGC1644,NGC 1644,Globular cluster,Dorado,12.89,04:37:40.09,-66:11:56.7,1.8′ × 1.5′,0.03,General,,,,0,0,Work in progress
ngc-NGC1645,NGC 1645,Galaxy,Eridanus,14,04:44:06.38,-05:27:56.2,2.18′ × 0.83′,0.03633333,General,,,,0,0,Work in progress
ngc-NGC1646,NGC 1646,Galaxy,Eridanus,13.64,04:44:23.60,-08:31:58.0,1.49′ × 0.81′,0.02483333,General,,,,0,0,Work in progress
ngc-NGC1647,NGC 1647,Open cluster,Taurus,6.4,04:45:55.57,+19:05:42.4,27′,0.45,WideField,,,,0,0,Work in progress
ngc-NGC1648,NGC 1648,Galaxy,Eridanus,15.56,04:44:34.80,-08:28:43.9,0.84′ × 0.53′,0.014,General,,,,0,0,Work in progress
ngc-NGC1649,NGC 1649,Globular cluster,Dorado,13.13,04:38:22.85,-68:40:22.5,1.5′ × 1.5′,0.025,General,,,,0,0,Work in progress
ngc-NGC1650,NGC 1650,Galaxy,Eridanus,12.91,04:45:11.51,-15:52:12.1,2.4′ × 1.13′,0.04,General,,,,0,0,Work in progress
ngc-NGC1651,NGC 1651,Globular cluster,Mensa,12.28,04:37:32.27,-70:35:09.1,2.7′ × 2.7′,0.045,General,,,,0,0,Work in progress
ngc-NGC1653,NGC 1653,Galaxy,Eridanus,11.97,04:45:47.35,-02:23:34.2,1.79′ × 1.68′,0.02983333,General,,,,0,0,Work in progress
ngc-NGC1654,NGC 1654,Galaxy,Eridanus,14.36,04:45:48.45,-02:05:02.0,0.85′ × 0.79′,0.01416667,General,,,,0,0,Work in progress
ngc-NGC1655,NGC 1655,Unclassified object,Taurus,,04:47:11.90,+20:55:25.2,,,General,,,,0,0,Work in progress
ngc-NGC1656,NGC 1656,Galaxy,Eridanus,14.5,04:45:53.39,-05:08:12.2,1.74′ × 0.96′,0.029,General,,,,0,0,Work in progress
ngc-NGC1657,NGC 1657,Galaxy,Eridanus,14.94,04:46:07.26,-02:04:38.2,1.15′ × 0.85′,0.01916667,General,,,,0,0,Work in progress
ngc-NGC1658,NGC 1658,Galaxy,Caelum,14.35,04:44:01.36,-41:27:48.3,1.02′ × 0.6′,0.017,General,,,,0,0,Work in progress
ngc-NGC1659,NGC 1659,Galaxy,Eridanus,12.54,04:46:29.95,-04:47:19.6,1.5′ × 0.94′,0.025,General,,,,0,0,Work in progress
ngc-NGC1660,NGC 1660,Galaxy,Caelum,14.87,04:44:11.41,-41:29:51.3,1.14′ × 0.62′,0.019,General,,,,0,0,Work in progress
ngc-NGC1661,NGC 1661,Galaxy,Orion,14.24,04:47:07.64,-02:03:16.5,1.15′ × 0.82′,0.01916667,General,,,,0,0,Work in progress
ngc-NGC1662,NGC 1662,Open cluster,Orion,6.4,04:48:28.95,+10:55:49.4,13.8′,0.23,WideField,,,,0,0,Work in progress
ngc-NGC1663,NGC 1663,Open cluster,Orion,14.54,04:49:23.54,+13:09:03.8,7.2′,0.12,WideField,,,,0,0,Work in progress
ngc-NGC1664,NGC 1664,Open cluster,Auriga,7.6,04:51:05.43,+43:40:34.2,11.4′,0.19,WideField,,,,0,0,Work in progress
ngc-NGC1665,NGC 1665,Galaxy,Eridanus,14.06,04:48:17.07,-05:25:39.4,1.79′ × 1.07′,0.02983333,General,,,,0,0,Work in progress
ngc-NGC1666,NGC 1666,Galaxy,Eridanus,12.7,04:48:32.84,-06:34:11.9,1.35′ × 1.26′,0.0225,General,,,,0,0,Work in progress
ngc-NGC1667,NGC 1667,Galaxy,Eridanus,12.15,04:48:37.14,-06:19:11.9,1.89′ × 1.47′,0.0315,General,,,,0,0,Work in progress
ngc-NGC1668,NGC 1668,Galaxy,Caelum,13.77,04:46:05.93,-44:44:00.1,1.58′ × 1.04′,0.02633333,General,,,,0,0,Work in progress
ngc-NGC1669,NGC 1669,Galaxy,Dorado,14.89,04:42:59.90,-65:48:51.6,0.73′ × 0.4′,0.01216667,General,,,,0,0,Work in progress
ngc-NGC1670,NGC 1670,Galaxy,Orion,13.95,04:49:42.62,-02:45:37.8,1.61′ × 0.78′,0.02683333,General,,,,0,0,Work in progress
ngc-NGC1671,NGC 1671,Galaxy,Orion,12.88,04:49:34.03,+00:15:10.3,1.34′ × 0.98′,0.02233333,General,,,,0,0,Work in progress
ngc-NGC1672,NGC 1672,Galaxy,Dorado,10.16,04:45:42.50,-59:14:49.9,6.14′ × 5.46′,0.10233333,General,,,,0,0,Work in progress
ngc-NGC1673,NGC 1673,Open cluster,Mensa,14.07,04:42:39.64,-69:49:16.5,1′ × 0.95′,0.01666667,WideField,,,,0,0,Work in progress
ngc-NGC1674,NGC 1674,Unclassified object,Taurus,,04:52:24.97,+23:54:27.6,,,General,,,,0,0,Work in progress
ngc-NGC1675,NGC 1675,Unclassified object,Taurus,,04:52:24.97,+23:54:27.6,,,General,,,,0,0,Work in progress
ngc-NGC1676,NGC 1676,Open cluster,Dorado,,04:43:54.17,-68:49:39.3,1.1′ × 1′,0.01833333,WideField,,,,0,0,Work in progress
ngc-NGC1677,NGC 1677,Galaxy,Eridanus,14.99,04:50:52.07,-04:53:33.8,1.21′ × 0.37′,0.02016667,General,,,,0,0,Work in progress
ngc-NGC1678,NGC 1678,Galaxy,Orion,14.28,04:51:35.44,-02:37:23.3,1.28′ × 0.78′,0.02133333,General,,,,0,0,Work in progress
ngc-NGC1679,NGC 1679,Galaxy,Caelum,11.62,04:49:54.64,-31:57:52.8,3.07′ × 2.23′,0.05116667,General,,,,0,0,Work in progress
ngc-NGC1680,NGC 1680,Galaxy,Pictor,14.46,04:48:34.01,-47:48:59.2,1.33′ × 0.54′,0.02216667,General,,,,0,0,Work in progress
ngc-NGC1681,NGC 1681,Galaxy,Eridanus,13.4,04:51:50.06,-05:48:11.6,1.19′ × 0.95′,0.01983333,General,,,,0,0,Work in progress
ngc-NGC1682,NGC 1682,Galaxy,Orion,14.44,04:52:19.79,-03:06:21.1,0.98′ × 0.8′,0.01633333,General,,,,0,0,Work in progress
ngc-NGC1683,NGC 1683,Galaxy,Orion,15.98,04:52:17.60,-03:01:28.7,0.86′ × 0.34′,0.01433333,General,,,,0,0,Work in progress
ngc-NGC1684,NGC 1684,Galaxy,Orion,13,04:52:31.15,-03:06:21.8,2.55′ × 1.66′,0.0425,General,,,,0,0,Work in progress
ngc-NGC1685,NGC 1685,Galaxy,Orion,15.18,04:52:34.23,-02:56:57.6,1.23′ × 0.63′,0.0205,General,,,,0,0,Work in progress
ngc-NGC1686,NGC 1686,Galaxy,Eridanus,14.48,04:52:54.66,-15:20:47.3,1.85′ × 0.35′,0.03083333,General,,,,0,0,Work in progress
ngc-NGC1687,NGC 1687,Galaxy,Caelum,14.73,04:51:21.37,-33:56:20.5,1.35′ × 0.53′,0.0225,General,,,,0,0,Work in progress
ngc-NGC1688,NGC 1688,Galaxy,Dorado,11.85,04:48:23.79,-59:48:01.2,2.47′ × 1.67′,0.04116667,General,,,,0,0,Work in progress
ngc-NGC1690,NGC 1690,Galaxy,Orion,14.94,04:54:19.26,+01:38:25.3,1.07′ × 0.9′,0.01783333,General,,,,0,0,Work in progress
ngc-NGC1691,NGC 1691,Galaxy,Orion,13.12,04:54:38.34,+03:16:04.7,1.54′ × 1.47′,0.02566667,General,,,,0,0,Work in progress
ngc-NGC1692,NGC 1692,Galaxy,Eridanus,13.02,04:55:23.73,-20:34:16.2,1.38′ × 1.21′,0.023,General,,,,0,0,Work in progress
ngc-NGC1693,NGC 1693,Globular cluster,Dorado,12.89,04:47:38.77,-69:20:37.1,1.1′ × 1′,0.01833333,General,,,,0,0,Work in progress
ngc-NGC1694,NGC 1694,Galaxy,Eridanus,15.01,04:55:16.82,-04:39:09.6,1.18′ × 0.73′,0.01966667,General,,,,0,0,Work in progress
ngc-NGC1695,NGC 1695,Globular cluster,Dorado,12.16,04:47:44.48,-69:22:25.5,1.4′ × 1.3′,0.02333333,General,,,,0,0,Work in progress
ngc-NGC1696,NGC 1696,Open cluster,Dorado,13.95,04:48:29.97,-68:14:34.3,1.1′ × 1.1′,0.01833333,WideField,,,,0,0,Work in progress
ngc-NGC1697,NGC 1697,Globular cluster,Dorado,12.62,04:48:35.81,-68:33:30.4,2.3′ × 2.3′,0.03833333,General,,,,0,0,Work in progress
ngc-NGC1698,NGC 1698,Globular cluster,Dorado,12.07,04:49:05.05,-69:06:54.3,1.5′ × 1.4′,0.025,General,,,,0,0,Work in progress
ngc-NGC1699,NGC 1699,Galaxy,Eridanus,15,04:56:59.63,-04:45:24.7,1.03′ × 0.74′,0.01716667,General,,,,0,0,Work in progress
ngc-NGC1700,NGC 1700,Galaxy,Eridanus,11.16,04:56:56.31,-04:51:56.8,3.11′ × 1.98′,0.05183333,General,,,,0,0,Work in progress
ngc-NGC1701,NGC 1701,Galaxy,Caelum,13.64,04:55:51.13,-29:53:00.4,1.24′ × 0.94′,0.02066667,General,,,,0,0,Work in progress
ngc-NGC1702,NGC 1702,Open cluster,Mensa,12.5,04:49:27.68,-69:51:02.8,1.2′ × 1.2′,0.02,WideField,,,,0,0,Work in progress
ngc-NGC1703,NGC 1703,Galaxy,Dorado,11.69,04:52:52.15,-59:44:32.1,2.68′ × 2.51′,0.04466667,General,,,,0,0,Work in progress
ngc-NGC1704,NGC 1704,Open cluster,Dorado,11.5,04:49:55.46,-69:45:22.7,1.7′ × 1.6′,0.02833333,WideField,,,,0,0,Work in progress
ngc-NGC1705,NGC 1705,Galaxy,Pictor,12.46,04:54:13.50,-53:21:39.8,1.87′ × 1.44′,0.03116667,General,,,,0,0,Work in progress
ngc-NGC1706,NGC 1706,Galaxy,Dorado,12.64,04:52:31.02,-62:59:08.8,1.43′ × 0.97′,0.02383333,General,,,,0,0,Work in progress
ngc-NGC1707,NGC 1707,Unclassified object,Orion,,04:58:20.61,+08:14:18.1,,,General,,,,0,0,Work in progress
ngc-NGC1708,NGC 1708,Open cluster,Camelopardalis,,05:03:21.88,+52:49:55.5,6′,0.1,WideField,,,,0,0,Work in progress
ngc-NGC1709,NGC 1709,Galaxy,Orion,15.03,04:58:44.03,-00:28:41.7,0.93′ × 0.69′,0.0155,General,,,,0,0,Work in progress
ngc-NGC1710,NGC 1710,Galaxy,Lepus,14.5,04:57:17.07,-15:17:20.4,1.61′ × 1.26′,0.02683333,General,,,,0,0,Work in progress
ngc-NGC1711,NGC 1711,Globular cluster,Mensa,11.1,04:50:36.13,-69:59:07.6,3.5′ × 3.3′,0.05833333,General,,,,0,0,Work in progress
ngc-NGC1712,NGC 1712,Asterism,Dorado,,04:50:58.43,-69:24:27.0,4′ × 3′,0.06666667,WideField,,,,0,0,Work in progress
ngc-NGC1713,NGC 1713,Galaxy,Orion,12.71,04:58:54.61,-00:29:20.1,1.33′ × 1.1′,0.02216667,General,,,,0,0,Work in progress
ngc-NGC1714,NGC 1714,Nebula with cluster,Dorado,11.61,04:52:08.85,-66:55:24.2,1.1′ × 1.1′,0.01833333,General,,,,0,0,Work in progress
ngc-NGC1715,NGC 1715,Emission nebula,Dorado,,04:52:10.48,-66:54:31.3,1.1′ × 1′,0.01833333,General,,,,0,0,Work in progress
ngc-NGC1716,NGC 1716,Galaxy,Lepus,13.94,04:58:13.32,-20:21:48.9,1.32′ × 1.12′,0.022,General,,,,0,0,Work in progress
ngc-NGC1717,NGC 1717,Galaxy,Orion,15.62,04:58:31.46,-00:34:28.8,0.95′ × 0.54′,0.01583333,General,,,,0,0,Work in progress
ngc-NGC1718,NGC 1718,Open cluster,Dorado,12.25,04:52:25.39,-67:03:02.4,1.8′ × 1.8′,0.03,WideField,,,,0,0,Work in progress
ngc-NGC1719,NGC 1719,Galaxy,Orion,14.44,04:59:34.63,-00:15:37.5,1.09′ × 0.38′,0.01816667,General,,,,0,0,Work in progress
ngc-NGC1720,NGC 1720,Galaxy,Eridanus,13,04:59:20.63,-07:51:32.3,1.96′ × 1.22′,0.03266667,General,,,,0,0,Work in progress
ngc-NGC1721,NGC 1721,Galaxy,Eridanus,13.82,04:59:17.40,-11:07:07.4,1.58′ × 0.83′,0.02633333,General,,,,0,0,Work in progress
ngc-NGC1722,NGC 1722,Nebula with cluster,Dorado,,04:52:00.60,-69:22:30.0,2.5′ × 2.1′,0.04166667,General,,,,0,0,Work in progress
ngc-NGC1723,NGC 1723,Galaxy,Eridanus,12.03,04:59:25.89,-10:58:50.5,3.03′ × 1.88′,0.0505,General,,,,0,0,Work in progress
ngc-NGC1724,NGC 1724,Open cluster,Auriga,,05:03:32.32,+49:29:30.4,3′,0.05,WideField,,,,0,0,Work in progress
ngc-NGC1725,NGC 1725,Galaxy,Eridanus,13.82,04:59:22.89,-11:07:56.3,1.39′ × 1.3′,0.02316667,General,,,,0,0,Work in progress
ngc-NGC1726,NGC 1726,Galaxy,Eridanus,11.65,04:59:41.90,-07:45:18.9,2.9′ × 1.82′,0.04833333,General,,,,0,0,Work in progress
ngc-NGC1727,NGC 1727,Nebula with cluster,Dorado,,04:52:12.77,-69:20:20.1,2.8′ × 2′,0.04666667,General,,,,0,0,Work in progress
ngc-NGC1728,NGC 1728,Galaxy,Eridanus,13,04:59:27.73,-11:07:22.6,1.24′ × 0.8′,0.02066667,General,,,,0,0,Work in progress
ngc-NGC1729,NGC 1729,Galaxy,Orion,13.2,05:00:15.69,-03:21:09.0,1.81′ × 1.46′,0.03016667,General,,,,0,0,Work in progress
ngc-NGC1730,NGC 1730,Galaxy,Lepus,13.22,04:59:31.83,-15:49:25.1,2.28′ × 0.96′,0.038,General,,,,0,0,Work in progress
ngc-NGC1731,NGC 1731,Asterism,Dorado,,04:53:32.09,-66:55:31.0,4.8′ × 4.5′,0.08,WideField,,,,0,0,Work in progress
ngc-NGC1732,NGC 1732,Open cluster,Dorado,12.3,04:53:10.59,-68:39:00.0,1.1′ × 1′,0.01833333,WideField,,,,0,0,Work in progress
ngc-NGC1733,NGC 1733,Open cluster,Dorado,13.31,04:54:04.75,-66:40:57.3,1.5′ × 1.4′,0.025,WideField,,,,0,0,Work in progress
ngc-NGC1734,NGC 1734,Open cluster,Dorado,13.1,04:53:33.49,-68:46:07.6,1.2′ × 1.1′,0.02,WideField,,,,0,0,Work in progress
ngc-NGC1735,NGC 1735,Open cluster,Dorado,10.76,04:54:19.66,-67:05:58.4,1.8′ × 1.5′,0.03,WideField,,,,0,0,Work in progress
ngc-NGC1736,NGC 1736,Emission nebula,Dorado,15.5,04:53:01.55,-68:03:11.2,1.9′ × 1.4′,0.03166667,General,,,,0,0,Work in progress
ngc-NGC1737,NGC 1737,H II region nebula,Dorado,,04:53:59.71,-69:10:28.4,1.1′ × 0.95′,0.01833333,General,,,,0,0,Work in progress
ngc-NGC1738,NGC 1738,Galaxy,Lepus,13.71,05:01:46.70,-18:09:25.4,1.35′ × 0.81′,0.0225,General,,,,0,0,Work in progress
ngc-NGC1739,NGC 1739,Galaxy,Lepus,14.25,05:01:47.34,-18:10:00.5,1.5′ × 0.72′,0.025,General,,,,0,0,Work in progress
ngc-NGC1740,NGC 1740,Galaxy,Orion,14.04,05:01:54.80,-03:17:46.8,1.79′ × 1.1′,0.02983333,General,,,,0,0,Work in progress
ngc-NGC1741,NGC 1741,Galaxy,Eridanus,15.52,05:01:38.30,-04:15:25.2,1.21′ × 0.62′,0.02016667,General,,,,0,0,Work in progress
ngc-NGC1742,NGC 1742,Star,Orion,,05:01:59.33,-03:17:41.9,,,HighMagnification,,,,0,0,Work in progress
ngc-NGC1743,NGC 1743,Nebula,Dorado,11.26,04:54:02.67,-69:11:55.0,0.95′ × 0.85′,0.01583333,General,,,,0,0,Work in progress
ngc-NGC1744,NGC 1744,Galaxy,Lepus,11.5,04:59:57.80,-26:01:20.0,5.28′ × 1.99′,0.088,General,,,,0,0,Work in progress
ngc-NGC1745,NGC 1745,Nebula,Dorado,13.4,04:54:20.62,-69:09:32.0,1.2′ × 1.1′,0.02,General,,,,0,0,Work in progress
ngc-NGC1746,NGC 1746,Open cluster,Taurus,6.1,05:03:50.19,+23:46:03.5,18′,0.3,WideField,,,,0,0,Work in progress
ngc-NGC1747,NGC 1747,Open cluster,Dorado,9.37,04:55:10.98,-67:10:08.0,4.4′ × 4.4′,0.07333333,WideField,,,,0,0,Work in progress
ngc-NGC1748,NGC 1748,Nebula,Dorado,12.3,04:54:25.97,-69:11:02.8,0.9′ × 0.8′,0.015,General,,,,0,0,Work in progress
ngc-NGC1749,NGC 1749,Open cluster,Dorado,13.56,04:54:56.06,-68:11:19.2,1.5′ × 1.3′,0.025,WideField,,,,0,0,Work in progress
ngc-NGC1750,NGC 1750,Open cluster,Taurus,,05:04:00.03,+23:38:44.8,,,WideField,,,,0,0,Work in progress
ngc-NGC1751,NGC 1751,Globular cluster,Mensa,11.73,04:54:12.58,-69:48:21.0,1.6′ × 1.5′,0.02666667,General,,,,0,0,Work in progress
ngc-NGC1752,NGC 1752,Galaxy,Eridanus,12.4,05:02:09.49,-08:14:27.1,2.95′ × 0.83′,0.04916667,General,,,,0,0,Work in progress
ngc-NGC1753,NGC 1753,Galaxy,Orion,14.77,05:02:32.34,-03:20:39.6,1.32′ × 0.42′,0.022,General,,,,0,0,Work in progress
ngc-NGC1754,NGC 1754,Globular cluster,Mensa,11.57,04:54:18.95,-70:26:32.9,1.6′ × 1.6′,0.02666667,General,,,,0,0,Work in progress
ngc-NGC1755,NGC 1755,Globular cluster,Dorado,9.85,04:55:14.87,-68:12:14.6,2.2′ × 1.9′,0.03666667,General,,,,0,0,Work in progress
ngc-NGC1756,NGC 1756,Globular cluster,Dorado,12.24,04:54:49.83,-69:14:15.5,1.4′ × 1.3′,0.02333333,General,,,,0,0,Work in progress
ngc-NGC1757,NGC 1757,Unclassified object,Eridanus,,05:02:39.36,-04:43:22.6,,,General,,,,0,0,Work in progress
ngc-NGC1758,NGC 1758,Open cluster,Taurus,,05:04:42.24,+23:46:53.9,,,WideField,,,,0,0,Work in progress
ngc-NGC1759,NGC 1759,Galaxy,Caelum,14.12,05:00:49.04,-38:40:26.0,1.95′ × 1.48′,0.0325,General,,,,0,0,Work in progress
ngc-NGC1760,NGC 1760,H II region nebula,Dorado,,04:56:44.37,-66:31:38.4,5.1′ × 2.1′,0.085,General,,,,0,0,Work in progress
ngc-NGC1761,NGC 1761,Asterism,Dorado,9.94,04:56:37.73,-66:28:43.9,4.2′ × 3′,0.07,WideField,,,,0,0,Work in progress
ngc-NGC1762,NGC 1762,Galaxy,Orion,12.6,05:03:37.03,+01:34:24.0,1.75′ × 1.12′,0.02916667,General,,,,0,0,Work in progress
ngc-NGC1763,NGC 1763,Nebula with cluster,Dorado,9.4,04:56:49.19,-66:24:32.7,5.2′ × 3.6′,0.08666667,General,,,,0,0,Work in progress
ngc-NGC1764,NGC 1764,Open cluster,Dorado,12.58,04:56:27.72,-67:41:37.5,1.1′ × 1.1′,0.01833333,WideField,,,,0,0,Work in progress
ngc-NGC1765,NGC 1765,Galaxy,Dorado,13.95,04:58:24.16,-62:01:42.2,1.18′ × 0.96′,0.01966667,General,,,,0,0,Work in progress
ngc-NGC1766,NGC 1766,Open cluster,Mensa,12.22,04:55:57.60,-70:13:30.2,1′ × 0.9′,0.01666667,WideField,,,,0,0,Work in progress
ngc-NGC1767,NGC 1767,Open cluster,Dorado,10.61,04:56:27.30,-69:24:02.0,1.3′ × 1.2′,0.02166667,WideField,,,,0,0,Work in progress
ngc-NGC1768,NGC 1768,Open cluster,Dorado,12.79,04:57:00.16,-68:14:58.0,0.65′ × 0.55′,0.01083333,WideField,,,,0,0,Work in progress
ngc-NGC1769,NGC 1769,Emission nebula,Dorado,,04:57:47.37,-66:28:08.7,4.1′ × 2.6′,0.06833333,General,,,,0,0,Work in progress
ngc-NGC1770,NGC 1770,Nebula with cluster,Dorado,,04:57:15.71,-68:25:05.1,4.1′ × 4.1′,0.06833333,General,,,,0,0,Work in progress
ngc-NGC1771,NGC 1771,Galaxy,Dorado,13.43,04:58:55.72,-63:17:53.6,1.95′ × 0.59′,0.0325,General,,,,0,0,Work in progress
ngc-NGC1772,NGC 1772,Open cluster,Dorado,10.97,04:56:52.79,-69:33:21.8,1.5′ × 1.4′,0.025,WideField,,,,0,0,Work in progress
ngc-NGC1773,NGC 1773,Nebula,Dorado,,04:58:12.03,-66:21:36.4,2.7′ × 2.1′,0.045,General,,,,0,0,Work in progress
ngc-NGC1774,NGC 1774,Open cluster,Dorado,10.76,04:58:06.88,-67:14:32.4,1.7′ × 1.5′,0.02833333,WideField,,,,0,0,Work in progress
ngc-NGC1775,NGC 1775,Open cluster,Mensa,12.55,04:56:54.78,-70:25:55.2,1′ × 0.9′,0.01666667,WideField,,,,0,0,Work in progress
ngc-NGC1776,NGC 1776,Open cluster,Dorado,13.01,04:58:39.72,-66:25:46.5,1.3′ × 1.2′,0.02166667,WideField,,,,0,0,Work in progress
ngc-NGC1777,NGC 1777,Globular cluster,Mensa,12.8,04:55:47.66,-74:17:07.3,2.4′ × 2.4′,0.04,General,,,,0,0,Work in progress
ngc-NGC1778,NGC 1778,Open cluster,Auriga,7.7,05:08:05.70,+37:01:22.2,4.5′,0.075,WideField,,,,0,0,Work in progress
ngc-NGC1779,NGC 1779,Galaxy,Eridanus,12.1,05:05:18.07,-09:08:49.7,2.67′ × 1.19′,0.0445,General,,,,0,0,Work in progress
ngc-NGC1780,NGC 1780,Galaxy,Lepus,14.74,05:06:20.71,-19:28:00.0,0.92′ × 0.53′,0.01533333,General,,,,0,0,Work in progress
ngc-NGC1781,NGC 1781,Galaxy,Lepus,13.72,05:07:55.03,-18:11:23.7,1.27′ × 1.1′,0.02116667,General,,,,0,0,Work in progress
ngc-NGC1782,NGC 1782,Open cluster,Dorado,10.5,04:57:51.09,-69:23:31.9,1.2′ × 1.1′,0.02,WideField,,,,0,0,Work in progress
ngc-NGC1783,NGC 1783,Globular cluster,Dorado,10.93,04:59:08.81,-65:59:14.2,5.3′ × 4.7′,0.08833333,General,,,,0,0,Work in progress
ngc-NGC1784,NGC 1784,Galaxy,Lepus,11.6,05:05:27.10,-11:52:17.5,4′ × 1.79′,0.06666667,General,,,,0,0,Work in progress
ngc-NGC1785,NGC 1785,Asterism,Dorado,,04:58:44.96,-68:49:29.5,2′ × 1.2′,0.03333333,WideField,,,,0,0,Work in progress
ngc-NGC1786,NGC 1786,Globular cluster,Dorado,10.1,04:59:07.82,-67:44:42.8,2′ × 2′,0.03333333,General,,,,0,0,Work in progress
ngc-NGC1787,NGC 1787,Open cluster,Dorado,10.92,05:01:44.41,-65:49:23.9,24′ × 14′,0.4,WideField,,,,0,0,Work in progress
ngc-NGC1788,NGC 1788,Reflection nebula,Orion,5.8,05:06:53.22,-03:20:27.5,2′ × 2′,0.03333333,General,,,,0,0,Work in progress
ngc-NGC1789,NGC 1789,Globular cluster,Mensa,13.06,04:57:51.68,-71:54:07.1,1.8′ × 1.8′,0.03,General,,,,0,0,Work in progress
ngc-NGC1790,NGC 1790,Open cluster,Auriga,,05:10:56.22,+52:03:35.3,,,WideField,,,,0,0,Work in progress
ngc-NGC1791,NGC 1791,Open cluster,Mensa,13.12,04:59:06.48,-70:10:07.5,1.2′ × 1′,0.02,WideField,,,,0,0,Work in progress
ngc-NGC1792,NGC 1792,Galaxy,Columba,10.16,05:05:14.45,-37:58:50.7,5.52′ × 2.76′,0.092,General,,,,0,0,Work in progress
ngc-NGC1793,NGC 1793,Open cluster,Dorado,12.41,04:59:38.21,-69:33:27.5,1.3′ × 1.1′,0.02166667,WideField,,,,0,0,Work in progress
ngc-NGC1795,NGC 1795,Open cluster,Dorado,12.42,04:59:46.90,-69:48:04.2,1.4′ × 1.3′,0.02333333,WideField,,,,0,0,Work in progress
ngc-NGC1796,NGC 1796,Galaxy,Dorado,12.43,05:02:42.55,-61:08:24.2,1.93′ × 0.96′,0.03216667,General,,,,0,0,Work in progress
ngc-NGC1797,NGC 1797,Galaxy,Eridanus,14.42,05:07:44.88,-08:01:08.7,1.19′ × 0.77′,0.01983333,General,,,,0,0,Work in progress
ngc-NGC1798,NGC 1798,Open cluster,Auriga,,05:11:39.32,+47:41:43.8,5.4′,0.09,WideField,,,,0,0,Work in progress
ngc-NGC1799,NGC 1799,Galaxy,Eridanus,15,05:07:44.62,-07:58:09.4,1.25′ × 0.57′,0.02083333,General,,,,0,0,Work in progress
ngc-NGC1800,NGC 1800,Galaxy,Columba,12.58,05:06:25.72,-31:57:15.2,1.55′ × 1.16′,0.02583333,General,,,,0,0,Work in progress
ngc-NGC1801,NGC 1801,Globular cluster,Dorado,12.16,05:00:34.51,-69:36:49.5,2.2′ × 1.9′,0.03666667,General,,,,0,0,Work in progress
ngc-NGC1802,NGC 1802,Open cluster,Taurus,,05:10:12.87,+24:07:30.5,4.8′,0.08,WideField,,,,0,0,Work in progress
ngc-NGC1803,NGC 1803,Galaxy,Pictor,12.86,05:05:26.58,-49:34:04.6,0.93′ × 0.58′,0.0155,General,,,,0,0,Work in progress
ngc-NGC1804,NGC 1804,Open cluster,Dorado,11.87,05:01:03.26,-69:04:57.3,0.95′ × 0.85′,0.01583333,WideField,,,,0,0,Work in progress
ngc-NGC1805,NGC 1805,Globular cluster,Dorado,,05:02:21.32,-66:06:44.1,1.8′ × 1.6′,0.03,General,,,,0,0,Work in progress
ngc-NGC1806,NGC 1806,Globular cluster,Dorado,11.1,05:02:12.37,-67:59:08.7,2.5′ × 2.5′,0.04166667,General,,,,0,0,Work in progress
ngc-NGC1807,NGC 1807,Open cluster,Taurus,7,05:10:45.03,+16:30:45.9,5.4′,0.09,WideField,,,,0,0,Work in progress
ngc-NGC1808,NGC 1808,Galaxy,Columba,10.21,05:07:42.34,-37:30:47.0,5.42′ × 1.83′,0.09033333,General,,,,0,0,Work in progress
ngc-NGC1809,NGC 1809,Galaxy,Dorado,12.34,05:02:05.01,-69:34:05.8,3.74′ × 1.44′,0.06233333,General,,,,0,0,Work in progress
ngc-NGC1810,NGC 1810,Open cluster,Dorado,11.9,05:03:23.27,-66:22:54.5,1.2′ × 1.1′,0.02,WideField,,,,0,0,Work in progress
ngc-NGC1811,NGC 1811,Galaxy,Columba,14.48,05:08:42.74,-29:16:33.5,1.73′ × 0.42′,0.02883333,General,,,,0,0,Work in progress
ngc-NGC1812,NGC 1812,Galaxy,Columba,13.7,05:08:52.91,-29:15:04.5,1.27′ × 0.86′,0.02116667,General,,,,0,0,Work in progress
ngc-NGC1813,NGC 1813,Open cluster,Mensa,12.76,05:02:40.28,-70:19:04.6,0.95′ × 0.9′,0.01583333,WideField,,,,0,0,Work in progress
ngc-NGC1814,NGC 1814,Nebula with cluster,Dorado,12.76,05:03:46.46,-67:18:02.4,1.2′ × 1.1′,0.02,General,,,,0,0,Work in progress
ngc-NGC1815,NGC 1815,Open cluster,Mensa,12.41,05:02:27.25,-70:37:15.8,1.2′ × 1′,0.02,WideField,,,,0,0,Work in progress
ngc-NGC1816,NGC 1816,Open cluster,Dorado,13.02,05:03:50.75,-67:15:38.7,0.9′ × 0.75′,0.015,WideField,,,,0,0,Work in progress
ngc-NGC1817,NGC 1817,Open cluster,Taurus,7.7,05:12:26.27,+16:41:02.7,9.3′,0.155,WideField,,,,0,0,Work in progress
ngc-NGC1818,NGC 1818,Globular cluster,Dorado,9.7,05:04:14.76,-66:26:04.2,3.1′ × 2.7′,0.05166667,General,,,,0,0,Work in progress
ngc-NGC1819,NGC 1819,Galaxy,Orion,13.66,05:11:46.14,+05:12:02.2,1.53′ × 1.05′,0.0255,General,,,,0,0,Work in progress
ngc-NGC1820,NGC 1820,Open cluster,Dorado,11.5,05:04:01.68,-67:15:57.4,7′ × 5.4′,0.11666667,WideField,,,,0,0,Work in progress
ngc-NGC1821,NGC 1821,Galaxy,Lepus,13.92,05:11:46.10,-15:08:04.7,1.26′ × 0.86′,0.021,General,,,,0,0,Work in progress
ngc-NGC1822,NGC 1822,Open cluster,Dorado,13.15,05:05:09.20,-66:12:38.0,1.2′ × 1′,0.02,WideField,,,,0,0,Work in progress
ngc-NGC1823,NGC 1823,Open cluster,Mensa,12.09,05:03:24.96,-70:20:07.8,1′ × 0.9′,0.01666667,WideField,,,,0,0,Work in progress
ngc-NGC1824,NGC 1824,Galaxy,Dorado,12.57,05:06:56.20,-59:43:26.3,2.14′ × 0.83′,0.03566667,General,,,,0,0,Work in progress
ngc-NGC1825,NGC 1825,Open cluster,Dorado,12.04,05:04:19.04,-68:55:35.1,1′ × 0.9′,0.01666667,WideField,,,,0,0,Work in progress
ngc-NGC1826,NGC 1826,Open cluster,Dorado,13.25,05:05:33.29,-66:13:47.1,1.2′ × 1.1′,0.02,WideField,,,,0,0,Work in progress
ngc-NGC1827,NGC 1827,Galaxy,Columba,13.24,05:10:04.60,-36:57:36.9,3.24′ × 0.65′,0.054,General,,,,0,0,Work in progress
ngc-NGC1828,NGC 1828,Open cluster,Dorado,12.52,05:04:20.88,-69:23:17.4,1.2′ × 1.1′,0.02,WideField,,,,0,0,Work in progress
ngc-NGC1829,NGC 1829,Nebula with cluster,Dorado,,05:05:00.00,-68:03:33.3,1.8′ × 1.6′,0.03,General,,,,0,0,Work in progress
ngc-NGC1830,NGC 1830,Open cluster,Dorado,12.56,05:04:38.27,-69:20:24.6,1.3′ × 1.2′,0.02166667,WideField,,,,0,0,Work in progress
ngc-NGC1831,NGC 1831,Globular cluster,Dorado,11.18,05:06:16.72,-64:55:03.0,3.8′ × 3.2′,0.06333333,General,,,,0,0,Work in progress
ngc-NGC1832,NGC 1832,Galaxy,Lepus,11.54,05:12:03.33,-15:41:16.1,2.46′ × 0.94′,0.041,General,,,,0,0,Work in progress
ngc-NGC1833,NGC 1833,Nebula with cluster,Mensa,,05:04:24.51,-70:43:41.0,1.6′ × 1.1′,0.02666667,General,,,,0,0,Work in progress
ngc-NGC1834,NGC 1834,Open cluster,Dorado,11.82,05:05:11.38,-69:12:26.9,0.95′ × 0.85′,0.01583333,WideField,,,,0,0,Work in progress
ngc-NGC1835,NGC 1835,Globular cluster,Dorado,10.6,05:05:06.58,-69:24:13.9,2.3′ × 2′,0.03833333,General,,,,0,0,Work in progress
ngc-NGC1836,NGC 1836,Open cluster,Dorado,12.22,05:05:34.42,-68:37:40.4,1.5′ × 1.4′,0.025,WideField,,,,0,0,Work in progress
ngc-NGC1837,NGC 1837,Open cluster,Mensa,12.27,05:04:55.80,-70:42:50.4,1.9′ × 1.5′,0.03166667,WideField,,,,0,0,Work in progress
ngc-NGC1838,NGC 1838,Open cluster,Dorado,12.93,05:06:07.88,-68:26:42.7,1.3′ × 1.2′,0.02166667,WideField,,,,0,0,Work in progress
ngc-NGC1839,NGC 1839,Open cluster,Dorado,11.8,05:06:02.35,-68:37:36.4,1.6′ × 1.6′,0.02666667,WideField,,,,0,0,Work in progress
ngc-NGC1840,NGC 1840,Open cluster,Mensa,,05:05:19.16,-71:45:46.4,0.8′ × 0.7′,0.01333333,WideField,,,,0,0,Work in progress
ngc-NGC1841,NGC 1841,Globular cluster,Mensa,11.43,04:45:23.35,-83:59:56.6,4′ × 4′,0.06666667,General,,,,0,0,Work in progress
ngc-NGC1842,NGC 1842,Open cluster,Dorado,14.02,05:07:18.10,-67:16:23.4,1.5′ × 1.5′,0.025,WideField,,,,0,0,Work in progress
ngc-NGC1843,NGC 1843,Galaxy,Orion,13.28,05:14:06.02,-10:37:37.3,1.8′ × 1.42′,0.03,General,,,,0,0,Work in progress
ngc-NGC1844,NGC 1844,Open cluster,Dorado,12.08,05:07:30.68,-67:19:24.3,1.6′ × 1.6′,0.02666667,WideField,,,,0,0,Work in progress
ngc-NGC1845,NGC 1845,Asterism,Mensa,10.2,05:05:45.01,-70:34:53.8,8.9′ × 5.6′,0.14833333,WideField,,,,0,0,Work in progress
ngc-NGC1846,NGC 1846,Globular cluster,Dorado,11.31,05:07:33.94,-67:27:41.3,3.8′ × 3.8′,0.06333333,General,,,,0,0,Work in progress
ngc-NGC1847,NGC 1847,Open cluster,Dorado,12.47,05:07:08.16,-68:58:17.2,1.8′ × 1.6′,0.03,WideField,,,,0,0,Work in progress
ngc-NGC1848,NGC 1848,Open cluster,Mensa,9.73,05:07:27.16,-71:11:43.3,2.2′ × 2′,0.03666667,WideField,,,,0,0,Work in progress
ngc-NGC1849,NGC 1849,Open cluster,Dorado,12.77,05:09:34.81,-66:18:56.9,1.5′ × 1.5′,0.025,WideField,,,,0,0,Work in progress
ngc-NGC1850,NGC 1850,Globular cluster,Dorado,8.96,05:08:44.73,-68:45:42.0,3′ × 3′,0.05,General,,,,0,0,Work in progress
ngc-NGC1852,NGC 1852,Globular cluster,Dorado,12.01,05:09:23.79,-67:46:34.5,1.9′ × 1.9′,0.03166667,General,,,,0,0,Work in progress
ngc-NGC1853,NGC 1853,Galaxy,Dorado,13.59,05:12:16.52,-57:23:56.5,1.53′ × 0.52′,0.0255,General,,,,0,0,Work in progress
ngc-NGC1854,NGC 1854,Globular cluster,Dorado,10.39,05:09:19.89,-68:50:50.5,2.3′ × 2.3′,0.03833333,General,,,,0,0,Work in progress
ngc-NGC1855,NGC 1855,Asterism,Dorado,,05:09:16.91,-68:50:44.3,,,WideField,,,,0,0,Work in progress
ngc-NGC1856,NGC 1856,Globular cluster,Dorado,10.06,05:09:29.37,-69:07:39.3,2.7′ × 2.4′,0.045,General,,,,0,0,Work in progress
ngc-NGC1857,NGC 1857,Open cluster,Auriga,7,05:20:05.56,+39:20:37.0,4.5′,0.075,WideField,,,,0,0,Work in progress
ngc-NGC1858,NGC 1858,Nebula with cluster,Dorado,9.88,05:09:51.94,-68:53:28.5,4.4′ × 2.6′,0.07333333,General,,,,0,0,Work in progress
ngc-NGC1859,NGC 1859,Open cluster,Dorado,12.26,05:11:31.79,-65:14:59.0,1.5′ × 1.5′,0.025,WideField,,,,0,0,Work in progress
ngc-NGC1860,NGC 1860,Open cluster,Dorado,11.04,05:10:39.51,-68:45:08.1,1.1′ × 1.1′,0.01833333,WideField,,,,0,0,Work in progress
ngc-NGC1861,NGC 1861,Open cluster,Mensa,13.16,05:10:22.14,-70:46:37.6,1.5′ × 1.5′,0.025,WideField,,,,0,0,Work in progress
ngc-NGC1862,NGC 1862,Open cluster,Dorado,13.33,05:12:34.54,-66:09:15.7,0.9′ × 0.75′,0.015,WideField,,,,0,0,Work in progress
ngc-NGC1863,NGC 1863,Open cluster,Dorado,,05:11:39.58,-68:43:36.4,1.4′ × 1.2′,0.02333333,WideField,,,,0,0,Work in progress
ngc-NGC1864,NGC 1864,Open cluster,Dorado,12.86,05:12:40.60,-67:37:16.5,1.1′ × 0.95′,0.01833333,WideField,,,,0,0,Work in progress
ngc-NGC1865,NGC 1865,Open cluster,Dorado,12.91,05:12:25.08,-68:46:15.7,1.4′ × 1.4′,0.02333333,WideField,,,,0,0,Work in progress
ngc-NGC1866,NGC 1866,Globular cluster,Dorado,9.73,05:13:39.10,-65:27:56.1,5.5′ × 5.5′,0.09166667,General,,,,0,0,Work in progress
ngc-NGC1867,NGC 1867,Open cluster,Dorado,13.35,05:13:42.26,-66:17:31.0,1.5′ × 1.4′,0.025,WideField,,,,0,0,Work in progress
ngc-NGC1868,NGC 1868,Globular cluster,Dorado,11.57,05:14:36.30,-63:57:16.2,2.7′ × 2.7′,0.045,General,,,,0,0,Work in progress
ngc-NGC1869,NGC 1869,Nebula with cluster,Dorado,,05:13:56.32,-67:22:45.8,2′ × 1.4′,0.03333333,General,,,,0,0,Work in progress
ngc-NGC1870,NGC 1870,Globular cluster,Dorado,11.26,05:13:09.90,-69:07:01.0,1.1′ × 1′,0.01833333,General,,,,0,0,Work in progress
ngc-NGC1871,NGC 1871,Nebula with cluster,Dorado,10.09,05:13:51.76,-67:27:09.5,2.3′ × 1.6′,0.03833333,General,,,,0,0,Work in progress
ngc-NGC1872,NGC 1872,Globular cluster,Dorado,11.04,05:13:10.77,-69:18:41.7,1.7′ × 1.7′,0.02833333,General,,,,0,0,Work in progress
ngc-NGC1873,NGC 1873,Nebula with cluster,Dorado,10.44,05:13:55.67,-67:20:03.7,2.8′ × 2.2′,0.04666667,General,,,,0,0,Work in progress
ngc-NGC1874,NGC 1874,Nebula with cluster,Dorado,12.81,05:13:11.66,-69:22:34.4,1.4′ × 1.1′,0.02333333,General,,,,0,0,Work in progress
ngc-NGC1875,NGC 1875,Galaxy,Orion,14.63,05:21:45.76,+06:41:19.9,0.79′ × 0.69′,0.01316667,General,,,,0,0,Work in progress
ngc-NGC1876,NGC 1876,Nebula with cluster,Dorado,11.71,05:13:18.63,-69:21:43.7,1.5′ × 1.5′,0.025,General,,,,0,0,Work in progress
ngc-NGC1877,NGC 1877,Nebula,Dorado,12,05:13:38.84,-69:23:01.6,1.1′ × 0.6′,0.01833333,General,,,,0,0,Work in progress
ngc-NGC1878,NGC 1878,Open cluster,Mensa,12.94,05:12:50.91,-70:28:18.1,1.1′ × 1′,0.01833333,WideField,,,,0,0,Work in progress
ngc-NGC1879,NGC 1879,Galaxy,Columba,12.79,05:19:48.23,-32:08:33.9,2.42′ × 1.67′,0.04033333,General,,,,0,0,Work in progress
ngc-NGC1880,NGC 1880,H II region nebula,Dorado,12.81,05:13:25.18,-69:22:46.0,1.2′ × 1′,0.02,General,,,,0,0,Work in progress
ngc-NGC1881,NGC 1881,Open cluster,Dorado,,05:13:37.17,-69:17:57.0,1.2′ × 0.85′,0.02,WideField,,,,0,0,Work in progress
ngc-NGC1882,NGC 1882,Open cluster,Dorado,12.33,05:15:33.33,-66:07:46.4,1.6′ × 1.4′,0.02666667,WideField,,,,0,0,Work in progress
ngc-NGC1883,NGC 1883,Open cluster,Auriga,12,05:25:54.20,+46:29:24.5,5.7′,0.095,WideField,,,,0,0,Work in progress
ngc-NGC1884,NGC 1884,Unclassified object,Dorado,,05:15:58.04,-66:09:48.2,,,General,,,,0,0,Work in progress
ngc-NGC1885,NGC 1885,Open cluster,Dorado,11.97,05:15:05.86,-68:58:39.2,1.4′ × 1.2′,0.02333333,WideField,,,,0,0,Work in progress
ngc-NGC1886,NGC 1886,Galaxy,Lepus,13.6,05:21:48.15,-23:48:36.5,3.22′ × 0.35′,0.05366667,General,,,,0,0,Work in progress
ngc-NGC1887,NGC 1887,Open cluster,Dorado,12.72,05:16:05.93,-66:19:06.8,1.5′ × 1.5′,0.025,WideField,,,,0,0,Work in progress
ngc-NGC1888,NGC 1888,Galaxy,Lepus,11.92,05:22:34.45,-11:29:58.3,3.32′ × 1.31′,0.05533333,General,,,,0,0,Work in progress
ngc-NGC1889,NGC 1889,Galaxy,Lepus,14.09,05:22:35.30,-11:29:49.0,0.63′ × 0.37′,0.0105,General,,,,0,0,Work in progress
ngc-NGC1890,NGC 1890,Open cluster,Mensa,12.81,05:13:45.83,-72:04:40.7,1.1′ × 1′,0.01833333,WideField,,,,0,0,Work in progress
ngc-NGC1891,NGC 1891,Open cluster,Columba,,05:21:44.22,-35:47:21.5,,,WideField,,,,0,0,Work in progress
ngc-NGC1892,NGC 1892,Galaxy,Dorado,12.29,05:17:09.05,-64:57:35.1,3.37′ × 1.02′,0.05616667,General,,,,0,0,Work in progress
ngc-NGC1893,NGC 1893,Open cluster,Auriga,7.5,05:22:44.14,+33:24:43.3,6′,0.1,WideField,,,,0,0,Work in progress
ngc-NGC1894,NGC 1894,Open cluster,Dorado,12.16,05:15:51.27,-69:28:06.7,1.4′ × 1.2′,0.02333333,WideField,,,,0,0,Work in progress
ngc-NGC1895,NGC 1895,Nebula,Dorado,12.93,05:16:51.59,-67:19:46.5,1.4′ × 1.3′,0.02333333,General,,,,0,0,Work in progress
ngc-NGC1896,NGC 1896,Open cluster,Auriga,,05:25:34.68,+29:15:36.8,3.9′,0.065,WideField,,,,0,0,Work in progress
ngc-NGC1897,NGC 1897,Open cluster,Dorado,13.49,05:17:31.28,-67:27:03.6,1.1′ × 1′,0.01833333,WideField,,,,0,0,Work in progress
ngc-NGC1898,NGC 1898,Open cluster,Dorado,11.86,05:16:42.38,-69:39:22.4,1.6′ × 1.6′,0.02666667,WideField,,,,0,0,Work in progress
ngc-NGC1899,NGC 1899,H II region nebula,Dorado,,05:17:48.67,-67:54:02.6,1.1′ × 1′,0.01833333,General,,,,0,0,Work in progress
ngc-NGC1900,NGC 1900,Open cluster,Dorado,13.59,05:19:09.38,-63:01:25.3,1.8′ × 1.6′,0.03,WideField,,,,0,0,Work in progress
ngc-NGC1901,NGC 1901,Open cluster,Dorado,,05:18:15.16,-68:26:10.7,11.1′,0.185,WideField,,,,0,0,Work in progress
ngc-NGC1902,NGC 1902,Open cluster,Dorado,11.77,05:18:19.14,-66:37:38.7,1.7′ × 1.7′,0.02833333,WideField,,,,0,0,Work in progress
ngc-NGC1903,NGC 1903,Globular cluster,Dorado,11.86,05:17:22.30,-69:20:07.1,1.9′ × 1.9′,0.03166667,General,,,,0,0,Work in progress
ngc-NGC1905,NGC 1905,Open cluster,Dorado,13.21,05:18:23.71,-67:16:41.4,0.95′ × 0.95′,0.01583333,WideField,,,,0,0,Work in progress
ngc-NGC1906,NGC 1906,Galaxy,Lepus,14.11,05:24:47.10,-15:56:35.9,1.03′ × 0.74′,0.01716667,General,,,,0,0,Work in progress
ngc-NGC1907,NGC 1907,Open cluster,Auriga,8.2,05:28:04.55,+35:19:32.4,5.4′,0.09,WideField,,,,0,0,Work in progress
ngc-NGC1908,NGC 1908,Unclassified object,Orion,,05:25:53.80,-02:31:44.0,,,General,,,,0,0,Work in progress
ngc-NGC1909,the Witch Head Nebula,Reflection nebula,Eridanus,,05:04:55.44,-07:15:56.3,180′ × 60′,3,WideField,,,,0,0,Work in progress
ngc-NGC1910,NGC 1910,Nebula with cluster,Dorado,9.65,05:18:43.07,-69:13:54.9,3.6′ × 2.8′,0.06,General,,,,0,0,Work in progress
ngc-NGC1911,NGC 1911,Open cluster,Dorado,,05:19:26.88,-66:41:03.3,0.6′ × 0.6′,0.01,WideField,,,,0,0,Work in progress
ngc-NGC1913,NGC 1913,Open cluster,Dorado,11.14,05:18:19.29,-69:32:11.3,1.3′ × 1.1′,0.02166667,WideField,,,,0,0,Work in progress
ngc-NGC1914,NGC 1914,Nebula with cluster,Mensa,12.01,05:17:39.76,-71:15:21.1,1.5′ × 1.2′,0.025,General,,,,0,0,Work in progress
ngc-NGC1915,NGC 1915,Asterism,Dorado,,05:19:42.24,-66:49:17.5,0.6′ × 0.55′,0.01,WideField,,,,0,0,Work in progress
ngc-NGC1916,NGC 1916,Globular cluster,Dorado,10.38,05:18:36.47,-69:24:24.5,2.1′ × 2.1′,0.035,General,,,,0,0,Work in progress
ngc-NGC1917,NGC 1917,Globular cluster,Dorado,12.33,05:19:01.97,-68:59:56.3,1.7′ × 1.7′,0.02833333,General,,,,0,0,Work in progress
ngc-NGC1918,NGC 1918,Supernova remnant,Dorado,,05:19:06.99,-69:39:44.8,3.9′ × 1.7′,0.065,General,,,,0,0,Work in progress
ngc-NGC1919,NGC 1919,Nebula,Dorado,,05:20:19.05,-66:53:28.1,1.4′ × 1.2′,0.02333333,General,,,,0,0,Work in progress
ngc-NGC1920,NGC 1920,H II region nebula,Dorado,12.54,05:20:33.50,-66:46:43.4,1.2′ × 1.1′,0.02,General,,,,0,0,Work in progress
ngc-NGC1921,NGC 1921,Open cluster,Dorado,12.95,05:19:22.75,-69:47:15.9,1′ × 0.9′,0.01666667,WideField,,,,0,0,Work in progress
ngc-NGC1922,NGC 1922,Open cluster,Dorado,11.51,05:19:48.92,-69:26:53.7,1′ × 0.9′,0.01666667,WideField,,,,0,0,Work in progress
ngc-NGC1923,NGC 1923,Nebula with cluster,Dorado,11.24,05:21:34.06,-65:29:12.2,0.95′ × 0.85′,0.01583333,General,,,,0,0,Work in progress
ngc-NGC1924,NGC 1924,Galaxy,Orion,12.53,05:28:01.93,-05:18:38.7,1.6′ × 1.15′,0.02666667,General,,,,0,0,Work in progress
ngc-NGC1925,NGC 1925,Asterism,Dorado,,05:21:43.96,-65:47:37.0,6′ × 6′,0.1,WideField,,,,0,0,Work in progress
ngc-NGC1926,NGC 1926,Globular cluster,Dorado,11.79,05:20:35.43,-69:31:31.0,1.4′ × 1.2′,0.02333333,General,,,,0,0,Work in progress
ngc-NGC1927,NGC 1927,Unclassified object,Orion,,05:28:42.98,-08:22:38.4,,,General,,,,0,0,Work in progress
ngc-NGC1928,NGC 1928,Open cluster,Dorado,12.47,05:20:56.50,-69:28:40.6,1.3′ × 1.3′,0.02166667,WideField,,,,0,0,Work in progress
ngc-NGC1929,NGC 1929,Open cluster,Dorado,14,05:21:36.03,-67:54:43.4,1.2′ × 1.1′,0.02,WideField,,,,0,0,Work in progress
ngc-NGC1930,NGC 1930,Galaxy,Pictor,12.37,05:25:56.80,-46:43:42.5,1.97′ × 1.18′,0.03283333,General,,,,0,0,Work in progress
ngc-NGC1931,NGC 1931,Nebula with cluster,Auriga,10.1,05:31:25.35,+34:14:47.6,4.8′,0.08,General,,,,0,0,Work in progress
ngc-NGC1932,NGC 1932,Star,Dorado,13.8,05:22:17.24,-66:09:15.6,,,HighMagnification,,,,0,0,Work in progress
ngc-NGC1933,NGC 1933,Open cluster,Dorado,13.8,05:22:27.32,-66:09:07.8,1.3′ × 1.3′,0.02166667,WideField,,,,0,0,Work in progress
ngc-NGC1934,NGC 1934,Nebula with cluster,Dorado,10.5,05:21:47.89,-67:56:13.8,1.9′ × 1.3′,0.03166667,General,,,,0,0,Work in progress
ngc-NGC1935,NGC 1935,H II region nebula,Dorado,,05:21:58.71,-67:57:26.6,1.2′ × 1.2′,0.02,General,,,,0,0,Work in progress
ngc-NGC1936,NGC 1936,Emission nebula,Dorado,11.6,05:22:13.96,-67:58:41.9,1′ × 1′,0.01666667,General,,,,0,0,Work in progress
ngc-NGC1937,NGC 1937,Asterism,Dorado,,05:22:29.16,-67:53:40.8,3.2′ × 2′,0.05333333,WideField,,,,0,0,Work in progress
ngc-NGC1938,NGC 1938,Globular cluster,Mensa,13.09,05:21:24.71,-69:56:21.8,0.9′ × 0.8′,0.015,General,,,,0,0,Work in progress
ngc-NGC1939,NGC 1939,Globular cluster,Mensa,11.83,05:21:26.61,-69:56:59.1,1.4′ × 1.3′,0.02333333,General,,,,0,0,Work in progress
ngc-NGC1940,NGC 1940,Globular cluster,Dorado,11.91,05:22:43.74,-67:11:11.6,1.2′ × 1.2′,0.02,General,,,,0,0,Work in progress
ngc-NGC1941,NGC 1941,Nebula with cluster,Dorado,12,05:23:07.70,-66:22:43.1,0.9′ × 0.8′,0.015,General,,,,0,0,Work in progress
ngc-NGC1942,NGC 1942,Open cluster,Dorado,13.46,05:24:44.54,-63:56:31.6,1.9′ × 1.9′,0.03166667,WideField,,,,0,0,Work in progress
ngc-NGC1943,NGC 1943,Globular cluster,Mensa,11.88,05:22:28.74,-70:09:17.5,1.1′ × 1′,0.01833333,General,,,,0,0,Work in progress
ngc-NGC1944,NGC 1944,Globular cluster,Mensa,11.84,05:21:57.43,-72:29:38.7,2.7′ × 2.7′,0.045,General,,,,0,0,Work in progress
ngc-NGC1945,NGC 1945,Emission nebula,Dorado,,05:24:54.96,-66:27:26.9,10′ × 6′,0.16666667,General,,,,0,0,Work in progress
ngc-NGC1946,NGC 1946,Open cluster,Dorado,12.62,05:25:16.38,-66:23:40.4,1′ × 0.9′,0.01666667,WideField,,,,0,0,Work in progress
ngc-NGC1947,NGC 1947,Galaxy,Dorado,10.47,05:26:47.61,-63:45:36.1,3.48′ × 3.18′,0.058,General,,,,0,0,Work in progress
ngc-NGC1948,NGC 1948,Nebula with cluster,Dorado,10.61,05:25:46.24,-66:16:00.5,7′ × 5.7′,0.11666667,General,,,,0,0,Work in progress
ngc-NGC1949,NGC 1949,Nebula,Dorado,12.39,05:25:04.83,-68:28:21.1,0.95′ × 0.9′,0.01583333,General,,,,0,0,Work in progress
ngc-NGC1950,NGC 1950,Open cluster,Mensa,13.17,05:24:32.99,-69:54:08.3,1.7′ × 1.7′,0.02833333,WideField,,,,0,0,Work in progress
ngc-NGC1951,NGC 1951,Open cluster,Dorado,10.58,05:26:06.82,-66:35:50.1,1.7′ × 1.5′,0.02833333,WideField,,,,0,0,Work in progress
ngc-NGC1953,NGC 1953,Globular cluster,Dorado,11.74,05:25:27.81,-68:50:17.9,1.2′ × 1.2′,0.02,General,,,,0,0,Work in progress
ngc-NGC1954,NGC 1954,Galaxy,Lepus,12.04,05:32:48.33,-14:03:46.0,3.62′ × 1.86′,0.06033333,General,,,,0,0,Work in progress
ngc-NGC1955,NGC 1955,H II region nebula,Dorado,8.87,05:26:09.96,-67:29:50.6,4′ × 3.6′,0.06666667,General,,,,0,0,Work in progress
ngc-NGC1956,NGC 1956,Galaxy,Mensa,14.06,05:19:35.32,-77:43:43.2,1.75′ × 0.95′,0.02916667,General,,,,0,0,Work in progress
ngc-NGC1957,NGC 1957,Galaxy,Lepus,14.84,05:32:55.20,-14:07:59.3,0.87′ × 0.82′,0.0145,General,,,,0,0,Work in progress
ngc-NGC1958,NGC 1958,Globular cluster,Dorado,12.99,05:25:30.52,-69:50:12.4,1.5′ × 1.5′,0.025,General,,,,0,0,Work in progress
ngc-NGC1959,NGC 1959,Open cluster,Mensa,12.17,05:25:36.63,-69:55:36.9,1.6′ × 1.6′,0.02666667,WideField,,,,0,0,Work in progress
ngc-NGC1961,NGC 1961,Galaxy,Camelopardalis,11.54,05:42:04.65,+69:22:42.4,4.42′ × 3.1′,0.07366667,General,,,,0,0,Work in progress
ngc-NGC1962,NGC 1962,Open cluster,Dorado,11.47,05:26:17.73,-68:50:15.5,1.4′ × 1.4′,0.02333333,WideField,,,,0,0,Work in progress
ngc-NGC1963,NGC 1963,Open cluster,Columba,,05:32:16.83,-36:23:55.1,6.3′,0.105,WideField,,,,0,0,Work in progress
ngc-NGC1964,NGC 1964,Galaxy,Lepus,10.91,05:33:21.76,-21:56:44.8,5.16′ × 2.33′,0.086,General,,,,0,0,Work in progress
ngc-NGC1965,NGC 1965,Open cluster,Dorado,11.7,05:26:31.26,-68:48:19.7,1.2′ × 1.1′,0.02,WideField,,,,0,0,Work in progress
ngc-NGC1966,NGC 1966,Open cluster,Dorado,11.83,05:26:45.84,-68:49:11.5,1.1′ × 1′,0.01833333,WideField,,,,0,0,Work in progress
ngc-NGC1967,NGC 1967,Open cluster,Dorado,10.81,05:26:43.31,-69:06:05.5,0.95′ × 0.9′,0.01583333,WideField,,,,0,0,Work in progress
ngc-NGC1968,NGC 1968,Asterism,Dorado,8.22,05:27:22.11,-67:27:49.8,5′ × 2.7′,0.08333333,WideField,,,,0,0,Work in progress
ngc-NGC1969,NGC 1969,Open cluster,Dorado,12.46,05:26:32.36,-69:50:28.9,1.2′ × 1.2′,0.02,WideField,,,,0,0,Work in progress
ngc-NGC1970,NGC 1970,Open cluster,Dorado,10.28,05:26:52.67,-68:50:12.0,1.5′ × 1.5′,0.025,WideField,,,,0,0,Work in progress
ngc-NGC1971,NGC 1971,Open cluster,Dorado,11.9,05:26:45.24,-69:51:05.8,1.1′ × 0.95′,0.01833333,WideField,,,,0,0,Work in progress
ngc-NGC1972,NGC 1972,Open cluster,Dorado,12.62,05:26:47.36,-69:50:18.0,0.9′ × 0.8′,0.015,WideField,,,,0,0,Work in progress
ngc-NGC1973,NGC 1973,Nebula,Orion,7,05:35:04.78,-04:43:54.4,5′ × 5′,0.08333333,General,,,,0,0,Work in progress
ngc-NGC1974,NGC 1974,Open cluster,Dorado,10.3,05:27:59.02,-67:25:26.9,1.6′ × 1.6′,0.02666667,WideField,,,,0,0,Work in progress
ngc-NGC1975,NGC 1975,Nebula,Orion,7,05:35:17.88,-04:41:06.8,10′ × 5′,0.16666667,General,,,,0,0,Work in progress
ngc-NGC1977,the Running Man Nebula,Nebula with cluster,Orion,,05:35:15.80,-04:50:39.6,10.2′,0.17,General,,,,0,0,Work in progress
ngc-NGC1978,NGC 1978,Globular cluster,Dorado,10.7,05:28:45.13,-66:14:09.3,4′ × 2.7′,0.06666667,General,,,,0,0,Work in progress
ngc-NGC1979,NGC 1979,Galaxy,Lepus,12.9,05:34:01.11,-23:18:36.3,1.88′ × 1.81′,0.03133333,General,,,,0,0,Work in progress
ngc-NGC1980,Lower Sword,Nebula with cluster,Orion,2.5,05:35:25.99,-05:54:35.6,9.3′,0.155,General,,,,0,0,Work in progress
ngc-NGC1981,Upper Sword,Nebula with cluster,Orion,4.2,05:35:09.59,-04:25:30.2,9′,0.15,General,,,,0,0,Work in progress
ngc-NGC1983,NGC 1983,Open cluster,Dorado,,05:27:44.25,-68:59:09.8,4′ × 3′,0.06666667,WideField,,,,0,0,Work in progress
ngc-NGC1984,NGC 1984,Open cluster,Dorado,9.99,05:27:40.91,-69:08:03.6,1.5′ × 1.2′,0.025,WideField,,,,0,0,Work in progress
ngc-NGC1985,NGC 1985,Reflection nebula,Auriga,12.7,05:37:47.81,+31:59:19.8,0.68′ × 0.68′,0.01133333,General,,,,0,0,Work in progress
ngc-NGC1986,NGC 1986,Globular cluster,Mensa,11.07,05:27:38.08,-69:58:25.1,2.8′ × 2.4′,0.04666667,General,,,,0,0,Work in progress
ngc-NGC1987,NGC 1987,Globular cluster,Mensa,12.1,05:27:17.15,-70:44:14.5,1.7′ × 1.7′,0.02833333,General,,,,0,0,Work in progress
ngc-NGC1988,NGC 1988,Star,Taurus,,05:37:26.49,+21:13:05.7,,,HighMagnification,,,,0,0,Work in progress
ngc-NGC1989,NGC 1989,Galaxy,Columba,14.13,05:34:23.42,-30:48:03.8,1.72′ × 1.18′,0.02866667,General,,,,0,0,Work in progress
ngc-NGC1990,Alnilam,Star,Orion,1.69,05:36:12.82,-01:12:06.9,,,HighMagnification,,,,0,0,Work in progress
ngc-NGC1992,NGC 1992,Galaxy,Columba,14.69,05:34:31.77,-30:53:49.2,1.22′ × 0.69′,0.02033333,General,,,,0,0,Work in progress
ngc-NGC1993,NGC 1993,Galaxy,Lepus,13.63,05:35:25.57,-17:48:55.1,1.58′ × 0.87′,0.02633333,General,,,,0,0,Work in progress
ngc-NGC1994,NGC 1994,Open cluster,Dorado,,05:28:21.77,-69:08:30.6,1.6′ × 1.5′,0.02666667,WideField,,,,0,0,Work in progress
ngc-NGC1995,NGC 1995,Optical double,Pictor,,05:33:03.34,-48:40:30.5,,,HighMagnification,,,,0,0,Work in progress
ngc-NGC1996,NGC 1996,Open cluster,Taurus,,05:38:18.88,+25:49:23.4,6′,0.1,WideField,,,,0,0,Work in progress
ngc-NGC1997,NGC 1997,Open cluster,Dorado,13.43,05:30:34.70,-63:11:58.3,1.8′ × 1.8′,0.03,WideField,,,,0,0,Work in progress
ngc-NGC1998,NGC 1998,Galaxy,Pictor,15.19,05:33:15.76,-48:41:44.2,0.95′ × 0.47′,0.01583333,General,,,,0,0,Work in progress
ngc-NGC1999,NGC 1999,Reflection nebula,Orion,9.5,05:36:25.35,-06:42:57.1,2′ × 2′,0.03333333,General,,,,0,0,Work in progress
ngc-NGC2000,NGC 2000,Open cluster,Mensa,12.14,05:27:29.24,-71:52:45.8,1.6′ × 1.5′,0.02666667,WideField,,,,0,0,Work in progress
ngc-NGC2001,NGC 2001,Asterism,Dorado,,05:29:02.06,-68:46:09.4,7.3′ × 3.6′,0.12166667,WideField,,,,0,0,Work in progress
ngc-NGC2002,NGC 2002,Globular cluster,Dorado,10.84,05:30:20.70,-66:53:06.0,1.9′ × 1.7′,0.03166667,General,,,,0,0,Work in progress
ngc-NGC2003,NGC 2003,Globular cluster,Dorado,11.3,05:30:55.20,-66:27:59.6,1.7′ × 1.4′,0.02833333,General,,,,0,0,Work in progress
ngc-NGC2004,NGC 2004,Globular cluster,Dorado,9.6,05:30:42.75,-67:17:11.2,3′ × 2.8′,0.05,General,,,,0,0,Work in progress
ngc-NGC2005,NGC 2005,Globular cluster,Dorado,11.57,05:30:10.85,-69:45:08.7,1.6′ × 1.6′,0.02666667,General,,,,0,0,Work in progress
ngc-NGC2006,NGC 2006,Asterism,Dorado,10.88,05:31:21.00,-66:57:55.0,1.6′ × 1.4′,0.02666667,WideField,,,,0,0,Work in progress
ngc-NGC2007,NGC 2007,Galaxy,Pictor,14.85,05:34:59.17,-50:55:18.1,1.53′ × 0.51′,0.0255,General,,,,0,0,Work in progress
ngc-NGC2008,NGC 2008,Galaxy,Pictor,14,05:35:03.81,-50:58:00.4,1.23′ × 0.62′,0.0205,General,,,,0,0,Work in progress
ngc-NGC2009,NGC 2009,Open cluster,Dorado,11.02,05:30:59.16,-69:10:54.0,1.4′ × 1.2′,0.02333333,WideField,,,,0,0,Work in progress
ngc-NGC2010,NGC 2010,Open cluster,Mensa,11.72,05:30:34.93,-70:49:10.8,1.9′ × 1.7′,0.03166667,WideField,,,,0,0,Work in progress
ngc-NGC2011,NGC 2011,Open cluster,Dorado,10.58,05:32:20.21,-67:31:23.3,1′ × 1′,0.01666667,WideField,,,,0,0,Work in progress
ngc-NGC2012,NGC 2012,Galaxy,Mensa,12.97,05:22:35.35,-79:51:06.5,1.29′ × 0.76′,0.0215,General,,,,0,0,Work in progress
ngc-NGC2013,NGC 2013,Open cluster,Auriga,,05:44:01.67,+55:47:36.9,,,WideField,,,,0,0,Work in progress
ngc-NGC2014,NGC 2014,Nebula,Dorado,8.97,05:32:19.87,-67:41:23.4,5.1′ × 3.5′,0.085,General,,,,0,0,Work in progress
ngc-NGC2015,NGC 2015,Asterism,Dorado,10.43,05:32:06.49,-69:14:34.9,4.7′ × 4′,0.07833333,WideField,,,,0,0,Work in progress
ngc-NGC2016,NGC 2016,Open cluster,Mensa,,05:31:38.82,-69:56:45.1,1.8′ × 1.8′,0.03,WideField,,,,0,0,Work in progress
ngc-NGC2017,NGC 2017,Open cluster,Lepus,,05:39:16.31,-17:50:54.6,5′,0.08333333,WideField,,,,0,0,Work in progress
ngc-NGC2018,NGC 2018,H II region nebula,Mensa,10.89,05:31:24.89,-71:04:08.6,2.8′ × 1.7′,0.04666667,General,,,,0,0,Work in progress
ngc-NGC2019,NGC 2019,Globular cluster,Mensa,10.86,05:31:56.66,-70:09:34.5,1.5′ × 1.5′,0.025,General,,,,0,0,Work in progress
ngc-NGC2020,NGC 2020,Emission nebula,Dorado,,05:33:12.59,-67:42:57.2,3.2′ × 2.9′,0.05333333,General,,,,0,0,Work in progress
ngc-NGC2021,NGC 2021,Open cluster,Dorado,12.06,05:33:30.67,-67:27:10.4,0.9′ × 0.9′,0.015,WideField,,,,0,0,Work in progress
ngc-NGC2022,NGC 2022,Planetary nebula,Orion,11.6,05:42:06.21,+09:05:11.5,0.32′,0.00533333,HighMagnification,,,,0,0,Work in progress
ngc-NGC2023,NGC 2023,Reflection nebula,Orion,,05:41:38.39,-02:15:32.5,10′ × 8′,0.16666667,General,,,,0,0,Work in progress
ngc-NGC2024,NGC 2024,Nebula,Orion,,05:41:42.57,-01:51:22.6,30′ × 30′,0.5,General,,,,0,0,Work in progress
ngc-NGC2025,NGC 2025,Open cluster,Mensa,10.94,05:32:33.64,-71:42:55.8,1.9′ × 1.9′,0.03166667,WideField,,,,0,0,Work in progress
ngc-NGC2026,NGC 2026,Open cluster,Taurus,,05:43:10.15,+20:08:20.0,4.2′,0.07,WideField,,,,0,0,Work in progress
ngc-NGC2027,NGC 2027,Open cluster,Dorado,10.97,05:34:59.71,-66:54:58.7,4.6′ × 2.8′,0.07666667,WideField,,,,0,0,Work in progress
ngc-NGC2028,NGC 2028,Open cluster,Mensa,12.88,05:33:48.57,-69:57:06.5,1.1′ × 1′,0.01833333,WideField,,,,0,0,Work in progress
ngc-NGC2029,NGC 2029,Open cluster,Dorado,12.29,05:35:40.66,-66:02:06.0,1.1′ × 0.85′,0.01833333,WideField,,,,0,0,Work in progress
ngc-NGC2030,NGC 2030,H II region nebula,Dorado,12.29,05:34:59.74,-67:33:22.9,1.7′ × 1.7′,0.02833333,General,,,,0,0,Work in progress
ngc-NGC2031,NGC 2031,Globular cluster,Mensa,10.83,05:33:41.82,-70:59:12.4,3.3′ × 2.8′,0.055,General,,,,0,0,Work in progress
ngc-NGC2032,NGC 2032,H II region nebula,Dorado,,05:35:20.62,-67:34:06.4,2.8′ × 1.4′,0.04666667,General,,,,0,0,Work in progress
ngc-NGC2033,NGC 2033,Asterism,Dorado,11.63,05:34:30.70,-69:46:48.5,5.9′ × 4.6′,0.09833333,WideField,,,,0,0,Work in progress
ngc-NGC2034,NGC 2034,Asterism,Dorado,,05:35:32.77,-66:54:13.1,4.5′ × 3.2′,0.075,WideField,,,,0,0,Work in progress
ngc-NGC2035,NGC 2035,Nebula,Dorado,10.99,05:35:31.20,-67:35:03.0,1.8′ × 1.3′,0.03,General,,,,0,0,Work in progress
ngc-NGC2036,NGC 2036,Open cluster,Mensa,12.77,05:34:31.39,-70:03:51.7,1.6′ × 1.6′,0.02666667,WideField,,,,0,0,Work in progress
ngc-NGC2037,NGC 2037,Open cluster,Dorado,10.31,05:35:00.63,-69:43:53.7,2.9′ × 1.3′,0.04833333,WideField,,,,0,0,Work in progress
ngc-NGC2038,NGC 2038,Open cluster,Mensa,11.92,05:34:42.27,-70:33:46.6,1.6′ × 1.5′,0.02666667,WideField,,,,0,0,Work in progress
ngc-NGC2039,NGC 2039,Unclassified object,Orion,,05:44:00.91,+08:41:27.8,,,General,,,,0,0,Work in progress
ngc-NGC2040,NGC 2040,Nebula,Dorado,11.47,05:36:05.93,-67:34:06.8,2.1′ × 1.7′,0.035,General,,,,0,0,Work in progress
ngc-NGC2041,NGC 2041,Globular cluster,Dorado,10.36,05:36:28.05,-66:59:23.2,2.6′ × 2.6′,0.04333333,General,,,,0,0,Work in progress
ngc-NGC2042,NGC 2042,Open cluster,Dorado,9.58,05:36:09.58,-68:55:24.4,4.5′ × 4.5′,0.075,WideField,,,,0,0,Work in progress
ngc-NGC2043,NGC 2043,Open cluster,Mensa,,05:35:57.18,-70:04:27.9,0.65′ × 0.55′,0.01083333,WideField,,,,0,0,Work in progress
ngc-NGC2044,NGC 2044,Asterism,Dorado,10.59,05:36:06.18,-69:11:55.2,5.5′ × 4.5′,0.09166667,WideField,,,,0,0,Work in progress
ngc-NGC2045,NGC 2045,Star,Taurus,6.46,05:45:01.30,+12:53:18.1,,,HighMagnification,,,,0,0,Work in progress
ngc-NGC2046,NGC 2046,Open cluster,Mensa,12.64,05:35:37.53,-70:14:26.5,1.1′ × 1′,0.01833333,WideField,,,,0,0,Work in progress
ngc-NGC2047,NGC 2047,Open cluster,Mensa,13.15,05:35:52.99,-70:11:33.6,0.95′ × 0.9′,0.01583333,WideField,,,,0,0,Work in progress
ngc-NGC2048,NGC 2048,Emission nebula,Dorado,12.17,05:35:55.59,-69:38:54.7,1.4′ × 1′,0.02333333,General,,,,0,0,Work in progress
ngc-NGC2049,NGC 2049,Galaxy,Columba,13.68,05:43:15.31,-30:04:42.2,2.14′ × 0.97′,0.03566667,General,,,,0,0,Work in progress
ngc-NGC2050,NGC 2050,Asterism,Dorado,9.25,05:36:38.82,-69:23:00.7,3′ × 2.4′,0.05,WideField,,,,0,0,Work in progress
ngc-NGC2051,NGC 2051,Open cluster,Mensa,11.69,05:36:07.34,-71:00:41.0,1.5′ × 1.5′,0.025,WideField,,,,0,0,Work in progress
ngc-NGC2052,NGC 2052,Nebula,Dorado,,05:37:11.05,-69:46:27.1,18′ × 12′,0.3,General,,,,0,0,Work in progress
ngc-NGC2053,NGC 2053,Open cluster,Dorado,12.18,05:37:39.70,-67:24:46.5,1.5′ × 1.3′,0.025,WideField,,,,0,0,Work in progress
ngc-NGC2054,NGC 2054,Unclassified object,Orion,,05:45:15.38,-10:04:59.3,,,General,,,,0,0,Work in progress
ngc-NGC2055,NGC 2055,Asterism,Dorado,8.39,05:36:44.73,-69:29:55.1,1.9′ × 1.3′,0.03166667,WideField,,,,0,0,Work in progress
ngc-NGC2056,NGC 2056,Open cluster,Mensa,11.77,05:36:33.97,-70:40:18.8,1.5′ × 1.5′,0.025,WideField,,,,0,0,Work in progress
ngc-NGC2057,NGC 2057,Open cluster,Mensa,12.17,05:36:55.14,-70:16:08.2,1.3′ × 1.2′,0.02166667,WideField,,,,0,0,Work in progress
ngc-NGC2058,NGC 2058,Open cluster,Mensa,11.85,05:36:54.22,-70:09:44.1,2.1′ × 2.1′,0.035,WideField,,,,0,0,Work in progress
ngc-NGC2059,NGC 2059,Open cluster,Mensa,12.85,05:37:00.55,-70:07:44.5,1.1′ × 1′,0.01833333,WideField,,,,0,0,Work in progress
ngc-NGC2060,NGC 2060,Supernova remnant,Dorado,9.59,05:37:46.90,-69:10:18.0,2.2′ × 2′,0.03666667,General,,,,0,0,Work in progress
ngc-NGC2061,NGC 2061,Open cluster,Columba,,05:42:41.77,-34:00:34.3,,,WideField,,,,0,0,Work in progress
ngc-NGC2062,NGC 2062,Open cluster,Dorado,12.67,05:40:02.70,-66:52:32.7,1.2′ × 1.1′,0.02,WideField,,,,0,0,Work in progress
ngc-NGC2063,NGC 2063,Unclassified object,Orion,,05:46:43.03,+08:46:52.0,,,General,,,,0,0,Work in progress
ngc-NGC2064,NGC 2064,Reflection nebula,Orion,,05:46:18.39,+00:00:21.4,10′ × 10′,0.16666667,General,,,,0,0,Work in progress
ngc-NGC2065,NGC 2065,Open cluster,Mensa,11.24,05:37:38.42,-70:14:11.3,2.3′ × 2.3′,0.03833333,WideField,,,,0,0,Work in progress
ngc-NGC2066,NGC 2066,Open cluster,Mensa,13.1,05:37:43.12,-70:09:59.6,1′ × 0.9′,0.01666667,WideField,,,,0,0,Work in progress
ngc-NGC2067,NGC 2067,Reflection nebula,Orion,,05:46:31.88,+00:07:52.5,8′ × 3′,0.13333333,General,,,,0,0,Work in progress
ngc-NGC2069,NGC 2069,Nebula,Dorado,10.1,05:38:46.44,-68:58:27.8,5′ × 2.2′,0.08333333,General,,,,0,0,Work in progress
ngc-NGC2071,NGC 2071,Nebula with cluster,Orion,8,05:47:07.26,+00:17:39.3,7′ × 5′,0.11666667,General,,,,0,0,Work in progress
ngc-NGC2072,NGC 2072,Open cluster,Mensa,13.21,05:38:24.39,-70:14:02.6,1′ × 0.9′,0.01666667,WideField,,,,0,0,Work in progress
ngc-NGC2073,NGC 2073,Galaxy,Lepus,13.45,05:45:53.91,-21:59:56.9,1.44′ × 1.38′,0.024,General,,,,0,0,Work in progress
ngc-NGC2074,NGC 2074,Nebula with cluster,Dorado,8.5,05:39:03.58,-69:29:53.2,4′ × 3.4′,0.06666667,General,,,,0,0,Work in progress
ngc-NGC2075,NGC 2075,Nebula with cluster,Mensa,11.47,05:38:21.35,-70:41:06.1,2.2′ × 1.8′,0.03666667,General,,,,0,0,Work in progress
ngc-NGC2076,NGC 2076,Galaxy,Lepus,12.93,05:46:47.46,-16:46:57.4,2.52′ × 1.5′,0.042,General,,,,0,0,Work in progress
ngc-NGC2077,NGC 2077,Nebula,Dorado,11.71,05:39:36.02,-69:39:25.6,1.3′ × 1.3′,0.02166667,General,,,,0,0,Work in progress
ngc-NGC2078,NGC 2078,Emission nebula,Dorado,10.89,05:39:39.45,-69:44:35.4,1.2′ × 1.1′,0.02,General,,,,0,0,Work in progress
ngc-NGC2079,NGC 2079,H II region nebula,Dorado,11.81,05:39:37.60,-69:45:25.9,1.1′ × 0.95′,0.01833333,General,,,,0,0,Work in progress
ngc-NGC2080,NGC 2080,H II region nebula,Dorado,10.42,05:39:45.82,-69:38:38.8,1.7′ × 1.5′,0.02833333,General,,,,0,0,Work in progress
ngc-NGC2081,NGC 2081,Nebula with cluster,Dorado,,05:39:59.39,-69:24:21.2,8.5′ × 6′,0.14166667,General,,,,0,0,Work in progress
ngc-NGC2082,NGC 2082,Galaxy,Dorado,12.19,05:41:51.12,-64:18:04.1,2.06′ × 1.86′,0.03433333,General,,,,0,0,Work in progress
ngc-NGC2083,NGC 2083,Nebula,Dorado,10.83,05:39:59.22,-69:44:15.3,2′ × 1.8′,0.03333333,General,,,,0,0,Work in progress
ngc-NGC2084,NGC 2084,Nebula,Dorado,,05:40:07.00,-69:45:33.9,1.7′ × 1.2′,0.02833333,General,,,,0,0,Work in progress
ngc-NGC2085,NGC 2085,Nebula,Dorado,12.06,05:40:09.83,-69:40:22.1,0.95′ × 0.95′,0.01583333,General,,,,0,0,Work in progress
ngc-NGC2086,NGC 2086,Nebula,Dorado,12,05:40:12.88,-69:40:04.3,0.85′ × 0.8′,0.01416667,General,,,,0,0,Work in progress
ngc-NGC2087,NGC 2087,Galaxy,Pictor,14.7,05:44:16.03,-55:31:56.8,0.81′ × 0.59′,0.0135,General,,,,0,0,Work in progress
ngc-NGC2088,NGC 2088,Open cluster,Dorado,12.47,05:40:59.81,-68:27:55.3,1.5′ × 1.4′,0.025,WideField,,,,0,0,Work in progress
ngc-NGC2089,NGC 2089,Galaxy,Lepus,12.94,05:47:51.43,-17:36:08.6,2.2′ × 1.08′,0.03666667,General,,,,0,0,Work in progress
ngc-NGC2090,NGC 2090,Galaxy,Columba,10.92,05:47:01.89,-34:15:02.2,4.47′ × 1.67′,0.0745,General,,,,0,0,Work in progress
ngc-NGC2091,NGC 2091,Open cluster,Dorado,12.07,05:40:58.04,-69:26:13.5,1.3′ × 1.2′,0.02166667,WideField,,,,0,0,Work in progress
ngc-NGC2092,NGC 2092,Open cluster,Dorado,,05:41:22.00,-69:13:27.2,1′ × 0.9′,0.01666667,WideField,,,,0,0,Work in progress
ngc-NGC2093,NGC 2093,Asterism,Dorado,11.57,05:41:49.74,-68:55:17.1,1.5′ × 1.3′,0.025,WideField,,,,0,0,Work in progress
ngc-NGC2094,NGC 2094,Open cluster,Dorado,12.8,05:42:08.85,-68:21:49.6,0.85′ × 0.75′,0.01416667,WideField,,,,0,0,Work in progress
ngc-NGC2095,NGC 2095,Open cluster,Dorado,13.09,05:42:36.16,-67:19:08.0,1.5′ × 1.4′,0.025,WideField,,,,0,0,Work in progress
ngc-NGC2096,NGC 2096,Open cluster,Dorado,11.31,05:42:17.80,-68:27:31.0,1.1′ × 0.9′,0.01833333,WideField,,,,0,0,Work in progress
ngc-NGC2097,NGC 2097,Globular cluster,Dorado,13.67,05:44:16.02,-62:47:08.2,1.9′ × 1.9′,0.03166667,General,,,,0,0,Work in progress
ngc-NGC2098,NGC 2098,Open cluster,Dorado,10.73,05:42:31.03,-68:16:23.4,2.2′ × 2′,0.03666667,WideField,,,,0,0,Work in progress
ngc-NGC2100,NGC 2100,Globular cluster,Dorado,9.6,05:42:09.07,-69:12:42.6,2.5′ × 2.5′,0.04166667,General,,,,0,0,Work in progress
ngc-NGC2101,NGC 2101,Galaxy,Pictor,13.27,05:46:24.17,-52:05:18.7,1.24′ × 0.65′,0.02066667,General,,,,0,0,Work in progress
ngc-NGC2102,NGC 2102,Open cluster,Dorado,11.44,05:42:20.49,-69:29:13.5,0.85′ × 0.85′,0.01416667,WideField,,,,0,0,Work in progress
ngc-NGC2103,NGC 2103,H II region nebula,Mensa,10.82,05:41:40.35,-71:19:59.3,4′ × 3.5′,0.06666667,General,,,,0,0,Work in progress
ngc-NGC2104,NGC 2104,Galaxy,Pictor,12.73,05:47:04.73,-51:33:10.5,2.12′ × 0.91′,0.03533333,General,,,,0,0,Work in progress
ngc-NGC2105,NGC 2105,Globular cluster,Dorado,12.19,05:44:19.18,-66:55:03.4,1.7′ × 1.5′,0.02833333,General,,,,0,0,Work in progress
ngc-NGC2106,NGC 2106,Galaxy,Lepus,13.13,05:50:46.63,-21:34:02.1,2.43′ × 1.22′,0.0405,General,,,,0,0,Work in progress
ngc-NGC2107,NGC 2107,Open cluster,Mensa,11.51,05:43:12.88,-70:38:23.8,1.7′ × 1.7′,0.02833333,WideField,,,,0,0,Work in progress
ngc-NGC2108,NGC 2108,Globular cluster,Dorado,12.32,05:43:56.87,-69:10:55.6,1.8′ × 1.8′,0.03,General,,,,0,0,Work in progress
ngc-NGC2109,NGC 2109,Open cluster,Dorado,12.21,05:44:22.92,-68:32:52.1,1.6′ × 1.6′,0.02666667,WideField,,,,0,0,Work in progress
ngc-NGC2110,NGC 2110,Galaxy,Orion,13.51,05:52:11.38,-07:27:22.4,1.83′ × 1.45′,0.0305,General,,,,0,0,Work in progress
ngc-NGC2111,NGC 2111,Open cluster,Mensa,12.45,05:44:32.99,-70:59:35.7,1.5′ × 1.4′,0.025,WideField,,,,0,0,Work in progress
ngc-NGC2112,NGC 2112,Open cluster,Orion,9.1,05:53:45.21,+00:24:38.9,21′,0.35,WideField,,,,0,0,Work in progress
ngc-NGC2113,NGC 2113,Nebula with cluster,Dorado,,05:45:24.57,-69:46:27.0,1.1′ × 1.1′,0.01833333,General,,,,0,0,Work in progress
ngc-NGC2114,NGC 2114,Open cluster,Dorado,12.48,05:46:12.11,-68:02:53.9,1.4′ × 1.2′,0.02333333,WideField,,,,0,0,Work in progress
ngc-NGC2115,NGC 2115,Galaxy pair,Pictor,,05:51:20.70,-50:35:15.0,1.33′,0.02216667,General,,,,0,0,Work in progress
ngc-NGC2116,NGC 2116,Open cluster,Dorado,12.92,05:47:15.16,-68:30:28.6,1.2′ × 1.1′,0.02,WideField,,,,0,0,Work in progress
ngc-NGC2117,NGC 2117,Open cluster,Dorado,11.65,05:47:45.92,-67:27:00.6,2′ × 1.8′,0.03333333,WideField,,,,0,0,Work in progress
ngc-NGC2118,NGC 2118,Open cluster,Dorado,13.38,05:47:39.57,-69:07:54.6,1.6′ × 1.6′,0.02666667,WideField,,,,0,0,Work in progress
ngc-NGC2119,NGC 2119,Galaxy,Orion,15,05:57:26.95,+11:56:57.1,1.26′ × 0.99′,0.021,General,,,,0,0,Work in progress
ngc-NGC2120,NGC 2120,Globular cluster,Dorado,12.67,05:50:34.61,-63:40:39.4,2.2′ × 2.2′,0.03666667,General,,,,0,0,Work in progress
ngc-NGC2121,NGC 2121,Globular cluster,Mensa,12.37,05:48:12.84,-71:28:47.2,2.7′ × 2.2′,0.045,General,,,,0,0,Work in progress
ngc-NGC2122,NGC 2122,Nebula with cluster,Mensa,10.43,05:48:52.51,-70:04:12.3,6′ × 5′,0.1,General,,,,0,0,Work in progress
ngc-NGC2123,NGC 2123,Globular cluster,Dorado,12.56,05:51:43.32,-65:19:17.3,1.5′ × 1.5′,0.025,General,,,,0,0,Work in progress
ngc-NGC2124,NGC 2124,Galaxy,Lepus,13.45,05:57:52.23,-20:05:04.7,2.84′ × 0.81′,0.04733333,General,,,,0,0,Work in progress
ngc-NGC2125,NGC 2125,Open cluster,Dorado,,05:50:54.23,-69:28:44.9,1.1′ × 1.1′,0.01833333,WideField,,,,0,0,Work in progress
ngc-NGC2126,NGC 2126,Open cluster,Auriga,,06:02:32.98,+49:51:57.3,5.4′,0.09,WideField,,,,0,0,Work in progress
ngc-NGC2127,NGC 2127,Open cluster,Dorado,11.64,05:51:21.28,-69:21:32.6,1.5′ × 1.5′,0.025,WideField,,,,0,0,Work in progress
ngc-NGC2128,NGC 2128,Galaxy,Camelopardalis,13.66,06:04:34.23,+57:37:39.9,1.44′ × 1.01′,0.024,General,,,,0,0,Work in progress
ngc-NGC2129,NGC 2129,Open cluster,Gemini,6.7,06:01:06.54,+23:19:19.8,3.9′,0.065,WideField,,,,0,0,Work in progress
ngc-NGC2130,NGC 2130,Globular cluster,Dorado,12.1,05:52:23.72,-67:20:02.8,1.4′ × 1.3′,0.02333333,General,,,,0,0,Work in progress
ngc-NGC2131,NGC 2131,Galaxy,Lepus,14.6,05:58:47.52,-26:39:10.8,1.16′ × 0.49′,0.01933333,General,,,,0,0,Work in progress
ngc-NGC2132,NGC 2132,Open cluster,Pictor,,05:55:44.32,-59:55:39.8,7.8′,0.13,WideField,,,,0,0,Work in progress
ngc-NGC2133,NGC 2133,Open cluster,Mensa,12.04,05:51:28.72,-71:10:30.1,1.6′ × 1.6′,0.02666667,WideField,,,,0,0,Work in progress
ngc-NGC2134,NGC 2134,Globular cluster,Mensa,11.05,05:51:57.70,-71:05:51.3,2.8′ × 2.8′,0.04666667,General,,,,0,0,Work in progress
ngc-NGC2135,NGC 2135,Globular cluster,Dorado,12.05,05:53:35.43,-67:25:46.3,1.5′ × 1.5′,0.025,General,,,,0,0,Work in progress
ngc-NGC2136,NGC 2136,Globular cluster,Dorado,10.7,05:52:57.75,-69:29:33.9,2.8′ × 2.5′,0.04666667,General,,,,0,0,Work in progress
ngc-NGC2137,NGC 2137,Open cluster,Dorado,12.66,05:53:13.15,-69:28:55.1,1.1′ × 1′,0.01833333,WideField,,,,0,0,Work in progress
ngc-NGC2138,NGC 2138,Globular cluster,Dorado,13.76,05:54:50.18,-65:50:13.6,1.2′ × 1.2′,0.02,General,,,,0,0,Work in progress
ngc-NGC2139,NGC 2139,Galaxy,Lepus,11.66,06:01:07.81,-23:40:21.5,2.94′ × 2.16′,0.049,General,,,,0,0,Work in progress
ngc-NGC2140,NGC 2140,Open cluster,Dorado,12.44,05:54:16.18,-68:35:59.4,1.5′ × 1.5′,0.025,WideField,,,,0,0,Work in progress
ngc-NGC2141,NGC 2141,Open cluster,Orion,9.4,06:02:55.06,+10:26:47.3,5.4′,0.09,WideField,,,,0,0,Work in progress
ngc-NGC2142,NGC 2142,Star,Monoceros,4.94,06:01:50.43,-10:35:52.6,,,HighMagnification,,,,0,0,Work in progress
ngc-NGC2143,NGC 2143,Open cluster,Orion,,06:03:01.56,+05:49:52.6,6.9′,0.115,WideField,,,,0,0,Work in progress
ngc-NGC2144,NGC 2144,Galaxy,Mensa,13.94,05:40:57.19,-82:07:09.8,1.46′ × 1.15′,0.02433333,General,,,,0,0,Work in progress
ngc-NGC2145,NGC 2145,Open cluster,Mensa,12.07,05:54:23.06,-70:54:03.7,1.5′ × 1.5′,0.025,WideField,,,,0,0,Work in progress
ngc-NGC2146,NGC 2146,Galaxy,Camelopardalis,10.69,06:18:37.71,+78:21:25.3,5.31′ × 4.32′,0.0885,General,,,,0,0,Work in progress
ngc-NGC2147,NGC 2147,Open cluster,Dorado,12.94,05:55:45.60,-68:12:05.7,0.95′ × 0.95′,0.01583333,WideField,,,,0,0,Work in progress
ngc-NGC2148,NGC 2148,Galaxy,Pictor,14.6,05:58:45.85,-59:07:33.4,1.17′ × 0.82′,0.0195,General,,,,0,0,Work in progress
ngc-NGC2149,NGC 2149,Reflection nebula,Monoceros,,06:03:30.79,-09:43:50.1,3′ × 2′,0.05,General,,,,0,0,Work in progress
ngc-NGC2150,NGC 2150,Galaxy,Dorado,13.03,05:55:46.34,-69:33:38.9,1.15′ × 0.61′,0.01916667,General,,,,0,0,Work in progress
ngc-NGC2151,NGC 2151,Open cluster,Dorado,,05:56:20.44,-69:01:02.5,1.3′ × 1.3′,0.02166667,WideField,,,,0,0,Work in progress
ngc-NGC2152,NGC 2152,Galaxy,Pictor,14.76,06:00:55.29,-50:44:27.3,1.12′ × 0.77′,0.01866667,General,,,,0,0,Work in progress
ngc-NGC2153,NGC 2153,Globular cluster,Dorado,13.05,05:57:51.72,-66:24:02.4,1.5′ × 1.5′,0.025,General,,,,0,0,Work in progress
ngc-NGC2154,NGC 2154,Globular cluster,Dorado,11.79,05:57:37.49,-67:15:49.6,2.4′ × 2.4′,0.04,General,,,,0,0,Work in progress
ngc-NGC2155,NGC 2155,Globular cluster,Dorado,12.6,05:58:33.21,-65:28:35.3,2.4′ × 2.4′,0.04,General,,,,0,0,Work in progress
ngc-NGC2156,NGC 2156,Globular cluster,Dorado,11.38,05:57:49.68,-68:27:38.9,2.1′ × 2.1′,0.035,General,,,,0,0,Work in progress
ngc-NGC2157,NGC 2157,Globular cluster,Dorado,10.16,05:57:34.78,-69:11:50.0,2.8′ × 2.8′,0.04666667,General,,,,0,0,Work in progress
ngc-NGC2158,NGC 2158,Open cluster,Gemini,8.6,06:07:25.61,+24:05:46.2,8.4′,0.14,WideField,,,,0,0,Work in progress
ngc-NGC2159,NGC 2159,Globular cluster,Dorado,11.38,05:58:03.88,-68:37:22.5,1.9′ × 1.9′,0.03166667,General,,,,0,0,Work in progress
ngc-NGC2160,NGC 2160,Open cluster,Dorado,12.16,05:58:12.84,-68:17:22.5,1.4′ × 1.4′,0.02333333,WideField,,,,0,0,Work in progress
ngc-NGC2161,NGC 2161,Globular cluster,Mensa,12.95,05:55:43.06,-74:21:14.2,2.3′ × 2.3′,0.03833333,General,,,,0,0,Work in progress
ngc-NGC2162,NGC 2162,Globular cluster,Dorado,12.7,06:00:30.17,-63:43:17.2,3′ × 3′,0.05,General,,,,0,0,Work in progress
ngc-NGC2163,NGC 2163,Reflection nebula,Orion,,06:07:49.54,+18:39:26.8,3′ × 2′,0.05,General,,,,0,0,Work in progress
ngc-NGC2164,NGC 2164,Globular cluster,Dorado,10.34,05:58:56.26,-68:30:57.2,2.8′ × 2.8′,0.04666667,General,,,,0,0,Work in progress
ngc-NGC2165,NGC 2165,Open cluster,Auriga,,06:11:04.21,+51:40:38.3,,,WideField,,,,0,0,Work in progress
ngc-NGC2166,NGC 2166,Open cluster,Dorado,12.86,05:59:34.14,-67:56:32.4,1.4′ × 1.4′,0.02333333,WideField,,,,0,0,Work in progress
ngc-NGC2167,NGC 2167,Star,Monoceros,6.58,06:06:58.56,-06:12:09.5,,,HighMagnification,,,,0,0,Work in progress
ngc-NGC2169,NGC 2169,Open cluster,Orion,5.9,06:08:24.35,+13:57:53.5,7.2′,0.12,WideField,,,,0,0,Work in progress
ngc-NGC2170,NGC 2170,Reflection nebula,Monoceros,,06:07:31.82,-06:23:57.5,2′ × 2′,0.03333333,General,,,,0,0,Work in progress
ngc-NGC2171,NGC 2171,Unclassified object,Mensa,,05:58:59.64,-70:43:08.8,,,General,,,,0,0,Work in progress
ngc-NGC2172,NGC 2172,Open cluster,Dorado,11.75,06:00:05.84,-68:38:12.9,1.7′ × 1.7′,0.02833333,WideField,,,,0,0,Work in progress
ngc-NGC2173,NGC 2173,Globular cluster,Mensa,11.88,05:57:58.88,-72:58:28.3,2.6′ × 2.6′,0.04333333,General,,,,0,0,Work in progress
ngc-NGC2174,Monkey Head Nebula,Nebula,Orion,,06:09:23.62,+20:39:34.5,40′ × 30′,0.66666667,General,,,,0,0,Work in progress
ngc-NGC2175,NGC 2175,Nebula with cluster,Orion,6.8,06:09:39.55,+20:29:15.3,5.4′,0.09,General,,,,0,0,Work in progress
ngc-NGC2176,NGC 2176,Open cluster,Dorado,,06:01:19.38,-66:51:11.7,1.1′ × 1′,0.01833333,WideField,,,,0,0,Work in progress
ngc-NGC2177,NGC 2177,Open cluster,Dorado,12.83,06:01:16.49,-67:43:59.7,1.5′ × 1.4′,0.025,WideField,,,,0,0,Work in progress
ngc-NGC2178,NGC 2178,Galaxy,Pictor,13.65,06:02:47.58,-63:45:49.3,1.27′ × 1′,0.02116667,General,,,,0,0,Work in progress
ngc-NGC2179,NGC 2179,Galaxy,Lepus,12.35,06:08:02.22,-21:44:48.1,1.99′ × 1.44′,0.03316667,General,,,,0,0,Work in progress
ngc-NGC2180,NGC 2180,Open cluster,Orion,9,06:09:36.25,+04:42:41.8,4.2′,0.07,WideField,,,,0,0,Work in progress
ngc-NGC2181,NGC 2181,Globular cluster,Dorado,13.64,06:02:43.66,-65:15:53.5,1.5′ × 1.5′,0.025,General,,,,0,0,Work in progress
ngc-NGC2182,NGC 2182,Reflection nebula,Monoceros,9,06:09:30.95,-06:19:35.2,3′ × 2′,0.05,General,,,,0,0,Work in progress
ngc-NGC2183,NGC 2183,H II region nebula,Monoceros,15.15,06:10:46.93,-06:12:42.6,12′,0.2,General,,,,0,0,Work in progress
ngc-NGC2184,NGC 2184,Open cluster,Orion,,06:10:59.67,-03:29:42.6,6.6′,0.11,WideField,,,,0,0,Work in progress
ngc-NGC2185,NGC 2185,Nebula,Monoceros,12.9,06:11:00.47,-06:13:36.7,2′ × 2′,0.03333333,General,,,,0,0,Work in progress
ngc-NGC2186,NGC 2186,Open cluster,Orion,8.7,06:12:07.13,+05:27:30.9,4.2′,0.07,WideField,,,,0,0,Work in progress
ngc-NGC2187,NGC 2187,Galaxy pair,Dorado,,06:03:48.50,-69:35:00.0,3.33′,0.0555,General,,,,0,0,Work in progress
ngc-NGC2188,NGC 2188,Galaxy,Columba,11.67,06:10:09.53,-34:06:22.3,5.42′ × 1.33′,0.09033333,General,,,,0,0,Work in progress
ngc-NGC2189,NGC 2189,Unclassified object,Orion,,06:12:09.99,+01:03:57.5,,,General,,,,0,0,Work in progress
ngc-NGC2190,NGC 2190,Globular cluster,Mensa,12.94,06:01:01.79,-74:43:31.5,2.2′ × 2.2′,0.03666667,General,,,,0,0,Work in progress
ngc-NGC2191,NGC 2191,Galaxy,Carina,12.3,06:08:23.87,-52:30:44.3,1.77′ × 0.86′,0.0295,General,,,,0,0,Work in progress
ngc-NGC2192,NGC 2192,Open cluster,Auriga,10.9,06:15:17.43,+39:51:18.8,5.4′,0.09,WideField,,,,0,0,Work in progress
ngc-NGC2193,NGC 2193,Globular cluster,Dorado,13.42,06:06:17.52,-65:05:55.6,1.7′ × 1.7′,0.02833333,General,,,,0,0,Work in progress
ngc-NGC2194,NGC 2194,Open cluster,Orion,8.5,06:13:45.91,+12:48:24.0,8.7′,0.145,WideField,,,,0,0,Work in progress
ngc-NGC2195,NGC 2195,Optical double,Orion,,06:14:33.81,+17:38:21.8,,,HighMagnification,,,,0,0,Work in progress
ngc-NGC2196,NGC 2196,Galaxy,Lepus,11.19,06:12:09.65,-21:48:21.4,2.77′ × 2.16′,0.04616667,General,,,,0,0,Work in progress
ngc-NGC2197,NGC 2197,Globular cluster,Dorado,13.45,06:06:07.31,-67:05:50.0,1.8′ × 1.6′,0.03,General,,,,0,0,Work in progress
ngc-NGC2198,NGC 2198,Unclassified object,Orion,,06:13:54.91,+00:59:40.8,,,General,,,,0,0,Work in progress
ngc-NGC2199,NGC 2199,Galaxy,Mensa,13.77,06:04:44.95,-73:23:59.4,2.21′ × 0.88′,0.03683333,General,,,,0,0,Work in progress
ngc-NGC2200,NGC 2200,Galaxy,Puppis,14.86,06:13:17.58,-43:39:47.4,1.21′ × 0.94′,0.02016667,General,,,,0,0,Work in progress
ngc-NGC2201,NGC 2201,Galaxy,Puppis,14.33,06:13:31.61,-43:42:17.0,1.03′ × 0.72′,0.01716667,General,,,,0,0,Work in progress
ngc-NGC2202,NGC 2202,Open cluster,Orion,,06:16:50.75,+05:59:46.2,4.8′,0.08,WideField,,,,0,0,Work in progress
ngc-NGC2203,NGC 2203,Globular cluster,Mensa,11.29,06:04:42.55,-75:26:18.3,3.2′ × 3.2′,0.05333333,General,,,,0,0,Work in progress
ngc-NGC2204,NGC 2204,Open cluster,Canis Major,8.6,06:15:32.22,-18:39:57.1,6.3′,0.105,WideField,,,,0,0,Work in progress
ngc-NGC2205,NGC 2205,Galaxy,Pictor,13.72,06:10:32.73,-62:32:18.3,1.3′ × 0.99′,0.02166667,General,,,,0,0,Work in progress
ngc-NGC2206,NGC 2206,Galaxy,Canis Major,12.23,06:15:59.84,-26:45:55.7,2.45′ × 1.07′,0.04083333,General,,,,0,0,Work in progress
ngc-NGC2207,NGC 2207,Galaxy,Canis Major,11.06,06:16:22.03,-21:22:21.6,4.86′ × 2.71′,0.081,General,,,,0,0,Work in progress
ngc-NGC2208,NGC 2208,Galaxy,Auriga,12.61,06:22:34.68,+51:54:34.1,1.73′ × 1′,0.02883333,General,,,,0,0,Work in progress
ngc-NGC2209,NGC 2209,Globular cluster,Mensa,13.15,06:08:35.91,-73:50:18.3,2.9′ × 2.9′,0.04833333,General,,,,0,0,Work in progress
ngc-NGC2210,NGC 2210,Globular cluster,Dorado,10.94,06:11:31.36,-69:07:17.0,3.3′ × 3.3′,0.055,General,,,,0,0,Work in progress
ngc-NGC2211,NGC 2211,Galaxy,Canis Major,13.71,06:18:30.36,-18:32:14.2,1.39′ × 0.73′,0.02316667,General,,,,0,0,Work in progress
ngc-NGC2212,NGC 2212,Galaxy,Canis Major,14.59,06:18:35.76,-18:31:10.1,1.28′ × 0.69′,0.02133333,General,,,,0,0,Work in progress
ngc-NGC2213,NGC 2213,Open cluster,Mensa,12.38,06:10:41.94,-71:31:42.4,2.1′ × 2.1′,0.035,WideField,,,,0,0,Work in progress
ngc-NGC2214,NGC 2214,Open cluster,Dorado,10.93,06:12:56.93,-68:15:38.6,3.1′ × 3.1′,0.05166667,WideField,,,,0,0,Work in progress
ngc-NGC2215,NGC 2215,Open cluster,Monoceros,8.45,06:20:49.25,-07:17:01.6,8.4′,0.14,WideField,,,,0,0,Work in progress
ngc-NGC2216,NGC 2216,Galaxy,Canis Major,13.69,06:21:30.74,-22:05:14.8,1.43′ × 1.11′,0.02383333,General,,,,0,0,Work in progress
ngc-NGC2217,NGC 2217,Galaxy,Canis Major,10.57,06:21:39.78,-27:14:01.5,4.63′ × 4.12′,0.07716667,General,,,,0,0,Work in progress
ngc-NGC2218,NGC 2218,Unclassified object,Gemini,,06:24:41.49,+19:20:28.7,,,General,,,,0,0,Work in progress
ngc-NGC2219,NGC 2219,Open cluster,Monoceros,,06:23:44.32,-04:40:38.2,4.2′,0.07,WideField,,,,0,0,Work in progress
ngc-NGC2220,NGC 2220,Unclassified object,Puppis,,06:21:10.76,-44:45:35.2,4.2′,0.07,General,,,,0,0,Work in progress
ngc-NGC2221,NGC 2221,Galaxy,Pictor,13.87,06:20:15.72,-57:34:42.3,2.41′ × 0.51′,0.04016667,General,,,,0,0,Work in progress
ngc-NGC2222,NGC 2222,Galaxy,Pictor,14.22,06:20:17.06,-57:32:04.1,1.35′ × 0.38′,0.0225,General,,,,0,0,Work in progress
ngc-NGC2223,NGC 2223,Galaxy,Canis Major,11.87,06:24:35.91,-22:50:17.7,2.82′ × 2.25′,0.047,General,,,,0,0,Work in progress
ngc-NGC2224,NGC 2224,Unclassified object,Gemini,,06:27:28.59,+12:35:36.2,,,General,,,,0,0,Work in progress
ngc-NGC2225,NGC 2225,Open cluster,Monoceros,,06:26:34.49,-09:37:50.7,3.6′,0.06,WideField,,,,0,0,Work in progress
ngc-NGC2226,NGC 2226,Open cluster,Monoceros,,06:26:37.58,-09:38:34.0,,,WideField,,,,0,0,Work in progress
ngc-NGC2227,NGC 2227,Galaxy,Canis Major,12.15,06:25:57.98,-22:00:17.4,2.27′ × 1.21′,0.03783333,General,,,,0,0,Work in progress
ngc-NGC2228,NGC 2228,Galaxy,Dorado,14.61,06:21:15.54,-64:27:31.8,0.99′ × 0.84′,0.0165,General,,,,0,0,Work in progress
ngc-NGC2229,NGC 2229,Galaxy,Dorado,14.41,06:21:23.68,-64:57:24.0,1.24′ × 0.52′,0.02066667,General,,,,0,0,Work in progress
ngc-NGC2230,NGC 2230,Galaxy,Dorado,14.09,06:21:27.56,-64:59:34.0,1.32′ × 0.65′,0.022,General,,,,0,0,Work in progress
ngc-NGC2231,NGC 2231,Globular cluster,Dorado,13.2,06:20:42.97,-67:31:06.6,2.1′ × 2.1′,0.035,General,,,,0,0,Work in progress
ngc-NGC2232,NGC 2232,Open cluster,Monoceros,3.9,06:28:01.13,-04:50:50.8,9.9′,0.165,WideField,,,,0,0,Work in progress
ngc-NGC2233,NGC 2233,Galaxy,Dorado,14.87,06:21:40.06,-65:02:00.1,0.98′ × 0.37′,0.01633333,General,,,,0,0,Work in progress
ngc-NGC2234,NGC 2234,Open cluster,Gemini,,06:29:21.68,+16:43:22.3,4.2′,0.07,WideField,,,,0,0,Work in progress
ngc-NGC2235,NGC 2235,Galaxy,Dorado,14.01,06:22:21.91,-64:56:03.9,1.41′ × 1.15′,0.0235,General,,,,0,0,Work in progress
ngc-NGC2236,NGC 2236,Open cluster,Monoceros,8.5,06:29:39.70,+06:49:50.5,5.4′,0.09,WideField,,,,0,0,Work in progress
ngc-NGC2240,NGC 2240,Open cluster,Auriga,,06:33:10.55,+35:15:00.7,3.6′,0.06,WideField,,,,0,0,Work in progress
ngc-NGC2241,NGC 2241,Open cluster,Dorado,13.25,06:22:51.36,-68:55:31.4,1.6′ × 1.6′,0.02666667,WideField,,,,0,0,Work in progress
ngc-NGC2242,NGC 2242,Planetary nebula,Auriga,15,06:34:07.24,+44:46:37.3,0.45′,0.0075,HighMagnification,,,,0,0,Work in progress
ngc-NGC2243,NGC 2243,Open cluster,Canis Major,9.4,06:29:34.48,-31:16:52.8,5.1′,0.085,WideField,,,,0,0,Work in progress
ngc-NGC2245,NGC 2245,Reflection nebula,Monoceros,11,06:32:41.25,+10:09:23.9,2′ × 2′,0.03333333,General,,,,0,0,Work in progress
ngc-NGC2246,Rosette B,Nebula,Monoceros,,06:32:33.80,+05:07:41.8,10′ × 10′,0.16666667,General,,,,0,0,Work in progress
ngc-NGC2247,NGC 2247,Reflection nebula,Monoceros,8.5,06:33:05.20,+10:19:20.1,2′ × 2′,0.03333333,General,,,,0,0,Work in progress
ngc-NGC2248,NGC 2248,Unclassified object,Gemini,,06:34:35.75,+26:18:16.0,,,General,,,,0,0,Work in progress
ngc-NGC2249,NGC 2249,Globular cluster,Dorado,12.23,06:25:49.57,-68:55:11.2,2.3′ × 2.3′,0.03833333,General,,,,0,0,Work in progress
ngc-NGC2250,NGC 2250,Open cluster,Monoceros,8.9,06:33:49.88,-05:05:04.0,5.1′,0.085,WideField,,,,0,0,Work in progress
ngc-NGC2251,NGC 2251,Open cluster,Monoceros,7.3,06:34:38.48,+08:21:59.0,5.7′,0.095,WideField,,,,0,0,Work in progress
ngc-NGC2252,NGC 2252,Open cluster,Monoceros,7.7,06:34:42.97,+05:21:58.5,6.6′,0.11,WideField,,,,0,0,Work in progress
ngc-NGC2253,NGC 2253,Galaxy,Camelopardalis,12.92,06:43:41.84,+65:12:22.6,1.43′ × 1.05′,0.02383333,General,,,,0,0,Work in progress
ngc-NGC2254,NGC 2254,Open cluster,Monoceros,9.1,06:35:49.66,+07:40:23.8,4.2′,0.07,WideField,,,,0,0,Work in progress
ngc-NGC2255,NGC 2255,Galaxy,Columba,14.17,06:33:58.63,-34:48:45.3,1.47′ × 0.78′,0.0245,General,,,,0,0,Work in progress
ngc-NGC2256,NGC 2256,Galaxy,Camelopardalis,13.94,06:47:13.97,+74:14:11.5,2.17′ × 1.97′,0.03616667,General,,,,0,0,Work in progress
ngc-NGC2257,NGC 2257,Globular cluster,Dorado,12.62,06:30:13.86,-64:19:32.2,4′ × 4′,0.06666667,General,,,,0,0,Work in progress
ngc-NGC2258,NGC 2258,Galaxy,Camelopardalis,11.87,06:47:45.80,+74:28:54.0,3.02′ × 1.91′,0.05033333,General,,,,0,0,Work in progress
ngc-NGC2259,NGC 2259,Open cluster,Monoceros,10.8,06:38:21.44,+10:53:01.0,6′,0.1,WideField,,,,0,0,Work in progress
ngc-NGC2260,NGC 2260,Open cluster,Monoceros,,06:38:03.07,-01:28:22.2,,,WideField,,,,0,0,Work in progress
ngc-NGC2262,NGC 2262,Open cluster,Monoceros,11.3,06:39:38.08,+01:08:37.1,3.9′,0.065,WideField,,,,0,0,Work in progress
ngc-NGC2263,NGC 2263,Galaxy,Canis Major,12.87,06:38:28.84,-24:50:55.3,2.86′ × 1.77′,0.04766667,General,,,,0,0,Work in progress
ngc-NGC2264,Christmas Tree Cluster,Nebula with cluster,Monoceros,3.9,06:40:58.25,+09:53:43.7,11.4′,0.19,General,,,,0,0,Work in progress
ngc-NGC2265,NGC 2265,Open cluster,Gemini,,06:41:41.64,+11:54:16.7,4.5′,0.075,WideField,,,,0,0,Work in progress
ngc-NGC2266,NGC 2266,Open cluster,Gemini,9.5,06:43:19.21,+26:58:10.4,4.2′,0.07,WideField,,,,0,0,Work in progress
ngc-NGC2267,NGC 2267,Galaxy,Canis Major,13.25,06:40:51.70,-32:28:56.2,1.71′ × 1.44′,0.0285,General,,,,0,0,Work in progress
ngc-NGC2268,NGC 2268,Galaxy,Camelopardalis,11.56,07:14:17.44,+84:22:56.2,2.14′ × 0.93′,0.03566667,General,,,,0,0,Work in progress
ngc-NGC2269,NGC 2269,Open cluster,Monoceros,10,06:43:17.08,+04:37:27.5,4.8′,0.08,WideField,,,,0,0,Work in progress
ngc-NGC2270,NGC 2270,Open cluster,Monoceros,,06:43:57.76,+03:28:42.6,5.4′,0.09,WideField,,,,0,0,Work in progress
ngc-NGC2271,NGC 2271,Galaxy,Canis Major,13.18,06:42:52.99,-23:28:33.6,1.77′ × 1.29′,0.0295,General,,,,0,0,Work in progress
ngc-NGC2272,NGC 2272,Galaxy,Canis Major,11.94,06:42:41.30,-27:27:34.2,2.19′ × 1.54′,0.0365,General,,,,0,0,Work in progress
ngc-NGC2273,NGC 2273,Galaxy,Lynx,12.42,06:50:08.66,+60:50:44.9,2.29′ × 1.39′,0.03816667,General,,,,0,0,Work in progress
ngc-NGC2274,NGC 2274,Galaxy,Gemini,13.52,06:47:17.37,+33:34:01.9,1.78′ × 1.77′,0.02966667,General,,,,0,0,Work in progress
ngc-NGC2275,NGC 2275,Galaxy,Gemini,13.62,06:47:17.93,+33:35:57.2,2.51′ × 0.78′,0.04183333,General,,,,0,0,Work in progress
ngc-NGC2276,NGC 2276,Galaxy,Cepheus,11.5,07:27:14.36,+85:45:16.4,2.23′ × 1.73′,0.03716667,General,,,,0,0,Work in progress
ngc-NGC2277,NGC 2277,Unclassified object,Gemini,,06:47:47.03,+33:27:04.6,,,General,,,,0,0,Work in progress
ngc-NGC2278,NGC 2278,Optical double,Gemini,,06:48:16.42,+33:23:39.5,,,HighMagnification,,,,0,0,Work in progress
ngc-NGC2279,NGC 2279,Unclassified object,Gemini,,06:48:24.85,+33:24:54.9,,,General,,,,0,0,Work in progress
ngc-NGC2280,NGC 2280,Galaxy,Canis Major,11.12,06:44:49.11,-27:38:19.0,6.53′ × 2.84′,0.10883333,General,,,,0,0,Work in progress
ngc-NGC2281,NGC 2281,Open cluster,Auriga,5.4,06:48:17.84,+41:04:43.9,10.8′,0.18,WideField,,,,0,0,Work in progress
ngc-NGC2282,NGC 2282,H II region nebula,Monoceros,10,06:46:51.57,+01:18:57.6,3′ × 3′,0.05,General,,,,0,0,Work in progress
ngc-NGC2283,NGC 2283,Galaxy,Canis Major,12.95,06:45:52.69,-18:12:37.2,2.76′ × 2.01′,0.046,General,,,,0,0,Work in progress
ngc-NGC2284,NGC 2284,Unclassified object,Gemini,,06:49:09.56,+33:11:37.7,,,General,,,,0,0,Work in progress
ngc-NGC2285,NGC 2285,Optical double,Gemini,,06:49:36.02,+33:21:52.8,,,HighMagnification,,,,0,0,Work in progress
ngc-NGC2286,NGC 2286,Open cluster,Monoceros,7.5,06:47:40.17,-03:08:51.6,5.4′,0.09,WideField,,,,0,0,Work in progress
ngc-NGC2288,NGC 2288,Galaxy,Gemini,14.36,06:50:51.96,+33:27:44.8,0.17′ × 0.17′,0.00283333,General,,,,0,0,Work in progress
ngc-NGC2289,NGC 2289,Galaxy,Gemini,13.18,06:50:53.61,+33:28:43.2,1.21′ × 0.81′,0.02016667,General,,,,0,0,Work in progress
ngc-NGC2290,NGC 2290,Galaxy,Gemini,13.03,06:50:56.92,+33:26:15.3,0.81′ × 0.52′,0.0135,General,,,,0,0,Work in progress
ngc-NGC2291,NGC 2291,Galaxy,Gemini,13.21,06:50:58.64,+33:31:30.3,0.93′ × 0.89′,0.0155,General,,,,0,0,Work in progress
ngc-NGC2292,NGC 2292,Galaxy,Canis Major,11.83,06:47:39.65,-26:44:46.5,4.34′ × 3.78′,0.07233333,General,,,,0,0,Work in progress
ngc-NGC2293,NGC 2293,Galaxy,Canis Major,11.04,06:47:42.91,-26:45:15.7,4.41′ × 3.44′,0.0735,General,,,,0,0,Work in progress
ngc-NGC2294,NGC 2294,Galaxy,Gemini,13.84,06:51:11.30,+33:31:37.6,0.91′ × 0.33′,0.01516667,General,,,,0,0,Work in progress
ngc-NGC2295,NGC 2295,Galaxy,Canis Major,13.59,06:47:23.42,-26:44:10.5,2.31′ × 0.64′,0.0385,General,,,,0,0,Work in progress
ngc-NGC2296,NGC 2296,Galaxy,Canis Major,13,06:48:39.11,-16:54:05.8,1.2′ × 0.96′,0.02,General,,,,0,0,Work in progress
ngc-NGC2297,NGC 2297,Galaxy,Pictor,12.71,06:44:24.59,-63:43:02.4,1.48′ × 0.9′,0.02466667,General,,,,0,0,Work in progress
ngc-NGC2298,NGC 2298,Globular cluster,Puppis,8.89,06:48:59.20,-36:00:19.1,4.8′,0.08,General,,,,0,0,Work in progress
ngc-NGC2299,NGC 2299,Open cluster,Monoceros,8.9,06:51:53.68,-07:04:57.8,4.8′,0.08,WideField,,,,0,0,Work in progress
ngc-NGC2300,NGC 2300,Galaxy,Cepheus,11.16,07:32:19.97,+85:42:34.2,3.05′ × 2.34′,0.05083333,General,,,,0,0,Work in progress
ngc-NGC2301,Great Bird Cluster,Open cluster,Monoceros,6,06:51:45.30,+00:27:33.1,10.2′,0.17,WideField,,,,0,0,Work in progress
ngc-NGC2303,NGC 2303,Galaxy,Auriga,13.96,06:56:17.50,+45:29:33.9,1.53′ × 1.36′,0.0255,General,,,,0,0,Work in progress
ngc-NGC2304,NGC 2304,Open cluster,Gemini,10,06:55:11.61,+17:59:34.0,4.8′,0.08,WideField,,,,0,0,Work in progress
ngc-NGC2305,NGC 2305,Galaxy,Volans,11.7,06:48:37.37,-64:16:23.5,1.94′ × 1.04′,0.03233333,General,,,,0,0,Work in progress
ngc-NGC2306,NGC 2306,Open cluster,Monoceros,,06:54:29.56,-07:12:14.9,6.6′,0.11,WideField,,,,0,0,Work in progress
ngc-NGC2307,NGC 2307,Galaxy,Volans,12.08,06:48:50.79,-64:20:07.9,1.85′ × 1.72′,0.03083333,General,,,,0,0,Work in progress
ngc-NGC2308,NGC 2308,Galaxy,Lynx,14.47,06:58:37.59,+45:12:38.0,1.47′ × 0.98′,0.0245,General,,,,0,0,Work in progress
ngc-NGC2309,NGC 2309,Open cluster,Monoceros,10.5,06:56:03.61,-07:10:27.5,5.4′,0.09,WideField,,,,0,0,Work in progress
ngc-NGC2310,NGC 2310,Galaxy,Puppis,11.81,06:53:53.96,-40:51:45.4,4.52′ × 0.95′,0.07533333,General,,,,0,0,Work in progress
ngc-NGC2311,NGC 2311,Open cluster,Monoceros,9.6,06:57:47.55,-04:36:40.8,6′,0.1,WideField,,,,0,0,Work in progress
ngc-NGC2312,NGC 2312,Open cluster,Monoceros,,06:58:46.74,+10:17:40.1,3′,0.05,WideField,,,,0,0,Work in progress
ngc-NGC2313,NGC 2313,Star,Monoceros,14.2,06:58:02.80,-07:56:42.1,,,HighMagnification,,,,0,0,Work in progress
ngc-NGC2314,NGC 2314,Galaxy,Camelopardalis,12.13,07:10:32.55,+75:19:36.0,1.32′ × 1.03′,0.022,General,,,,0,0,Work in progress
ngc-NGC2315,NGC 2315,Galaxy,Lynx,14.41,07:02:33.06,+50:35:26.1,1.57′ × 0.3′,0.02616667,General,,,,0,0,Work in progress
ngc-NGC2316,NGC 2316,Nebula,Monoceros,,06:59:40.85,-07:46:39.9,4′ × 3′,0.06666667,General,,,,0,0,Work in progress
ngc-NGC2317,NGC 2317,Nebula,Monoceros,,06:59:41.59,-07:46:28.2,,,General,,,,0,0,Work in progress
ngc-NGC2318,NGC 2318,Open cluster,Canis Major,,06:59:27.02,-13:41:54.2,4.5′,0.075,WideField,,,,0,0,Work in progress
ngc-NGC2319,NGC 2319,Open cluster,Monoceros,11.85,07:00:32.21,+03:02:31.9,6′,0.1,WideField,,,,0,0,Work in progress
ngc-NGC2320,NGC 2320,Galaxy,Lynx,11.94,07:05:42.03,+50:34:51.8,1.48′ × 0.83′,0.02466667,General,,,,0,0,Work in progress
ngc-NGC2321,NGC 2321,Galaxy,Lynx,14.96,07:05:59.00,+50:45:21.7,1.28′ × 1.04′,0.02133333,General,,,,0,0,Work in progress
ngc-NGC2322,NGC 2322,Galaxy,Lynx,14.54,07:06:00.30,+50:30:37.1,1.11′ × 0.41′,0.0185,General,,,,0,0,Work in progress
ngc-NGC2324,NGC 2324,Open cluster,Monoceros,8.4,07:04:07.96,+01:02:40.6,8.7′,0.145,WideField,,,,0,0,Work in progress
ngc-NGC2325,NGC 2325,Galaxy,Canis Major,11.18,07:02:40.40,-28:41:50.0,3.97′ × 2.31′,0.06616667,General,,,,0,0,Work in progress
ngc-NGC2326,NGC 2326,Galaxy,Lynx,14.19,07:08:11.02,+50:40:55.0,2.05′ × 1.69′,0.03416667,General,,,,0,0,Work in progress
ngc-NGC2327,NGC 2327,Reflection nebula,Canis Major,,07:04:07.22,-11:18:50.8,1′ × 1′,0.01666667,General,,,,0,0,Work in progress
ngc-NGC2328,NGC 2328,Galaxy,Puppis,12.55,07:02:36.20,-42:04:06.8,1.59′ × 1.44′,0.0265,General,,,,0,0,Work in progress
ngc-NGC2329,NGC 2329,Galaxy,Lynx,12.51,07:09:08.01,+48:36:55.5,1.41′ × 1.17′,0.0235,General,,,,0,0,Work in progress
ngc-NGC2330,NGC 2330,Galaxy,Lynx,13.05,07:09:28.40,+50:09:09.1,0.65′ × 0.52′,0.01083333,General,,,,0,0,Work in progress
ngc-NGC2331,NGC 2331,Open cluster,Gemini,8.5,07:06:59.83,+27:15:41.7,4.8′,0.08,WideField,,,,0,0,Work in progress
ngc-NGC2332,NGC 2332,Galaxy,Lynx,13.93,07:09:34.16,+50:10:56.2,1.72′ × 1.17′,0.02866667,General,,,,0,0,Work in progress
ngc-NGC2333,NGC 2333,Galaxy,Gemini,14.05,07:08:21.34,+35:10:12.1,1′ × 0.7′,0.01666667,General,,,,0,0,Work in progress
ngc-NGC2334,NGC 2334,Galaxy,Lynx,14.56,07:11:33.65,+50:14:53.7,1.2′ × 0.87′,0.02,General,,,,0,0,Work in progress
ngc-NGC2335,NGC 2335,Open cluster,Monoceros,7.2,07:06:49.45,-10:01:43.1,8.7′,0.145,WideField,,,,0,0,Work in progress
ngc-NGC2336,NGC 2336,Galaxy,Camelopardalis,10.68,07:27:04.05,+80:10:41.1,5.01′ × 2.81′,0.0835,General,,,,0,0,Work in progress
ngc-NGC2337,NGC 2337,Galaxy,Lynx,12.53,07:10:13.58,+44:27:26.3,2.18′ × 1.61′,0.03633333,General,,,,0,0,Work in progress
ngc-NGC2338,NGC 2338,Open cluster,Monoceros,,07:07:47.37,-05:43:11.0,3.3′,0.055,WideField,,,,0,0,Work in progress
ngc-NGC2339,NGC 2339,Galaxy,Gemini,11.76,07:08:20.54,+18:46:48.9,2.42′ × 1.53′,0.04033333,General,,,,0,0,Work in progress
ngc-NGC2340,NGC 2340,Galaxy,Lynx,11.73,07:11:10.83,+50:10:29.1,3.16′ × 1.64′,0.05266667,General,,,,0,0,Work in progress
ngc-NGC2341,NGC 2341,Galaxy,Gemini,13.21,07:09:12.04,+20:36:10.5,0.82′ × 0.79′,0.01366667,General,,,,0,0,Work in progress
ngc-NGC2342,NGC 2342,Galaxy,Gemini,12.64,07:09:18.08,+20:38:09.5,1.17′ × 0.84′,0.0195,General,,,,0,0,Work in progress
ngc-NGC2343,NGC 2343,Open cluster,Monoceros,6.7,07:08:06.80,-10:37:00.5,7.5′,0.125,WideField,,,,0,0,Work in progress
ngc-NGC2344,NGC 2344,Galaxy,Lynx,12.08,07:12:28.66,+47:10:00.1,2.07′ × 1.87′,0.0345,General,,,,0,0,Work in progress
ngc-NGC2345,NGC 2345,Open cluster,Canis Major,7.7,07:08:18.79,-13:11:37.5,6.9′,0.115,WideField,,,,0,0,Work in progress
ngc-NGC2346,NGC 2346,Planetary nebula,Monoceros,11.6,07:09:23.01,-00:48:32.9,0.87′,0.0145,HighMagnification,,,,0,0,Work in progress
ngc-NGC2347,NGC 2347,Galaxy,Camelopardalis,12.55,07:16:03.69,+64:42:32.1,1.64′ × 1.19′,0.02733333,General,,,,0,0,Work in progress
ngc-NGC2348,NGC 2348,Open cluster,Volans,,07:03:02.52,-67:23:38.2,5.7′,0.095,WideField,,,,0,0,Work in progress
ngc-NGC2349,NGC 2349,Open cluster,Monoceros,,07:10:48.15,-08:35:35.7,5.1′,0.085,WideField,,,,0,0,Work in progress
ngc-NGC2350,NGC 2350,Galaxy,Canis Minor,14.02,07:13:12.19,+12:15:57.9,1.38′ × 0.7′,0.023,General,,,,0,0,Work in progress
ngc-NGC2351,NGC 2351,Open cluster,Monoceros,,07:13:32.03,-10:29:29.1,3′,0.05,WideField,,,,0,0,Work in progress
ngc-NGC2352,NGC 2352,Open cluster,Canis Major,,07:13:05.44,-24:02:45.9,4.8′,0.08,WideField,,,,0,0,Work in progress
ngc-NGC2353,NGC 2353,Open cluster,Monoceros,7.1,07:14:30.31,-10:15:57.1,6.6′,0.11,WideField,,,,0,0,Work in progress
ngc-NGC2354,NGC 2354,Open cluster,Canis Major,6.5,07:14:05.27,-25:41:20.1,4.8′,0.08,WideField,,,,0,0,Work in progress
ngc-NGC2355,NGC 2355,Open cluster,Gemini,9.7,07:16:59.26,+13:44:59.5,6′,0.1,WideField,,,,0,0,Work in progress
ngc-NGC2357,NGC 2357,Galaxy,Gemini,14.46,07:17:40.99,+23:21:24.3,3.22′ × 0.48′,0.05366667,General,,,,0,0,Work in progress
ngc-NGC2358,NGC 2358,Open cluster,Canis Major,,07:16:56.33,-17:07:01.5,9.6′,0.16,WideField,,,,0,0,Work in progress
ngc-NGC2359,NGC 2359,H II region nebula,Canis Major,,07:18:30.98,-13:13:37.9,10′ × 5′,0.16666667,General,,,,0,0,Work in progress
ngc-NGC2361,NGC 2361,Nebula,Canis Major,,07:18:23.80,-13:12:34.4,,,General,,,,0,0,Work in progress
ngc-NGC2363,NGC 2363,Galaxy,Camelopardalis,15.5,07:28:29.59,+69:11:34.3,1.13′ × 0.64′,0.01883333,General,,,,0,0,Work in progress
ngc-NGC2364,NGC 2364,Open cluster,Monoceros,,07:20:46.47,-07:32:59.0,,,WideField,,,,0,0,Work in progress
ngc-NGC2365,NGC 2365,Galaxy,Gemini,12.19,07:22:22.55,+22:04:59.8,2.75′ × 1.47′,0.04583333,General,,,,0,0,Work in progress
ngc-NGC2366,NGC 2366,Galaxy,Camelopardalis,11.17,07:28:54.66,+69:12:56.8,4.37′ × 1.44′,0.07283333,General,,,,0,0,Work in progress
ngc-NGC2367,NGC 2367,Open cluster,Canis Major,7.9,07:20:04.54,-21:53:02.7,5.4′,0.09,WideField,,,,0,0,Work in progress
ngc-NGC2368,NGC 2368,Open cluster,Monoceros,11.8,07:21:06.30,-10:22:18.4,4.5′,0.075,WideField,,,,0,0,Work in progress
ngc-NGC2369,NGC 2369,Galaxy,Carina,12.26,07:16:37.73,-62:20:37.4,3.03′ × 0.68′,0.0505,General,,,,0,0,Work in progress
ngc-NGC2370,NGC 2370,Galaxy,Gemini,14.23,07:25:01.66,+23:46:59.6,1.2′ × 0.7′,0.02,General,,,,0,0,Work in progress
ngc-NGC2371,NGC 2371,Planetary nebula,Gemini,11.2,07:25:34.66,+29:29:26.3,2.2′ × 0.96′,0.03666667,HighMagnification,,,,0,0,Work in progress
ngc-NGC2373,NGC 2373,Galaxy,Gemini,14.56,07:26:36.95,+33:49:25.3,0.59′ × 0.42′,0.00983333,General,,,,0,0,Work in progress
ngc-NGC2374,NGC 2374,Open cluster,Canis Major,8,07:23:56.07,-13:15:48.1,9′,0.15,WideField,,,,0,0,Work in progress
ngc-NGC2375,NGC 2375,Galaxy,Gemini,14.86,07:27:09.48,+33:49:54.5,1′ × 0.8′,0.01666667,General,,,,0,0,Work in progress
ngc-NGC2376,NGC 2376,Galaxy,Gemini,14.67,07:26:35.91,+23:04:22.6,0.65′ × 0.57′,0.01083333,General,,,,0,0,Work in progress
ngc-NGC2377,NGC 2377,Galaxy,Monoceros,14.56,07:24:56.82,-09:39:33.5,1.6′ × 1.11′,0.02666667,General,,,,0,0,Work in progress
ngc-NGC2378,NGC 2378,Optical double,Gemini,,07:27:24.20,+33:49:53.7,,,HighMagnification,,,,0,0,Work in progress
ngc-NGC2379,NGC 2379,Galaxy,Gemini,13.62,07:27:26.26,+33:48:40.5,0.98′ × 0.7′,0.01633333,General,,,,0,0,Work in progress
ngc-NGC2380,NGC 2380,Galaxy,Canis Major,11.12,07:23:54.75,-27:31:44.6,2.52′ × 2.4′,0.042,General,,,,0,0,Work in progress
ngc-NGC2381,NGC 2381,Galaxy,Carina,12.65,07:19:57.31,-63:04:01.3,1.53′ × 1.24′,0.0255,General,,,,0,0,Work in progress
ngc-NGC2383,NGC 2383,Open cluster,Canis Major,8.4,07:24:39.90,-20:56:51.5,4.2′,0.07,WideField,,,,0,0,Work in progress
ngc-NGC2384,NGC 2384,Open cluster,Canis Major,7.4,07:25:09.83,-21:01:11.5,4.8′,0.08,WideField,,,,0,0,Work in progress
ngc-NGC2385,NGC 2385,Galaxy,Gemini,15.12,07:28:28.07,+33:50:16.1,0.94′ × 0.68′,0.01566667,General,,,,0,0,Work in progress
ngc-NGC2386,NGC 2386,Unclassified object,Gemini,,07:28:37.92,+33:46:25.7,,,General,,,,0,0,Work in progress
ngc-NGC2387,NGC 2387,Galaxy,Auriga,16.5,07:28:57.93,+36:52:47.3,0.48′ × 0.44′,0.008,General,,,,0,0,Work in progress
ngc-NGC2388,NGC 2388,Galaxy,Gemini,14.66,07:28:53.44,+33:49:08.7,0.87′ × 0.56′,0.0145,General,,,,0,0,Work in progress
ngc-NGC2389,NGC 2389,Galaxy,Gemini,12.92,07:29:04.65,+33:51:39.5,1.56′ × 0.89′,0.026,General,,,,0,0,Work in progress
ngc-NGC2390,NGC 2390,Star,Gemini,,07:29:04.27,+33:50:12.5,,,HighMagnification,,,,0,0,Work in progress
ngc-NGC2391,NGC 2391,Star,Gemini,,07:29:07.49,+33:49:33.4,,,HighMagnification,,,,0,0,Work in progress
ngc-NGC2393,NGC 2393,Galaxy,Gemini,14.84,07:30:04.63,+34:01:40.0,1.07′ × 0.67′,0.01783333,General,,,,0,0,Work in progress
ngc-NGC2394,NGC 2394,Open cluster,Canis Minor,,07:28:36.51,+07:05:11.6,,,WideField,,,,0,0,Work in progress
ngc-NGC2395,NGC 2395,Open cluster,Gemini,8,07:27:12.85,+13:36:29.5,4.62′,0.077,WideField,,,,0,0,Work in progress
ngc-NGC2396,NGC 2396,Open cluster,Puppis,7.4,07:28:02.92,-11:43:10.8,6.6′,0.11,WideField,,,,0,0,Work in progress
ngc-NGC2397,NGC 2397,Galaxy,Volans,11.97,07:21:19.98,-69:00:05.3,2.51′ × 0.76′,0.04183333,General,,,,0,0,Work in progress
ngc-NGC2398,NGC 2398,Galaxy,Gemini,15.19,07:30:16.16,+24:29:16.4,1.2′ × 0.74′,0.02,General,,,,0,0,Work in progress
ngc-NGC2399,NGC 2399,Unclassified object,Canis Minor,,07:29:50.17,-00:12:51.7,,,General,,,,0,0,Work in progress
ngc-NGC2400,NGC 2400,Unclassified object,Canis Minor,,07:29:54.86,-00:12:53.0,,,General,,,,0,0,Work in progress
ngc-NGC2401,NGC 2401,Open cluster,Puppis,12.6,07:29:24.40,-13:57:58.4,2.7′,0.045,WideField,,,,0,0,Work in progress
ngc-NGC2402,NGC 2402,Galaxy pair,Canis Minor,,07:30:47.20,+09:39:02.0,1.5′,0.025,General,,,,0,0,Work in progress
ngc-NGC2404,NGC 2404,H II region nebula,Camelopardalis,,07:37:06.73,+65:36:38.9,,,General,,,,0,0,Work in progress
ngc-NGC2405,NGC 2405,Galaxy,Gemini,14.82,07:32:13.98,+25:54:23.0,0.94′ × 0.55′,0.01566667,General,,,,0,0,Work in progress
ngc-NGC2406,NGC 2406,Galaxy,Gemini,15.36,07:31:47.74,+18:17:16.5,0.69′ × 0.61′,0.0115,General,,,,0,0,Work in progress
ngc-NGC2407,NGC 2407,Galaxy,Gemini,15.09,07:31:56.67,+18:19:59.1,1.37′ × 0.95′,0.02283333,General,,,,0,0,Work in progress
ngc-NGC2408,NGC 2408,Open cluster,Camelopardalis,,07:40:31.92,+71:40:05.5,,,WideField,,,,0,0,Work in progress
ngc-NGC2409,NGC 2409,Open cluster,Puppis,7.3,07:31:36.72,-17:11:25.5,0.11′,0.00183333,WideField,,,,0,0,Work in progress
ngc-NGC2410,NGC 2410,Galaxy,Gemini,16.26,07:35:02.26,+32:49:19.6,2.17′ × 0.65′,0.03616667,General,,,,0,0,Work in progress
ngc-NGC2411,NGC 2411,Galaxy,Gemini,14.4,07:34:36.33,+18:16:53.6,1′ × 0.65′,0.01666667,General,,,,0,0,Work in progress
ngc-NGC2412,NGC 2412,Star,Canis Minor,,07:34:21.48,+08:32:52.0,,,HighMagnification,,,,0,0,Work in progress
ngc-NGC2413,NGC 2413,Open cluster,Puppis,,07:33:16.50,-13:05:44.0,4.8′,0.08,WideField,,,,0,0,Work in progress
ngc-NGC2414,NGC 2414,Open cluster,Puppis,7.9,07:33:12.80,-15:27:13.9,5.4′,0.09,WideField,,,,0,0,Work in progress
ngc-NGC2415,NGC 2415,Galaxy,Lynx,12.39,07:36:56.69,+35:14:31.1,0.83′ × 0.83′,0.01383333,General,,,,0,0,Work in progress
ngc-NGC2416,NGC 2416,Galaxy,Canis Minor,14.26,07:35:41.52,+11:36:43.3,0.87′ × 0.18′,0.0145,General,,,,0,0,Work in progress
ngc-NGC2417,NGC 2417,Galaxy,Carina,12.28,07:30:12.09,-62:15:09.5,2.48′ × 1.78′,0.04133333,General,,,,0,0,Work in progress
ngc-NGC2418,NGC 2418,Galaxy,Gemini,13.65,07:36:37.51,+17:53:02.1,1.59′ × 1.53′,0.0265,General,,,,0,0,Work in progress
ngc-NGC2420,NGC 2420,Open cluster,Gemini,8.3,07:38:23.90,+21:34:26.7,7.5′,0.125,WideField,,,,0,0,Work in progress
ngc-NGC2421,NGC 2421,Open cluster,Puppis,8.3,07:36:11.81,-20:36:44.1,5.1′,0.085,WideField,,,,0,0,Work in progress
ngc-NGC2423,NGC 2423,Open cluster,Puppis,6.7,07:37:06.73,-13:52:17.4,11.7′,0.195,WideField,,,,0,0,Work in progress
ngc-NGC2424,NGC 2424,Galaxy,Lynx,12.63,07:40:39.29,+39:13:59.9,3.37′ × 0.52′,0.05616667,General,,,,0,0,Work in progress
ngc-NGC2425,NGC 2425,Open cluster,Puppis,,07:38:17.63,-14:52:40.2,5.4′,0.09,WideField,,,,0,0,Work in progress
ngc-NGC2426,NGC 2426,Galaxy,Lynx,14.37,07:43:18.46,+52:19:06.6,1.1′ × 1.1′,0.01833333,General,,,,0,0,Work in progress
ngc-NGC2427,NGC 2427,Galaxy,Puppis,11.48,07:36:28.18,-47:38:08.0,5.74′ × 2.46′,0.09566667,General,,,,0,0,Work in progress
ngc-NGC2428,NGC 2428,Open cluster,Puppis,,07:39:21.77,-16:31:44.5,4.5′,0.075,WideField,,,,0,0,Work in progress
ngc-NGC2429,NGC 2429,Galaxy pair,Lynx,,07:43:49.70,+52:21:11.0,2.3′,0.03833333,General,,,,0,0,Work in progress
ngc-NGC2430,NGC 2430,Open cluster,Puppis,,07:39:41.05,-16:17:45.8,4.2′,0.07,WideField,,,,0,0,Work in progress
ngc-NGC2431,NGC 2431,Galaxy,Lynx,14.49,07:45:13.39,+53:04:30.4,0.86′ × 0.78′,0.01433333,General,,,,0,0,Work in progress
ngc-NGC2432,NGC 2432,Open cluster,Puppis,10.2,07:40:53.87,-19:04:08.7,5.4′,0.09,WideField,,,,0,0,Work in progress
ngc-NGC2433,NGC 2433,Unclassified object,Canis Minor,,07:42:43.63,+09:15:33.3,,,General,,,,0,0,Work in progress
ngc-NGC2434,NGC 2434,Galaxy,Volans,11.34,07:34:51.16,-69:17:02.9,2.69′ × 2.2′,0.04483333,General,,,,0,0,Work in progress
ngc-NGC2435,NGC 2435,Galaxy,Gemini,13.39,07:44:13.58,+31:39:04.0,2.17′ × 0.42′,0.03616667,General,,,,0,0,Work in progress
ngc-NGC2438,NGC 2438,Planetary nebula,Puppis,10.8,07:41:50.39,-14:44:08.8,1.07′,0.01783333,HighMagnification,,,,0,0,Work in progress
ngc-NGC2439,NGC 2439,Open cluster,Puppis,6.9,07:40:45.41,-31:41:32.7,8.7′,0.145,WideField,,,,0,0,Work in progress
ngc-NGC2440,NGC 2440,Planetary nebula,Puppis,9.4,07:41:55.36,-18:12:30.5,0.27′,0.0045,HighMagnification,,,,0,0,Work in progress
ngc-NGC2441,NGC 2441,Galaxy,Camelopardalis,12.19,07:51:54.74,+73:00:56.5,1.98′ × 1.81′,0.033,General,,,,0,0,Work in progress
ngc-NGC2442,NGC 2442,Galaxy,Volans,10.63,07:36:23.84,-69:31:51.0,4.68′ × 3.09′,0.078,General,,,,0,0,Work in progress
ngc-NGC2444,NGC 2444,Galaxy,Lynx,13.22,07:46:53.04,+39:01:54.7,1.07′ × 0.66′,0.01783333,General,,,,0,0,Work in progress
ngc-NGC2445,NGC 2445,Galaxy,Lynx,13.24,07:46:55.10,+39:00:54.6,1.86′ × 1.12′,0.031,General,,,,0,0,Work in progress
ngc-NGC2446,NGC 2446,Galaxy,Lynx,13.8,07:48:39.24,+54:36:42.9,1.75′ × 0.91′,0.02916667,General,,,,0,0,Work in progress
ngc-NGC2448,NGC 2448,Open cluster,Puppis,,07:44:33.19,-24:40:23.4,6′,0.1,WideField,,,,0,0,Work in progress
ngc-NGC2449,NGC 2449,Galaxy,Gemini,14.11,07:47:20.28,+26:55:48.6,1.44′ × 0.57′,0.024,General,,,,0,0,Work in progress
ngc-NGC2450,NGC 2450,Galaxy,Gemini,15.16,07:47:32.28,+27:01:08.9,0.97′ × 0.3′,0.01616667,General,,,,0,0,Work in progress
ngc-NGC2451,NGC 2451,Open cluster,Puppis,9.5,07:45:15.01,-37:58:02.8,37.5′,0.625,WideField,,,,0,0,Work in progress
ngc-NGC2452,NGC 2452,Planetary nebula,Puppis,12,07:47:26.37,-27:20:02.4,0.32′,0.00533333,HighMagnification,,,,0,0,Work in progress
ngc-NGC2453,NGC 2453,Open cluster,Puppis,8.3,07:47:34.13,-27:11:41.3,3′,0.05,WideField,,,,0,0,Work in progress
ngc-NGC2454,NGC 2454,Galaxy,Gemini,14.47,07:50:35.02,+16:22:06.9,1.18′ × 0.51′,0.01966667,General,,,,0,0,Work in progress
ngc-NGC2455,NGC 2455,Open cluster,Puppis,10.2,07:48:58.60,-21:17:52.6,4.5′,0.075,WideField,,,,0,0,Work in progress
ngc-NGC2456,NGC 2456,Galaxy,Lynx,14.27,07:54:10.66,+55:29:43.1,1.15′ × 0.79′,0.01916667,General,,,,0,0,Work in progress
ngc-NGC2457,NGC 2457,Galaxy,Lynx,15.81,07:54:45.73,+55:32:47.6,0.5′ × 0.26′,0.00833333,General,,,,0,0,Work in progress
ngc-NGC2458,NGC 2458,Galaxy,Lynx,16,07:55:51.37,+56:42:38.2,0.46′ × 0.33′,0.00766667,General,,,,0,0,Work in progress
ngc-NGC2459,NGC 2459,Open cluster,Canis Minor,,07:52:01.77,+09:33:26.7,2.7′,0.045,WideField,,,,0,0,Work in progress
ngc-NGC2460,NGC 2460,Galaxy,Camelopardalis,11.71,07:56:52.29,+60:20:57.8,1.83′ × 1.37′,0.0305,General,,,,0,0,Work in progress
ngc-NGC2461,NGC 2461,Star,Lynx,,07:56:26.26,+56:40:23.9,,,HighMagnification,,,,0,0,Work in progress
ngc-NGC2462,NGC 2462,Galaxy,Lynx,14.93,07:56:32.06,+56:41:13.6,0.6′ × 0.35′,0.01,General,,,,0,0,Work in progress
ngc-NGC2463,NGC 2463,Galaxy,Lynx,14.78,07:57:12.48,+56:40:35.5,0.6′ × 0.6′,0.01,General,,,,0,0,Work in progress
ngc-NGC2464,NGC 2464,Unclassified object,Lynx,,07:57:32.69,+56:41:26.0,,,General,,,,0,0,Work in progress
ngc-NGC2465,NGC 2465,Star,Lynx,,07:57:26.10,+56:49:20.9,,,HighMagnification,,,,0,0,Work in progress
ngc-NGC2466,NGC 2466,Galaxy,Volans,13.14,07:45:16.05,-71:24:37.5,1.51′ × 1.46′,0.02516667,General,,,,0,0,Work in progress
ngc-NGC2467,NGC 2467,Nebula with cluster,Puppis,,07:52:23.43,-26:26:36.0,4.2′,0.07,General,,,,0,0,Work in progress
ngc-NGC2468,NGC 2468,Galaxy,Lynx,14.76,07:58:02.46,+56:21:34.5,1.51′ × 0.52′,0.02516667,General,,,,0,0,Work in progress
ngc-NGC2469,NGC 2469,Galaxy,Lynx,13.16,07:58:03.42,+56:40:49.7,0.9′ × 0.64′,0.015,General,,,,0,0,Work in progress
ngc-NGC2470,NGC 2470,Galaxy,Canis Minor,12.69,07:54:20.77,+04:27:34.9,1.95′ × 0.6′,0.0325,General,,,,0,0,Work in progress
ngc-NGC2471,NGC 2471,Optical double,Lynx,,07:58:32.96,+56:46:34.2,,,HighMagnification,,,,0,0,Work in progress
ngc-NGC2472,NGC 2472,Galaxy,Lynx,15.37,07:58:41.90,+56:42:04.7,0.65′ × 0.56′,0.01083333,General,,,,0,0,Work in progress
ngc-NGC2473,NGC 2473,Galaxy,Lynx,,07:55:34.83,+56:44:08.9,0.52′ × 0.38′,0.00866667,General,,,,0,0,Work in progress
ngc-NGC2474,NGC 2474,Galaxy,Lynx,14.09,07:57:58.95,+52:51:26.2,1.14′ × 1.02′,0.019,General,,,,0,0,Work in progress
ngc-NGC2475,NGC 2475,Galaxy,Lynx,13.11,07:58:00.44,+52:51:42.1,1.07′ × 0.96′,0.01783333,General,,,,0,0,Work in progress
ngc-NGC2476,NGC 2476,Galaxy,Lynx,12.62,07:56:45.18,+39:55:40.4,1.26′ × 0.68′,0.021,General,,,,0,0,Work in progress
ngc-NGC2479,NGC 2479,Open cluster,Puppis,9.6,07:55:06.07,-17:42:28.1,6.3′,0.105,WideField,,,,0,0,Work in progress
ngc-NGC2480,NGC 2480,Galaxy,Gemini,15,07:57:10.44,+23:46:47.3,1.32′ × 0.51′,0.022,General,,,,0,0,Work in progress
ngc-NGC2481,NGC 2481,Galaxy,Gemini,12.5,07:57:13.75,+23:46:04.0,1.4′ × 0.58′,0.02333333,General,,,,0,0,Work in progress
ngc-NGC2482,NGC 2482,Open cluster,Puppis,7.3,07:55:10.37,-24:15:16.7,6.6′,0.11,WideField,,,,0,0,Work in progress
ngc-NGC2483,NGC 2483,Open cluster,Puppis,7.6,07:55:38.79,-27:53:12.6,3.3′,0.055,WideField,,,,0,0,Work in progress
ngc-NGC2484,NGC 2484,Galaxy,Lynx,13.13,07:58:28.11,+37:47:11.8,1.69′ × 1.04′,0.02816667,General,,,,0,0,Work in progress
ngc-NGC2485,NGC 2485,Galaxy,Canis Minor,13.21,07:56:48.66,+07:28:40.6,1.57′ × 1.46′,0.02616667,General,,,,0,0,Work in progress
ngc-NGC2486,NGC 2486,Galaxy,Gemini,13.47,07:57:56.49,+25:09:39.1,1.49′ × 0.85′,0.02483333,General,,,,0,0,Work in progress
ngc-NGC2487,NGC 2487,Galaxy,Gemini,12.6,07:58:20.46,+25:08:57.2,1.73′ × 1.39′,0.02883333,General,,,,0,0,Work in progress
ngc-NGC2488,NGC 2488,Galaxy,Lynx,12.45,08:01:45.98,+56:33:13.9,1.45′ × 0.83′,0.02416667,General,,,,0,0,Work in progress
ngc-NGC2489,NGC 2489,Open cluster,Puppis,7.9,07:56:14.94,-30:03:39.0,4.2′,0.07,WideField,,,,0,0,Work in progress
ngc-NGC2490,NGC 2490,Galaxy,Gemini,15.09,07:59:17.87,+27:04:40.3,0.63′ × 0.47′,0.0105,General,,,,0,0,Work in progress
ngc-NGC2491,NGC 2491,Galaxy,Canis Minor,15.9,07:58:27.38,+07:59:01.7,0.69′ × 0.53′,0.0115,General,,,,0,0,Work in progress
ngc-NGC2492,NGC 2492,Galaxy,Gemini,12.74,07:59:29.71,+27:01:35.2,1.11′ × 0.88′,0.0185,General,,,,0,0,Work in progress
ngc-NGC2493,NGC 2493,Galaxy,Lynx,12.06,08:00:23.63,+39:49:49.5,1.87′ × 1.85′,0.03116667,General,,,,0,0,Work in progress
ngc-NGC2494,NGC 2494,Galaxy,Monoceros,14.28,07:59:07.14,-00:38:16.5,0.97′ × 0.8′,0.01616667,General,,,,0,0,Work in progress
ngc-NGC2495,NGC 2495,Galaxy,Lynx,15.15,08:00:33.15,+39:50:24.1,0.55′ × 0.32′,0.00916667,General,,,,0,0,Work in progress
ngc-NGC2496,NGC 2496,Galaxy,Canis Minor,14.7,07:58:37.35,+08:01:47.3,1.86′ × 1.48′,0.031,General,,,,0,0,Work in progress
ngc-NGC2497,NGC 2497,Galaxy,Lynx,14.41,08:02:11.13,+56:56:32.4,1.58′ × 1.36′,0.02633333,General,,,,0,0,Work in progress
ngc-NGC2498,NGC 2498,Galaxy,Gemini,14.28,07:59:38.85,+24:58:56.4,1.04′ × 0.67′,0.01733333,General,,,,0,0,Work in progress
ngc-NGC2499,NGC 2499,Galaxy,Canis Minor,15.03,07:58:51.71,+07:29:35.9,0.86′ × 0.6′,0.01433333,General,,,,0,0,Work in progress
ngc-NGC2500,NGC 2500,Galaxy,Lynx,11.65,08:01:53.21,+50:44:13.6,2.47′ × 2.34′,0.04116667,General,,,,0,0,Work in progress
ngc-NGC2501,NGC 2501,Galaxy,Puppis,14.5,07:58:30.04,-14:21:15.4,1.73′ × 1.16′,0.02883333,General,,,,0,0,Work in progress
ngc-NGC2502,NGC 2502,Galaxy,Carina,11.96,07:55:51.52,-52:18:24.4,2.21′ × 1.12′,0.03683333,General,,,,0,0,Work in progress
ngc-NGC2503,NGC 2503,Galaxy,Cancer,14.83,08:00:36.68,+22:24:00.2,0.95′ × 0.79′,0.01583333,General,,,,0,0,Work in progress
ngc-NGC2504,NGC 2504,Galaxy,Canis Minor,14.21,07:59:52.30,+05:36:29.2,0.62′ × 0.37′,0.01033333,General,,,,0,0,Work in progress
ngc-NGC2505,NGC 2505,Galaxy,Lynx,14.26,08:04:06.84,+53:32:57.2,1.19′ × 0.57′,0.01983333,General,,,,0,0,Work in progress
ngc-NGC2507,NGC 2507,Galaxy,Cancer,13.92,08:01:37.21,+15:42:35.1,1.52′ × 1.43′,0.02533333,General,,,,0,0,Work in progress
ngc-NGC2508,NGC 2508,Galaxy,Canis Minor,13.98,08:01:57.22,+08:33:06.8,1.95′ × 1.55′,0.0325,General,,,,0,0,Work in progress
ngc-NGC2509,NGC 2509,Open cluster,Puppis,9.3,08:00:47.82,-19:03:01.9,4.8′,0.08,WideField,,,,0,0,Work in progress
ngc-NGC2510,NGC 2510,Galaxy,Canis Minor,14.54,08:02:10.68,+09:29:09.5,0.97′ × 0.67′,0.01616667,General,,,,0,0,Work in progress
ngc-NGC2511,NGC 2511,Galaxy,Canis Minor,14.91,08:02:15.01,+09:23:39.9,1.04′ × 0.57′,0.01733333,General,,,,0,0,Work in progress
ngc-NGC2512,NGC 2512,Galaxy,Cancer,13.15,08:03:07.85,+23:23:30.6,1.35′ × 0.78′,0.0225,General,,,,0,0,Work in progress
ngc-NGC2513,NGC 2513,Galaxy,Cancer,11.63,08:02:24.67,+09:24:48.8,1.91′ × 1.43′,0.03183333,General,,,,0,0,Work in progress
ngc-NGC2514,NGC 2514,Galaxy,Cancer,13.45,08:02:49.64,+15:48:29.8,1.2′ × 1.13′,0.02,General,,,,0,0,Work in progress
ngc-NGC2515,NGC 2515,Optical double,Cancer,,08:03:21.29,+20:11:16.8,,,HighMagnification,,,,0,0,Work in progress
ngc-NGC2517,NGC 2517,Galaxy,Puppis,11.92,08:02:47.07,-12:19:04.2,1.74′ × 1.49′,0.029,General,,,,0,0,Work in progress
ngc-NGC2518,NGC 2518,Galaxy,Lynx,14.18,08:07:20.25,+51:07:53.8,1.28′ × 1.04′,0.02133333,General,,,,0,0,Work in progress
ngc-NGC2519,NGC 2519,Star,Lynx,,08:07:58.83,+51:07:41.6,,,HighMagnification,,,,0,0,Work in progress
ngc-NGC2520,NGC 2520,Open cluster,Puppis,6.5,08:04:58.18,-28:08:48.0,9.3′,0.155,WideField,,,,0,0,Work in progress
ngc-NGC2521,NGC 2521,Galaxy,Lynx,13.1,08:08:49.37,+57:46:10.6,0.96′ × 0.54′,0.016,General,,,,0,0,Work in progress
ngc-NGC2522,NGC 2522,Galaxy,Cancer,14.1,08:06:13.44,+17:42:23.7,1.15′ × 0.33′,0.01916667,General,,,,0,0,Work in progress
ngc-NGC2523,NGC 2523,Galaxy,Camelopardalis,11.9,08:15:00.09,+73:34:44.3,2.79′ × 1.78′,0.0465,General,,,,0,0,Work in progress
ngc-NGC2524,NGC 2524,Galaxy,Lynx,12.7,08:08:09.59,+39:09:26.8,1.47′ × 1.03′,0.0245,General,,,,0,0,Work in progress
ngc-NGC2525,NGC 2525,Galaxy,Puppis,11.47,08:05:38.04,-11:25:37.3,3.08′ × 2.17′,0.05133333,General,,,,0,0,Work in progress
ngc-NGC2526,NGC 2526,Galaxy,Cancer,14.58,08:06:58.63,+08:00:14.2,0.91′ × 0.46′,0.01516667,General,,,,0,0,Work in progress
ngc-NGC2528,NGC 2528,Galaxy,Lynx,13.46,08:07:24.83,+39:11:40.1,1.39′ × 1.24′,0.02316667,General,,,,0,0,Work in progress
ngc-NGC2529,NGC 2529,Unclassified object,Cancer,,08:07:49.11,+17:49:15.0,,,General,,,,0,0,Work in progress
ngc-NGC2530,NGC 2530,Galaxy,Cancer,14.62,08:07:55.61,+17:49:06.6,1.4′ × 0.95′,0.02333333,General,,,,0,0,Work in progress
ngc-NGC2531,NGC 2531,Unclassified object,Cancer,,08:08:01.10,+17:49:14.2,,,General,,,,0,0,Work in progress
ngc-NGC2532,NGC 2532,Galaxy,Lynx,12.67,08:10:15.18,+33:57:23.9,1.66′ × 1.36′,0.02766667,General,,,,0,0,Work in progress
ngc-NGC2533,NGC 2533,Open cluster,Puppis,7.6,08:07:04.10,-29:53:01.9,4.98′,0.083,WideField,,,,0,0,Work in progress
ngc-NGC2534,NGC 2534,Galaxy,Lynx,12.97,08:12:54.15,+55:40:19.4,1.4′ × 1.3′,0.02333333,General,,,,0,0,Work in progress
ngc-NGC2535,NGC 2535,Galaxy,Cancer,12.69,08:11:13.49,+25:12:24.5,1.93′ × 0.94′,0.03216667,General,,,,0,0,Work in progress
ngc-NGC2536,NGC 2536,Galaxy,Cancer,14.14,08:11:15.92,+25:10:45.7,0.73′ × 0.45′,0.01216667,General,,,,0,0,Work in progress
ngc-NGC2537,Bear Claw Nebula,Galaxy,Lynx,11.71,08:13:14.64,+45:59:23.3,2.07′ × 1.96′,0.0345,General,,,,0,0,Work in progress
ngc-NGC2538,NGC 2538,Galaxy,Canis Minor,13.75,08:11:23.07,+03:37:59.5,1.58′ × 1.12′,0.02633333,General,,,,0,0,Work in progress
ngc-NGC2539,NGC 2539,Open cluster,Puppis,6.5,08:10:36.98,-12:49:14.4,12.3′,0.205,WideField,,,,0,0,Work in progress
ngc-NGC2540,NGC 2540,Galaxy,Cancer,14.4,08:12:46.44,+26:21:42.4,1.24′ × 0.65′,0.02066667,General,,,,0,0,Work in progress
ngc-NGC2541,NGC 2541,Galaxy,Lynx,11.7,08:14:40.12,+49:03:42.2,3.02′ × 1.6′,0.05033333,General,,,,0,0,Work in progress
ngc-NGC2542,NGC 2542,Optical double,Puppis,4.72,08:11:16.39,-12:55:37.5,,,HighMagnification,,,,0,0,Work in progress
ngc-NGC2543,NGC 2543,Galaxy,Lynx,12.39,08:12:57.92,+36:15:16.7,2.43′ × 1.13′,0.0405,General,,,,0,0,Work in progress
ngc-NGC2544,NGC 2544,Galaxy,Camelopardalis,12.91,08:21:40.34,+73:59:18.1,1.53′ × 1.06′,0.0255,General,,,,0,0,Work in progress
ngc-NGC2545,NGC 2545,Galaxy,Cancer,12.45,08:14:14.16,+21:21:19.7,1.95′ × 1.06′,0.0325,General,,,,0,0,Work in progress
ngc-NGC2546,NGC 2546,Open cluster,Puppis,6.3,08:12:15.63,-37:35:39.5,16.5′,0.275,WideField,,,,0,0,Work in progress
ngc-NGC2547,NGC 2547,Open cluster,Vela,4.7,08:10:09.49,-49:12:20.4,7.8′,0.13,WideField,,,,0,0,Work in progress
ngc-NGC2549,NGC 2549,Galaxy,Lynx,11.14,08:18:58.35,+57:48:11.0,3.63′ × 0.92′,0.0605,General,,,,0,0,Work in progress
ngc-NGC2550,NGC 2550,Galaxy,Camelopardalis,13.05,08:24:33.86,+74:00:44.2,0.95′ × 0.36′,0.01583333,General,,,,0,0,Work in progress
ngc-NGC2551,NGC 2551,Galaxy,Camelopardalis,12.11,08:24:50.28,+73:24:43.3,1.57′ × 1.09′,0.02616667,General,,,,0,0,Work in progress
ngc-NGC2552,NGC 2552,Galaxy,Lynx,12.25,08:19:20.53,+50:00:34.7,2.99′ × 1.61′,0.04983333,General,,,,0,0,Work in progress
ngc-NGC2553,NGC 2553,Galaxy,Cancer,14.7,08:17:35.00,+20:54:11.1,1.11′ × 0.67′,0.0185,General,,,,0,0,Work in progress
ngc-NGC2554,NGC 2554,Galaxy,Cancer,12.02,08:17:53.49,+23:28:19.7,2.04′ × 1.31′,0.034,General,,,,0,0,Work in progress
ngc-NGC2555,NGC 2555,Galaxy,Hydra,13.4,08:17:56.41,+00:44:44.5,1.85′ × 1.39′,0.03083333,General,,,,0,0,Work in progress
ngc-NGC2556,NGC 2556,Galaxy,Cancer,15.45,08:19:00.85,+20:56:13.1,0.62′ × 0.4′,0.01033333,General,,,,0,0,Work in progress
ngc-NGC2557,NGC 2557,Galaxy,Cancer,14.32,08:19:10.75,+21:26:08.8,1.08′ × 0.87′,0.018,General,,,,0,0,Work in progress
ngc-NGC2558,NGC 2558,Galaxy,Cancer,13.02,08:19:12.76,+20:30:38.7,1.43′ × 0.92′,0.02383333,General,,,,0,0,Work in progress
ngc-NGC2559,NGC 2559,Galaxy,Puppis,11.33,08:17:06.07,-27:27:21.0,2.81′ × 1.34′,0.04683333,General,,,,0,0,Work in progress
ngc-NGC2560,NGC 2560,Galaxy,Cancer,13.28,08:19:51.89,+20:59:05.9,1.6′ × 0.38′,0.02666667,General,,,,0,0,Work in progress
ngc-NGC2561,NGC 2561,Galaxy,Hydra,13.94,08:19:36.97,+04:39:26.0,1.06′ × 0.58′,0.01766667,General,,,,0,0,Work in progress
ngc-NGC2562,NGC 2562,Galaxy,Cancer,12.98,08:20:23.66,+21:07:53.3,1.03′ × 0.79′,0.01716667,General,,,,0,0,Work in progress
ngc-NGC2563,NGC 2563,Galaxy,Cancer,12.31,08:20:35.69,+21:04:04.1,2.02′ × 1.68′,0.03366667,General,,,,0,0,Work in progress
ngc-NGC2564,NGC 2564,Galaxy,Puppis,14.69,08:18:30.01,-21:48:58.0,1.36′ × 0.86′,0.02266667,General,,,,0,0,Work in progress
ngc-NGC2565,NGC 2565,Galaxy,Cancer,12.48,08:19:48.32,+22:01:53.2,1.67′ × 0.73′,0.02783333,General,,,,0,0,Work in progress
ngc-NGC2566,NGC 2566,Galaxy,Puppis,10.81,08:18:45.66,-25:29:58.3,3.98′ × 2.75′,0.06633333,General,,,,0,0,Work in progress
ngc-NGC2567,NGC 2567,Open cluster,Puppis,7.4,08:18:35.18,-30:38:08.2,6′,0.1,WideField,,,,0,0,Work in progress
ngc-NGC2568,NGC 2568,Open cluster,Puppis,,08:18:18.12,-37:06:19.4,,,WideField,,,,0,0,Work in progress
ngc-NGC2569,NGC 2569,Galaxy,Cancer,15.12,08:21:21.14,+20:52:03.0,0.72′ × 0.55′,0.012,General,,,,0,0,Work in progress
ngc-NGC2570,NGC 2570,Galaxy,Cancer,14.67,08:21:22.54,+20:54:38.0,0.7′ × 0.37′,0.01166667,General,,,,0,0,Work in progress
ngc-NGC2571,NGC 2571,Open cluster,Puppis,7,08:18:56.35,-29:44:57.4,7.2′,0.12,WideField,,,,0,0,Work in progress
ngc-NGC2572,NGC 2572,Galaxy,Cancer,14.72,08:21:24.63,+19:08:52.0,1.22′ × 0.52′,0.02033333,General,,,,0,0,Work in progress
ngc-NGC2573,Polarissima Australis,Galaxy,Octans,13.53,01:41:37.33,-89:20:04.3,1.92′ × 0.74′,0.032,General,,,,0,0,Work in progress
ngc-NGC2574,NGC 2574,Galaxy,Hydra,13.22,08:20:48.16,-08:55:06.5,2.17′ × 1.08′,0.03616667,General,,,,0,0,Work in progress
ngc-NGC2575,NGC 2575,Galaxy,Cancer,12.98,08:22:44.96,+24:17:48.9,1.37′ × 1.08′,0.02283333,General,,,,0,0,Work in progress
ngc-NGC2576,NGC 2576,Galaxy,Cancer,15.15,08:22:57.70,+25:44:19.4,1.61′ × 0.3′,0.02683333,General,,,,0,0,Work in progress
ngc-NGC2577,NGC 2577,Galaxy,Cancer,12.42,08:22:43.45,+22:33:11.1,1.55′ × 0.88′,0.02583333,General,,,,0,0,Work in progress
ngc-NGC2578,NGC 2578,Galaxy,Puppis,12.59,08:21:24.27,-13:19:04.3,2.19′ × 1.1′,0.0365,General,,,,0,0,Work in progress
ngc-NGC2579,NGC 2579,Nebula with cluster,Puppis,,08:20:53.06,-36:13:01.7,3.3′,0.055,General,,,,0,0,Work in progress
ngc-NGC2580,NGC 2580,Open cluster,Puppis,9.7,08:21:27.90,-30:17:36.5,3′,0.05,WideField,,,,0,0,Work in progress
ngc-NGC2581,NGC 2581,Galaxy,Cancer,14.43,08:24:30.94,+18:35:49.5,0.96′ × 0.7′,0.016,General,,,,0,0,Work in progress
ngc-NGC2582,NGC 2582,Galaxy,Cancer,13.11,08:25:12.07,+20:20:05.1,1.19′ × 1.13′,0.01983333,General,,,,0,0,Work in progress
ngc-NGC2583,NGC 2583,Galaxy,Hydra,13.44,08:23:07.93,-05:00:08.6,0.86′ × 0.75′,0.01433333,General,,,,0,0,Work in progress
ngc-NGC2584,NGC 2584,Galaxy,Hydra,14.99,08:23:15.45,-04:58:13.8,0.99′ × 0.54′,0.0165,General,,,,0,0,Work in progress
ngc-NGC2585,NGC 2585,Galaxy,Hydra,14.49,08:23:26.28,-04:54:54.8,1.55′ × 0.57′,0.02583333,General,,,,0,0,Work in progress
ngc-NGC2586,NGC 2586,Unclassified object,Hydra,,08:23:31.41,-04:57:07.0,,,General,,,,0,0,Work in progress
ngc-NGC2587,NGC 2587,Open cluster,Puppis,9.2,08:23:24.08,-29:30:31.4,6′,0.1,WideField,,,,0,0,Work in progress
ngc-NGC2588,NGC 2588,Open cluster,Puppis,11.8,08:23:09.57,-32:58:30.6,3.9′,0.065,WideField,,,,0,0,Work in progress
ngc-NGC2589,NGC 2589,Unclassified object,Hydra,,08:24:29.47,-08:46:04.5,,,General,,,,0,0,Work in progress
ngc-NGC2590,NGC 2590,Galaxy,Hydra,13.01,08:25:02.00,-00:35:29.0,2.08′ × 0.51′,0.03466667,General,,,,0,0,Work in progress
ngc-NGC2591,NGC 2591,Galaxy,Camelopardalis,12.66,08:37:25.53,+78:01:35.1,2.95′ × 0.64′,0.04916667,General,,,,0,0,Work in progress
ngc-NGC2592,NGC 2592,Galaxy,Cancer,13.55,08:27:08.05,+25:58:13.1,1.47′ × 1.19′,0.0245,General,,,,0,0,Work in progress
ngc-NGC2593,NGC 2593,Galaxy,Cancer,14.83,08:26:47.83,+17:22:29.7,0.97′ × 0.53′,0.01616667,General,,,,0,0,Work in progress
ngc-NGC2594,NGC 2594,Galaxy,Cancer,14.93,08:27:17.16,+25:52:43.7,0.91′ × 0.56′,0.01516667,General,,,,0,0,Work in progress
ngc-NGC2595,NGC 2595,Galaxy,Cancer,12.39,08:27:42.02,+21:28:44.8,1.66′ × 1.12′,0.02766667,General,,,,0,0,Work in progress
ngc-NGC2596,NGC 2596,Galaxy,Cancer,13.48,08:27:26.52,+17:17:02.7,1.38′ × 0.51′,0.023,General,,,,0,0,Work in progress
ngc-NGC2597,NGC 2597,Optical double,Cancer,,08:29:57.41,+21:30:06.8,,,HighMagnification,,,,0,0,Work in progress
ngc-NGC2598,NGC 2598,Galaxy,Cancer,13.61,08:30:02.52,+21:29:19.2,1.19′ × 0.38′,0.01983333,General,,,,0,0,Work in progress
ngc-NGC2599,NGC 2599,Galaxy,Cancer,12.2,08:32:11.30,+22:33:38.0,1.56′ × 1.32′,0.026,General,,,,0,0,Work in progress
ngc-NGC2600,NGC 2600,Galaxy,Ursa Major,15.05,08:34:45.05,+52:42:56.5,1.21′ × 0.41′,0.02016667,General,,,,0,0,Work in progress
ngc-NGC2601,NGC 2601,Galaxy,Volans,13.43,08:25:30.66,-68:07:03.6,1.69′ × 1.15′,0.02816667,General,,,,0,0,Work in progress
ngc-NGC2602,NGC 2602,Galaxy,Ursa Major,15.45,08:35:04.25,+52:49:53.5,0.65′ × 0.41′,0.01083333,General,,,,0,0,Work in progress
ngc-NGC2603,NGC 2603,Galaxy,Ursa Major,16.82,08:34:31.19,+52:50:24.8,0.4′ × 0.34′,0.00666667,General,,,,0,0,Work in progress
ngc-NGC2604,NGC 2604,Galaxy,Cancer,14.92,08:33:23.14,+29:32:19.7,1.48′ × 1.37′,0.02466667,General,,,,0,0,Work in progress
ngc-NGC2605,NGC 2605,Galaxy,Ursa Major,16.43,08:34:53.31,+52:48:15.5,0.45′ × 0.35′,0.0075,General,,,,0,0,Work in progress
ngc-NGC2606,NGC 2606,Galaxy,Ursa Major,14.9,08:35:34.44,+52:47:20.1,0.87′ × 0.45′,0.0145,General,,,,0,0,Work in progress
ngc-NGC2607,NGC 2607,Galaxy,Cancer,14.95,08:33:56.66,+26:58:21.6,0.84′ × 0.8′,0.014,General,,,,0,0,Work in progress
ngc-NGC2608,NGC 2608,Galaxy,Cancer,12.25,08:35:17.33,+28:28:24.3,1.95′ × 0.95′,0.0325,General,,,,0,0,Work in progress
ngc-NGC2609,NGC 2609,Open cluster,Carina,,08:29:29.65,-61:06:36.8,3.6′,0.06,WideField,,,,0,0,Work in progress
ngc-NGC2610,NGC 2610,Planetary nebula,Hydra,12.7,08:33:23.40,-16:08:58.0,0.63′,0.0105,HighMagnification,,,,0,0,Work in progress
ngc-NGC2611,NGC 2611,Galaxy,Cancer,15.28,08:35:29.17,+25:01:39.0,0.8′ × 0.26′,0.01333333,General,,,,0,0,Work in progress
ngc-NGC2612,NGC 2612,Galaxy,Hydra,12.91,08:33:50.10,-13:10:28.3,2.6′ × 0.8′,0.04333333,General,,,,0,0,Work in progress
ngc-NGC2613,NGC 2613,Galaxy,Pyxis,10.38,08:33:22.84,-22:58:25.2,7.62′ × 1.79′,0.127,General,,,,0,0,Work in progress
ngc-NGC2614,NGC 2614,Galaxy,Ursa Major,13.89,08:42:47.95,+72:58:35.3,2.04′ × 1.67′,0.034,General,,,,0,0,Work in progress
ngc-NGC2615,NGC 2615,Galaxy,Hydra,13.38,08:34:33.35,-02:32:48.5,1.2′ × 0.82′,0.02,General,,,,0,0,Work in progress
ngc-NGC2616,NGC 2616,Galaxy,Hydra,12.57,08:35:34.07,-01:51:00.5,1.43′ × 0.98′,0.02383333,General,,,,0,0,Work in progress
ngc-NGC2617,NGC 2617,Galaxy,Hydra,14,08:35:38.79,-04:05:17.6,1.4′ × 1.1′,0.02333333,General,,,,0,0,Work in progress
ngc-NGC2618,NGC 2618,Galaxy,Hydra,13.96,08:35:53.54,+00:42:25.6,2.07′ × 0.88′,0.0345,General,,,,0,0,Work in progress
ngc-NGC2619,NGC 2619,Galaxy,Cancer,12.72,08:37:32.71,+28:42:18.7,1.93′ × 1.17′,0.03216667,General,,,,0,0,Work in progress
ngc-NGC2620,NGC 2620,Galaxy,Cancer,14.61,08:37:28.24,+24:56:49.0,2′ × 0.5′,0.03333333,General,,,,0,0,Work in progress
ngc-NGC2621,NGC 2621,Galaxy,Cancer,15.42,08:37:36.98,+24:59:59.3,0.73′ × 0.47′,0.01216667,General,,,,0,0,Work in progress
ngc-NGC2622,NGC 2622,Galaxy,Cancer,14.12,08:38:10.94,+24:53:43.0,0.94′ × 0.6′,0.01566667,General,,,,0,0,Work in progress
ngc-NGC2623,NGC 2623,Galaxy,Cancer,13.55,08:38:24.08,+25:45:16.7,2.39′ × 0.7′,0.03983333,General,,,,0,0,Work in progress
ngc-NGC2624,NGC 2624,Galaxy,Cancer,14.57,08:38:09.63,+19:43:32.4,0.77′ × 0.47′,0.01283333,General,,,,0,0,Work in progress
ngc-NGC2625,NGC 2625,Galaxy,Cancer,15.17,08:38:23.22,+19:43:00.0,0.53′ × 0.44′,0.00883333,General,,,,0,0,Work in progress
ngc-NGC2626,NGC 2626,Reflection nebula,Vela,,08:35:28.88,-40:40:06.0,5′ × 5′,0.08333333,General,,,,0,0,Work in progress
ngc-NGC2627,NGC 2627,Open cluster,Pyxis,8.4,08:37:14.94,-29:57:01.5,5.4′,0.09,WideField,,,,0,0,Work in progress
ngc-NGC2628,NGC 2628,Galaxy,Cancer,14.04,08:40:22.71,+23:32:22.8,1.04′ × 0.93′,0.01733333,General,,,,0,0,Work in progress
ngc-NGC2629,NGC 2629,Galaxy,Ursa Major,12.26,08:47:15.82,+72:59:08.3,1.97′ × 1.42′,0.03283333,General,,,,0,0,Work in progress
ngc-NGC2630,NGC 2630,Unclassified object,Ursa Major,,08:47:07.30,+73:00:01.1,,,General,,,,0,0,Work in progress
ngc-NGC2631,NGC 2631,Unclassified object,Ursa Major,,08:47:07.30,+73:00:01.1,,,General,,,,0,0,Work in progress
ngc-NGC2633,NGC 2633,Galaxy,Camelopardalis,12.08,08:48:04.58,+74:05:55.9,2.31′ × 1.45′,0.0385,General,,,,0,0,Work in progress
ngc-NGC2634,NGC 2634,Galaxy,Camelopardalis,11.97,08:48:25.39,+73:58:01.8,1.72′ × 1.66′,0.02866667,General,,,,0,0,Work in progress
ngc-NGC2635,NGC 2635,Open cluster,Pyxis,11.2,08:38:25.99,-34:46:17.7,5.1′,0.085,WideField,,,,0,0,Work in progress
ngc-NGC2636,NGC 2636,Galaxy,Camelopardalis,13.77,08:48:24.43,+73:40:16.1,0.34′ × 0.34′,0.00566667,General,,,,0,0,Work in progress
ngc-NGC2637,NGC 2637,Galaxy,Cancer,15.57,08:41:13.49,+19:41:29.2,0.51′ × 0.43′,0.0085,General,,,,0,0,Work in progress
ngc-NGC2638,NGC 2638,Galaxy,Lynx,13.72,08:42:25.77,+37:13:15.7,1.66′ × 0.59′,0.02766667,General,,,,0,0,Work in progress
ngc-NGC2639,NGC 2639,Galaxy,Ursa Major,11.76,08:43:38.08,+50:12:20.0,1.61′ × 1.21′,0.02683333,General,,,,0,0,Work in progress
ngc-NGC2640,NGC 2640,Galaxy,Carina,11.02,08:37:24.62,-55:07:25.5,4.67′ × 4′,0.07783333,General,,,,0,0,Work in progress
ngc-NGC2641,NGC 2641,Galaxy,Ursa Major,14.93,08:47:57.49,+72:53:44.8,1.26′ × 1.04′,0.021,General,,,,0,0,Work in progress
ngc-NGC2642,NGC 2642,Galaxy,Hydra,12.65,08:40:44.37,-04:07:18.2,1.92′ × 1.43′,0.032,General,,,,0,0,Work in progress
ngc-NGC2643,NGC 2643,Galaxy,Cancer,15.45,08:41:51.74,+19:42:09.1,0.68′ × 0.37′,0.01133333,General,,,,0,0,Work in progress
ngc-NGC2644,NGC 2644,Galaxy,Hydra,13.49,08:41:31.86,+04:58:49.2,1.64′ × 0.65′,0.02733333,General,,,,0,0,Work in progress
ngc-NGC2645,NGC 2645,Open cluster,Vela,7.32,08:39:03.12,-46:13:38.3,6.6′,0.11,WideField,,,,0,0,Work in progress
ngc-NGC2646,NGC 2646,Galaxy,Camelopardalis,13.15,08:50:22.05,+73:27:47.1,1.47′ × 1.05′,0.0245,General,,,,0,0,Work in progress
ngc-NGC2647,NGC 2647,Galaxy,Cancer,15.02,08:42:43.10,+19:39:02.2,0.72′ × 0.57′,0.012,General,,,,0,0,Work in progress
ngc-NGC2648,NGC 2648,Galaxy,Cancer,11.88,08:42:39.80,+14:17:08.2,3.15′ × 1.08′,0.0525,General,,,,0,0,Work in progress
ngc-NGC2649,NGC 2649,Galaxy,Lynx,13.16,08:44:08.27,+34:43:02.1,1.47′ × 1.38′,0.0245,General,,,,0,0,Work in progress
ngc-NGC2650,NGC 2650,Galaxy,Ursa Major,14.22,08:49:58.35,+70:17:58.0,1.38′ × 0.99′,0.023,General,,,,0,0,Work in progress
ngc-NGC2651,NGC 2651,Galaxy,Cancer,15.64,08:43:55.15,+11:46:15.6,0.53′ × 0.44′,0.00883333,General,,,,0,0,Work in progress
ngc-NGC2974,NGC 2974,Galaxy,Sextans,10.89,09:42:33.28,-03:41:56.9,3.48′ × 2.13′,0.058,General,,,,0,0,Work in progress
ngc-NGC2653,NGC 2653,Optical double,Camelopardalis,,08:54:55.56,+78:23:36.8,,,HighMagnification,,,,0,0,Work in progress
ngc-NGC2654,NGC 2654,Galaxy,Ursa Major,11.69,08:49:11.87,+60:13:16.0,4.45′ × 0.89′,0.07416667,General,,,,0,0,Work in progress
ngc-NGC2655,NGC 2655,Galaxy,Camelopardalis,10.39,08:55:37.73,+78:13:23.1,3.93′ × 2.06′,0.0655,General,,,,0,0,Work in progress
ngc-NGC2656,NGC 2656,Galaxy,Ursa Major,13.76,08:47:53.07,+53:52:34.2,1.31′ × 1.18′,0.02183333,General,,,,0,0,Work in progress
ngc-NGC2657,NGC 2657,Galaxy,Cancer,13.93,08:45:15.81,+09:38:43.8,1.28′ × 1.09′,0.02133333,General,,,,0,0,Work in progress
ngc-NGC2658,NGC 2658,Open cluster,Pyxis,9.2,08:43:27.34,-32:39:22.4,7.2′,0.12,WideField,,,,0,0,Work in progress
ngc-NGC2659,NGC 2659,Open cluster,Vela,8.6,08:42:33.02,-45:00:01.9,5.1′,0.085,WideField,,,,0,0,Work in progress
ngc-NGC2660,NGC 2660,Open cluster,Vela,8.8,08:42:37.99,-47:12:02.4,3.6′,0.06,WideField,,,,0,0,Work in progress
ngc-NGC2661,NGC 2661,Galaxy,Cancer,13.86,08:45:59.54,+12:37:11.7,1.48′ × 1.35′,0.02466667,General,,,,0,0,Work in progress
ngc-NGC2662,NGC 2662,Galaxy,Hydra,15.05,08:45:32.03,-15:07:16.5,1.23′ × 1.15′,0.0205,General,,,,0,0,Work in progress
ngc-NGC2663,NGC 2663,Galaxy,Pyxis,10.59,08:45:08.25,-33:47:41.1,3.9′ × 2.75′,0.065,General,,,,0,0,Work in progress
ngc-NGC2664,NGC 2664,Open cluster,Cancer,,08:47:07.03,+12:36:20.8,6.6′,0.11,WideField,,,,0,0,Work in progress
ngc-NGC2665,NGC 2665,Galaxy,Hydra,11.63,08:46:00.99,-19:18:10.4,2′ × 1.72′,0.03333333,General,,,,0,0,Work in progress
ngc-NGC2666,NGC 2666,Open cluster,Lynx,,08:49:47.02,+44:42:13.2,,,WideField,,,,0,0,Work in progress
ngc-NGC2667,NGC 2667,Galaxy,Cancer,14.76,08:48:27.25,+19:01:10.2,1.03′ × 0.37′,0.01716667,General,,,,0,0,Work in progress
ngc-NGC2668,NGC 2668,Galaxy,Lynx,14.85,08:49:22.56,+36:42:37.2,1.23′ × 0.66′,0.0205,General,,,,0,0,Work in progress
ngc-NGC2669,NGC 2669,Open cluster,Vela,6.1,08:46:22.57,-52:56:51.1,8.4′,0.14,WideField,,,,0,0,Work in progress
ngc-NGC2670,NGC 2670,Open cluster,Vela,7.8,08:45:29.48,-48:47:29.9,4.2′,0.07,WideField,,,,0,0,Work in progress
ngc-NGC2671,NGC 2671,Open cluster,Vela,11.6,08:46:11.89,-41:52:37.8,5.1′,0.085,WideField,,,,0,0,Work in progress
ngc-NGC2672,NGC 2672,Galaxy,Cancer,11.64,08:49:21.89,+19:04:29.9,3.2′ × 2.87′,0.05333333,General,,,,0,0,Work in progress
ngc-NGC2673,NGC 2673,Galaxy,Cancer,14.04,08:49:24.14,+19:04:27.1,1.23′ × 0.81′,0.0205,General,,,,0,0,Work in progress
ngc-NGC2674,NGC 2674,Galaxy,Hydra,15.88,08:49:13.21,-14:17:39.2,1.04′ × 0.49′,0.01733333,General,,,,0,0,Work in progress
ngc-NGC2675,NGC 2675,Galaxy,Ursa Major,13.26,08:52:04.95,+53:37:02.3,1.51′ × 1.05′,0.02516667,General,,,,0,0,Work in progress
ngc-NGC2676,NGC 2676,Galaxy,Ursa Major,14.46,08:51:35.65,+47:33:27.6,1.2′ × 1.12′,0.02,General,,,,0,0,Work in progress
ngc-NGC2677,NGC 2677,Galaxy,Cancer,15.18,08:50:01.33,+19:00:35.2,0.7′ × 0.41′,0.01166667,General,,,,0,0,Work in progress
ngc-NGC2678,NGC 2678,Open cluster,Cancer,,08:50:02.75,+11:20:17.2,10′ × 10′,0.16666667,WideField,,,,0,0,Work in progress
ngc-NGC2679,NGC 2679,Galaxy,Cancer,14.07,08:51:32.94,+30:51:55.3,1.85′ × 1.85′,0.03083333,General,,,,0,0,Work in progress
ngc-NGC2680,NGC 2680,Optical double,Cancer,,08:51:33.49,+30:51:56.9,0.16′ × 0.11′,0.00266667,HighMagnification,,,,0,0,Work in progress
ngc-NGC2681,NGC 2681,Galaxy,Ursa Major,10.86,08:53:32.74,+51:18:49.2,3.97′ × 3.97′,0.06616667,General,,,,0,0,Work in progress
ngc-NGC2683,NGC 2683,Galaxy,Lynx,9.69,08:52:41.33,+33:25:18.3,9.48′ × 2.7′,0.158,General,,,,0,0,Work in progress
ngc-NGC2684,NGC 2684,Galaxy,Ursa Major,13.01,08:54:54.04,+49:09:37.4,1.1′ × 0.84′,0.01833333,General,,,,0,0,Work in progress
ngc-NGC2685,Helix Galaxy,Galaxy,Ursa Major,11.35,08:55:34.71,+58:44:03.8,4.33′ × 2.31′,0.07216667,General,,,,0,0,Work in progress
ngc-NGC2686,NGC 2686,Galaxy pair,Ursa Major,,08:54:59.80,+49:08:32.5,1.6′,0.02666667,General,,,,0,0,Work in progress
ngc-NGC2687,NGC 2687,Galaxy pair,Ursa Major,,08:55:05.50,+49:09:21.3,1.3′,0.02166667,General,,,,0,0,Work in progress
ngc-NGC2688,NGC 2688,Galaxy,Ursa Major,16.41,08:55:11.59,+49:07:21.4,0.47′ × 0.36′,0.00783333,General,,,,0,0,Work in progress
ngc-NGC2689,NGC 2689,Galaxy,Ursa Major,16.82,08:55:25.41,+49:06:55.7,0.41′ × 0.3′,0.00683333,General,,,,0,0,Work in progress
ngc-NGC2690,NGC 2690,Galaxy,Hydra,13.94,08:52:38.03,-02:36:11.6,1.7′ × 0.39′,0.02833333,General,,,,0,0,Work in progress
ngc-NGC2691,NGC 2691,Galaxy,Lynx,13.47,08:54:46.34,+39:32:19.2,1.26′ × 0.9′,0.021,General,,,,0,0,Work in progress
ngc-NGC2692,NGC 2692,Galaxy,Ursa Major,12.75,08:56:58.01,+52:03:57.4,1.25′ × 0.55′,0.02083333,General,,,,0,0,Work in progress
ngc-NGC2693,NGC 2693,Galaxy,Ursa Major,11.86,08:56:59.27,+51:20:50.8,2′ × 1.37′,0.03333333,General,,,,0,0,Work in progress
ngc-NGC2694,NGC 2694,Galaxy,Ursa Major,14.14,08:56:59.26,+51:19:55.1,0.81′ × 0.5′,0.0135,General,,,,0,0,Work in progress
ngc-NGC2695,NGC 2695,Galaxy,Hydra,12.02,08:54:27.07,-03:04:01.3,1.63′ × 1.45′,0.02716667,General,,,,0,0,Work in progress
ngc-NGC2696,NGC 2696,Galaxy,Hydra,15.88,08:50:42.05,-05:00:35.2,1.03′ × 0.95′,0.01716667,General,,,,0,0,Work in progress
ngc-NGC2697,NGC 2697,Galaxy,Hydra,13.47,08:54:59.40,-02:59:15.4,1.63′ × 0.96′,0.02716667,General,,,,0,0,Work in progress
ngc-NGC2698,NGC 2698,Galaxy,Hydra,11.86,08:55:36.51,-03:11:02.2,1.47′ × 0.53′,0.0245,General,,,,0,0,Work in progress
ngc-NGC2699,NGC 2699,Galaxy,Hydra,13.47,08:55:48.80,-03:07:39.3,1.41′ × 0.76′,0.0235,General,,,,0,0,Work in progress
ngc-NGC2700,NGC 2700,Star,Hydra,,08:55:50.58,-03:06:59.0,,,HighMagnification,,,,0,0,Work in progress
ngc-NGC2701,NGC 2701,Galaxy,Ursa Major,12.36,08:59:05.74,+53:46:18.0,1.94′ × 1.3′,0.03233333,General,,,,0,0,Work in progress
ngc-NGC2702,NGC 2702,Star,Hydra,,08:55:54.64,-03:03:55.2,,,HighMagnification,,,,0,0,Work in progress
ngc-NGC2703,NGC 2703,Optical double,Hydra,,08:55:47.13,-03:18:24.9,,,HighMagnification,,,,0,0,Work in progress
ngc-NGC2704,NGC 2704,Galaxy,Lynx,14.32,08:56:47.69,+39:22:55.9,1.04′ × 1.01′,0.01733333,General,,,,0,0,Work in progress
ngc-NGC2705,NGC 2705,Star,Hydra,,08:56:00.05,-03:00:53.6,,,HighMagnification,,,,0,0,Work in progress
ngc-NGC2706,NGC 2706,Galaxy,Hydra,13.71,08:56:12.31,-02:33:48.4,1.67′ × 0.57′,0.02783333,General,,,,0,0,Work in progress
ngc-NGC2707,NGC 2707,Star,Hydra,,08:56:05.68,-03:03:59.1,,,HighMagnification,,,,0,0,Work in progress
ngc-NGC2708,NGC 2708,Galaxy,Hydra,11.96,08:56:08.05,-03:21:36.4,2.93′ × 1.06′,0.04883333,General,,,,0,0,Work in progress
ngc-NGC2709,NGC 2709,Galaxy,Hydra,15.02,08:56:12.86,-03:14:35.6,0.79′ × 0.65′,0.01316667,General,,,,0,0,Work in progress
ngc-NGC2710,NGC 2710,Galaxy,Ursa Major,13.08,08:59:48.35,+55:42:23.0,2.02′ × 0.97′,0.03366667,General,,,,0,0,Work in progress
ngc-NGC2711,NGC 2711,Galaxy,Cancer,14.65,08:57:23.60,+17:17:16.9,0.56′ × 0.38′,0.00933333,General,,,,0,0,Work in progress
ngc-NGC2712,NGC 2712,Galaxy,Lynx,12.19,08:59:30.47,+44:54:50.0,2.93′ × 1.59′,0.04883333,General,,,,0,0,Work in progress
ngc-NGC2713,NGC 2713,Galaxy,Hydra,11.82,08:57:20.51,+02:55:16.7,3.37′ × 1.15′,0.05616667,General,,,,0,0,Work in progress
ngc-NGC2714,NGC 2714,Galaxy,Carina,14,08:53:29.82,-59:13:01.6,1.37′ × 1.18′,0.02283333,General,,,,0,0,Work in progress
ngc-NGC2715,NGC 2715,Galaxy,Camelopardalis,11.49,09:08:06.20,+78:05:06.6,4.2′ × 1.41′,0.07,General,,,,0,0,Work in progress
ngc-NGC2716,NGC 2716,Galaxy,Hydra,12.19,08:57:35.88,+03:05:24.8,1.63′ × 1.14′,0.02716667,General,,,,0,0,Work in progress
ngc-NGC2717,NGC 2717,Galaxy,Pyxis,12.29,08:57:01.12,-24:40:25.5,2.03′ × 1.69′,0.03383333,General,,,,0,0,Work in progress
ngc-NGC2718,NGC 2718,Galaxy,Hydra,14.24,08:58:50.47,+06:17:34.8,1.72′ × 1.09′,0.02866667,General,,,,0,0,Work in progress
ngc-NGC2719,NGC 2719,Galaxy,Lynx,14,09:00:15.46,+35:43:39.5,1.17′ × 0.3′,0.0195,General,,,,0,0,Work in progress
ngc-NGC2720,NGC 2720,Galaxy,Cancer,14.22,08:59:08.06,+11:08:57.2,1.26′ × 1.11′,0.021,General,,,,0,0,Work in progress
ngc-NGC2721,NGC 2721,Galaxy,Hydra,13.22,08:58:56.52,-04:54:07.0,1.85′ × 1.33′,0.03083333,General,,,,0,0,Work in progress
ngc-NGC2722,NGC 2722,Galaxy,Hydra,13.46,08:58:46.17,-03:42:36.4,1.83′ × 0.95′,0.0305,General,,,,0,0,Work in progress
ngc-NGC2723,NGC 2723,Galaxy,Hydra,14.28,09:00:14.36,+03:10:39.9,1.14′ × 1.04′,0.019,General,,,,0,0,Work in progress
ngc-NGC2724,NGC 2724,Galaxy,Lynx,14.74,09:01:01.82,+35:45:43.4,1.2′ × 0.68′,0.02,General,,,,0,0,Work in progress
ngc-NGC2725,NGC 2725,Galaxy,Cancer,14.29,09:01:03.22,+11:05:54.2,0.67′ × 0.58′,0.01116667,General,,,,0,0,Work in progress
ngc-NGC2726,NGC 2726,Galaxy,Ursa Major,13,09:04:56.77,+59:55:58.5,1.53′ × 0.46′,0.0255,General,,,,0,0,Work in progress
ngc-NGC2728,NGC 2728,Galaxy,Cancer,15.24,09:01:40.93,+11:04:58.7,0.98′ × 0.63′,0.01633333,General,,,,0,0,Work in progress
ngc-NGC2729,NGC 2729,Galaxy,Hydra,14.14,09:01:28.62,+03:43:14.2,1.06′ × 0.64′,0.01766667,General,,,,0,0,Work in progress
ngc-NGC2730,NGC 2730,Galaxy,Cancer,13.78,09:02:15.83,+16:50:17.9,1.45′ × 0.95′,0.02416667,General,,,,0,0,Work in progress
ngc-NGC2731,NGC 2731,Galaxy,Cancer,14.12,09:02:08.41,+08:18:06.0,0.72′ × 0.49′,0.012,General,,,,0,0,Work in progress
ngc-NGC2732,NGC 2732,Galaxy,Camelopardalis,11.89,09:13:24.73,+79:11:14.4,1.81′ × 0.71′,0.03016667,General,,,,0,0,Work in progress
ngc-NGC2734,NGC 2734,Galaxy,Cancer,15.74,09:03:01.61,+16:51:49.0,0.92′ × 0.78′,0.01533333,General,,,,0,0,Work in progress
ngc-NGC2735,NGC 2735,Galaxy,Cancer,13.76,09:02:38.64,+25:56:04.3,1.42′ × 0.53′,0.02366667,General,,,,0,0,Work in progress
ngc-NGC2736,Pencil Nebula,H II region nebula,Vela,,09:00:16.94,-45:56:53.0,30′ × 7′,0.5,General,,,,0,0,Work in progress
ngc-NGC2737,NGC 2737,Galaxy,Cancer,14.6,09:03:59.72,+21:54:23.6,0.95′ × 0.38′,0.01583333,General,,,,0,0,Work in progress
ngc-NGC2738,NGC 2738,Galaxy,Cancer,13.79,09:04:00.45,+21:58:03.4,1.36′ × 0.62′,0.02266667,General,,,,0,0,Work in progress
ngc-NGC2739,NGC 2739,Galaxy,Ursa Major,15.5,09:06:02.83,+51:44:40.9,0.86′ × 0.35′,0.01433333,General,,,,0,0,Work in progress
ngc-NGC2740,NGC 2740,Galaxy,Ursa Major,15.02,09:06:04.99,+51:44:07.1,0.73′ × 0.61′,0.01216667,General,,,,0,0,Work in progress
ngc-NGC2741,NGC 2741,Galaxy,Cancer,15.49,09:03:16.50,+18:15:39.9,0.67′ × 0.44′,0.01116667,General,,,,0,0,Work in progress
ngc-NGC2742,NGC 2742,Galaxy,Ursa Major,11.49,09:07:33.53,+60:28:45.6,2.86′ × 1.49′,0.04766667,General,,,,0,0,Work in progress
ngc-NGC2743,NGC 2743,Galaxy,Cancer,14.19,09:04:54.06,+25:00:14.1,1.1′ × 0.75′,0.01833333,General,,,,0,0,Work in progress
ngc-NGC2744,NGC 2744,Galaxy pair,Cancer,,09:04:38.90,+18:27:37.0,1.2′,0.02,General,,,,0,0,Work in progress
ngc-NGC2745,NGC 2745,Galaxy,Cancer,15.68,09:04:39.33,+18:15:26.5,0.6′ × 0.5′,0.01,General,,,,0,0,Work in progress
ngc-NGC2746,NGC 2746,Galaxy,Lynx,14.18,09:05:59.44,+35:22:38.6,1.57′ × 1.31′,0.02616667,General,,,,0,0,Work in progress
ngc-NGC2747,NGC 2747,Galaxy,Cancer,15.69,09:05:18.34,+18:26:31.9,0.56′ × 0.35′,0.00933333,General,,,,0,0,Work in progress
ngc-NGC2748,NGC 2748,Galaxy,Camelopardalis,11.68,09:13:43.02,+76:28:31.2,2.6′ × 1.11′,0.04333333,General,,,,0,0,Work in progress
ngc-NGC2749,NGC 2749,Galaxy,Cancer,11.84,09:05:21.32,+18:18:47.2,1.92′ × 1.77′,0.032,General,,,,0,0,Work in progress
ngc-NGC2750,NGC 2750,Galaxy,Cancer,12.59,09:05:47.91,+25:26:14.7,2.03′ × 1.46′,0.03383333,General,,,,0,0,Work in progress
ngc-NGC2751,NGC 2751,Galaxy,Cancer,14.97,09:05:32.40,+18:15:44.3,0.87′ × 0.48′,0.0145,General,,,,0,0,Work in progress
ngc-NGC2752,NGC 2752,Galaxy,Cancer,14.74,09:05:43.03,+18:20:23.0,1.74′ × 0.33′,0.029,General,,,,0,0,Work in progress
ngc-NGC2753,NGC 2753,Galaxy,Cancer,14.72,09:07:08.26,+25:20:32.9,0.55′ × 0.34′,0.00916667,General,,,,0,0,Work in progress
ngc-NGC2754,NGC 2754,Galaxy,Hydra,15.31,09:05:11.21,-19:05:05.5,0.78′ × 0.68′,0.013,General,,,,0,0,Work in progress
ngc-NGC2755,NGC 2755,Galaxy,Lynx,14.26,09:07:58.31,+41:42:32.2,1.15′ × 0.76′,0.01916667,General,,,,0,0,Work in progress
ngc-NGC2756,NGC 2756,Galaxy,Ursa Major,13.12,09:09:00.93,+53:50:58.3,1.5′ × 1′,0.025,General,,,,0,0,Work in progress
ngc-NGC2757,NGC 2757,Unclassified object,Hydra,,09:05:25.76,-19:02:52.1,,,General,,,,0,0,Work in progress
ngc-NGC2758,NGC 2758,Galaxy,Hydra,14.04,09:05:31.20,-19:02:34.0,1.87′ × 0.41′,0.03116667,General,,,,0,0,Work in progress
ngc-NGC2759,NGC 2759,Galaxy,Lynx,13.04,09:08:37.29,+37:37:17.8,1.27′ × 0.9′,0.02116667,General,,,,0,0,Work in progress
ngc-NGC2760,NGC 2760,Galaxy,Draco,14.9,09:24:13.04,+76:31:52.6,1.21′ × 0.27′,0.02016667,General,,,,0,0,Work in progress
ngc-NGC2761,NGC 2761,Galaxy,Cancer,14.93,09:07:30.83,+18:26:05.1,0.76′ × 0.43′,0.01266667,General,,,,0,0,Work in progress
ngc-NGC2762,NGC 2762,Galaxy,Ursa Major,15.86,09:09:54.53,+50:25:05.7,0.51′ × 0.36′,0.0085,General,,,,0,0,Work in progress
ngc-NGC2763,NGC 2763,Galaxy,Hydra,12.07,09:06:49.05,-15:29:59.2,2.43′ × 1.88′,0.0405,General,,,,0,0,Work in progress
ngc-NGC2764,NGC 2764,Galaxy,Cancer,12.9,09:08:17.47,+21:26:36.0,1.15′ × 0.67′,0.01916667,General,,,,0,0,Work in progress
ngc-NGC2765,NGC 2765,Galaxy,Hydra,13.18,09:07:36.64,+03:23:34.5,2.74′ × 0.93′,0.04566667,General,,,,0,0,Work in progress
ngc-NGC2766,NGC 2766,Galaxy,Cancer,14.49,09:08:47.54,+29:51:53.2,1.2′ × 0.53′,0.02,General,,,,0,0,Work in progress
ngc-NGC2767,NGC 2767,Galaxy,Ursa Major,14.51,09:10:11.88,+50:24:04.7,0.72′ × 0.63′,0.012,General,,,,0,0,Work in progress
ngc-NGC2768,NGC 2768,Galaxy,Ursa Major,9.87,09:11:37.50,+60:02:14.0,5.64′ × 2.24′,0.094,General,,,,0,0,Work in progress
ngc-NGC2769,NGC 2769,Galaxy,Ursa Major,13.89,09:10:32.16,+50:25:59.8,1.61′ × 0.37′,0.02683333,General,,,,0,0,Work in progress
ngc-NGC2770,NGC 2770,Galaxy,Lynx,12.21,09:09:33.71,+33:07:24.7,3.45′ × 0.81′,0.0575,General,,,,0,0,Work in progress
ngc-NGC2771,NGC 2771,Galaxy,Ursa Major,13.9,09:10:39.66,+50:22:47.5,1.73′ × 1.49′,0.02883333,General,,,,0,0,Work in progress
ngc-NGC2772,NGC 2772,Galaxy,Pyxis,14.21,09:07:41.87,-23:37:17.1,1.71′ × 1.07′,0.0285,General,,,,0,0,Work in progress
ngc-NGC2773,NGC 2773,Galaxy,Cancer,14.71,09:09:44.19,+07:10:25.3,0.65′ × 0.29′,0.01083333,General,,,,0,0,Work in progress
ngc-NGC2774,NGC 2774,Galaxy,Cancer,14.67,09:10:39.92,+18:41:47.7,1.19′ × 1.17′,0.01983333,General,,,,0,0,Work in progress
ngc-NGC2776,NGC 2776,Galaxy,Lynx,11.68,09:12:14.51,+44:57:17.4,2.14′ × 0.91′,0.03566667,General,,,,0,0,Work in progress
ngc-NGC2777,NGC 2777,Galaxy,Cancer,14.21,09:10:41.83,+07:12:24.1,0.76′ × 0.59′,0.01266667,General,,,,0,0,Work in progress
ngc-NGC2778,NGC 2778,Galaxy,Lynx,12.41,09:12:24.37,+35:01:39.1,1.3′ × 0.98′,0.02166667,General,,,,0,0,Work in progress
ngc-NGC2779,NGC 2779,Galaxy,Lynx,15.39,09:12:28.29,+35:03:13.5,0.72′ × 0.61′,0.012,General,,,,0,0,Work in progress
ngc-NGC2780,NGC 2780,Galaxy,Lynx,14.21,09:12:44.37,+34:55:32.1,1.06′ × 0.77′,0.01766667,General,,,,0,0,Work in progress
ngc-NGC2781,NGC 2781,Galaxy,Hydra,11.57,09:11:27.52,-14:49:00.6,2.52′ × 1.26′,0.042,General,,,,0,0,Work in progress
ngc-NGC2782,NGC 2782,Galaxy,Lynx,12.36,09:14:05.11,+40:06:49.3,3.25′ × 2.41′,0.05416667,General,,,,0,0,Work in progress
ngc-NGC2783,NGC 2783,Galaxy,Cancer,13.55,09:13:39.46,+29:59:34.7,1.98′ × 1.1′,0.033,General,,,,0,0,Work in progress
ngc-NGC2784,NGC 2784,Galaxy,Hydra,10.1,09:12:19.50,-24:10:21.4,4.82′ × 1.85′,0.08033333,General,,,,0,0,Work in progress
ngc-NGC2785,NGC 2785,Galaxy,Lynx,13.38,09:15:15.39,+40:55:03.1,1.44′ × 0.58′,0.024,General,,,,0,0,Work in progress
ngc-NGC2786,NGC 2786,Galaxy,Cancer,13.86,09:13:35.59,+12:26:26.9,0.83′ × 0.59′,0.01383333,General,,,,0,0,Work in progress
ngc-NGC2787,NGC 2787,Galaxy,Ursa Major,11.25,09:19:18.60,+69:12:11.7,3.24′ × 1.81′,0.054,General,,,,0,0,Work in progress
ngc-NGC2788,NGC 2788,Galaxy,Carina,13.27,09:09:03.04,-67:55:56.9,1.67′ × 0.39′,0.02783333,General,,,,0,0,Work in progress
ngc-NGC2789,NGC 2789,Galaxy,Cancer,13.06,09:14:59.66,+29:43:49.0,1.15′ × 0.96′,0.01916667,General,,,,0,0,Work in progress
ngc-NGC2790,NGC 2790,Galaxy,Cancer,14.71,09:15:02.78,+19:41:49.6,0.6′ × 0.55′,0.01,General,,,,0,0,Work in progress
ngc-NGC2791,NGC 2791,Galaxy,Cancer,15.77,09:15:01.99,+17:35:32.0,0.89′ × 0.32′,0.01483333,General,,,,0,0,Work in progress
ngc-NGC2792,NGC 2792,Planetary nebula,Vela,11.6,09:12:26.57,-42:25:39.0,0.22′,0.00366667,HighMagnification,,,,0,0,Work in progress
ngc-NGC2793,NGC 2793,Galaxy,Lynx,13.39,09:16:47.31,+34:25:47.3,1.12′ × 0.93′,0.01866667,General,,,,0,0,Work in progress
ngc-NGC2794,NGC 2794,Galaxy,Cancer,13.15,09:16:01.79,+17:35:23.4,1.22′ × 0.93′,0.02033333,General,,,,0,0,Work in progress
ngc-NGC2795,NGC 2795,Galaxy,Cancer,14.01,09:16:03.92,+17:37:42.1,1.19′ × 1.02′,0.01983333,General,,,,0,0,Work in progress
ngc-NGC2796,NGC 2796,Galaxy,Cancer,14.54,09:16:41.85,+30:54:55.5,1.21′ × 0.85′,0.02016667,General,,,,0,0,Work in progress
ngc-NGC2797,NGC 2797,Galaxy,Cancer,14.45,09:16:21.69,+17:43:38.0,0.66′ × 0.58′,0.011,General,,,,0,0,Work in progress
ngc-NGC2798,NGC 2798,Galaxy,Lynx,12.39,09:17:22.79,+41:59:59.0,2.43′ × 0.83′,0.0405,General,,,,0,0,Work in progress
ngc-NGC2799,NGC 2799,Galaxy,Lynx,13.71,09:17:31.03,+41:59:38.7,1.76′ × 0.47′,0.02933333,General,,,,0,0,Work in progress
ngc-NGC2800,NGC 2800,Galaxy,Ursa Major,13.92,09:18:35.22,+52:30:52.1,1.42′ × 0.87′,0.02366667,General,,,,0,0,Work in progress
ngc-NGC2801,NGC 2801,Galaxy,Cancer,15.3,09:16:44.19,+19:56:08.6,0.96′ × 0.78′,0.016,General,,,,0,0,Work in progress
ngc-NGC2802,NGC 2802,Galaxy,Cancer,14.87,09:16:41.43,+18:57:48.5,1.1′ × 0.56′,0.01833333,General,,,,0,0,Work in progress
ngc-NGC2803,NGC 2803,Galaxy,Cancer,15.16,09:16:43.87,+18:57:16.5,0.98′ × 0.72′,0.01633333,General,,,,0,0,Work in progress
ngc-NGC2804,NGC 2804,Galaxy,Cancer,12.9,09:16:50.01,+20:11:54.6,1.39′ × 1.24′,0.02316667,General,,,,0,0,Work in progress
ngc-NGC2805,NGC 2805,Galaxy,Ursa Major,11.56,09:20:20.41,+64:06:10.0,3.39′ × 2.76′,0.0565,General,,,,0,0,Work in progress
ngc-NGC2806,NGC 2806,Star,Cancer,,09:16:56.79,+20:04:14.2,,,HighMagnification,,,,0,0,Work in progress
ngc-NGC2807,NGC 2807,Galaxy pair,Cancer,,09:16:59.00,+20:01:56.0,1.5′,0.025,General,,,,0,0,Work in progress
ngc-NGC2808,NGC 2808,Globular cluster,Carina,5.69,09:12:02.54,-64:51:46.2,9′,0.15,General,,,,0,0,Work in progress
ngc-NGC2809,NGC 2809,Galaxy,Cancer,13.02,09:17:06.92,+20:04:10.9,1.24′ × 1.08′,0.02066667,General,,,,0,0,Work in progress
ngc-NGC2810,NGC 2810,Galaxy,Ursa Major,12.23,09:22:04.50,+71:50:38.5,1.69′ × 1.69′,0.02816667,General,,,,0,0,Work in progress
ngc-NGC2811,NGC 2811,Galaxy,Hydra,11.45,09:16:11.11,-16:18:45.8,3.05′ × 1.03′,0.05083333,General,,,,0,0,Work in progress
ngc-NGC2812,NGC 2812,Galaxy,Cancer,15.89,09:17:40.79,+19:55:08.0,0.75′ × 0.23′,0.0125,General,,,,0,0,Work in progress
ngc-NGC2813,NGC 2813,Galaxy,Cancer,15.05,09:17:45.45,+19:54:23.8,1.02′ × 0.82′,0.017,General,,,,0,0,Work in progress
ngc-NGC2814,NGC 2814,Galaxy,Ursa Major,13.77,09:21:11.48,+64:15:11.5,1.05′ × 0.23′,0.0175,General,,,,0,0,Work in progress
ngc-NGC2815,NGC 2815,Galaxy,Hydra,11.86,09:16:19.75,-23:37:59.7,3.51′ × 1.41′,0.0585,General,,,,0,0,Work in progress
ngc-NGC2820,NGC 2820,Galaxy,Ursa Major,12.78,09:21:45.58,+64:15:28.6,3.75′ × 0.35′,0.0625,General,,,,0,0,Work in progress
ngc-NGC2817,NGC 2817,Galaxy,Hydra,13.68,09:17:10.53,-04:45:07.6,1.37′ × 1.27′,0.02283333,General,,,,0,0,Work in progress
ngc-NGC2818,NGC 2818,Planetary nebula,Pyxis,11.6,09:16:01.50,-36:37:37.0,0.83′,0.01383333,HighMagnification,,,,0,0,Work in progress
ngc-NGC2819,NGC 2819,Galaxy,Cancer,14.22,09:18:09.29,+16:11:53.2,1.44′ × 1.08′,0.024,General,,,,0,0,Work in progress
ngc-NGC2821,NGC 2821,Galaxy,Pyxis,13.89,09:16:47.98,-26:48:58.6,2.1′ × 0.44′,0.035,General,,,,0,0,Work in progress
ngc-NGC2822,NGC 2822,Galaxy,Carina,11.4,09:13:49.72,-69:38:41.4,3.96′ × 2.72′,0.066,General,,,,0,0,Work in progress
ngc-NGC2823,NGC 2823,Galaxy,Lynx,15.46,09:19:17.46,+34:00:29.4,1.03′ × 0.62′,0.01716667,General,,,,0,0,Work in progress
ngc-NGC2824,NGC 2824,Galaxy,Cancer,12.67,09:19:02.23,+26:16:11.9,0.97′ × 0.57′,0.01616667,General,,,,0,0,Work in progress
ngc-NGC2825,NGC 2825,Galaxy,Lynx,15.03,09:19:22.44,+33:44:34.0,1.1′ × 0.55′,0.01833333,General,,,,0,0,Work in progress
ngc-NGC2826,NGC 2826,Galaxy,Lynx,14.43,09:19:24.17,+33:37:26.4,1.47′ × 0.22′,0.0245,General,,,,0,0,Work in progress
ngc-NGC2827,NGC 2827,Galaxy,Lynx,15.44,09:19:19.01,+33:52:50.9,1.02′ × 0.38′,0.017,General,,,,0,0,Work in progress
ngc-NGC2828,NGC 2828,Galaxy,Lynx,15.61,09:19:34.83,+33:53:17.1,0.72′ × 0.44′,0.012,General,,,,0,0,Work in progress
ngc-NGC2829,NGC 2829,Galaxy pair,Lynx,,09:19:30.70,+33:38:54.0,0.6′,0.01,General,,,,0,0,Work in progress
ngc-NGC2830,NGC 2830,Galaxy,Lynx,14.11,09:19:41.41,+33:44:17.3,1.24′ × 0.24′,0.02066667,General,,,,0,0,Work in progress
ngc-NGC2831,NGC 2831,Galaxy,Lynx,13.38,09:19:45.49,+33:44:42.0,0.89′ × 0.66′,0.01483333,General,,,,0,0,Work in progress
ngc-NGC2832,NGC 2832,Galaxy,Lynx,11.79,09:19:46.86,+33:44:59.1,3.2′ × 2.07′,0.05333333,General,,,,0,0,Work in progress
ngc-NGC2833,NGC 2833,Galaxy,Lynx,15.27,09:19:57.86,+33:55:38.8,1.14′ × 0.54′,0.019,General,,,,0,0,Work in progress
ngc-NGC2834,NGC 2834,Galaxy,Lynx,15.38,09:20:02.52,+33:42:37.7,0.83′ × 0.66′,0.01383333,General,,,,0,0,Work in progress
ngc-NGC2835,NGC 2835,Galaxy,Hydra,10.64,09:17:52.91,-22:21:16.8,6.43′ × 3.72′,0.10716667,General,,,,0,0,Work in progress
ngc-NGC2836,NGC 2836,Galaxy,Carina,12.65,09:13:44.60,-69:20:05.1,1.66′ × 0.59′,0.02766667,General,,,,0,0,Work in progress
ngc-NGC2837,NGC 2837,Optical double,Hydra,,09:18:23.37,-16:28:54.2,,,HighMagnification,,,,0,0,Work in progress
ngc-NGC2838,NGC 2838,Galaxy,Lynx,14.45,09:20:43.04,+39:18:56.7,1.28′ × 1.08′,0.02133333,General,,,,0,0,Work in progress
ngc-NGC2839,NGC 2839,Galaxy,Lynx,14.75,09:20:36.33,+33:39:02.4,1.23′ × 1.17′,0.0205,General,,,,0,0,Work in progress
ngc-NGC2840,NGC 2840,Galaxy,Lynx,14.61,09:20:52.72,+35:22:05.8,1.05′ × 0.89′,0.0175,General,,,,0,0,Work in progress
ngc-NGC2841,NGC 2841,Galaxy,Ursa Major,10.18,09:22:02.63,+50:58:35.5,6.9′ × 3.31′,0.115,General,,,,0,0,Work in progress
ngc-NGC2842,NGC 2842,Galaxy,Carina,12.49,09:15:36.43,-63:04:10.7,2.25′ × 1.63′,0.0375,General,,,,0,0,Work in progress
ngc-NGC2843,NGC 2843,Galaxy,Cancer,16.54,09:20:28.78,+18:55:34.4,0.47′ × 0.26′,0.00783333,General,,,,0,0,Work in progress
ngc-NGC2844,NGC 2844,Galaxy,Lynx,12.89,09:21:48.01,+40:09:04.5,1.77′ × 0.82′,0.0295,General,,,,0,0,Work in progress
ngc-NGC2845,NGC 2845,Galaxy,Vela,11.97,09:18:36.71,-38:00:36.3,1.87′ × 1.3′,0.03116667,General,,,,0,0,Work in progress
ngc-NGC2846,NGC 2846,Optical double,Hydra,,09:19:40.47,-14:40:34.6,,,HighMagnification,,,,0,0,Work in progress
ngc-NGC2847,NGC 2847,H II region nebula,Hydra,,09:20:08.53,-16:31:05.9,,,General,,,,0,0,Work in progress
ngc-NGC2848,NGC 2848,Galaxy,Hydra,12.11,09:20:09.83,-16:31:33.8,2.69′ × 2.02′,0.04483333,General,,,,0,0,Work in progress
ngc-NGC2849,NGC 2849,Open cluster,Vela,12.5,09:19:22.87,-40:31:13.4,2.4′,0.04,WideField,,,,0,0,Work in progress
ngc-NGC2850,NGC 2850,Galaxy,Hydra,15,09:20:57.01,-04:56:24.3,0.9′ × 0.64′,0.015,General,,,,0,0,Work in progress
ngc-NGC2851,NGC 2851,Galaxy,Hydra,14.33,09:20:30.23,-16:29:43.0,1.43′ × 0.53′,0.02383333,General,,,,0,0,Work in progress
ngc-NGC2852,NGC 2852,Galaxy,Lynx,14.13,09:23:14.59,+40:09:49.7,0.94′ × 0.89′,0.01566667,General,,,,0,0,Work in progress
ngc-NGC2853,NGC 2853,Galaxy,Lynx,14.44,09:23:17.33,+40:12:00.2,1.67′ × 0.96′,0.02783333,General,,,,0,0,Work in progress
ngc-NGC2854,NGC 2854,Galaxy,Ursa Major,13.76,09:24:03.11,+49:12:14.9,1.28′ × 0.56′,0.02133333,General,,,,0,0,Work in progress
ngc-NGC2855,NGC 2855,Galaxy,Hydra,11.05,09:21:27.49,-11:54:34.2,3.45′ × 1.85′,0.0575,General,,,,0,0,Work in progress
ngc-NGC2856,NGC 2856,Galaxy,Ursa Major,13.26,09:24:16.01,+49:14:57.1,1.22′ × 0.58′,0.02033333,General,,,,0,0,Work in progress
ngc-NGC2857,NGC 2857,Galaxy,Ursa Major,12.32,09:24:37.72,+49:21:25.4,1.89′ × 1.51′,0.0315,General,,,,0,0,Work in progress
ngc-NGC2858,NGC 2858,Galaxy,Hydra,13.94,09:22:55.01,+03:09:25.0,1.76′ × 0.84′,0.02933333,General,,,,0,0,Work in progress
ngc-NGC2859,NGC 2859,Galaxy,Leo Minor,10.94,09:24:18.53,+34:30:48.6,3.19′ × 2.78′,0.05316667,General,,,,0,0,Work in progress
ngc-NGC2860,NGC 2860,Galaxy,Lynx,14.63,09:24:53.21,+41:03:36.7,1.31′ × 0.57′,0.02183333,General,,,,0,0,Work in progress
ngc-NGC2861,NGC 2861,Galaxy,Hydra,13.06,09:23:36.50,+02:08:11.3,1.28′ × 1.17′,0.02133333,General,,,,0,0,Work in progress
ngc-NGC2862,NGC 2862,Galaxy,Leo,13.68,09:24:55.11,+26:46:28.8,2.64′ × 0.5′,0.044,General,,,,0,0,Work in progress
ngc-NGC2863,NGC 2863,Galaxy,Hydra,13.4,09:23:36.56,-10:25:59.6,1.37′ × 1.18′,0.02283333,General,,,,0,0,Work in progress
ngc-NGC2864,NGC 2864,Galaxy,Hydra,14.94,09:24:15.39,+05:56:28.2,0.71′ × 0.47′,0.01183333,General,,,,0,0,Work in progress
ngc-NGC2865,NGC 2865,Galaxy,Hydra,11.48,09:23:30.21,-23:09:41.2,2.44′ × 2.03′,0.04066667,General,,,,0,0,Work in progress
ngc-NGC2866,NGC 2866,Open cluster,Vela,,09:22:05.04,-51:06:09.4,2.7′,0.045,WideField,,,,0,0,Work in progress
ngc-NGC2868,NGC 2868,Galaxy,Hydra,15.24,09:23:27.22,-10:25:46.2,1.14′ × 0.57′,0.019,General,,,,0,0,Work in progress
ngc-NGC2870,NGC 2870,Galaxy,Ursa Major,13.87,09:27:53.74,+57:22:31.8,2.44′ × 0.66′,0.04066667,General,,,,0,0,Work in progress
ngc-NGC2871,NGC 2871,Star,Leo,,09:25:39.54,+11:26:39.6,,,HighMagnification,,,,0,0,Work in progress
ngc-NGC2872,NGC 2872,Galaxy,Leo,11.86,09:25:42.54,+11:25:55.7,1.75′ × 1.55′,0.02916667,General,,,,0,0,Work in progress
ngc-NGC2873,NGC 2873,Galaxy,Leo,16.11,09:25:48.50,+11:27:15.2,0.73′ × 0.41′,0.01216667,General,,,,0,0,Work in progress
ngc-NGC2874,NGC 2874,Galaxy,Leo,12.48,09:25:47.33,+11:25:28.5,2.04′ × 0.68′,0.034,General,,,,0,0,Work in progress
ngc-NGC2875,NGC 2875,Unclassified object,Leo,,09:25:48.81,+11:25:53.9,,,General,,,,0,0,Work in progress
ngc-NGC2876,NGC 2876,Galaxy,Hydra,14.17,09:25:13.77,-06:42:59.7,1.73′ × 0.98′,0.02883333,General,,,,0,0,Work in progress
ngc-NGC2877,NGC 2877,Galaxy,Hydra,14.65,09:25:46.98,+02:13:44.8,0.67′ × 0.64′,0.01116667,General,,,,0,0,Work in progress
ngc-NGC2878,NGC 2878,Galaxy,Hydra,15.05,09:25:47.46,+02:05:22.6,1.04′ × 0.37′,0.01733333,General,,,,0,0,Work in progress
ngc-NGC2879,NGC 2879,Unclassified object,Hydra,,09:25:22.52,-11:39:05.4,,,General,,,,0,0,Work in progress
ngc-NGC2880,NGC 2880,Galaxy,Ursa Major,11.61,09:29:34.56,+62:29:26.0,2.33′ × 1.4′,0.03883333,General,,,,0,0,Work in progress
ngc-NGC2881,NGC 2881,Galaxy pair,Hydra,,09:25:54.20,-11:59:38.0,1.2′,0.02,General,,,,0,0,Work in progress
ngc-NGC2882,NGC 2882,Galaxy,Leo,13.5,09:26:36.14,+07:57:16.1,1.49′ × 0.75′,0.02483333,General,,,,0,0,Work in progress
ngc-NGC2883,NGC 2883,Galaxy,Pyxis,13.65,09:25:18.42,-34:06:11.7,2.02′ × 0.8′,0.03366667,General,,,,0,0,Work in progress
ngc-NGC2884,NGC 2884,Galaxy,Hydra,13.61,09:26:24.45,-11:33:20.1,2.16′ × 0.76′,0.036,General,,,,0,0,Work in progress
ngc-NGC2885,NGC 2885,Galaxy,Leo,16,09:27:18.51,+23:01:12.4,1.26′ × 0.82′,0.021,General,,,,0,0,Work in progress
ngc-NGC2886,NGC 2886,Unclassified object,Hydra,,09:26:38.70,-21:44:16.1,,,General,,,,0,0,Work in progress
ngc-NGC2887,NGC 2887,Galaxy,Carina,11.66,09:23:24.05,-63:48:45.2,2.55′ × 1.63′,0.0425,General,,,,0,0,Work in progress
ngc-NGC2888,NGC 2888,Galaxy,Pyxis,12.57,09:26:19.67,-28:02:06.3,1.96′ × 1.49′,0.03266667,General,,,,0,0,Work in progress
ngc-NGC2889,NGC 2889,Galaxy,Hydra,11.78,09:27:12.59,-11:38:36.3,1.95′ × 1.75′,0.0325,General,,,,0,0,Work in progress
ngc-NGC2890,NGC 2890,Galaxy,Hydra,15.23,09:26:29.84,-14:31:43.3,0.87′ × 0.25′,0.0145,General,,,,0,0,Work in progress
ngc-NGC2891,NGC 2891,Galaxy,Pyxis,12.6,09:26:56.63,-24:46:58.9,1.6′ × 1.52′,0.02666667,General,,,,0,0,Work in progress
ngc-NGC2892,NGC 2892,Galaxy,Ursa Major,14.36,09:32:52.93,+67:37:02.6,1.4′ × 1.4′,0.02333333,General,,,,0,0,Work in progress
ngc-NGC2893,NGC 2893,Galaxy,Leo,13.19,09:30:16.96,+29:32:23.9,1.02′ × 0.82′,0.017,General,,,,0,0,Work in progress
ngc-NGC2894,NGC 2894,Galaxy,Leo,13.3,09:29:30.24,+07:43:07.8,1.9′ × 0.96′,0.03166667,General,,,,0,0,Work in progress
ngc-NGC2895,NGC 2895,Galaxy,Ursa Major,14.62,09:32:25.05,+57:28:58.4,0.91′ × 0.8′,0.01516667,General,,,,0,0,Work in progress
ngc-NGC2896,NGC 2896,Galaxy,Leo,14.75,09:30:16.97,+23:39:47.0,1.2′ × 1.2′,0.02,General,,,,0,0,Work in progress
ngc-NGC2897,NGC 2897,Galaxy,Hydra,15.6,09:29:45.72,+02:12:24.5,0.84′ × 0.62′,0.014,General,,,,0,0,Work in progress
ngc-NGC2898,NGC 2898,Galaxy,Hydra,14.83,09:29:46.34,+02:03:51.7,1.04′ × 0.67′,0.01733333,General,,,,0,0,Work in progress
ngc-NGC2899,NGC 2899,Planetary nebula,Vela,11.8,09:27:02.96,-56:06:21.7,1.5′,0.025,HighMagnification,,,,0,0,Work in progress
ngc-NGC2900,NGC 2900,Galaxy,Hydra,14.55,09:30:15.19,+04:08:39.2,0.99′ × 0.78′,0.0165,General,,,,0,0,Work in progress
ngc-NGC2901,NGC 2901,Unclassified object,Leo,,09:32:34.25,+31:06:42.1,,,General,,,,0,0,Work in progress
ngc-NGC2902,NGC 2902,Galaxy,Hydra,13.23,09:30:52.89,-14:44:08.8,1.72′ × 1.41′,0.02866667,General,,,,0,0,Work in progress
ngc-NGC2903,NGC 2903,Galaxy,Leo,8.91,09:32:10.11,+21:30:03.0,11.94′ × 5.28′,0.199,General,,,,0,0,Work in progress
ngc-NGC2904,NGC 2904,Galaxy,Antlia,12.46,09:30:17.00,-30:23:06.1,1.47′ × 1.09′,0.0245,General,,,,0,0,Work in progress
ngc-NGC2906,NGC 2906,Galaxy,Leo,13.17,09:32:06.22,+08:26:30.4,1.36′ × 0.81′,0.02266667,General,,,,0,0,Work in progress
ngc-NGC2907,NGC 2907,Galaxy,Hydra,11.63,09:31:36.72,-16:44:04.8,2.82′ × 2.06′,0.047,General,,,,0,0,Work in progress
ngc-NGC2908,NGC 2908,Galaxy,Draco,14.17,09:43:31.45,+79:42:04.5,0.74′ × 0.52′,0.01233333,General,,,,0,0,Work in progress
ngc-NGC2909,NGC 2909,Optical double,Ursa Major,,09:36:59.90,+65:56:26.0,,,HighMagnification,,,,0,0,Work in progress
ngc-NGC2910,NGC 2910,Open cluster,Vela,7.2,09:30:29.02,-52:54:50.4,4.8′,0.08,WideField,,,,0,0,Work in progress
ngc-NGC2911,NGC 2911,Galaxy,Leo,13.18,09:33:46.11,+10:09:08.8,3.46′ × 2.13′,0.05766667,General,,,,0,0,Work in progress
ngc-NGC2912,NGC 2912,Star,Leo,,09:33:56.88,+10:11:32.0,,,HighMagnification,,,,0,0,Work in progress
ngc-NGC2913,NGC 2913,Galaxy,Leo,14.14,09:34:02.72,+09:28:45.1,1.12′ × 0.69′,0.01866667,General,,,,0,0,Work in progress
ngc-NGC2914,NGC 2914,Galaxy,Leo,13.12,09:34:02.78,+10:06:30.9,0.95′ × 0.58′,0.01583333,General,,,,0,0,Work in progress
ngc-NGC2915,NGC 2915,Galaxy,Chamaeleon,12.61,09:26:11.53,-76:37:34.8,1.82′ × 0.98′,0.03033333,General,,,,0,0,Work in progress
ngc-NGC2916,NGC 2916,Galaxy,Leo,12.08,09:34:57.60,+21:42:19.0,2.4′ × 1.59′,0.04,General,,,,0,0,Work in progress
ngc-NGC2917,NGC 2917,Galaxy,Hydra,14.36,09:34:26.90,-02:30:15.0,1.34′ × 0.37′,0.02233333,General,,,,0,0,Work in progress
ngc-NGC2918,NGC 2918,Galaxy,Leo,13.52,09:35:44.04,+31:42:19.7,1.56′ × 1.06′,0.026,General,,,,0,0,Work in progress
ngc-NGC2919,NGC 2919,Galaxy,Leo,13.6,09:34:47.52,+10:17:01.4,1.52′ × 0.53′,0.02533333,General,,,,0,0,Work in progress
ngc-NGC2920,NGC 2920,Galaxy,Hydra,13.94,09:34:12.25,-20:51:32.6,0.86′ × 0.61′,0.01433333,General,,,,0,0,Work in progress
ngc-NGC2921,NGC 2921,Galaxy,Hydra,12.96,09:34:31.60,-20:55:13.3,2.86′ × 0.92′,0.04766667,General,,,,0,0,Work in progress
ngc-NGC2922,NGC 2922,Galaxy,Leo Minor,13.64,09:36:52.47,+37:41:41.6,1.07′ × 0.45′,0.01783333,General,,,,0,0,Work in progress
ngc-NGC2923,NGC 2923,Galaxy,Leo,15.64,09:36:03.83,+16:45:37.4,0.53′ × 0.31′,0.00883333,General,,,,0,0,Work in progress
ngc-NGC2924,NGC 2924,Galaxy,Hydra,13.36,09:35:10.81,-16:23:54.2,2.04′ × 1.62′,0.034,General,,,,0,0,Work in progress
ngc-NGC2925,NGC 2925,Open cluster,Vela,8.3,09:33:10.92,-53:23:45.5,7.5′,0.125,WideField,,,,0,0,Work in progress
ngc-NGC2926,NGC 2926,Galaxy,Leo,14.44,09:37:31.01,+32:50:29.1,0.83′ × 0.74′,0.01383333,General,,,,0,0,Work in progress
ngc-NGC2927,NGC 2927,Galaxy,Leo,13.96,09:37:15.20,+23:35:26.2,1.31′ × 0.78′,0.02183333,General,,,,0,0,Work in progress
ngc-NGC2928,NGC 2928,Galaxy,Leo,14.88,09:37:10.08,+16:58:37.9,1.21′ × 0.7′,0.02016667,General,,,,0,0,Work in progress
ngc-NGC2929,NGC 2929,Galaxy,Leo,14.48,09:37:29.81,+23:09:42.0,1.1′ × 0.38′,0.01833333,General,,,,0,0,Work in progress
ngc-NGC2930,NGC 2930,Galaxy,Leo,14.92,09:37:32.60,+23:12:09.0,0.5′ × 0.22′,0.00833333,General,,,,0,0,Work in progress
ngc-NGC2931,NGC 2931,Galaxy,Leo,14.84,09:37:37.65,+23:14:26.7,0.75′ × 0.54′,0.0125,General,,,,0,0,Work in progress
ngc-NGC2932,NGC 2932,Asterism,Vela,,09:35:51.62,-46:55:28.2,4.8′,0.08,WideField,,,,0,0,Work in progress
ngc-NGC2933,NGC 2933,Galaxy,Leo,15.02,09:37:55.00,+17:00:53.0,0.97′ × 0.31′,0.01616667,General,,,,0,0,Work in progress
ngc-NGC2934,NGC 2934,Galaxy,Leo,17.08,09:37:55.16,+17:03:16.2,0.44′ × 0.31′,0.00733333,General,,,,0,0,Work in progress
ngc-NGC2935,NGC 2935,Galaxy,Hydra,11.19,09:36:44.85,-21:07:41.3,4.21′ × 3.16′,0.07016667,General,,,,0,0,Work in progress
ngc-NGC2936,NGC 2936,Galaxy,Hydra,13.08,09:37:44.15,+02:45:38.9,0.94′ × 0.52′,0.01566667,General,,,,0,0,Work in progress
ngc-NGC2937,NGC 2937,Galaxy,Hydra,13.66,09:37:45.03,+02:44:50.5,0.75′ × 0.54′,0.0125,General,,,,0,0,Work in progress
ngc-NGC2938,NGC 2938,Galaxy,Draco,14.33,09:38:23.79,+76:19:10.4,1.24′ × 0.85′,0.02066667,General,,,,0,0,Work in progress
ngc-NGC2939,NGC 2939,Galaxy,Leo,13.56,09:38:08.07,+09:31:17.5,2.12′ × 0.74′,0.03533333,General,,,,0,0,Work in progress
ngc-NGC2940,NGC 2940,Galaxy,Leo,14.77,09:38:05.19,+09:37:00.2,0.97′ × 0.77′,0.01616667,General,,,,0,0,Work in progress
ngc-NGC2941,NGC 2941,Galaxy,Leo,15.08,09:38:24.21,+17:02:40.0,0.7′ × 0.57′,0.01166667,General,,,,0,0,Work in progress
ngc-NGC2942,NGC 2942,Galaxy,Leo Minor,12.89,09:39:07.96,+34:00:22.8,1.67′ × 1.32′,0.02783333,General,,,,0,0,Work in progress
ngc-NGC2943,NGC 2943,Galaxy,Leo,13.75,09:38:32.87,+17:01:52.7,2.16′ × 1.08′,0.036,General,,,,0,0,Work in progress
ngc-NGC2944,NGC 2944,Galaxy pair,Leo,,09:39:18.20,+32:18:30.0,1′,0.01666667,General,,,,0,0,Work in progress
ngc-NGC2945,NGC 2945,Galaxy,Hydra,13.34,09:37:41.13,-22:02:06.2,1.66′ × 1.31′,0.02766667,General,,,,0,0,Work in progress
ngc-NGC2946,NGC 2946,Galaxy,Leo,14.79,09:39:01.58,+17:01:31.2,1.1′ × 0.34′,0.01833333,General,,,,0,0,Work in progress
ngc-NGC2947,NGC 2947,Galaxy,Hydra,12.76,09:36:05.79,-12:26:12.2,1.63′ × 1.2′,0.02716667,General,,,,0,0,Work in progress
ngc-NGC2948,NGC 2948,Galaxy,Leo,13.75,09:38:59.19,+06:57:19.6,1.43′ × 0.78′,0.02383333,General,,,,0,0,Work in progress
ngc-NGC2949,NGC 2949,Galaxy pair,Leo,15.5,09:39:56.25,+16:47:14.8,0.42′ × 0.31′,0.007,General,,,,0,0,Work in progress
ngc-NGC2950,NGC 2950,Galaxy,Ursa Major,11.03,09:42:35.15,+58:51:04.6,2.62′ × 1.65′,0.04366667,General,,,,0,0,Work in progress
ngc-NGC2951,NGC 2951,Galaxy pair,Hydra,15.1,09:39:40.40,-00:14:07.0,1.34′ × 0.51′,0.02233333,General,,,,0,0,Work in progress
ngc-NGC2952,NGC 2952,Galaxy,Hydra,15.11,09:37:36.99,-10:11:00.2,0.8′ × 0.55′,0.01333333,General,,,,0,0,Work in progress
ngc-NGC2953,NGC 2953,Unclassified object,Leo,,09:40:19.04,+14:49:57.7,,,General,,,,0,0,Work in progress
ngc-NGC2954,NGC 2954,Galaxy,Leo,12.39,09:40:24.07,+14:55:21.5,1.43′ × 0.99′,0.02383333,General,,,,0,0,Work in progress
ngc-NGC2955,NGC 2955,Galaxy,Leo Minor,12.89,09:41:16.62,+35:52:56.2,1.59′ × 0.87′,0.0265,General,,,,0,0,Work in progress
ngc-NGC2956,NGC 2956,Galaxy,Hydra,15.3,09:39:17.05,-19:06:03.9,0.86′ × 0.38′,0.01433333,General,,,,0,0,Work in progress
ngc-NGC2957,NGC 2957,Galaxy pair,Draco,,09:47:16.90,+72:59:06.0,1′,0.01666667,General,,,,0,0,Work in progress
ngc-NGC2958,NGC 2958,Galaxy,Leo,13.96,09:40:41.62,+11:53:18.3,0.98′ × 0.72′,0.01633333,General,,,,0,0,Work in progress
ngc-NGC2959,NGC 2959,Galaxy,Ursa Major,12.69,09:45:08.97,+68:35:40.5,1.38′ × 1.17′,0.023,General,,,,0,0,Work in progress
ngc-NGC2960,NGC 2960,Galaxy,Hydra,15,09:40:36.38,+03:34:37.2,1.11′ × 0.86′,0.0185,General,,,,0,0,Work in progress
ngc-NGC2961,NGC 2961,Galaxy,Ursa Major,14.7,09:45:22.47,+68:36:29.8,0.86′ × 0.32′,0.01433333,General,,,,0,0,Work in progress
ngc-NGC2962,NGC 2962,Galaxy,Hydra,11.88,09:40:53.93,+05:09:56.9,2.31′ × 1.16′,0.0385,General,,,,0,0,Work in progress
ngc-NGC2963,NGC 2963,Galaxy,Draco,14.24,09:47:50.42,+72:57:51.8,1.18′ × 0.64′,0.01966667,General,,,,0,0,Work in progress
ngc-NGC2964,NGC 2964,Galaxy,Leo,11.37,09:42:54.23,+31:50:50.6,2.92′ × 2.18′,0.04866667,General,,,,0,0,Work in progress
ngc-NGC2965,NGC 2965,Galaxy,Leo Minor,14.7,09:43:19.15,+36:14:52.1,1.3′ × 0.92′,0.02166667,General,,,,0,0,Work in progress
ngc-NGC2966,NGC 2966,Galaxy,Sextans,14.23,09:42:11.48,+04:40:23.3,2.12′ × 0.68′,0.03533333,General,,,,0,0,Work in progress
ngc-NGC2967,NGC 2967,Galaxy,Sextans,11.61,09:42:03.29,+00:20:11.2,2.14′ × 2.01′,0.03566667,General,,,,0,0,Work in progress
ngc-NGC2968,NGC 2968,Galaxy,Leo,11.73,09:43:12.01,+31:55:43.3,2.48′ × 1.63′,0.04133333,General,,,,0,0,Work in progress
ngc-NGC2969,NGC 2969,Galaxy,Sextans,13.73,09:41:54.50,-08:36:10.8,1.32′ × 0.6′,0.022,General,,,,0,0,Work in progress
ngc-NGC2970,NGC 2970,Galaxy,Leo,13.64,09:43:31.07,+31:58:37.1,0.85′ × 0.75′,0.01416667,General,,,,0,0,Work in progress
ngc-NGC2971,NGC 2971,Galaxy,Leo Minor,14.83,09:43:46.12,+36:10:45.7,1.13′ × 0.78′,0.01883333,General,,,,0,0,Work in progress
ngc-NGC2972,NGC 2972,Open cluster,Vela,9.9,09:40:11.52,-50:19:15.4,3.6′,0.06,WideField,,,,0,0,Work in progress
ngc-NGC2973,NGC 2973,Unclassified object,Antlia,,09:41:34.75,-30:02:54.2,,,General,,,,0,0,Work in progress
ngc-NGC2975,NGC 2975,Galaxy,Hydra,15.79,09:41:16.07,-16:40:27.8,0.84′ × 0.63′,0.014,General,,,,0,0,Work in progress
ngc-NGC2976,NGC 2976,Galaxy,Ursa Major,10.16,09:47:15.46,+67:54:59.0,5.77′ × 3.01′,0.09616667,General,,,,0,0,Work in progress
ngc-NGC2977,NGC 2977,Galaxy,Draco,13.27,09:43:46.29,+74:51:36.8,2.08′ × 1.05′,0.03466667,General,,,,0,0,Work in progress
ngc-NGC2978,NGC 2978,Galaxy,Sextans,13.97,09:43:16.80,-09:44:45.2,1.07′ × 0.87′,0.01783333,General,,,,0,0,Work in progress
ngc-NGC2979,NGC 2979,Galaxy,Sextans,14,09:43:08.65,-10:22:59.7,2.06′ × 1.25′,0.03433333,General,,,,0,0,Work in progress
ngc-NGC2980,NGC 2980,Galaxy,Sextans,12.99,09:43:11.97,-09:36:44.6,1.79′ × 0.86′,0.02983333,General,,,,0,0,Work in progress
ngc-NGC2981,NGC 2981,Galaxy,Leo,14.82,09:44:56.57,+31:05:52.2,1.06′ × 0.7′,0.01766667,General,,,,0,0,Work in progress
ngc-NGC2982,NGC 2982,Open cluster,Vela,,09:42:00.08,-44:01:37.7,4.2′,0.07,WideField,,,,0,0,Work in progress
ngc-NGC2983,NGC 2983,Galaxy,Hydra,11.87,09:43:41.10,-20:28:37.9,2.37′ × 1.16′,0.0395,General,,,,0,0,Work in progress
ngc-NGC2984,NGC 2984,Galaxy,Leo,14.3,09:43:40.38,+11:03:39.1,0.85′ × 0.83′,0.01416667,General,,,,0,0,Work in progress
ngc-NGC2985,NGC 2985,Galaxy,Ursa Major,10.51,09:50:22.23,+72:16:43.1,3.61′ × 2.92′,0.06016667,General,,,,0,0,Work in progress
ngc-NGC2986,NGC 2986,Galaxy,Hydra,10.64,09:44:16.04,-21:16:40.8,4.81′ × 3.85′,0.08016667,General,,,,0,0,Work in progress
ngc-NGC2987,NGC 2987,Galaxy,Sextans,13.93,09:45:41.47,+04:56:30.6,1.31′ × 0.6′,0.02183333,General,,,,0,0,Work in progress
ngc-NGC2988,NGC 2988,Galaxy,Leo,15.28,09:46:47.97,+22:00:43.7,0.91′ × 0.33′,0.01516667,General,,,,0,0,Work in progress
ngc-NGC2989,NGC 2989,Galaxy,Hydra,13.37,09:45:25.22,-18:22:26.1,1.69′ × 1.16′,0.02816667,General,,,,0,0,Work in progress
ngc-NGC2990,NGC 2990,Galaxy,Sextans,12.76,09:46:17.16,+05:42:31.7,0.93′ × 0.44′,0.0155,General,,,,0,0,Work in progress
ngc-NGC2991,NGC 2991,Galaxy,Leo,12.64,09:46:50.12,+22:00:50.2,0.99′ × 0.8′,0.0165,General,,,,0,0,Work in progress
ngc-NGC2992,NGC 2992,Galaxy,Hydra,13.1,09:45:42.05,-14:19:35.0,2.92′ × 0.69′,0.04866667,General,,,,0,0,Work in progress
ngc-NGC2993,NGC 2993,Galaxy,Hydra,12.64,09:45:48.33,-14:22:05.9,1.36′ × 1.13′,0.02266667,General,,,,0,0,Work in progress
ngc-NGC2994,NGC 2994,Galaxy,Leo,13.08,09:47:16.11,+22:05:22.2,0.95′ × 0.52′,0.01583333,General,,,,0,0,Work in progress
ngc-NGC2995,NGC 2995,Asterism,Vela,,09:43:59.09,-54:35:49.0,,,WideField,,,,0,0,Work in progress
ngc-NGC2996,NGC 2996,Galaxy,Hydra,13.66,09:46:30.18,-21:34:17.8,1.36′ × 1.36′,0.02266667,General,,,,0,0,Work in progress
ngc-NGC2997,NGC 2997,Galaxy,Antlia,9.41,09:45:38.79,-31:11:27.9,10.26′ × 6.21′,0.171,General,,,,0,0,Work in progress
ngc-NGC2998,NGC 2998,Galaxy,Ursa Major,12.54,09:48:43.63,+44:04:53.2,2.44′ × 1.23′,0.04066667,General,,,,0,0,Work in progress
ngc-NGC3000,NGC 3000,Optical double,Ursa Major,,09:48:51.28,+44:07:49.0,,,HighMagnification,,,,0,0,Work in progress
ngc-NGC3001,NGC 3001,Galaxy,Antlia,11.57,09:46:18.66,-30:26:14.9,3.02′ × 2.26′,0.05033333,General,,,,0,0,Work in progress
ngc-NGC3002,NGC 3002,Star,Ursa Major,,09:48:57.42,+44:03:26.0,,,HighMagnification,,,,0,0,Work in progress
ngc-NGC3003,NGC 3003,Galaxy,Leo Minor,11.78,09:48:36.05,+33:25:17.4,4.74′ × 1.06′,0.079,General,,,,0,0,Work in progress
ngc-NGC3004,NGC 3004,Star,Ursa Major,,09:49:02.45,+44:06:39.7,,,HighMagnification,,,,0,0,Work in progress
ngc-NGC3005,NGC 3005,Galaxy,Ursa Major,14.94,09:49:14.87,+44:07:52.7,1.14′ × 0.3′,0.019,General,,,,0,0,Work in progress
ngc-NGC3006,NGC 3006,Galaxy,Ursa Major,15.57,09:49:17.34,+44:01:32.9,0.82′ × 0.29′,0.01366667,General,,,,0,0,Work in progress
ngc-NGC3007,NGC 3007,Galaxy,Sextans,14.41,09:47:45.62,-06:26:17.4,1.61′ × 0.78′,0.02683333,General,,,,0,0,Work in progress
ngc-NGC3008,NGC 3008,Galaxy,Ursa Major,15.23,09:49:34.26,+44:06:09.7,0.75′ × 0.47′,0.0125,General,,,,0,0,Work in progress
ngc-NGC3009,NGC 3009,Galaxy,Ursa Major,14.31,09:50:11.13,+44:17:42.2,0.77′ × 0.74′,0.01283333,General,,,,0,0,Work in progress
ngc-NGC3010,NGC 3010,Galaxy,Ursa Major,16.23,09:50:33.15,+44:18:51.8,0.98′ × 0.58′,0.01633333,General,,,,0,0,Work in progress
ngc-NGC3011,NGC 3011,Galaxy,Leo,14.35,09:49:41.20,+32:13:16.0,0.82′ × 0.69′,0.01366667,General,,,,0,0,Work in progress
ngc-NGC3012,NGC 3012,Galaxy,Leo Minor,14.7,09:49:52.11,+34:42:50.8,1.24′ × 1.18′,0.02066667,General,,,,0,0,Work in progress
ngc-NGC3013,NGC 3013,Galaxy,Leo Minor,15.57,09:50:09.36,+33:34:09.6,0.81′ × 0.56′,0.0135,General,,,,0,0,Work in progress
ngc-NGC3014,NGC 3014,Galaxy,Sextans,14.76,09:49:07.65,-04:44:34.6,0.93′ × 0.49′,0.0155,General,,,,0,0,Work in progress
ngc-NGC3015,NGC 3015,Galaxy,Sextans,14.27,09:49:22.92,+01:08:43.5,0.53′ × 0.4′,0.00883333,General,,,,0,0,Work in progress
ngc-NGC3016,NGC 3016,Galaxy,Leo,13.7,09:49:50.66,+12:41:42.8,1.12′ × 0.95′,0.01866667,General,,,,0,0,Work in progress
ngc-NGC3017,NGC 3017,Galaxy,Sextans,14.41,09:49:03.04,-02:49:18.5,1.02′ × 0.88′,0.017,General,,,,0,0,Work in progress
ngc-NGC3018,NGC 3018,Galaxy,Sextans,13.88,09:49:41.45,+00:37:16.5,1.17′ × 0.54′,0.0195,General,,,,0,0,Work in progress
ngc-NGC3019,NGC 3019,Galaxy,Leo,15.11,09:50:07.21,+12:44:46.1,0.76′ × 0.49′,0.01266667,General,,,,0,0,Work in progress
ngc-NGC3020,NGC 3020,Galaxy,Leo,13.28,09:50:06.60,+12:48:49.1,2.34′ × 1.28′,0.039,General,,,,0,0,Work in progress
ngc-NGC3021,NGC 3021,Galaxy,Leo Minor,12.42,09:50:57.15,+33:33:13.1,1.36′ × 0.81′,0.02266667,General,,,,0,0,Work in progress
ngc-NGC3022,NGC 3022,Galaxy,Sextans,14.46,09:49:39.25,-05:09:59.7,1.7′ × 1.56′,0.02833333,General,,,,0,0,Work in progress
ngc-NGC3023,NGC 3023,Galaxy,Sextans,12.7,09:49:52.59,+00:37:05.4,1.82′ × 0.94′,0.03033333,General,,,,0,0,Work in progress
ngc-NGC3024,NGC 3024,Galaxy,Leo,13.8,09:50:27.39,+12:45:55.8,1.71′ × 0.5′,0.0285,General,,,,0,0,Work in progress
ngc-NGC3025,NGC 3025,Galaxy,Hydra,13.95,09:49:29.06,-21:44:32.1,1.59′ × 1.05′,0.0265,General,,,,0,0,Work in progress
ngc-NGC3026,NGC 3026,Galaxy,Leo,13.78,09:50:55.37,+28:33:04.0,2.22′ × 0.6′,0.037,General,,,,0,0,Work in progress
ngc-NGC3027,NGC 3027,Galaxy,Ursa Major,11.76,09:55:40.60,+72:12:12.8,3.35′ × 1.27′,0.05583333,General,,,,0,0,Work in progress
ngc-NGC3028,NGC 3028,Galaxy,Hydra,13.56,09:49:54.24,-19:11:03.0,1.08′ × 0.84′,0.018,General,,,,0,0,Work in progress
ngc-NGC3029,NGC 3029,Galaxy,Sextans,14.01,09:48:54.02,-08:03:03.4,1.35′ × 0.87′,0.0225,General,,,,0,0,Work in progress
ngc-NGC3030,NGC 3030,Galaxy,Hydra,14.41,09:50:10.52,-12:13:35.1,1.24′ × 0.92′,0.02066667,General,,,,0,0,Work in progress
ngc-NGC3032,NGC 3032,Galaxy,Leo,13.09,09:52:08.15,+29:14:10.4,1.43′ × 1.31′,0.02383333,General,,,,0,0,Work in progress
ngc-NGC3033,NGC 3033,Open cluster,Vela,8.8,09:48:35.04,-56:25:48.2,4.8′,0.08,WideField,,,,0,0,Work in progress
ngc-NGC3035,NGC 3035,Galaxy,Sextans,13.5,09:51:55.03,-06:49:22.5,1.47′ × 1.19′,0.0245,General,,,,0,0,Work in progress
ngc-NGC3036,NGC 3036,Open cluster,Carina,,09:49:15.89,-62:40:32.1,4.8′,0.08,WideField,,,,0,0,Work in progress
ngc-NGC3037,NGC 3037,Galaxy,Hydra,13.72,09:51:24.02,-27:00:40.0,1.29′ × 1.13′,0.0215,General,,,,0,0,Work in progress
ngc-NGC3038,NGC 3038,Galaxy,Antlia,11.69,09:51:15.45,-32:45:09.2,2.8′ × 1.69′,0.04666667,General,,,,0,0,Work in progress
ngc-NGC3039,NGC 3039,Galaxy,Sextans,14.25,09:52:29.67,+02:09:16.0,1.32′ × 0.69′,0.022,General,,,,0,0,Work in progress
ngc-NGC3040,NGC 3040,Galaxy pair,Leo,,09:53:04.30,+19:26:14.0,1.8′,0.03,General,,,,0,0,Work in progress
ngc-NGC3041,NGC 3041,Galaxy,Leo,11.55,09:53:07.14,+16:40:39.6,3.22′ × 2.07′,0.05366667,General,,,,0,0,Work in progress
ngc-NGC3042,NGC 3042,Galaxy,Sextans,13.97,09:53:20.22,+00:41:51.7,1.02′ × 0.74′,0.017,General,,,,0,0,Work in progress
ngc-NGC3043,NGC 3043,Galaxy,Ursa Major,13.38,09:56:14.85,+59:18:25.6,1.66′ × 0.61′,0.02766667,General,,,,0,0,Work in progress
ngc-NGC3044,NGC 3044,Galaxy,Sextans,11.94,09:53:40.88,+01:34:46.7,4.2′ × 0.7′,0.07,General,,,,0,0,Work in progress
ngc-NGC3045,NGC 3045,Galaxy,Hydra,13.77,09:53:17.66,-18:38:42.4,1.43′ × 0.64′,0.02383333,General,,,,0,0,Work in progress
ngc-NGC3051,NGC 3051,Galaxy,Antlia,15,09:53:58.64,-27:17:10.8,2.2′ × 1.39′,0.03666667,General,,,,0,0,Work in progress
ngc-NGC3047,NGC 3047,Galaxy pair,Sextans,,09:54:30.70,-01:17:23.0,1.2′,0.02,General,,,,0,0,Work in progress
ngc-NGC3048,NGC 3048,Galaxy pair,Leo,,09:54:57.20,+16:27:28.0,1′,0.01666667,General,,,,0,0,Work in progress
ngc-NGC3049,NGC 3049,Galaxy,Leo,13.53,09:54:49.56,+09:16:15.9,2.11′ × 1.22′,0.03516667,General,,,,0,0,Work in progress
ngc-NGC3052,NGC 3052,Galaxy,Hydra,12.36,09:54:27.93,-18:38:20.0,2.15′ × 1.42′,0.03583333,General,,,,0,0,Work in progress
ngc-NGC3053,NGC 3053,Galaxy,Leo,13.64,09:55:33.61,+16:25:58.3,1.59′ × 0.7′,0.0265,General,,,,0,0,Work in progress
ngc-NGC3054,NGC 3054,Galaxy,Hydra,11.48,09:54:28.60,-25:42:12.4,3.56′ × 2.18′,0.05933333,General,,,,0,0,Work in progress
ngc-NGC3055,NGC 3055,Galaxy,Sextans,12.06,09:55:18.06,+04:16:12.1,1.96′ × 1.11′,0.03266667,General,,,,0,0,Work in progress
ngc-NGC3056,NGC 3056,Galaxy,Antlia,11.7,09:54:32.88,-28:17:53.5,2.26′ × 1.39′,0.03766667,General,,,,0,0,Work in progress
ngc-NGC3057,NGC 3057,Galaxy,Draco,13.09,10:05:39.36,+80:17:08.5,1.45′ × 0.92′,0.02416667,General,,,,0,0,Work in progress
ngc-NGC3058,NGC 3058,Galaxy pair,Hydra,,09:53:35.75,-12:28:53.6,1.4′,0.02333333,General,,,,0,0,Work in progress
ngc-NGC3059,NGC 3059,Galaxy,Carina,11.3,09:50:08.16,-73:55:19.9,3.8′ × 3.56′,0.06333333,General,,,,0,0,Work in progress
ngc-NGC3060,NGC 3060,Galaxy,Leo,13.75,09:56:19.20,+16:49:52.4,2.02′ × 0.42′,0.03366667,General,,,,0,0,Work in progress
ngc-NGC3061,NGC 3061,Galaxy,Draco,13.48,09:56:12.01,+75:51:59.4,1.58′ × 1.23′,0.02633333,General,,,,0,0,Work in progress
ngc-NGC3062,NGC 3062,Galaxy,Sextans,15.17,09:56:35.79,+01:25:42.8,0.83′ × 0.4′,0.01383333,General,,,,0,0,Work in progress
ngc-NGC3063,NGC 3063,Optical double,Ursa Major,,10:01:41.77,+72:07:04.2,,,HighMagnification,,,,0,0,Work in progress
ngc-NGC3064,NGC 3064,Galaxy,Sextans,14.98,09:55:41.45,-06:21:50.1,1.15′ × 0.33′,0.01916667,General,,,,0,0,Work in progress
ngc-NGC3065,NGC 3065,Galaxy,Ursa Major,13.12,10:01:55.22,+72:10:13.2,1.87′ × 1.78′,0.03116667,General,,,,0,0,Work in progress
ngc-NGC3066,NGC 3066,Galaxy,Ursa Major,12.89,10:02:11.07,+72:07:31.4,1.12′ × 1.06′,0.01866667,General,,,,0,0,Work in progress
ngc-NGC3067,NGC 3067,Galaxy,Leo,12.13,09:58:21.08,+32:22:11.6,2.06′ × 0.66′,0.03433333,General,,,,0,0,Work in progress
ngc-NGC3068,NGC 3068,Galaxy,Leo,14.05,09:58:40.10,+28:52:39.2,0.87′ × 0.7′,0.0145,General,,,,0,0,Work in progress
ngc-NGC3069,NGC 3069,Galaxy,Leo,15.02,09:57:56.70,+10:25:56.8,0.86′ × 0.37′,0.01433333,General,,,,0,0,Work in progress
ngc-NGC3070,NGC 3070,Galaxy,Leo,12.29,09:58:06.95,+10:21:35.2,1.55′ × 1.28′,0.02583333,General,,,,0,0,Work in progress
ngc-NGC3071,NGC 3071,Galaxy,Leo,15.35,09:58:52.99,+31:37:13.1,0.66′ × 0.46′,0.011,General,,,,0,0,Work in progress
ngc-NGC3072,NGC 3072,Galaxy,Hydra,13.83,09:57:23.89,-19:21:17.9,1.82′ × 0.62′,0.03033333,General,,,,0,0,Work in progress
ngc-NGC3073,NGC 3073,Galaxy,Ursa Major,13.43,10:00:52.08,+55:37:07.8,1.2′ × 1.07′,0.02,General,,,,0,0,Work in progress
ngc-NGC3074,NGC 3074,Galaxy,Leo Minor,12.83,09:59:41.21,+35:23:34.1,1.96′ × 1.69′,0.03266667,General,,,,0,0,Work in progress
ngc-NGC3075,NGC 3075,Galaxy,Leo,14.42,09:58:56.20,+14:25:13.7,1.5′ × 0.64′,0.025,General,,,,0,0,Work in progress
ngc-NGC3076,NGC 3076,Galaxy,Hydra,14.11,09:57:37.62,-18:10:43.3,0.87′ × 0.84′,0.0145,General,,,,0,0,Work in progress
ngc-NGC3077,NGC 3077,Galaxy,Ursa Major,9.88,10:03:19.07,+68:44:02.1,5.21′ × 4.32′,0.08683333,General,,,,0,0,Work in progress
ngc-NGC3078,NGC 3078,Galaxy,Hydra,11.16,09:58:24.61,-26:55:36.0,3.04′ × 2.48′,0.05066667,General,,,,0,0,Work in progress
ngc-NGC3079,NGC 3079,Galaxy,Ursa Major,10.71,10:01:57.80,+55:40:47.2,8.18′ × 1.29′,0.13633333,General,,,,0,0,Work in progress
ngc-NGC3080,NGC 3080,Galaxy,Leo,15.01,09:59:55.84,+13:02:37.8,0.8′ × 0.77′,0.01333333,General,,,,0,0,Work in progress
ngc-NGC3081,NGC 3081,Galaxy,Hydra,12.9,09:59:29.54,-22:49:34.6,2.67′ × 1.59′,0.0445,General,,,,0,0,Work in progress
ngc-NGC3082,NGC 3082,Galaxy,Antlia,13.59,09:58:53.07,-30:21:27.7,2.14′ × 0.77′,0.03566667,General,,,,0,0,Work in progress
ngc-NGC3083,NGC 3083,Galaxy,Sextans,14.34,09:59:49.67,-02:52:38.9,0.99′ × 0.34′,0.0165,General,,,,0,0,Work in progress
ngc-NGC3084,NGC 3084,Galaxy,Antlia,13.2,09:59:06.42,-27:07:43.7,1.66′ × 1.23′,0.02766667,General,,,,0,0,Work in progress
ngc-NGC3085,NGC 3085,Galaxy,Hydra,12.92,09:59:29.18,-19:29:32.2,1.24′ × 0.41′,0.02066667,General,,,,0,0,Work in progress
ngc-NGC3086,NGC 3086,Galaxy,Sextans,14.66,10:00:10.99,-02:58:34.2,1.16′ × 0.4′,0.01933333,General,,,,0,0,Work in progress
ngc-NGC3087,NGC 3087,Galaxy,Antlia,11.43,09:59:08.66,-34:13:30.8,2.28′ × 2.02′,0.038,General,,,,0,0,Work in progress
ngc-NGC3088,NGC 3088,Galaxy pair,Leo,,10:01:09.10,+22:24:13.0,2′,0.03333333,General,,,,0,0,Work in progress
ngc-NGC3089,NGC 3089,Galaxy,Antlia,13.23,09:59:36.68,-28:19:52.9,1.95′ × 1.13′,0.0325,General,,,,0,0,Work in progress
ngc-NGC3090,NGC 3090,Galaxy,Sextans,12.58,10:00:30.23,-02:58:08.4,1.63′ × 1.3′,0.02716667,General,,,,0,0,Work in progress
ngc-NGC3091,NGC 3091,Galaxy,Hydra,11,10:00:14.29,-19:38:13.1,3.69′ × 2.18′,0.0615,General,,,,0,0,Work in progress
ngc-NGC3092,NGC 3092,Galaxy,Sextans,14.7,10:00:47.43,-03:00:44.6,1.3′ × 0.5′,0.02166667,General,,,,0,0,Work in progress
ngc-NGC3093,NGC 3093,Galaxy,Sextans,15.35,10:00:53.59,-02:58:19.2,0.77′ × 0.36′,0.01283333,General,,,,0,0,Work in progress
ngc-NGC3094,NGC 3094,Galaxy,Leo,13.43,10:01:25.94,+15:46:12.3,1.34′ × 0.98′,0.02233333,General,,,,0,0,Work in progress
ngc-NGC3095,NGC 3095,Galaxy,Antlia,11.63,10:00:05.83,-31:33:10.3,3.61′ × 1.81′,0.06016667,General,,,,0,0,Work in progress
ngc-NGC3096,NGC 3096,Galaxy,Hydra,13.09,10:00:33.11,-19:39:43.1,1.17′ × 1.03′,0.0195,General,,,,0,0,Work in progress
ngc-NGC3097,NGC 3097,Unclassified object,Ursa Major,,10:04:16.07,+60:07:32.8,,,General,,,,0,0,Work in progress
ngc-NGC3098,NGC 3098,Galaxy,Leo,11.96,10:02:16.69,+24:42:39.9,2.33′ × 0.5′,0.03883333,General,,,,0,0,Work in progress
ngc-NGC3099,NGC 3099,Galaxy,Leo Minor,15.22,10:02:36.55,+32:42:24.2,1.15′ × 0.62′,0.01916667,General,,,,0,0,Work in progress
ngc-NGC3100,NGC 3100,Galaxy,Antlia,11.37,10:00:40.84,-31:39:52.3,3.56′ × 2.48′,0.05933333,General,,,,0,0,Work in progress
ngc-NGC3101,NGC 3101,Galaxy,Sextans,15.37,10:01:35.43,-02:59:39.9,1.22′ × 0.21′,0.02033333,General,,,,0,0,Work in progress
ngc-NGC3102,NGC 3102,Galaxy,Ursa Major,14.23,10:04:31.76,+60:06:28.7,0.98′ × 0.98′,0.01633333,General,,,,0,0,Work in progress
ngc-NGC3104,NGC 3104,Galaxy,Leo Minor,12.78,10:03:57.35,+40:45:24.9,2.99′ × 2.03′,0.04983333,General,,,,0,0,Work in progress
ngc-NGC3105,NGC 3105,Open cluster,Vela,9.7,10:00:39.52,-54:47:15.7,4.08′,0.068,WideField,,,,0,0,Work in progress
ngc-NGC3106,NGC 3106,Galaxy,Leo Minor,12.42,10:04:05.25,+31:11:07.7,0.89′ × 0.25′,0.01483333,General,,,,0,0,Work in progress
ngc-NGC3107,NGC 3107,Galaxy,Leo,13.57,10:04:22.47,+13:37:16.8,0.77′ × 0.63′,0.01283333,General,,,,0,0,Work in progress
ngc-NGC3108,NGC 3108,Galaxy,Antlia,11.47,10:02:29.03,-31:40:38.7,2.54′ × 2.22′,0.04233333,General,,,,0,0,Work in progress
ngc-NGC3109,NGC 3109,Galaxy,Hydra,10.54,10:03:06.88,-26:09:34.5,16′ × 2.74′,0.26666667,General,,,,0,0,Work in progress
ngc-NGC3110,NGC 3110,Galaxy,Sextans,13,10:04:02.11,-06:28:29.2,1.87′ × 0.9′,0.03116667,General,,,,0,0,Work in progress
ngc-NGC3111,NGC 3111,Galaxy,Ursa Major,14.12,10:06:07.44,+47:15:45.5,1.42′ × 1.34′,0.02366667,General,,,,0,0,Work in progress
ngc-NGC3112,NGC 3112,Galaxy,Hydra,15.99,10:03:59.18,-20:46:54.5,1.1′ × 0.3′,0.01833333,General,,,,0,0,Work in progress
ngc-NGC3113,NGC 3113,Galaxy,Antlia,13.34,10:04:26.11,-28:26:38.5,3.43′ × 1.05′,0.05716667,General,,,,0,0,Work in progress
ngc-NGC3114,NGC 3114,Open cluster,Carina,4.2,10:02:29.57,-60:07:49.9,12.3′,0.205,WideField,,,,0,0,Work in progress
ngc-NGC3116,NGC 3116,Galaxy,Leo Minor,15.23,10:06:45.05,+31:05:51.8,0.7′ × 0.64′,0.01166667,General,,,,0,0,Work in progress
ngc-NGC3117,NGC 3117,Galaxy,Sextans,14.52,10:06:10.50,+02:54:46.3,0.96′ × 0.91′,0.016,General,,,,0,0,Work in progress
ngc-NGC3118,NGC 3118,Galaxy,Leo Minor,14.31,10:07:11.54,+33:01:38.6,2.08′ × 0.44′,0.03466667,General,,,,0,0,Work in progress
ngc-NGC3119,NGC 3119,Galaxy,Leo,14.14,10:06:51.87,+14:22:24.7,1.05′ × 0.81′,0.0175,General,,,,0,0,Work in progress
ngc-NGC3120,NGC 3120,Galaxy,Antlia,12.77,10:05:23.04,-34:13:11.8,1.68′ × 1.17′,0.028,General,,,,0,0,Work in progress
ngc-NGC3123,NGC 3123,Unclassified object,Sextans,,10:07:01.85,+00:04:01.7,,,General,,,,0,0,Work in progress
ngc-NGC3124,NGC 3124,Galaxy,Hydra,12.15,10:06:39.90,-19:13:17.7,2.7′ × 2.1′,0.045,General,,,,0,0,Work in progress
ngc-NGC3125,NGC 3125,Galaxy,Antlia,12.87,10:06:33.37,-29:56:05.5,1.21′ × 0.97′,0.02016667,General,,,,0,0,Work in progress
ngc-NGC3126,NGC 3126,Galaxy,Leo Minor,13.53,10:08:20.66,+31:51:45.7,3.1′ × 0.66′,0.05166667,General,,,,0,0,Work in progress
ngc-NGC3127,NGC 3127,Galaxy,Hydra,14.81,10:06:24.85,-16:07:33.9,1.62′ × 0.28′,0.027,General,,,,0,0,Work in progress
ngc-NGC3128,NGC 3128,Galaxy,Hydra,14.11,10:06:01.37,-16:07:19.3,1.54′ × 0.63′,0.02566667,General,,,,0,0,Work in progress
ngc-NGC3129,NGC 3129,Optical double,Leo,,10:08:19.26,+18:25:50.3,,,HighMagnification,,,,0,0,Work in progress
ngc-NGC3130,NGC 3130,Galaxy,Leo,14.28,10:08:12.34,+09:58:37.2,1.07′ × 0.61′,0.01783333,General,,,,0,0,Work in progress
ngc-NGC3131,NGC 3131,Galaxy,Leo,13.88,10:08:36.41,+18:13:52.4,2.16′ × 0.67′,0.036,General,,,,0,0,Work in progress
ngc-NGC3133,NGC 3133,Galaxy,Hydra,15.73,10:07:12.81,-11:57:55.1,0.68′ × 0.29′,0.01133333,General,,,,0,0,Work in progress
ngc-NGC3134,NGC 3134,Galaxy,Leo,14.74,10:12:29.29,+12:22:38.1,1.49′ × 0.4′,0.02483333,General,,,,0,0,Work in progress
ngc-NGC3135,NGC 3135,Galaxy,Ursa Major,14.33,10:10:54.38,+45:57:01.3,1′ × 0.6′,0.01666667,General,,,,0,0,Work in progress
ngc-NGC3136,NGC 3136,Galaxy,Carina,10.67,10:05:48.16,-67:22:40.7,4.2′ × 2.94′,0.07,General,,,,0,0,Work in progress
ngc-NGC3137,NGC 3137,Galaxy,Antlia,11.57,10:09:07.48,-29:03:51.5,5.57′ × 3.85′,0.09283333,General,,,,0,0,Work in progress
ngc-NGC3138,NGC 3138,Galaxy,Hydra,15.58,10:09:16.67,-11:57:24.3,1.1′ × 0.21′,0.01833333,General,,,,0,0,Work in progress
ngc-NGC3139,NGC 3139,Galaxy,Hydra,14.62,10:10:05.18,-11:46:41.7,1.21′ × 0.97′,0.02016667,General,,,,0,0,Work in progress
ngc-NGC3140,NGC 3140,Galaxy,Hydra,14.07,10:09:27.82,-16:37:41.4,0.96′ × 0.68′,0.016,General,,,,0,0,Work in progress
ngc-NGC3141,NGC 3141,Galaxy,Hydra,16.14,10:09:19.89,-16:39:12.3,0.76′ × 0.47′,0.01266667,General,,,,0,0,Work in progress
ngc-NGC3142,NGC 3142,Galaxy,Sextans,14.48,10:10:06.37,-08:28:47.1,0.86′ × 0.3′,0.01433333,General,,,,0,0,Work in progress
ngc-NGC3143,NGC 3143,Galaxy,Hydra,14.28,10:10:03.98,-12:34:52.9,0.82′ × 0.67′,0.01366667,General,,,,0,0,Work in progress
ngc-NGC3144,NGC 3144,Galaxy,Draco,14.24,10:15:32.18,+74:13:13.0,1.12′ × 0.74′,0.01866667,General,,,,0,0,Work in progress
ngc-NGC3145,NGC 3145,Galaxy,Hydra,12,10:10:09.87,-12:26:01.6,2.87′ × 1.37′,0.04783333,General,,,,0,0,Work in progress
ngc-NGC3146,NGC 3146,Galaxy,Hydra,14.03,10:11:09.87,-20:52:14.5,1.01′ × 0.79′,0.01683333,General,,,,0,0,Work in progress
ngc-NGC3147,NGC 3147,Galaxy,Draco,11.94,10:16:53.65,+73:24:02.7,4.11′ × 3.55′,0.0685,General,,,,0,0,Work in progress
ngc-NGC3148,NGC 3148,Star,Ursa Major,6.63,10:13:43.83,+50:29:47.5,,,HighMagnification,,,,0,0,Work in progress
ngc-NGC3149,NGC 3149,Galaxy,Chamaeleon,13.49,10:03:44.09,-80:25:18.0,1.15′ × 0.94′,0.01916667,General,,,,0,0,Work in progress
ngc-NGC3150,NGC 3150,Galaxy,Leo Minor,15.27,10:13:26.32,+38:39:27.6,1.04′ × 0.77′,0.01733333,General,,,,0,0,Work in progress
ngc-NGC3151,NGC 3151,Galaxy,Leo Minor,14.96,10:13:29.09,+38:37:11.4,0.93′ × 0.42′,0.0155,General,,,,0,0,Work in progress
ngc-NGC3152,NGC 3152,Galaxy,Leo Minor,15.32,10:13:34.12,+38:50:35.5,0.74′ × 0.65′,0.01233333,General,,,,0,0,Work in progress
ngc-NGC3153,NGC 3153,Galaxy,Leo,12.84,10:12:50.50,+12:40:00.0,1.73′ × 0.89′,0.02883333,General,,,,0,0,Work in progress
ngc-NGC3154,NGC 3154,Galaxy,Leo,14.26,10:13:01.28,+17:02:03.0,0.83′ × 0.39′,0.01383333,General,,,,0,0,Work in progress
ngc-NGC3155,NGC 3155,Galaxy,Draco,13.83,10:17:39.85,+74:20:50.6,1.21′ × 0.64′,0.02016667,General,,,,0,0,Work in progress
ngc-NGC3156,NGC 3156,Galaxy,Sextans,12.3,10:12:41.25,+03:07:45.7,1.91′ × 1.02′,0.03183333,General,,,,0,0,Work in progress
ngc-NGC3157,NGC 3157,Galaxy,Antlia,13.91,10:11:42.43,-31:38:34.3,1.7′ × 0.44′,0.02833333,General,,,,0,0,Work in progress
ngc-NGC3158,NGC 3158,Galaxy,Leo Minor,11.88,10:13:50.52,+38:45:53.6,2.32′ × 1.94′,0.03866667,General,,,,0,0,Work in progress
ngc-NGC3159,NGC 3159,Galaxy,Leo Minor,13.59,10:13:52.83,+38:39:16.1,0.96′ × 0.76′,0.016,General,,,,0,0,Work in progress
ngc-NGC3160,NGC 3160,Galaxy,Leo Minor,15.02,10:13:55.07,+38:50:34.2,1.25′ × 0.25′,0.02083333,General,,,,0,0,Work in progress
ngc-NGC3161,NGC 3161,Galaxy,Leo Minor,15.26,10:13:59.20,+38:39:25.7,0.46′ × 0.28′,0.00766667,General,,,,0,0,Work in progress
ngc-NGC3162,NGC 3162,Galaxy,Leo,11.72,10:13:31.59,+22:44:15.2,2.09′ × 1.69′,0.03483333,General,,,,0,0,Work in progress
ngc-NGC3163,NGC 3163,Galaxy,Leo Minor,13.34,10:14:07.10,+38:39:09.2,1.14′ × 0.97′,0.019,General,,,,0,0,Work in progress
ngc-NGC3164,NGC 3164,Galaxy,Ursa Major,14.52,10:15:11.42,+56:40:19.5,0.8′ × 0.57′,0.01333333,General,,,,0,0,Work in progress
ngc-NGC3165,NGC 3165,Galaxy,Sextans,13.87,10:13:31.30,+03:22:30.1,1.17′ × 0.54′,0.0195,General,,,,0,0,Work in progress
ngc-NGC3166,NGC 3166,Galaxy,Sextans,10.62,10:13:45.60,+03:25:29.0,4.5′ × 2.84′,0.075,General,,,,0,0,Work in progress
ngc-NGC3167,NGC 3167,Unclassified object,Leo Minor,,10:14:35.89,+29:35:46.8,,,General,,,,0,0,Work in progress
ngc-NGC3168,NGC 3168,Galaxy,Ursa Major,14.46,10:16:23.01,+60:14:05.8,0.91′ × 0.79′,0.01516667,General,,,,0,0,Work in progress
ngc-NGC3169,NGC 3169,Galaxy,Sextans,10.89,10:14:15.05,+03:27:57.9,4.34′ × 2.65′,0.07233333,General,,,,0,0,Work in progress
ngc-NGC3170,NGC 3170,Optical double,Ursa Major,,10:16:14.53,+46:36:44.5,,,HighMagnification,,,,0,0,Work in progress
ngc-NGC3171,NGC 3171,Galaxy,Hydra,14.05,10:15:36.82,-20:38:50.6,1.87′ × 1.25′,0.03116667,General,,,,0,0,Work in progress
ngc-NGC3172,Polarissima Borealis,Galaxy,Ursa Minor,15,11:47:14.00,+89:05:35.0,1.14′ × 1′,0.019,General,,,,0,0,Work in progress
ngc-NGC3173,NGC 3173,Galaxy,Antlia,13.68,10:14:34.87,-27:41:34.2,1.9′ × 1.71′,0.03166667,General,,,,0,0,Work in progress
ngc-NGC3175,NGC 3175,Galaxy,Antlia,11.26,10:14:42.11,-28:52:19.4,5.25′ × 1.95′,0.0875,General,,,,0,0,Work in progress
ngc-NGC3176,NGC 3176,Unclassified object,Hydra,,10:15:17.54,-19:01:57.2,,,General,,,,0,0,Work in progress
ngc-NGC3177,NGC 3177,Galaxy,Leo,12.37,10:16:34.14,+21:07:23.0,1.44′ × 1.1′,0.024,General,,,,0,0,Work in progress
ngc-NGC3178,NGC 3178,Galaxy,Hydra,13.68,10:16:09.17,-15:47:28.6,1.47′ × 0.93′,0.0245,General,,,,0,0,Work in progress
ngc-NGC3179,NGC 3179,Galaxy,Ursa Major,14.08,10:17:57.21,+41:06:51.5,1.86′ × 0.41′,0.031,General,,,,0,0,Work in progress
ngc-NGC3180,NGC 3180,H II region nebula,Ursa Major,,10:18:09.67,+41:26:42.1,,,General,,,,0,0,Work in progress
ngc-NGC3181,NGC 3181,H II region nebula,Ursa Major,15.79,10:18:11.51,+41:24:45.7,2.84′ × 0.83′,0.04733333,General,,,,0,0,Work in progress
ngc-NGC3182,NGC 3182,Galaxy,Ursa Major,12.95,10:19:33.02,+58:12:20.6,1.92′ × 1.59′,0.032,General,,,,0,0,Work in progress
ngc-NGC3183,NGC 3183,Galaxy,Draco,12.67,10:21:49.00,+74:10:36.7,2.22′ × 1.38′,0.037,General,,,,0,0,Work in progress
ngc-NGC3184,NGC 3184,Galaxy,Ursa Major,9.84,10:18:16.86,+41:25:26.6,7.4′ × 7.18′,0.12333333,General,,,,0,0,Work in progress
ngc-NGC3185,NGC 3185,Galaxy,Leo,12.2,10:17:38.57,+21:41:17.7,2.15′ × 1.23′,0.03583333,General,,,,0,0,Work in progress
ngc-NGC3186,NGC 3186,Galaxy,Leo,15.04,10:15:53.39,+06:57:49.5,1.08′ × 1.08′,0.018,General,,,,0,0,Work in progress
ngc-NGC3187,NGC 3187,Galaxy,Leo,13.28,10:17:47.86,+21:52:24.0,2.24′ × 0.74′,0.03733333,General,,,,0,0,Work in progress
ngc-NGC3188,NGC 3188,Galaxy,Ursa Major,15,10:19:42.81,+57:25:24.5,0.84′ × 0.63′,0.014,General,,,,0,0,Work in progress
ngc-NGC3189,NGC 3189,Galaxy,Leo,11.05,10:18:05.63,+21:49:56.3,3.64′ × 1.22′,0.06066667,General,,,,0,0,Work in progress
ngc-NGC3191,NGC 3191,Galaxy,Ursa Major,14.01,10:19:05.13,+46:27:14.8,0.71′ × 0.52′,0.01183333,General,,,,0,0,Work in progress
ngc-NGC3193,NGC 3193,Galaxy,Leo,11.02,10:18:24.90,+21:53:38.3,2.36′ × 2.16′,0.03933333,General,,,,0,0,Work in progress
ngc-NGC3196,NGC 3196,Galaxy,Leo,16.08,10:18:49.03,+27:40:08.2,0.46′ × 0.26′,0.00766667,General,,,,0,0,Work in progress
ngc-NGC3197,NGC 3197,Galaxy,Draco,14.44,10:14:27.67,+77:49:12.9,1.11′ × 0.8′,0.0185,General,,,,0,0,Work in progress
ngc-NGC3198,NGC 3198,Galaxy,Ursa Major,10.38,10:19:54.95,+45:32:58.6,6.46′ × 1.84′,0.10766667,General,,,,0,0,Work in progress
ngc-NGC3199,NGC 3199,Nebula,Carina,,10:17:24.43,-57:55:20.0,20′ × 15′,0.33333333,General,,,,0,0,Work in progress
ngc-NGC3200,NGC 3200,Galaxy,Hydra,12.1,10:18:36.55,-17:58:57.1,4.07′ × 1.14′,0.06783333,General,,,,0,0,Work in progress
ngc-NGC3202,NGC 3202,Galaxy,Ursa Major,14.09,10:20:31.74,+43:01:17.8,1.27′ × 0.81′,0.02116667,General,,,,0,0,Work in progress
ngc-NGC3203,NGC 3203,Galaxy,Hydra,12.13,10:19:33.83,-26:41:56.0,3.16′ × 0.64′,0.05266667,General,,,,0,0,Work in progress
ngc-NGC3204,NGC 3204,Galaxy,Leo,14.63,10:20:11.08,+27:49:01.4,1.25′ × 0.88′,0.02083333,General,,,,0,0,Work in progress
ngc-NGC3205,NGC 3205,Galaxy,Ursa Major,14.31,10:20:49.97,+42:58:19.4,1.31′ × 1.11′,0.02183333,General,,,,0,0,Work in progress
ngc-NGC3206,NGC 3206,Galaxy,Ursa Major,13.29,10:21:47.59,+56:55:49.5,2.3′ × 1.17′,0.03833333,General,,,,0,0,Work in progress
ngc-NGC3207,NGC 3207,Galaxy,Ursa Major,14.33,10:21:00.55,+42:59:07.1,1.24′ × 0.83′,0.02066667,General,,,,0,0,Work in progress
ngc-NGC3208,NGC 3208,Galaxy,Hydra,12.89,10:19:41.29,-25:48:53.1,1.78′ × 1.55′,0.02966667,General,,,,0,0,Work in progress
ngc-NGC3209,NGC 3209,Galaxy,Leo,13.85,10:20:38.42,+25:30:17.9,1.57′ × 1.21′,0.02616667,General,,,,0,0,Work in progress
ngc-NGC3210,NGC 3210,Optical double,Draco,,10:27:59.20,+79:49:57.1,,,HighMagnification,,,,0,0,Work in progress
ngc-NGC3211,NGC 3211,Planetary nebula,Carina,10.7,10:17:50.51,-62:40:12.2,0.27′,0.0045,HighMagnification,,,,0,0,Work in progress
ngc-NGC3212,NGC 3212,Galaxy,Draco,14.32,10:28:16.46,+79:49:24.2,0.83′ × 0.75′,0.01383333,General,,,,0,0,Work in progress
ngc-NGC3213,NGC 3213,Galaxy,Leo,14.21,10:21:17.35,+19:39:06.4,1.05′ × 0.83′,0.0175,General,,,,0,0,Work in progress
ngc-NGC3214,NGC 3214,Galaxy,Ursa Major,15.01,10:23:08.79,+57:02:20.7,1.08′ × 0.45′,0.018,General,,,,0,0,Work in progress
ngc-NGC3215,NGC 3215,Galaxy,Draco,13.95,10:28:40.58,+79:48:47.1,0.95′ × 0.52′,0.01583333,General,,,,0,0,Work in progress
ngc-NGC3216,NGC 3216,Galaxy,Leo,14.46,10:21:41.23,+23:55:23.0,1.71′ × 1.07′,0.0285,General,,,,0,0,Work in progress
ngc-NGC3217,NGC 3217,Galaxy,Leo,15.21,10:23:32.62,+10:57:35.0,0.53′ × 0.4′,0.00883333,General,,,,0,0,Work in progress
ngc-NGC3219,NGC 3219,Galaxy,Leo Minor,14.21,10:22:37.44,+38:34:45.0,1.08′ × 0.63′,0.018,General,,,,0,0,Work in progress
ngc-NGC3220,NGC 3220,Galaxy,Ursa Major,13.95,10:23:44.66,+57:01:36.7,1.18′ × 0.48′,0.01966667,General,,,,0,0,Work in progress
ngc-NGC3221,NGC 3221,Galaxy,Leo,14.05,10:22:19.98,+21:34:10.5,1.7′ × 0.76′,0.02833333,General,,,,0,0,Work in progress
ngc-NGC3222,NGC 3222,Galaxy,Leo,12.79,10:22:34.51,+19:53:13.3,1.12′ × 1.01′,0.01866667,General,,,,0,0,Work in progress
ngc-NGC3223,NGC 3223,Galaxy,Antlia,10.96,10:21:35.08,-34:16:00.5,4.28′ × 2.79′,0.07133333,General,,,,0,0,Work in progress
ngc-NGC3224,NGC 3224,Galaxy,Antlia,12.21,10:21:41.19,-34:41:48.4,1.72′ × 1.41′,0.02866667,General,,,,0,0,Work in progress
ngc-NGC3225,NGC 3225,Galaxy,Ursa Major,13.66,10:25:09.90,+58:09:00.0,1.65′ × 0.75′,0.0275,General,,,,0,0,Work in progress
ngc-NGC3226,NGC 3226,Galaxy,Leo,12.95,10:23:27.01,+19:53:54.7,3.13′ × 2.26′,0.05216667,General,,,,0,0,Work in progress
ngc-NGC3227,NGC 3227,Galaxy,Leo,11.72,10:23:30.58,+19:51:54.2,3.98′ × 1.86′,0.06633333,General,,,,0,0,Work in progress
ngc-NGC3228,NGC 3228,Open cluster,Vela,6,10:21:22.24,-51:43:21.3,6.6′,0.11,WideField,,,,0,0,Work in progress
ngc-NGC3229,NGC 3229,Unclassified object,Sextans,,10:23:24.36,+00:03:53.3,,,General,,,,0,0,Work in progress
ngc-NGC3230,NGC 3230,Galaxy,Leo,14.79,10:23:43.96,+12:34:04.0,2.02′ × 0.64′,0.03366667,General,,,,0,0,Work in progress
ngc-NGC3231,NGC 3231,Open cluster,Ursa Major,,10:26:57.85,+66:48:54.6,,,WideField,,,,0,0,Work in progress
ngc-NGC3232,NGC 3232,Galaxy,Leo Minor,15.5,10:24:24.23,+28:01:34.1,0.85′ × 0.69′,0.01416667,General,,,,0,0,Work in progress
ngc-NGC3233,NGC 3233,Galaxy,Hydra,13.54,10:21:57.46,-22:16:03.9,1.52′ × 0.64′,0.02533333,General,,,,0,0,Work in progress
ngc-NGC3234,NGC 3234,Galaxy,Leo Minor,14.46,10:24:59.31,+28:01:26.1,1.34′ × 0.96′,0.02233333,General,,,,0,0,Work in progress
ngc-NGC3236,NGC 3236,Galaxy,Ursa Major,15.12,10:26:48.51,+61:16:22.5,0.95′ × 0.67′,0.01583333,General,,,,0,0,Work in progress
ngc-NGC3237,NGC 3237,Galaxy,Ursa Major,14.08,10:25:43.30,+39:38:47.0,1.07′ × 1.04′,0.01783333,General,,,,0,0,Work in progress
ngc-NGC3238,NGC 3238,Galaxy,Ursa Major,13.96,10:26:42.99,+57:13:34.8,1.11′ × 0.91′,0.0185,General,,,,0,0,Work in progress
ngc-NGC3239,NGC 3239,Galaxy,Leo,11.4,10:25:04.89,+17:09:48.9,3.61′ × 2.71′,0.06016667,General,,,,0,0,Work in progress
ngc-NGC3240,NGC 3240,Galaxy,Hydra,13.91,10:24:30.63,-21:47:27.7,1.19′ × 1.03′,0.01983333,General,,,,0,0,Work in progress
ngc-NGC3241,NGC 3241,Galaxy,Antlia,12.99,10:24:16.96,-32:28:57.4,2.29′ × 1.55′,0.03816667,General,,,,0,0,Work in progress
ngc-NGC3243,NGC 3243,Galaxy,Sextans,14.47,10:26:21.47,-02:37:19.9,1.73′ × 1.19′,0.02883333,General,,,,0,0,Work in progress
ngc-NGC3244,NGC 3244,Galaxy,Antlia,12.32,10:25:28.84,-39:49:39.2,2.18′ × 1.46′,0.03633333,General,,,,0,0,Work in progress
ngc-NGC3245,NGC 3245,Galaxy,Leo Minor,10.75,10:27:18.39,+28:30:26.8,3.61′ × 2.3′,0.06016667,General,,,,0,0,Work in progress
ngc-NGC3246,NGC 3246,Galaxy,Sextans,13.73,10:26:41.81,+03:51:42.9,1.94′ × 0.95′,0.03233333,General,,,,0,0,Work in progress
ngc-NGC3247,NGC 3247,H II region nebula,Carina,7.6,10:24:14.00,-57:45:48.0,5′ × 5′,0.08333333,General,,,,0,0,Work in progress
ngc-NGC3248,NGC 3248,Galaxy,Leo,13.81,10:27:45.44,+22:50:49.9,1.7′ × 0.94′,0.02833333,General,,,,0,0,Work in progress
ngc-NGC3249,NGC 3249,Galaxy,Antlia,13.86,10:26:22.21,-34:57:49.3,1.57′ × 1.4′,0.02616667,General,,,,0,0,Work in progress
ngc-NGC3250,NGC 3250,Galaxy,Antlia,11.02,10:26:32.28,-39:56:38.2,2.96′ × 2.2′,0.04933333,General,,,,0,0,Work in progress
ngc-NGC3251,NGC 3251,Galaxy,Leo,14.07,10:29:16.84,+26:05:57.3,2.06′ × 0.5′,0.03433333,General,,,,0,0,Work in progress
ngc-NGC3252,NGC 3252,Galaxy,Draco,14.1,10:34:23.14,+73:45:53.9,1.87′ × 0.66′,0.03116667,General,,,,0,0,Work in progress
ngc-NGC3253,NGC 3253,Galaxy,Leo,13.59,10:28:27.32,+12:42:14.6,1.15′ × 1.07′,0.01916667,General,,,,0,0,Work in progress
ngc-NGC3254,NGC 3254,Galaxy,Leo Minor,11.66,10:29:19.94,+29:29:30.6,2.34′ × 1.12′,0.039,General,,,,0,0,Work in progress
ngc-NGC3255,NGC 3255,Open cluster,Carina,11,10:26:31.36,-60:40:30.7,4.8′,0.08,WideField,,,,0,0,Work in progress
ngc-NGC3256,NGC 3256,Galaxy,Vela,11.58,10:27:51.27,-43:54:13.5,3.29′ × 2.26′,0.05483333,General,,,,0,0,Work in progress
ngc-NGC3257,NGC 3257,Galaxy,Antlia,13.12,10:28:47.12,-35:39:29.1,1.08′ × 0.87′,0.018,General,,,,0,0,Work in progress
ngc-NGC3258,NGC 3258,Galaxy,Antlia,11.41,10:28:53.57,-35:36:19.9,2.94′ × 2.34′,0.049,General,,,,0,0,Work in progress
ngc-NGC3259,NGC 3259,Galaxy,Ursa Major,12.72,10:32:34.85,+65:02:27.9,1.72′ × 0.9′,0.02866667,General,,,,0,0,Work in progress
ngc-NGC3260,NGC 3260,Galaxy,Antlia,12.67,10:29:06.39,-35:35:42.7,1.41′ × 1.22′,0.0235,General,,,,0,0,Work in progress
ngc-NGC3261,NGC 3261,Galaxy,Vela,11.41,10:29:01.46,-44:39:24.6,3.65′ × 2.84′,0.06083333,General,,,,0,0,Work in progress
ngc-NGC3262,NGC 3262,Galaxy,Vela,13.13,10:29:06.23,-44:09:34.8,1.17′ × 0.91′,0.0195,General,,,,0,0,Work in progress
ngc-NGC3263,NGC 3263,Galaxy,Vela,12.15,10:29:13.36,-44:07:22.5,7.83′ × 1.84′,0.1305,General,,,,0,0,Work in progress
ngc-NGC3264,NGC 3264,Galaxy,Ursa Major,13.16,10:32:19.70,+56:05:07.0,2.09′ × 0.62′,0.03483333,General,,,,0,0,Work in progress
ngc-NGC3265,NGC 3265,Galaxy,Leo Minor,13.54,10:31:06.77,+28:47:48.0,0.97′ × 0.71′,0.01616667,General,,,,0,0,Work in progress
ngc-NGC3266,NGC 3266,Galaxy,Ursa Major,13.46,10:33:17.61,+64:44:57.8,1.39′ × 1.21′,0.02316667,General,,,,0,0,Work in progress
ngc-NGC3267,NGC 3267,Galaxy,Antlia,13.35,10:29:48.59,-35:19:20.6,1.55′ × 0.73′,0.02583333,General,,,,0,0,Work in progress
ngc-NGC3268,NGC 3268,Galaxy,Antlia,11.41,10:30:00.66,-35:19:31.7,3.5′ × 2.62′,0.05833333,General,,,,0,0,Work in progress
ngc-NGC3269,NGC 3269,Galaxy,Antlia,12.26,10:29:57.06,-35:13:27.8,2.51′ × 1.02′,0.04183333,General,,,,0,0,Work in progress
ngc-NGC3270,NGC 3270,Galaxy,Leo,13.05,10:31:29.98,+24:52:10.0,2.34′ × 0.62′,0.039,General,,,,0,0,Work in progress
ngc-NGC3271,NGC 3271,Galaxy,Antlia,11.73,10:30:26.49,-35:21:34.2,3.01′ × 1.67′,0.05016667,General,,,,0,0,Work in progress
ngc-NGC3272,NGC 3272,Optical double,Leo Minor,,10:31:48.15,+28:28:07.6,,,HighMagnification,,,,0,0,Work in progress
ngc-NGC3273,NGC 3273,Galaxy,Antlia,12.48,10:30:29.17,-35:36:38.3,1.91′ × 0.88′,0.03183333,General,,,,0,0,Work in progress
ngc-NGC3274,NGC 3274,Galaxy,Leo,12.84,10:32:17.27,+27:40:07.6,1.63′ × 0.81′,0.02716667,General,,,,0,0,Work in progress
ngc-NGC3275,NGC 3275,Galaxy,Antlia,11.65,10:30:51.80,-36:44:13.1,2.81′ × 2.05′,0.04683333,General,,,,0,0,Work in progress
ngc-NGC3276,NGC 3276,Galaxy,Antlia,14.46,10:31:09.20,-39:56:40.8,1.26′ × 0.74′,0.021,General,,,,0,0,Work in progress
ngc-NGC3277,NGC 3277,Galaxy,Leo Minor,11.65,10:32:55.45,+28:30:42.2,2.11′ × 1.59′,0.03516667,General,,,,0,0,Work in progress
ngc-NGC3278,NGC 3278,Galaxy,Antlia,13.09,10:31:35.39,-39:57:16.7,1.35′ × 1.04′,0.0225,General,,,,0,0,Work in progress
ngc-NGC3279,NGC 3279,Galaxy,Leo,13.87,10:34:42.80,+11:11:50.4,2.48′ × 0.41′,0.04133333,General,,,,0,0,Work in progress
ngc-NGC3280,NGC 3280,Galaxy triplet,Hydra,,10:32:45.27,-12:38:10.5,1.4′,0.02333333,General,,,,0,0,Work in progress
ngc-NGC3281,NGC 3281,Galaxy,Antlia,11.95,10:31:52.09,-34:51:13.3,3.1′ × 1.27′,0.05166667,General,,,,0,0,Work in progress
ngc-NGC3282,NGC 3282,Galaxy,Hydra,14.06,10:32:21.92,-22:18:08.2,1.77′ × 0.65′,0.0295,General,,,,0,0,Work in progress
ngc-NGC3283,NGC 3283,Galaxy,Vela,11.74,10:31:11.60,-46:15:04.6,2.86′ × 2.07′,0.04766667,General,,,,0,0,Work in progress
ngc-NGC3284,NGC 3284,Galaxy,Ursa Major,13.67,10:36:21.24,+58:37:12.6,1.36′ × 0.83′,0.02266667,General,,,,0,0,Work in progress
ngc-NGC3285,NGC 3285,Galaxy,Hydra,11.98,10:33:35.84,-27:27:16.0,2.97′ × 1.52′,0.0495,General,,,,0,0,Work in progress
ngc-NGC3287,NGC 3287,Galaxy,Leo,12.83,10:34:47.30,+21:38:53.8,1.78′ × 0.85′,0.02966667,General,,,,0,0,Work in progress
ngc-NGC3288,NGC 3288,Galaxy,Ursa Major,13.99,10:36:25.67,+58:33:22.3,0.89′ × 0.7′,0.01483333,General,,,,0,0,Work in progress
ngc-NGC3289,NGC 3289,Galaxy,Antlia,12.55,10:34:07.43,-35:19:24.2,1.99′ × 0.47′,0.03316667,General,,,,0,0,Work in progress
ngc-NGC3290,NGC 3290,Galaxy,Hydra,14.44,10:35:17.43,-17:16:36.4,1.05′ × 0.6′,0.0175,General,,,,0,0,Work in progress
ngc-NGC3291,NGC 3291,Star,Leo Minor,,10:36:06.48,+37:16:27.9,,,HighMagnification,,,,0,0,Work in progress
ngc-NGC3292,NGC 3292,Galaxy,Sextans,14.79,10:35:34.43,-06:10:46.6,1.11′ × 0.85′,0.0185,General,,,,0,0,Work in progress
ngc-NGC3293,NGC 3293,Open cluster,Carina,4.7,10:35:48.77,-58:13:28.1,5.1′,0.085,WideField,,,,0,0,Work in progress
ngc-NGC3294,NGC 3294,Galaxy,Leo Minor,11.68,10:36:16.25,+37:19:28.9,3.08′ × 1.6′,0.05133333,General,,,,0,0,Work in progress
ngc-NGC3296,NGC 3296,Galaxy,Hydra,14.89,10:32:45.40,-12:43:02.7,1.11′ × 0.99′,0.0185,General,,,,0,0,Work in progress
ngc-NGC3297,NGC 3297,Galaxy,Hydra,15.56,10:33:11.80,-12:40:18.6,0.87′ × 0.51′,0.0145,General,,,,0,0,Work in progress
ngc-NGC3298,NGC 3298,Galaxy,Ursa Major,14.8,10:37:12.28,+50:07:14.1,1.1′ × 0.7′,0.01833333,General,,,,0,0,Work in progress
ngc-NGC3299,NGC 3299,Galaxy,Leo,14,10:36:23.80,+12:42:26.6,1.79′ × 1.32′,0.02983333,General,,,,0,0,Work in progress
ngc-NGC3300,NGC 3300,Galaxy,Leo,13.32,10:36:38.44,+14:10:16.0,1.53′ × 0.78′,0.0255,General,,,,0,0,Work in progress
ngc-NGC3301,NGC 3301,Galaxy,Leo,11.41,10:36:56.04,+21:52:55.7,3.63′ × 1.06′,0.0605,General,,,,0,0,Work in progress
ngc-NGC3302,NGC 3302,Galaxy,Antlia,13.59,10:35:47.43,-32:21:30.6,1.93′ × 1.28′,0.03216667,General,,,,0,0,Work in progress
ngc-NGC3303,NGC 3303,Galaxy pair,Leo,,10:36:59.80,+18:08:12.0,1.2′,0.02,General,,,,0,0,Work in progress
ngc-NGC3304,NGC 3304,Galaxy,Leo Minor,14.34,10:37:37.91,+37:27:20.3,1.55′ × 0.53′,0.02583333,General,,,,0,0,Work in progress
ngc-NGC3305,NGC 3305,Galaxy,Hydra,12.74,10:36:11.75,-27:09:43.9,1.17′ × 1.11′,0.0195,General,,,,0,0,Work in progress
ngc-NGC3306,NGC 3306,Galaxy,Leo,13.84,10:37:10.22,+12:39:08.9,1.04′ × 0.45′,0.01733333,General,,,,0,0,Work in progress
ngc-NGC3307,NGC 3307,Galaxy,Hydra,14.4,10:36:17.17,-27:31:47.1,0.95′ × 0.32′,0.01583333,General,,,,0,0,Work in progress
ngc-NGC3308,NGC 3308,Galaxy,Hydra,12.3,10:36:22.40,-27:26:17.3,1.21′ × 0.72′,0.02016667,General,,,,0,0,Work in progress
ngc-NGC3309,NGC 3309,Galaxy,Hydra,11.74,10:36:35.70,-27:31:06.4,1.82′ × 1.57′,0.03033333,General,,,,0,0,Work in progress
ngc-NGC3310,NGC 3310,Galaxy,Ursa Major,11.61,10:38:45.86,+53:30:12.2,1.8′ × 1.73′,0.03,General,,,,0,0,Work in progress
ngc-NGC3311,NGC 3311,Galaxy,Hydra,11.32,10:36:42.82,-27:31:42.0,2.63′ × 2.33′,0.04383333,General,,,,0,0,Work in progress
ngc-NGC3312,NGC 3312,Galaxy,Hydra,12.89,10:37:02.52,-27:33:54.2,3.31′ × 1.07′,0.05516667,General,,,,0,0,Work in progress
ngc-NGC3313,NGC 3313,Galaxy,Hydra,11.73,10:37:25.45,-25:19:10.0,2.96′ × 2.02′,0.04933333,General,,,,0,0,Work in progress
ngc-NGC3314,NGC 3314,Galaxy pair,Hydra,,10:37:13.20,-27:41:04.0,1.2′,0.02,General,,,,0,0,Work in progress
ngc-NGC3315,NGC 3315,Galaxy,Hydra,13.05,10:37:19.23,-27:11:32.3,1.2′ × 1.04′,0.02,General,,,,0,0,Work in progress
ngc-NGC3316,NGC 3316,Galaxy,Hydra,12.59,10:37:37.32,-27:35:39.5,0.96′ × 0.78′,0.016,General,,,,0,0,Work in progress
ngc-NGC3317,NGC 3317,Unclassified object,Hydra,,10:37:43.11,-27:31:10.6,,,General,,,,0,0,Work in progress
ngc-NGC3318,NGC 3318,Galaxy,Vela,11.5,10:37:15.51,-41:37:39.2,2.52′ × 1.36′,0.042,General,,,,0,0,Work in progress
ngc-NGC3319,NGC 3319,Galaxy,Ursa Major,11.37,10:39:09.46,+41:41:12.0,3.63′ × 1.77′,0.0605,General,,,,0,0,Work in progress
ngc-NGC3320,NGC 3320,Galaxy,Ursa Major,12.96,10:39:36.53,+47:23:52.5,1.95′ × 0.87′,0.0325,General,,,,0,0,Work in progress
ngc-NGC3321,NGC 3321,Galaxy,Sextans,13.67,10:38:50.56,-11:38:55.9,2.3′ × 1.11′,0.03833333,General,,,,0,0,Work in progress
ngc-NGC3323,NGC 3323,Galaxy,Leo Minor,14.34,10:39:39.04,+25:19:21.9,0.95′ × 0.52′,0.01583333,General,,,,0,0,Work in progress
ngc-NGC3324,NGC 3324,Nebula with cluster,Carina,6.7,10:37:16.21,-58:37:10.4,4.8′,0.08,General,,,,0,0,Work in progress
ngc-NGC3325,NGC 3325,Galaxy,Sextans,13,10:39:20.45,-00:12:00.9,1.26′ × 1.07′,0.021,General,,,,0,0,Work in progress
ngc-NGC3326,NGC 3326,Galaxy,Sextans,14.22,10:39:31.86,+05:06:27.4,0.97′ × 0.87′,0.01616667,General,,,,0,0,Work in progress
ngc-NGC3327,NGC 3327,Galaxy,Leo Minor,14.03,10:39:57.94,+24:05:28.5,1.26′ × 0.86′,0.021,General,,,,0,0,Work in progress
ngc-NGC3328,NGC 3328,Star,Leo,,10:39:54.25,+09:18:00.4,,,HighMagnification,,,,0,0,Work in progress
ngc-NGC3329,NGC 3329,Galaxy,Draco,12.82,10:44:39.37,+76:48:34.0,1.91′ × 1.14′,0.03183333,General,,,,0,0,Work in progress
ngc-NGC3330,NGC 3330,Open cluster,Vela,7.4,10:38:45.43,-54:07:50.6,5.1′,0.085,WideField,,,,0,0,Work in progress
ngc-NGC3331,NGC 3331,Galaxy,Hydra,13.97,10:40:08.94,-23:49:13.3,1.19′ × 0.95′,0.01983333,General,,,,0,0,Work in progress
ngc-NGC3332,NGC 3332,Galaxy,Leo,13.59,10:40:28.37,+09:10:57.2,1.37′ × 1.14′,0.02283333,General,,,,0,0,Work in progress
ngc-NGC3333,NGC 3333,Galaxy,Antlia,13.12,10:39:49.83,-36:02:10.2,1.44′ × 0.41′,0.024,General,,,,0,0,Work in progress
ngc-NGC3334,NGC 3334,Galaxy,Leo Minor,12.84,10:41:31.20,+37:18:46.3,1.21′ × 1.13′,0.02016667,General,,,,0,0,Work in progress
ngc-NGC3335,NGC 3335,Galaxy,Hydra,14.07,10:39:34.06,-23:55:21.7,1.1′ × 0.91′,0.01833333,General,,,,0,0,Work in progress
ngc-NGC3336,NGC 3336,Galaxy,Hydra,12.31,10:40:17.02,-27:46:37.5,1.97′ × 1.74′,0.03283333,General,,,,0,0,Work in progress
ngc-NGC3337,NGC 3337,Galaxy,Sextans,15.07,10:41:47.59,+04:59:18.2,1.16′ × 0.57′,0.01933333,General,,,,0,0,Work in progress
ngc-NGC3338,NGC 3338,Galaxy,Leo,10.88,10:42:07.54,+13:44:49.2,1.23′ × 0.71′,0.0205,General,,,,0,0,Work in progress
ngc-NGC3339,NGC 3339,Star,Sextans,15.4,10:42:10.06,-00:22:09.3,,,HighMagnification,,,,0,0,Work in progress
ngc-NGC3340,NGC 3340,Galaxy,Sextans,13.24,10:42:17.99,-00:22:36.7,1.29′ × 0.94′,0.0215,General,,,,0,0,Work in progress
ngc-NGC3341,NGC 3341,Galaxy,Sextans,14.84,10:42:31.47,+05:02:37.7,1.07′ × 0.31′,0.01783333,General,,,,0,0,Work in progress
ngc-NGC3343,NGC 3343,Galaxy,Draco,14.63,10:46:10.45,+73:21:11.3,1.34′ × 0.93′,0.02233333,General,,,,0,0,Work in progress
ngc-NGC3344,NGC 3344,Galaxy,Leo Minor,9.98,10:43:31.15,+24:55:20.0,6.7′ × 6.37′,0.11166667,General,,,,0,0,Work in progress
ngc-NGC3345,NGC 3345,Optical double,Leo,,10:43:32.02,+11:59:07.0,,,HighMagnification,,,,0,0,Work in progress
ngc-NGC3346,NGC 3346,Galaxy,Leo,12.57,10:43:38.91,+14:52:18.7,2.64′ × 2.2′,0.044,General,,,,0,0,Work in progress
ngc-NGC3347,NGC 3347,Galaxy,Antlia,11.51,10:42:46.55,-36:21:09.6,4.05′ × 1.14′,0.0675,General,,,,0,0,Work in progress
ngc-NGC3348,NGC 3348,Galaxy,Ursa Major,10.92,10:47:10.00,+72:50:22.8,2.13′ × 2.13′,0.0355,General,,,,0,0,Work in progress
ngc-NGC3349,NGC 3349,Galaxy,Leo,15.09,10:43:50.56,+06:45:46.7,0.7′ × 0.64′,0.01166667,General,,,,0,0,Work in progress
ngc-NGC3350,NGC 3350,Galaxy,Leo Minor,15.29,10:44:22.97,+30:43:29.5,0.65′ × 0.6′,0.01083333,General,,,,0,0,Work in progress
ngc-NGC3352,NGC 3352,Galaxy,Leo,12.56,10:44:14.93,+22:22:16.3,1.43′ × 0.95′,0.02383333,General,,,,0,0,Work in progress
ngc-NGC3353,NGC 3353,Galaxy,Ursa Major,12.7,10:45:22.41,+55:57:37.4,1.36′ × 0.98′,0.02266667,General,,,,0,0,Work in progress
ngc-NGC3354,NGC 3354,Galaxy,Antlia,13.23,10:43:02.94,-36:21:44.6,1.02′ × 0.82′,0.017,General,,,,0,0,Work in progress
ngc-NGC3355,NGC 3355,Galaxy,Hydra,13.73,10:41:25.99,-23:23:03.3,1.25′ × 0.93′,0.02083333,General,,,,0,0,Work in progress
ngc-NGC3356,NGC 3356,Galaxy,Leo,13.28,10:44:12.23,+06:45:31.6,1.69′ × 0.82′,0.02816667,General,,,,0,0,Work in progress
ngc-NGC3357,NGC 3357,Galaxy,Leo,14.1,10:44:20.74,+14:05:04.1,1.03′ × 0.83′,0.01716667,General,,,,0,0,Work in progress
ngc-NGC3358,NGC 3358,Galaxy,Antlia,11.61,10:43:33.02,-36:24:38.5,3.62′ × 1.82′,0.06033333,General,,,,0,0,Work in progress
ngc-NGC3359,NGC 3359,Galaxy,Ursa Major,10.55,10:46:36.86,+63:13:27.2,4.07′ × 2.83′,0.06783333,General,,,,0,0,Work in progress
ngc-NGC3360,NGC 3360,Galaxy,Sextans,13.73,10:44:16.18,-11:14:33.2,1.03′ × 0.81′,0.01716667,General,,,,0,0,Work in progress
ngc-NGC3361,NGC 3361,Galaxy,Sextans,12.84,10:44:29.17,-11:12:28.5,2.23′ × 0.77′,0.03716667,General,,,,0,0,Work in progress
ngc-NGC3362,NGC 3362,Galaxy,Leo,15,10:44:51.72,+06:35:48.2,1.32′ × 1.08′,0.022,General,,,,0,0,Work in progress
ngc-NGC3363,NGC 3363,Galaxy,Leo,14.47,10:45:09.46,+22:04:42.6,0.86′ × 0.63′,0.01433333,General,,,,0,0,Work in progress
ngc-NGC3364,NGC 3364,Galaxy,Ursa Major,13.47,10:48:29.82,+72:25:30.1,1.39′ × 1.22′,0.02316667,General,,,,0,0,Work in progress
ngc-NGC3365,NGC 3365,Galaxy,Sextans,12.57,10:46:12.59,+01:48:47.8,4.04′ × 0.69′,0.06733333,General,,,,0,0,Work in progress
ngc-NGC3366,NGC 3366,Galaxy,Vela,11.71,10:35:08.28,-43:41:30.5,2.72′ × 1.31′,0.04533333,General,,,,0,0,Work in progress
ngc-NGC3367,NGC 3367,Galaxy,Leo,11.73,10:46:34.95,+13:45:03.1,2.88′ × 2.83′,0.048,General,,,,0,0,Work in progress
ngc-NGC3369,NGC 3369,Galaxy,Hydra,13.58,10:46:44.65,-25:14:40.0,0.72′ × 0.54′,0.012,General,,,,0,0,Work in progress
ngc-NGC3370,NGC 3370,Galaxy,Leo,12.16,10:47:04.05,+17:16:25.0,2.44′ × 1.42′,0.04066667,General,,,,0,0,Work in progress
ngc-NGC3384,NGC 3384,Galaxy,Leo,9.96,10:48:16.89,+12:37:45.4,5.24′ × 2.37′,0.08733333,General,,,,0,0,Work in progress
ngc-NGC3389,NGC 3389,Galaxy,Leo,12.04,10:48:27.91,+12:31:59.5,2.68′ × 1.18′,0.04466667,General,,,,0,0,Work in progress
ngc-NGC3374,NGC 3374,Galaxy,Ursa Major,14.51,10:48:01.05,+43:11:11.6,1.22′ × 0.88′,0.02033333,General,,,,0,0,Work in progress
ngc-NGC3375,NGC 3375,Galaxy,Sextans,12.61,10:47:00.79,-09:56:28.7,1.49′ × 1.26′,0.02483333,General,,,,0,0,Work in progress
ngc-NGC3376,NGC 3376,Galaxy,Sextans,14.16,10:47:26.57,+06:02:53.3,1.13′ × 0.53′,0.01883333,General,,,,0,0,Work in progress
ngc-NGC3377,NGC 3377,Galaxy,Leo,10.27,10:47:42.33,+13:59:09.3,3.87′ × 1.87′,0.0645,General,,,,0,0,Work in progress
ngc-NGC3378,NGC 3378,Galaxy,Antlia,13.46,10:46:43.27,-40:00:57.7,1.5′ × 1.35′,0.025,General,,,,0,0,Work in progress
ngc-NGC3380,NGC 3380,Galaxy,Leo Minor,13.45,10:48:12.18,+28:36:06.4,1.56′ × 1.4′,0.026,General,,,,0,0,Work in progress
ngc-NGC3381,NGC 3381,Galaxy,Leo Minor,12.89,10:48:24.82,+34:42:41.1,2.02′ × 1.82′,0.03366667,General,,,,0,0,Work in progress
ngc-NGC3382,NGC 3382,Optical double,Leo Minor,,10:48:25.03,+36:43:31.6,,,HighMagnification,,,,0,0,Work in progress
ngc-NGC3383,NGC 3383,Galaxy,Hydra,13.55,10:47:19.20,-24:26:17.4,1.45′ × 1.11′,0.02416667,General,,,,0,0,Work in progress
ngc-NGC3385,NGC 3385,Galaxy,Sextans,13.57,10:48:11.63,+04:55:39.9,1.61′ × 0.88′,0.02683333,General,,,,0,0,Work in progress
ngc-NGC3386,NGC 3386,Galaxy,Sextans,14.57,10:48:11.91,+04:59:54.9,1.06′ × 1′,0.01766667,General,,,,0,0,Work in progress
ngc-NGC3387,NGC 3387,Unclassified object,Sextans,,10:48:16.74,+04:57:59.8,,,General,,,,0,0,Work in progress
ngc-NGC3425,NGC 3425,Galaxy,Leo,14.44,10:51:25.53,+08:34:01.7,1.16′ × 1.01′,0.01933333,General,,,,0,0,Work in progress
ngc-NGC3390,NGC 3390,Galaxy,Hydra,12.23,10:48:04.36,-31:32:00.1,3.11′ × 0.69′,0.05183333,General,,,,0,0,Work in progress
ngc-NGC3391,NGC 3391,Galaxy,Leo,13.3,10:48:56.36,+14:13:11.4,0.87′ × 0.56′,0.0145,General,,,,0,0,Work in progress
ngc-NGC3392,NGC 3392,Galaxy,Ursa Major,16.11,10:51:03.00,+65:46:53.6,0.9′ × 0.67′,0.015,General,,,,0,0,Work in progress
ngc-NGC3393,NGC 3393,Galaxy,Hydra,13.09,10:48:23.46,-25:09:43.4,1.95′ × 1.7′,0.0325,General,,,,0,0,Work in progress
ngc-NGC3394,NGC 3394,Galaxy,Ursa Major,13.15,10:50:39.84,+65:43:38.0,1.77′ × 1.36′,0.0295,General,,,,0,0,Work in progress
ngc-NGC3395,NGC 3395,Galaxy,Leo Minor,12.06,10:49:50.11,+32:58:58.3,1.6′ × 0.89′,0.02666667,General,,,,0,0,Work in progress
ngc-NGC3396,NGC 3396,Galaxy,Leo Minor,12.5,10:49:55.07,+32:59:27.0,3.1′ × 1.27′,0.05166667,General,,,,0,0,Work in progress
ngc-NGC3398,NGC 3398,Galaxy,Ursa Major,14.42,10:51:31.43,+55:23:27.5,0.86′ × 0.32′,0.01433333,General,,,,0,0,Work in progress
ngc-NGC3399,NGC 3399,Galaxy,Leo,14.48,10:49:27.60,+16:13:06.8,1.52′ × 1.38′,0.02533333,General,,,,0,0,Work in progress
ngc-NGC3400,NGC 3400,Galaxy,Leo Minor,14.07,10:50:45.47,+28:28:08.7,1.53′ × 0.91′,0.0255,General,,,,0,0,Work in progress
ngc-NGC3401,NGC 3401,Unclassified object,Sextans,,10:50:19.87,+05:48:41.4,,,General,,,,0,0,Work in progress
ngc-NGC3402,NGC 3402,Galaxy,Hydra,11.89,10:50:26.47,-12:50:40.6,1.85′ × 1.78′,0.03083333,General,,,,0,0,Work in progress
ngc-NGC3403,NGC 3403,Galaxy,Draco,13.02,10:53:54.86,+73:41:25.3,2.78′ × 1.04′,0.04633333,General,,,,0,0,Work in progress
ngc-NGC3404,NGC 3404,Galaxy,Hydra,14.06,10:50:17.98,-12:06:31.4,2.06′ × 0.6′,0.03433333,General,,,,0,0,Work in progress
ngc-NGC3405,NGC 3405,Galaxy pair,Leo,,10:49:43.80,+16:14:25.0,1.2′,0.02,General,,,,0,0,Work in progress
ngc-NGC3406,NGC 3406,Galaxy pair,Ursa Major,,10:51:44.20,+51:01:26.0,1.2′,0.02,General,,,,0,0,Work in progress
ngc-NGC3407,NGC 3407,Galaxy,Ursa Major,14.63,10:52:17.79,+61:22:46.7,1.35′ × 0.67′,0.0225,General,,,,0,0,Work in progress
ngc-NGC3408,NGC 3408,Galaxy,Ursa Major,14.23,10:52:11.68,+58:26:17.3,0.85′ × 0.72′,0.01416667,General,,,,0,0,Work in progress
ngc-NGC3409,NGC 3409,Galaxy,Hydra,15.81,10:50:20.35,-17:02:37.1,1.39′ × 0.32′,0.02316667,General,,,,0,0,Work in progress
ngc-NGC3410,NGC 3410,Galaxy,Ursa Major,14.89,10:51:53.71,+51:00:23.4,0.87′ × 0.59′,0.0145,General,,,,0,0,Work in progress
ngc-NGC3412,NGC 3412,Galaxy,Leo,10.53,10:50:53.28,+13:24:43.7,3.96′ × 2.17′,0.066,General,,,,0,0,Work in progress
ngc-NGC3413,NGC 3413,Galaxy,Leo Minor,13.12,10:51:20.74,+32:45:59.0,2.02′ × 0.85′,0.03366667,General,,,,0,0,Work in progress
ngc-NGC3414,NGC 3414,Galaxy,Leo Minor,11.09,10:51:16.21,+27:58:30.4,2.67′ × 1.37′,0.0445,General,,,,0,0,Work in progress
ngc-NGC3415,NGC 3415,Galaxy,Ursa Major,12.61,10:51:42.60,+43:42:45.4,1.35′ × 0.78′,0.0225,General,,,,0,0,Work in progress
ngc-NGC3416,NGC 3416,Galaxy,Ursa Major,15.51,10:51:48.31,+43:45:50.9,0.59′ × 0.25′,0.00983333,General,,,,0,0,Work in progress
ngc-NGC3417,NGC 3417,Galaxy,Leo,15.21,10:51:01.72,+08:28:24.6,0.81′ × 0.52′,0.0135,General,,,,0,0,Work in progress
ngc-NGC3418,NGC 3418,Galaxy,Leo Minor,14.28,10:51:23.95,+28:06:43.3,1.1′ × 0.94′,0.01833333,General,,,,0,0,Work in progress
ngc-NGC3419,NGC 3419,Galaxy,Leo,13.84,10:51:17.74,+13:56:45.6,0.75′ × 0.63′,0.0125,General,,,,0,0,Work in progress
ngc-NGC3420,NGC 3420,Galaxy,Hydra,15.01,10:50:09.66,-17:14:33.1,1.16′ × 1.13′,0.01933333,General,,,,0,0,Work in progress
ngc-NGC3421,NGC 3421,Galaxy,Hydra,14.58,10:50:57.63,-12:26:54.7,1.58′ × 1.24′,0.02633333,General,,,,0,0,Work in progress
ngc-NGC3422,NGC 3422,Galaxy,Crater,14.71,10:51:17.34,-12:24:08.6,1.33′ × 0.44′,0.02216667,General,,,,0,0,Work in progress
ngc-NGC3423,NGC 3423,Galaxy,Sextans,11.17,10:51:14.33,+05:50:24.1,3.56′ × 3.03′,0.05933333,General,,,,0,0,Work in progress
ngc-NGC3424,NGC 3424,Galaxy,Leo Minor,13.13,10:51:46.33,+32:54:02.7,2.49′ × 0.78′,0.0415,General,,,,0,0,Work in progress
ngc-NGC3426,NGC 3426,Galaxy,Leo,13.78,10:51:41.75,+18:28:51.0,1.71′ × 1.39′,0.0285,General,,,,0,0,Work in progress
ngc-NGC3427,NGC 3427,Galaxy,Leo,13.95,10:51:26.33,+08:17:55.3,1.3′ × 0.83′,0.02166667,General,,,,0,0,Work in progress
ngc-NGC3428,NGC 3428,Galaxy,Leo,14.03,10:51:29.51,+09:16:46.2,1.4′ × 0.6′,0.02333333,General,,,,0,0,Work in progress
ngc-NGC3430,NGC 3430,Galaxy,Leo Minor,11.81,10:52:11.40,+32:57:01.6,3.99′ × 2.22′,0.0665,General,,,,0,0,Work in progress
ngc-NGC3431,NGC 3431,Galaxy,Crater,14.53,10:51:15.04,-17:00:28.9,1.5′ × 0.4′,0.025,General,,,,0,0,Work in progress
ngc-NGC3432,NGC 3432,Galaxy,Leo Minor,11.27,10:52:31.13,+36:37:07.6,7.41′ × 2.08′,0.1235,General,,,,0,0,Work in progress
ngc-NGC3433,NGC 3433,Galaxy,Leo,13.3,10:52:03.87,+10:08:53.9,2.51′ × 2.4′,0.04183333,General,,,,0,0,Work in progress
ngc-NGC3434,NGC 3434,Galaxy,Leo,13.47,10:51:58.03,+03:47:31.4,1.45′ × 1.09′,0.02416667,General,,,,0,0,Work in progress
ngc-NGC3435,NGC 3435,Galaxy,Ursa Major,14.05,10:54:48.33,+61:17:23.5,1.75′ × 1.17′,0.02916667,General,,,,0,0,Work in progress
ngc-NGC3436,NGC 3436,Galaxy,Leo,14.92,10:52:27.49,+08:05:38.5,0.86′ × 0.6′,0.01433333,General,,,,0,0,Work in progress
ngc-NGC3437,NGC 3437,Galaxy,Leo,12.19,10:52:35.75,+22:56:02.9,2.35′ × 0.82′,0.03916667,General,,,,0,0,Work in progress
ngc-NGC3438,NGC 3438,Galaxy,Leo,14.25,10:52:25.98,+10:32:50.1,0.89′ × 0.83′,0.01483333,General,,,,0,0,Work in progress
ngc-NGC3439,NGC 3439,Galaxy,Leo,15.24,10:52:25.72,+08:33:27.3,0.44′ × 0.35′,0.00733333,General,,,,0,0,Work in progress
ngc-NGC3440,NGC 3440,Galaxy,Ursa Major,14.06,10:53:49.50,+57:07:07.5,2.03′ × 0.47′,0.03383333,General,,,,0,0,Work in progress
ngc-NGC3441,NGC 3441,Galaxy,Leo,14.02,10:52:31.12,+07:13:29.6,0.79′ × 0.43′,0.01316667,General,,,,0,0,Work in progress
ngc-NGC3442,NGC 3442,Galaxy,Leo Minor,13.41,10:53:08.11,+33:54:37.3,0.54′ × 0.36′,0.009,General,,,,0,0,Work in progress
ngc-NGC3443,NGC 3443,Galaxy,Leo,14.58,10:53:00.12,+17:34:25.1,1.77′ × 0.89′,0.0295,General,,,,0,0,Work in progress
ngc-NGC3444,NGC 3444,Galaxy,Leo,15.52,10:52:59.38,+10:12:38.1,1.36′ × 0.16′,0.02266667,General,,,,0,0,Work in progress
ngc-NGC3445,NGC 3445,Galaxy,Ursa Major,12.66,10:54:35.49,+56:59:26.5,1.41′ × 1.28′,0.0235,General,,,,0,0,Work in progress
ngc-NGC3446,NGC 3446,Open cluster,Vela,,10:52:06.93,-45:08:21.3,7.5′,0.125,WideField,,,,0,0,Work in progress
ngc-NGC3447,NGC 3447,Galaxy pair,Leo,,10:52:26.80,+16:46:44.0,3.6′,0.06,General,,,,0,0,Work in progress
ngc-NGC3448,NGC 3448,Galaxy,Ursa Major,11.98,10:54:39.20,+54:18:17.5,2.97′ × 0.88′,0.0495,General,,,,0,0,Work in progress
ngc-NGC3449,NGC 3449,Galaxy,Antlia,12.98,10:52:53.66,-32:55:39.4,3.66′ × 0.96′,0.061,General,,,,0,0,Work in progress
ngc-NGC3450,NGC 3450,Galaxy,Hydra,11.83,10:48:03.62,-20:50:57.1,2.61′ × 2.29′,0.0435,General,,,,0,0,Work in progress
ngc-NGC3451,NGC 3451,Galaxy,Leo Minor,13.5,10:54:20.89,+27:14:23.1,1.66′ × 0.78′,0.02766667,General,,,,0,0,Work in progress
ngc-NGC3452,NGC 3452,Galaxy,Crater,14.8,10:54:14.08,-11:24:18.2,1.25′ × 0.31′,0.02083333,General,,,,0,0,Work in progress
ngc-NGC3453,NGC 3453,Galaxy,Hydra,13.91,10:53:40.50,-21:47:33.9,1.09′ × 0.56′,0.01816667,General,,,,0,0,Work in progress
ngc-NGC3454,NGC 3454,Galaxy,Leo,13.71,10:54:29.53,+17:20:38.5,2.41′ × 0.53′,0.04016667,General,,,,0,0,Work in progress
ngc-NGC3455,NGC 3455,Galaxy,Leo,12.73,10:54:31.09,+17:17:05.1,2.27′ × 1.42′,0.03783333,General,,,,0,0,Work in progress
ngc-NGC3456,NGC 3456,Galaxy,Crater,13.33,10:54:03.31,-16:01:39.8,1.75′ × 1.26′,0.02916667,General,,,,0,0,Work in progress
ngc-NGC3457,NGC 3457,Galaxy,Leo,12.98,10:54:48.63,+17:37:16.5,0.97′ × 0.93′,0.01616667,General,,,,0,0,Work in progress
ngc-NGC3458,NGC 3458,Galaxy,Ursa Major,13.05,10:56:01.48,+57:07:01.1,1.38′ × 0.73′,0.023,General,,,,0,0,Work in progress
ngc-NGC3459,NGC 3459,Galaxy,Crater,14.5,10:54:44.28,-17:02:31.2,1.45′ × 0.55′,0.02416667,General,,,,0,0,Work in progress
ngc-NGC3461,NGC 3461,Galaxy,Leo,15.99,10:54:55.29,+17:42:29.3,0.51′ × 0.43′,0.0085,General,,,,0,0,Work in progress
ngc-NGC3462,NGC 3462,Galaxy,Leo,13.36,10:55:21.06,+07:41:48.3,1.76′ × 1.16′,0.02933333,General,,,,0,0,Work in progress
ngc-NGC3463,NGC 3463,Galaxy,Hydra,13.82,10:55:13.36,-26:08:26.7,1.51′ × 0.7′,0.02516667,General,,,,0,0,Work in progress
ngc-NGC3464,NGC 3464,Galaxy,Hydra,12.63,10:54:40.01,-21:03:59.9,2.37′ × 1.55′,0.0395,General,,,,0,0,Work in progress
ngc-NGC3465,NGC 3465,Galaxy,Draco,14.55,10:59:31.27,+75:11:28.6,0.95′ × 0.8′,0.01583333,General,,,,0,0,Work in progress
ngc-NGC3466,NGC 3466,Galaxy,Leo,14.55,10:56:15.48,+09:45:16.0,1′ × 0.56′,0.01666667,General,,,,0,0,Work in progress
ngc-NGC3467,NGC 3467,Galaxy,Leo,13.43,10:56:44.08,+09:45:32.1,0.92′ × 0.81′,0.01533333,General,,,,0,0,Work in progress
ngc-NGC3468,NGC 3468,Galaxy,Ursa Major,14.02,10:57:31.17,+40:56:46.1,1.5′ × 0.73′,0.025,General,,,,0,0,Work in progress
ngc-NGC3469,NGC 3469,Galaxy,Crater,14.28,10:56:57.69,-14:18:02.9,1.56′ × 1.05′,0.026,General,,,,0,0,Work in progress
ngc-NGC3470,NGC 3470,Galaxy,Ursa Major,14.19,10:58:44.90,+59:30:38.5,1.36′ × 1.16′,0.02266667,General,,,,0,0,Work in progress
ngc-NGC3471,NGC 3471,Galaxy,Ursa Major,12.78,10:59:09.01,+61:31:50.5,1.79′ × 0.92′,0.02983333,General,,,,0,0,Work in progress
ngc-NGC3472,NGC 3472,Unclassified object,Crater,,10:57:22.24,-19:38:15.7,,,General,,,,0,0,Work in progress
ngc-NGC3473,NGC 3473,Galaxy,Leo,14.64,10:58:05.17,+17:07:27.9,1.05′ × 0.84′,0.0175,General,,,,0,0,Work in progress
ngc-NGC3474,NGC 3474,Galaxy,Leo,15.02,10:58:08.76,+17:05:44.5,1.06′ × 0.82′,0.01766667,General,,,,0,0,Work in progress
ngc-NGC3475,NGC 3475,Galaxy,Leo,14.54,10:58:25.22,+24:13:34.8,1.13′ × 0.7′,0.01883333,General,,,,0,0,Work in progress
ngc-NGC3476,NGC 3476,Galaxy,Leo,14.86,10:58:07.60,+09:16:34.1,1.01′ × 0.9′,0.01683333,General,,,,0,0,Work in progress
ngc-NGC3477,NGC 3477,Galaxy,Leo,15.57,10:58:12.58,+09:13:04.1,1.41′ × 0.31′,0.0235,General,,,,0,0,Work in progress
ngc-NGC3478,NGC 3478,Galaxy,Ursa Major,12.87,10:59:27.36,+46:07:20.6,2.05′ × 0.85′,0.03416667,General,,,,0,0,Work in progress
ngc-NGC3479,NGC 3479,Galaxy,Crater,13.91,10:58:55.48,-14:57:41.0,1.53′ × 1.07′,0.0255,General,,,,0,0,Work in progress
ngc-NGC3481,NGC 3481,Galaxy,Crater,13.81,10:59:26.17,-07:32:37.1,0.81′ × 0.56′,0.0135,General,,,,0,0,Work in progress
ngc-NGC3482,NGC 3482,Galaxy,Vela,12.62,10:58:34.27,-46:35:02.0,1.85′ × 1.36′,0.03083333,General,,,,0,0,Work in progress
ngc-NGC3483,NGC 3483,Galaxy,Hydra,13.24,10:59:00.18,-28:28:37.1,1.79′ × 1.35′,0.02983333,General,,,,0,0,Work in progress
ngc-NGC3484,NGC 3484,Unclassified object,Crater,,10:57:24.05,-19:37:59.7,,,General,,,,0,0,Work in progress
ngc-NGC3485,NGC 3485,Galaxy,Leo,12.24,11:00:02.38,+14:50:29.7,2.17′ × 2.05′,0.03616667,General,,,,0,0,Work in progress
ngc-NGC3486,NGC 3486,Galaxy,Leo Minor,10.57,11:00:23.87,+28:58:30.5,5.82′ × 4.12′,0.097,General,,,,0,0,Work in progress
ngc-NGC3487,NGC 3487,Galaxy,Leo,14.6,11:00:46.55,+17:35:15.4,0.89′ × 0.38′,0.01483333,General,,,,0,0,Work in progress
ngc-NGC3488,NGC 3488,Galaxy,Ursa Major,13.68,11:01:23.61,+57:40:39.6,1.51′ × 0.72′,0.02516667,General,,,,0,0,Work in progress
ngc-NGC3489,NGC 3489,Galaxy,Leo,10.23,11:00:18.57,+13:54:04.4,3.44′ × 2.03′,0.05733333,General,,,,0,0,Work in progress
ngc-NGC3490,NGC 3490,Galaxy,Leo,15.25,10:59:54.41,+09:21:42.8,0.89′ × 0.72′,0.01483333,General,,,,0,0,Work in progress
ngc-NGC3491,NGC 3491,Galaxy,Leo,13.23,11:00:35.40,+12:09:41.6,0.92′ × 0.9′,0.01533333,General,,,,0,0,Work in progress
ngc-NGC3492,NGC 3492,Galaxy pair,Leo,,11:00:57.00,+10:30:18.0,1′,0.01666667,General,,,,0,0,Work in progress
ngc-NGC3493,NGC 3493,Galaxy,Leo Minor,15.08,11:01:27.83,+27:43:10.5,0.98′ × 0.34′,0.01633333,General,,,,0,0,Work in progress
ngc-NGC3494,NGC 3494,Optical double,Leo,,11:01:10.91,+03:46:27.5,,,HighMagnification,,,,0,0,Work in progress
ngc-NGC3495,NGC 3495,Galaxy,Leo,12.43,11:01:16.23,+03:37:40.6,4.66′ × 1′,0.07766667,General,,,,0,0,Work in progress
ngc-NGC3496,NGC 3496,Open cluster,Carina,8.2,10:59:33.81,-60:20:12.7,6′,0.1,WideField,,,,0,0,Work in progress
ngc-NGC3497,NGC 3497,Galaxy,Crater,13.01,11:07:18.07,-19:28:17.6,2.58′ × 1.56′,0.043,General,,,,0,0,Work in progress
ngc-NGC3498,NGC 3498,Unclassified object,Leo,,11:01:42.19,+14:21:02.6,,,General,,,,0,0,Work in progress
ngc-NGC3499,NGC 3499,Galaxy,Ursa Major,14.2,11:03:11.03,+56:13:18.2,0.83′ × 0.71′,0.01383333,General,,,,0,0,Work in progress
ngc-NGC3500,NGC 3500,Galaxy,Draco,14.76,11:01:51.47,+75:12:04.9,0.87′ × 0.42′,0.0145,General,,,,0,0,Work in progress
ngc-NGC3501,NGC 3501,Galaxy,Leo,13.6,11:02:47.27,+17:59:21.6,4.31′ × 0.65′,0.07183333,General,,,,0,0,Work in progress
ngc-NGC3503,NGC 3503,Reflection nebula,Carina,,11:01:17.24,-59:50:44.7,3′ × 3′,0.05,General,,,,0,0,Work in progress
ngc-NGC3504,NGC 3504,Galaxy,Leo Minor,12.18,11:03:11.21,+27:58:21.0,2.48′ × 2.24′,0.04133333,General,,,,0,0,Work in progress
ngc-NGC3508,NGC 3508,Galaxy,Crater,13.38,11:02:59.67,-16:17:22.0,1′ × 0.8′,0.01666667,General,,,,0,0,Work in progress
ngc-NGC3506,NGC 3506,Galaxy,Leo,13.16,11:03:12.97,+11:04:36.0,1.16′ × 1.04′,0.01933333,General,,,,0,0,Work in progress
ngc-NGC3507,NGC 3507,Galaxy,Leo,12.07,11:03:25.36,+18:08:07.6,2.92′ × 2.51′,0.04866667,General,,,,0,0,Work in progress
ngc-NGC3509,NGC 3509,Galaxy,Leo,14.11,11:04:23.55,+04:49:43.0,1.93′ × 0.51′,0.03216667,General,,,,0,0,Work in progress
ngc-NGC3510,NGC 3510,Galaxy,Leo Minor,13.49,11:03:43.37,+28:53:13.8,1.55′ × 0.71′,0.02583333,General,,,,0,0,Work in progress
ngc-NGC3511,NGC 3511,Galaxy,Crater,11.02,11:03:23.77,-23:05:12.4,6.04′ × 2′,0.10066667,General,,,,0,0,Work in progress
ngc-NGC3512,NGC 3512,Galaxy,Leo Minor,12.29,11:04:02.94,+28:02:12.5,1.59′ × 1.36′,0.0265,General,,,,0,0,Work in progress
ngc-NGC3513,NGC 3513,Galaxy,Crater,11.66,11:03:46.08,-23:14:43.8,2.81′ × 1.28′,0.04683333,General,,,,0,0,Work in progress
ngc-NGC3514,NGC 3514,Galaxy,Crater,13.79,11:03:59.90,-18:46:50.1,1.22′ × 0.99′,0.02033333,General,,,,0,0,Work in progress
ngc-NGC3515,NGC 3515,Galaxy,Leo Minor,14.7,11:04:37.24,+28:13:40.7,0.98′ × 0.69′,0.01633333,General,,,,0,0,Work in progress
ngc-NGC3516,NGC 3516,Galaxy,Ursa Major,12.09,11:06:47.49,+72:34:06.9,1.91′ × 1.62′,0.03183333,General,,,,0,0,Work in progress
ngc-NGC3517,NGC 3517,Galaxy,Ursa Major,13.8,11:05:36.81,+56:31:29.7,0.95′ × 0.81′,0.01583333,General,,,,0,0,Work in progress
ngc-NGC3519,NGC 3519,Open cluster,Carina,7.7,11:04:02.77,-61:22:05.7,4.8′,0.08,WideField,,,,0,0,Work in progress
ngc-NGC3520,NGC 3520,Galaxy,Crater,14.87,11:07:09.21,-18:01:25.3,0.95′ × 0.75′,0.01583333,General,,,,0,0,Work in progress
ngc-NGC3521,NGC 3521,Galaxy,Leo,9.11,11:05:48.58,-00:02:09.1,8.32′ × 4.47′,0.13866667,General,,,,0,0,Work in progress
ngc-NGC3522,NGC 3522,Galaxy,Leo,14.07,11:06:40.46,+20:05:08.0,1.17′ × 0.62′,0.0195,General,,,,0,0,Work in progress
ngc-NGC3523,NGC 3523,Galaxy,Draco,13.74,11:03:06.32,+75:06:56.7,1.14′ × 0.97′,0.019,General,,,,0,0,Work in progress
ngc-NGC3524,NGC 3524,Galaxy,Leo,13.33,11:06:32.10,+11:23:07.5,1.47′ × 0.43′,0.0245,General,,,,0,0,Work in progress
ngc-NGC3526,NGC 3526,Galaxy,Leo,13.58,11:06:56.63,+07:10:26.1,2.38′ × 0.56′,0.03966667,General,,,,0,0,Work in progress
ngc-NGC3527,NGC 3527,Galaxy,Ursa Major,14.92,11:07:18.19,+28:31:40.0,1.18′ × 1′,0.01966667,General,,,,0,0,Work in progress
ngc-NGC3529,NGC 3529,Galaxy,Crater,14.07,11:07:19.12,-19:33:20.3,1.11′ × 0.92′,0.0185,General,,,,0,0,Work in progress
ngc-NGC3530,NGC 3530,Galaxy,Ursa Major,14.32,11:08:40.38,+57:13:48.7,0.81′ × 0.27′,0.0135,General,,,,0,0,Work in progress
ngc-NGC3533,NGC 3533,Galaxy,Centaurus,13.77,11:07:07.55,-37:10:21.5,2.88′ × 0.73′,0.048,General,,,,0,0,Work in progress
ngc-NGC3534,NGC 3534,Galaxy,Leo,14.04,11:08:55.66,+26:36:37.8,1.44′ × 0.45′,0.024,General,,,,0,0,Work in progress
ngc-NGC3535,NGC 3535,Galaxy,Leo,14.18,11:08:33.92,+04:49:54.8,1.16′ × 0.51′,0.01933333,General,,,,0,0,Work in progress
ngc-NGC3536,NGC 3536,Galaxy,Ursa Major,15.14,11:08:51.20,+28:28:32.5,0.84′ × 0.68′,0.014,General,,,,0,0,Work in progress
ngc-NGC3537,NGC 3537,Galaxy pair,Crater,,11:08:26.70,-10:15:28.0,1.4′,0.02333333,General,,,,0,0,Work in progress
ngc-NGC3538,NGC 3538,Optical double,Draco,,11:11:34.34,+75:34:11.0,,,HighMagnification,,,,0,0,Work in progress
ngc-NGC3539,NGC 3539,Galaxy,Ursa Major,15.22,11:09:08.84,+28:40:21.1,1.26′ × 0.41′,0.021,General,,,,0,0,Work in progress
ngc-NGC3540,NGC 3540,Galaxy,Ursa Major,14.49,11:09:16.08,+36:01:15.9,1.32′ × 1.19′,0.022,General,,,,0,0,Work in progress
ngc-NGC3541,NGC 3541,Galaxy,Crater,15.39,11:08:32.21,-10:29:30.6,1.3′ × 1.18′,0.02166667,General,,,,0,0,Work in progress
ngc-NGC3542,NGC 3542,Galaxy,Ursa Major,14.89,11:09:55.47,+36:56:47.4,0.81′ × 0.35′,0.0135,General,,,,0,0,Work in progress
ngc-NGC3543,NGC 3543,Galaxy,Ursa Major,14.14,11:10:56.45,+61:20:49.3,1.21′ × 0.25′,0.02016667,General,,,,0,0,Work in progress
ngc-NGC3544,NGC 3544,Galaxy,Crater,13.06,11:11:30.47,-18:17:22.2,3.06′ × 0.97′,0.051,General,,,,0,0,Work in progress
ngc-NGC3545,NGC 3545,Galaxy pair,Ursa Major,,11:10:12.70,+36:57:56.0,1.3′,0.02166667,General,,,,0,0,Work in progress
ngc-NGC3546,NGC 3546,Galaxy,Crater,14.46,11:09:46.79,-13:22:51.1,1.91′ × 0.9′,0.03183333,General,,,,0,0,Work in progress
ngc-NGC3547,NGC 3547,Galaxy,Leo,12.88,11:09:55.94,+10:43:15.0,1.74′ × 0.77′,0.029,General,,,,0,0,Work in progress
ngc-NGC3549,NGC 3549,Galaxy,Ursa Major,12.14,11:10:56.87,+53:23:16.0,2.64′ × 0.86′,0.044,General,,,,0,0,Work in progress
ngc-NGC3550,NGC 3550,Galaxy pair,Ursa Major,,11:10:38.70,+28:46:06.0,1.2′,0.02,General,,,,0,0,Work in progress
ngc-NGC3551,NGC 3551,Galaxy,Leo,14.7,11:09:44.44,+21:45:32.1,1.38′ × 0.95′,0.023,General,,,,0,0,Work in progress
ngc-NGC3552,NGC 3552,Galaxy,Ursa Major,15.04,11:10:42.85,+28:41:35.4,0.82′ × 0.77′,0.01366667,General,,,,0,0,Work in progress
ngc-NGC3553,NGC 3553,Galaxy,Ursa Major,16.03,11:10:40.48,+28:41:05.1,0.54′ × 0.27′,0.009,General,,,,0,0,Work in progress
ngc-NGC3554,NGC 3554,Galaxy,Ursa Major,15.21,11:10:47.82,+28:39:37.0,0.74′ × 0.61′,0.01233333,General,,,,0,0,Work in progress
ngc-NGC3555,NGC 3555,Galaxy,Leo,15.64,11:09:50.33,+21:48:36.7,0.6′ × 0.29′,0.01,General,,,,0,0,Work in progress
ngc-NGC3557,NGC 3557,Galaxy,Centaurus,10.42,11:09:57.64,-37:32:21.0,4.36′ × 3.43′,0.07266667,General,,,,0,0,Work in progress
ngc-NGC3558,NGC 3558,Galaxy,Ursa Major,14.55,11:10:55.87,+28:32:37.7,0.99′ × 0.91′,0.0165,General,,,,0,0,Work in progress
ngc-NGC3559,NGC 3559,Galaxy,Leo,13.78,11:10:45.21,+12:00:58.1,1.5′ × 0.91′,0.025,General,,,,0,0,Work in progress
ngc-NGC3561,the Guitar,Galaxy,Ursa Major,14.7,11:11:13.20,+28:41:47.3,1.71′ × 1.71′,0.0285,General,,,,0,0,Work in progress
ngc-NGC3562,NGC 3562,Galaxy,Draco,12.2,11:12:58.68,+72:52:45.5,1.69′ × 1.26′,0.02816667,General,,,,0,0,Work in progress
ngc-NGC3563,NGC 3563,Galaxy pair,Leo,,11:11:24.50,+26:57:45.0,1.4′,0.02333333,General,,,,0,0,Work in progress
ngc-NGC3564,NGC 3564,Galaxy,Centaurus,12.16,11:10:36.38,-37:32:51.3,1.95′ × 1.09′,0.0325,General,,,,0,0,Work in progress
ngc-NGC3565,NGC 3565,Galaxy,Crater,15.43,11:07:47.65,-20:01:17.6,0.68′ × 0.52′,0.01133333,General,,,,0,0,Work in progress
ngc-NGC3567,NGC 3567,Galaxy,Leo,14.4,11:11:18.68,+05:50:10.7,1.22′ × 0.46′,0.02033333,General,,,,0,0,Work in progress
ngc-NGC3568,NGC 3568,Galaxy,Centaurus,12.41,11:10:48.57,-37:26:52.3,2.7′ × 1.18′,0.045,General,,,,0,0,Work in progress
ngc-NGC3569,NGC 3569,Galaxy,Ursa Major,14.43,11:12:08.09,+35:27:07.7,1.15′ × 1.07′,0.01916667,General,,,,0,0,Work in progress
ngc-NGC3570,NGC 3570,Galaxy,Leo,14.94,11:12:03.35,+27:35:23.2,1.06′ × 0.99′,0.01766667,General,,,,0,0,Work in progress
ngc-NGC3572,NGC 3572,Open cluster,Carina,6.6,11:10:19.20,-60:14:54.1,4.08′,0.068,WideField,,,,0,0,Work in progress
ngc-NGC3573,NGC 3573,Galaxy,Centaurus,12.33,11:11:18.57,-36:52:31.9,2.55′ × 1.08′,0.0425,General,,,,0,0,Work in progress
ngc-NGC3574,NGC 3574,Galaxy,Leo,15.68,11:12:12.13,+27:37:29.4,0.73′ × 0.59′,0.01216667,General,,,,0,0,Work in progress
ngc-NGC3576,NGC 3576,H II region nebula,Carina,,11:11:31.67,-61:21:46.8,3′ × 3′,0.05,General,,,,0,0,Work in progress
ngc-NGC3577,NGC 3577,Galaxy,Ursa Major,14.73,11:13:44.90,+48:16:21.8,1.16′ × 1.01′,0.01933333,General,,,,0,0,Work in progress
ngc-NGC3578,NGC 3578,Unclassified object,Crater,,11:12:52.79,-15:57:26.1,,,General,,,,0,0,Work in progress
ngc-NGC3579,NGC 3579,Nebula,Carina,,11:11:59.60,-61:14:35.6,20′ × 15′,0.33333333,General,,,,0,0,Work in progress
ngc-NGC3580,NGC 3580,Galaxy,Leo,14.68,11:13:15.93,+03:39:26.4,0.85′ × 0.29′,0.01416667,General,,,,0,0,Work in progress
ngc-NGC3581,NGC 3581,H II region nebula,Carina,,11:12:01.96,-61:18:06.7,,,General,,,,0,0,Work in progress
ngc-NGC3582,NGC 3582,Nebula,Carina,,11:12:11.97,-61:16:24.8,,,General,,,,0,0,Work in progress
ngc-NGC3583,NGC 3583,Galaxy,Ursa Major,12.17,11:14:10.89,+48:19:06.7,2.24′ × 1.26′,0.03733333,General,,,,0,0,Work in progress
ngc-NGC3584,NGC 3584,Nebula,Carina,,11:12:19.79,-61:13:43.0,,,General,,,,0,0,Work in progress
ngc-NGC3585,NGC 3585,Galaxy,Hydra,9.69,11:13:17.09,-26:45:17.4,6.61′ × 3.27′,0.11016667,General,,,,0,0,Work in progress
ngc-NGC3586,NGC 3586,Nebula,Carina,,11:12:29.94,-61:21:08.1,,,General,,,,0,0,Work in progress
ngc-NGC3588,NGC 3588,Galaxy pair,Leo,15.3,11:14:02.70,+20:23:19.0,0.55′ × 0.55′,0.00916667,General,,,,0,0,Work in progress
ngc-NGC3589,NGC 3589,Galaxy,Ursa Major,14.48,11:15:13.33,+60:41:59.7,1.49′ × 0.76′,0.02483333,General,,,,0,0,Work in progress
ngc-NGC3590,NGC 3590,Open cluster,Carina,8.2,11:12:58.97,-60:47:20.5,5.1′,0.085,WideField,,,,0,0,Work in progress
ngc-NGC3591,NGC 3591,Galaxy,Crater,14.49,11:14:03.31,-14:05:14.4,1.22′ × 0.77′,0.02033333,General,,,,0,0,Work in progress
ngc-NGC3592,NGC 3592,Galaxy,Leo,14.55,11:14:27.37,+17:15:36.0,2.13′ × 0.57′,0.0355,General,,,,0,0,Work in progress
ngc-NGC3593,NGC 3593,Galaxy,Leo,10.91,11:14:37.00,+12:49:03.6,4.69′ × 1.85′,0.07816667,General,,,,0,0,Work in progress
ngc-NGC3594,NGC 3594,Galaxy,Ursa Major,14.96,11:16:13.99,+55:42:15.6,1.25′ × 1.06′,0.02083333,General,,,,0,0,Work in progress
ngc-NGC3595,NGC 3595,Galaxy,Ursa Major,12.92,11:15:25.55,+47:26:49.3,1.51′ × 0.63′,0.02516667,General,,,,0,0,Work in progress
ngc-NGC3596,NGC 3596,Galaxy,Leo,11.49,11:15:06.21,+14:47:13.3,3.55′ × 3.37′,0.05916667,General,,,,0,0,Work in progress
ngc-NGC3597,NGC 3597,Galaxy,Crater,13.09,11:14:41.97,-23:43:39.7,1.49′ × 1.06′,0.02483333,General,,,,0,0,Work in progress
ngc-NGC3598,NGC 3598,Galaxy,Leo,13.47,11:15:11.67,+17:15:45.7,1.61′ × 1.26′,0.02683333,General,,,,0,0,Work in progress
ngc-NGC3599,NGC 3599,Galaxy,Leo,12.01,11:15:26.96,+18:06:37.4,2.4′ × 2.18′,0.04,General,,,,0,0,Work in progress
ngc-NGC3600,NGC 3600,Galaxy,Ursa Major,12.98,11:15:52.01,+41:35:27.7,1.87′ × 0.59′,0.03116667,General,,,,0,0,Work in progress
ngc-NGC3601,NGC 3601,Galaxy,Leo,14.25,11:15:33.30,+05:06:55.5,0.51′ × 0.43′,0.0085,General,,,,0,0,Work in progress
ngc-NGC3602,NGC 3602,Galaxy,Leo,15.63,11:15:48.32,+17:24:58.0,1.04′ × 0.43′,0.01733333,General,,,,0,0,Work in progress
ngc-NGC3603,NGC 3603,Nebula with cluster,Carina,,11:15:06.59,-61:15:40.4,3.3′,0.055,General,,,,0,0,Work in progress
ngc-NGC3604,NGC 3604,Galaxy,Leo,12.22,11:17:30.17,+04:33:20.1,1.4′ × 0.75′,0.02333333,General,,,,0,0,Work in progress
ngc-NGC3605,NGC 3605,Galaxy,Leo,12.3,11:16:46.59,+18:01:01.8,1.25′ × 0.71′,0.02083333,General,,,,0,0,Work in progress
ngc-NGC3606,NGC 3606,Galaxy,Hydra,13.39,11:16:15.63,-33:49:38.8,1.59′ × 1.49′,0.0265,General,,,,0,0,Work in progress
ngc-NGC3607,NGC 3607,Galaxy,Leo,10,11:16:54.64,+18:03:06.3,4.59′ × 4.03′,0.0765,General,,,,0,0,Work in progress
ngc-NGC3608,NGC 3608,Galaxy,Leo,10.63,11:16:58.95,+18:08:55.3,3.18′ × 2.67′,0.053,General,,,,0,0,Work in progress
ngc-NGC3609,NGC 3609,Galaxy,Leo,13.97,11:17:50.62,+26:37:32.9,1.17′ × 0.97′,0.0195,General,,,,0,0,Work in progress
ngc-NGC3610,NGC 3610,Galaxy,Ursa Major,10.77,11:18:25.27,+58:47:10.6,2.39′ × 2.37′,0.03983333,General,,,,0,0,Work in progress
ngc-NGC3612,NGC 3612,Galaxy,Leo,14.93,11:18:14.72,+26:37:14.0,0.93′ × 0.64′,0.0155,General,,,,0,0,Work in progress
ngc-NGC3613,NGC 3613,Galaxy,Ursa Major,10.81,11:18:36.11,+58:00:00.0,3.55′ × 1.78′,0.05916667,General,,,,0,0,Work in progress
ngc-NGC3614,NGC 3614,Galaxy,Ursa Major,12.15,11:18:21.32,+45:44:53.6,2.5′ × 1.74′,0.04166667,General,,,,0,0,Work in progress
ngc-NGC3615,NGC 3615,Galaxy,Leo,13.89,11:18:06.65,+23:23:50.4,1.51′ × 0.91′,0.02516667,General,,,,0,0,Work in progress
ngc-NGC3616,NGC 3616,Star,Leo,,11:18:08.87,+14:45:54.8,,,HighMagnification,,,,0,0,Work in progress
ngc-NGC3617,NGC 3617,Galaxy,Hydra,12.75,11:17:50.86,-26:08:03.9,1.79′ × 1.22′,0.02983333,General,,,,0,0,Work in progress
ngc-NGC3618,NGC 3618,Galaxy,Leo,14.28,11:18:32.54,+23:28:08.7,0.89′ × 0.77′,0.01483333,General,,,,0,0,Work in progress
ngc-NGC3619,NGC 3619,Galaxy,Ursa Major,12.53,11:19:21.56,+57:45:28.2,3.89′ × 3.08′,0.06483333,General,,,,0,0,Work in progress
ngc-NGC3620,NGC 3620,Galaxy,Chamaeleon,13.88,11:16:04.68,-76:12:58.7,3.16′ × 0.84′,0.05266667,General,,,,0,0,Work in progress
ngc-NGC3621,NGC 3621,Galaxy,Hydra,9.55,11:18:16.51,-32:48:50.6,9.79′ × 4.03′,0.16316667,General,,,,0,0,Work in progress
ngc-NGC3622,NGC 3622,Galaxy,Ursa Major,13.13,11:20:12.37,+67:14:29.6,1.25′ × 0.51′,0.02083333,General,,,,0,0,Work in progress
ngc-NGC3624,NGC 3624,Galaxy,Leo,14.8,11:18:50.98,+07:31:17.0,0.91′ × 0.51′,0.01516667,General,,,,0,0,Work in progress
ngc-NGC3625,NGC 3625,Galaxy,Ursa Major,13.92,11:20:31.34,+57:46:53.1,1.91′ × 0.5′,0.03183333,General,,,,0,0,Work in progress
ngc-NGC3628,NGC 3628,Galaxy,Leo,9.45,11:20:16.97,+13:35:22.9,11.04′ × 3.44′,0.184,General,,,,0,0,Work in progress
ngc-NGC3629,NGC 3629,Galaxy,Leo,12.94,11:20:31.81,+26:57:48.1,1.77′ × 1.14′,0.0295,General,,,,0,0,Work in progress
ngc-NGC3630,NGC 3630,Galaxy,Leo,12.8,11:20:16.98,+02:57:51.8,1.92′ × 0.88′,0.032,General,,,,0,0,Work in progress
ngc-NGC3631,NGC 3631,Galaxy,Ursa Major,10.42,11:21:02.87,+53:10:10.4,3.72′ × 3.08′,0.062,General,,,,0,0,Work in progress
ngc-NGC3633,NGC 3633,Galaxy,Leo,14.29,11:20:26.22,+03:35:08.2,1.19′ × 0.44′,0.01983333,General,,,,0,0,Work in progress
ngc-NGC3634,NGC 3634,Galaxy,Crater,15.5,11:20:30.31,-09:00:49.5,0.35′ × 0.21′,0.00583333,General,,,,0,0,Work in progress
ngc-NGC3635,NGC 3635,Galaxy,Crater,14.64,11:20:31.39,-09:00:49.0,1.35′ × 1.35′,0.0225,General,,,,0,0,Work in progress
ngc-NGC3636,NGC 3636,Galaxy,Crater,12.4,11:20:25.04,-10:16:54.4,2.51′ × 1.29′,0.04183333,General,,,,0,0,Work in progress
ngc-NGC3637,NGC 3637,Galaxy,Crater,12.63,11:20:39.57,-10:15:26.5,2.45′ × 2.14′,0.04083333,General,,,,0,0,Work in progress
ngc-NGC3638,NGC 3638,Galaxy,Crater,14.18,11:20:10.03,-08:06:20.5,1.6′ × 0.38′,0.02666667,General,,,,0,0,Work in progress
ngc-NGC3639,NGC 3639,Galaxy,Leo,14.05,11:21:35.68,+18:27:30.9,1.1′ × 0.85′,0.01833333,General,,,,0,0,Work in progress
ngc-NGC3640,NGC 3640,Galaxy,Leo,10.41,11:21:06.85,+03:14:05.4,4.33′ × 3.81′,0.07216667,General,,,,0,0,Work in progress
ngc-NGC3641,NGC 3641,Galaxy,Leo,13.21,11:21:08.81,+03:11:40.5,0.99′ × 0.82′,0.0165,General,,,,0,0,Work in progress
ngc-NGC3642,NGC 3642,Galaxy,Ursa Major,12.19,11:22:17.89,+59:04:28.3,4.27′ × 3.65′,0.07116667,General,,,,0,0,Work in progress
ngc-NGC3643,NGC 3643,Galaxy,Leo,14.66,11:21:24.99,+03:00:50.1,0.95′ × 0.74′,0.01583333,General,,,,0,0,Work in progress
ngc-NGC3644,NGC 3644,Galaxy,Leo,15.02,11:21:32.87,+02:48:37.6,1.43′ × 0.61′,0.02383333,General,,,,0,0,Work in progress
ngc-NGC3646,NGC 3646,Galaxy,Leo,11.2,11:21:43.08,+20:10:10.4,3.09′ × 1.48′,0.0515,General,,,,0,0,Work in progress
ngc-NGC3647,NGC 3647,Galaxy,Leo,15.67,11:21:38.58,+02:53:30.2,0.39′ × 0.38′,0.0065,General,,,,0,0,Work in progress
ngc-NGC3648,NGC 3648,Galaxy,Ursa Major,12.64,11:22:31.51,+39:52:36.8,1.19′ × 0.73′,0.01983333,General,,,,0,0,Work in progress
ngc-NGC3649,NGC 3649,Galaxy,Leo,14.67,11:22:14.74,+20:12:30.7,0.76′ × 0.54′,0.01266667,General,,,,0,0,Work in progress
ngc-NGC3650,NGC 3650,Galaxy,Leo,14.48,11:22:35.39,+20:42:14.1,1.91′ × 0.32′,0.03183333,General,,,,0,0,Work in progress
ngc-NGC3651,NGC 3651,Galaxy pair,Leo,,11:22:26.30,+24:17:50.0,1′,0.01666667,General,,,,0,0,Work in progress
ngc-NGC3652,NGC 3652,Galaxy,Ursa Major,12.66,11:22:39.03,+37:45:54.4,2.48′ × 0.77′,0.04133333,General,,,,0,0,Work in progress
ngc-NGC3653,NGC 3653,Galaxy,Leo,14.58,11:22:30.07,+24:16:45.4,1.21′ × 0.65′,0.02016667,General,,,,0,0,Work in progress
ngc-NGC3654,NGC 3654,Galaxy,Ursa Major,13.32,11:24:10.74,+69:24:47.1,1.46′ × 0.84′,0.02433333,General,,,,0,0,Work in progress
ngc-NGC3655,NGC 3655,Galaxy,Leo,11.67,11:22:54.62,+16:35:24.1,1.45′ × 1′,0.02416667,General,,,,0,0,Work in progress
ngc-NGC3656,NGC 3656,Galaxy,Ursa Major,12.75,11:23:38.65,+53:50:31.6,1.46′ × 0.97′,0.02433333,General,,,,0,0,Work in progress
ngc-NGC3657,NGC 3657,Galaxy,Ursa Major,13.24,11:23:55.58,+52:55:15.6,0.99′ × 0.88′,0.0165,General,,,,0,0,Work in progress
ngc-NGC3658,NGC 3658,Galaxy,Ursa Major,12.16,11:23:58.26,+38:33:44.4,1.72′ × 1.59′,0.02866667,General,,,,0,0,Work in progress
ngc-NGC3659,NGC 3659,Galaxy,Leo,12.82,11:23:45.54,+17:49:07.2,1.96′ × 1.04′,0.03266667,General,,,,0,0,Work in progress
ngc-NGC3660,NGC 3660,Galaxy,Crater,12.66,11:23:32.28,-08:39:30.8,2.56′ × 2.17′,0.04266667,General,,,,0,0,Work in progress
ngc-NGC3661,NGC 3661,Galaxy,Crater,14.34,11:23:38.43,-13:49:52.0,1.77′ × 0.75′,0.0295,General,,,,0,0,Work in progress
ngc-NGC3662,NGC 3662,Galaxy,Leo,13.77,11:23:46.46,-01:06:17.5,1.32′ × 0.76′,0.022,General,,,,0,0,Work in progress
ngc-NGC3663,NGC 3663,Galaxy,Crater,13.16,11:23:59.91,-12:17:47.2,1.98′ × 1.43′,0.033,General,,,,0,0,Work in progress
ngc-NGC3664,NGC 3664,Galaxy,Leo,12.7,11:24:24.25,+03:19:30.0,1.45′ × 0.94′,0.02416667,General,,,,0,0,Work in progress
ngc-NGC3665,NGC 3665,Galaxy,Ursa Major,10.83,11:24:43.67,+38:45:46.3,4.06′ × 3′,0.06766667,General,,,,0,0,Work in progress
ngc-NGC3666,NGC 3666,Galaxy,Leo,12.69,11:24:26.07,+11:20:32.0,3.44′ × 0.99′,0.05733333,General,,,,0,0,Work in progress
ngc-NGC3667,NGC 3667,Galaxy,Crater,14,11:24:17.02,-13:51:26.3,2.1′ × 1.2′,0.035,General,,,,0,0,Work in progress
ngc-NGC3668,NGC 3668,Galaxy,Ursa Major,13.11,11:25:30.44,+63:26:46.8,1.82′ × 1.11′,0.03033333,General,,,,0,0,Work in progress
ngc-NGC3669,NGC 3669,Galaxy,Ursa Major,13.34,11:25:26.76,+57:43:16.5,1.79′ × 0.45′,0.02983333,General,,,,0,0,Work in progress
ngc-NGC3670,NGC 3670,Galaxy,Leo,14.35,11:24:49.66,+23:56:42.8,1.06′ × 0.66′,0.01766667,General,,,,0,0,Work in progress
ngc-NGC3671,NGC 3671,Galaxy,Ursa Major,15.61,11:25:52.55,+60:28:46.5,0.82′ × 0.67′,0.01366667,General,,,,0,0,Work in progress
ngc-NGC3672,NGC 3672,Galaxy,Crater,11.34,11:25:02.47,-09:47:43.4,2.9′ × 1.69′,0.04833333,General,,,,0,0,Work in progress
ngc-NGC3673,NGC 3673,Galaxy,Hydra,11.57,11:25:12.85,-26:44:12.2,3.48′ × 2.32′,0.058,General,,,,0,0,Work in progress
ngc-NGC3674,NGC 3674,Galaxy,Ursa Major,13.01,11:26:26.61,+57:02:54.2,1.59′ × 0.47′,0.0265,General,,,,0,0,Work in progress
ngc-NGC3675,NGC 3675,Galaxy,Ursa Major,10.09,11:26:08.58,+43:35:09.3,5.9′ × 3.27′,0.09833333,General,,,,0,0,Work in progress
ngc-NGC3676,NGC 3676,Galaxy,Crater,14.68,11:25:37.50,-11:08:22.8,1.01′ × 0.76′,0.01683333,General,,,,0,0,Work in progress
ngc-NGC3677,NGC 3677,Galaxy,Ursa Major,13.82,11:26:17.76,+46:58:26.8,1.49′ × 1.29′,0.02483333,General,,,,0,0,Work in progress
ngc-NGC3678,NGC 3678,Galaxy,Leo,14.14,11:26:15.76,+27:52:01.7,0.71′ × 0.68′,0.01183333,General,,,,0,0,Work in progress
ngc-NGC3679,NGC 3679,Galaxy,Leo,14.85,11:21:48.06,-05:45:27.7,1.21′ × 0.95′,0.02016667,General,,,,0,0,Work in progress
ngc-NGC3680,NGC 3680,Open cluster,Centaurus,7.6,11:25:37.08,-43:15:00.4,5.7′,0.095,WideField,,,,0,0,Work in progress
ngc-NGC3681,NGC 3681,Galaxy,Leo,11.92,11:26:29.80,+16:51:47.5,1.74′ × 1.68′,0.029,General,,,,0,0,Work in progress
ngc-NGC3682,NGC 3682,Galaxy,Draco,12.49,11:27:41.20,+66:35:23.4,2.23′ × 1.41′,0.03716667,General,,,,0,0,Work in progress
ngc-NGC3683,NGC 3683,Galaxy,Ursa Major,12.97,11:27:31.85,+56:52:37.4,1.74′ × 0.71′,0.029,General,,,,0,0,Work in progress
ngc-NGC3684,NGC 3684,Galaxy,Leo,11.81,11:27:11.20,+17:01:48.6,2.29′ × 1.5′,0.03816667,General,,,,0,0,Work in progress
ngc-NGC3685,NGC 3685,Galaxy,Leo,15.46,11:28:16.22,+04:19:38.2,0.75′ × 0.38′,0.0125,General,,,,0,0,Work in progress
ngc-NGC3686,NGC 3686,Galaxy,Leo,11.43,11:27:43.97,+17:13:27.1,2.88′ × 2.18′,0.048,General,,,,0,0,Work in progress
ngc-NGC3687,NGC 3687,Galaxy,Ursa Major,12.58,11:28:00.61,+29:30:39.8,1.4′ × 0.49′,0.02333333,General,,,,0,0,Work in progress
ngc-NGC3688,NGC 3688,Galaxy,Crater,15.38,11:27:44.45,-09:09:56.2,1.11′ × 0.93′,0.0185,General,,,,0,0,Work in progress
ngc-NGC3689,NGC 3689,Galaxy,Leo,12.31,11:28:11.03,+25:39:40.2,1.48′ × 0.97′,0.02466667,General,,,,0,0,Work in progress
ngc-NGC3690,NGC 3690,Galaxy pair,Ursa Major,,11:28:32.30,+58:33:43.0,2.1′,0.035,General,,,,0,0,Work in progress
ngc-NGC3691,NGC 3691,Galaxy,Leo,12.63,11:28:09.41,+16:55:13.7,1.49′ × 1.04′,0.02483333,General,,,,0,0,Work in progress
ngc-NGC3692,NGC 3692,Galaxy,Leo,12.94,11:28:24.01,+09:24:27.5,3.22′ × 0.75′,0.05366667,General,,,,0,0,Work in progress
ngc-NGC3693,NGC 3693,Galaxy,Crater,14.02,11:28:11.57,-13:11:41.5,2.33′ × 0.75′,0.03883333,General,,,,0,0,Work in progress
ngc-NGC3694,NGC 3694,Galaxy,Ursa Major,13.56,11:28:54.13,+35:24:50.4,1′ × 0.78′,0.01666667,General,,,,0,0,Work in progress
ngc-NGC3695,NGC 3695,Galaxy,Ursa Major,14.85,11:29:17.09,+35:34:32.6,0.97′ × 0.67′,0.01616667,General,,,,0,0,Work in progress
ngc-NGC3696,NGC 3696,Galaxy,Crater,14.97,11:28:43.89,-11:16:58.2,0.9′ × 0.73′,0.015,General,,,,0,0,Work in progress
ngc-NGC3697,NGC 3697,Galaxy,Leo,13.06,11:28:50.38,+20:47:42.1,2.07′ × 0.61′,0.0345,General,,,,0,0,Work in progress
ngc-NGC3699,NGC 3699,Planetary nebula,Centaurus,11.3,11:27:57.15,-59:57:29.0,0.75′,0.0125,HighMagnification,,,,0,0,Work in progress
ngc-NGC3700,NGC 3700,Galaxy,Ursa Major,14.87,11:29:38.61,+35:30:52.7,0.98′ × 0.71′,0.01633333,General,,,,0,0,Work in progress
ngc-NGC3701,NGC 3701,Galaxy,Leo,13.02,11:29:28.92,+24:05:36.4,1.6′ × 0.77′,0.02666667,General,,,,0,0,Work in progress
ngc-NGC3702,NGC 3702,Galaxy,Crater,14.67,11:30:13.48,-08:51:46.5,1.29′ × 0.95′,0.0215,General,,,,0,0,Work in progress
ngc-NGC3703,NGC 3703,Galaxy,Crater,15.68,11:29:09.36,-08:26:47.2,0.6′ × 0.42′,0.01,General,,,,0,0,Work in progress
ngc-NGC3704,NGC 3704,Galaxy,Crater,13.88,11:30:04.65,-11:32:46.8,1.55′ × 1.44′,0.02583333,General,,,,0,0,Work in progress
ngc-NGC3705,NGC 3705,Galaxy,Leo,10.97,11:30:07.46,+09:16:35.9,4.31′ × 1.74′,0.07183333,General,,,,0,0,Work in progress
ngc-NGC3706,NGC 3706,Galaxy,Centaurus,11.3,11:29:44.43,-36:23:28.7,3.1′ × 2.1′,0.05166667,General,,,,0,0,Work in progress
ngc-NGC3707,NGC 3707,Galaxy,Crater,15.83,11:30:11.56,-11:32:36.6,0.67′ × 0.53′,0.01116667,General,,,,0,0,Work in progress
ngc-NGC3708,NGC 3708,Unclassified object,Leo,,11:30:39.28,-03:13:21.3,,,General,,,,0,0,Work in progress
ngc-NGC3709,NGC 3709,Unclassified object,Leo,,11:30:39.27,-03:15:21.3,,,General,,,,0,0,Work in progress
ngc-NGC3710,NGC 3710,Galaxy,Leo,13.09,11:31:06.94,+22:46:05.0,1.22′ × 0.45′,0.02033333,General,,,,0,0,Work in progress
ngc-NGC3711,NGC 3711,Galaxy,Crater,14.69,11:29:25.52,-11:04:44.7,0.95′ × 0.46′,0.01583333,General,,,,0,0,Work in progress
ngc-NGC3712,NGC 3712,Galaxy,Ursa Major,15.63,11:31:09.15,+28:34:04.6,1.97′ × 0.7′,0.03283333,General,,,,0,0,Work in progress
ngc-NGC3713,NGC 3713,Galaxy,Leo,14.18,11:31:42.02,+28:09:12.9,1.21′ × 0.8′,0.02016667,General,,,,0,0,Work in progress
ngc-NGC3714,NGC 3714,Galaxy,Ursa Major,14.33,11:31:53.61,+28:21:30.5,1.23′ × 0.85′,0.0205,General,,,,0,0,Work in progress
ngc-NGC3715,NGC 3715,Galaxy,Crater,13.45,11:31:32.34,-14:13:52.9,1.23′ × 0.81′,0.0205,General,,,,0,0,Work in progress
ngc-NGC3716,NGC 3716,Galaxy,Leo,14.24,11:31:41.13,+03:29:16.8,0.92′ × 0.78′,0.01533333,General,,,,0,0,Work in progress
ngc-NGC3717,NGC 3717,Galaxy,Hydra,11.23,11:31:31.99,-30:18:27.9,6.52′ × 2.04′,0.10866667,General,,,,0,0,Work in progress
ngc-NGC3718,NGC 3718,Galaxy,Ursa Major,10.7,11:32:34.85,+53:04:04.5,4.7′ × 2.34′,0.07833333,General,,,,0,0,Work in progress
ngc-NGC3719,NGC 3719,Galaxy,Leo,13.11,11:32:13.46,+00:49:09.4,1.67′ × 1.11′,0.02783333,General,,,,0,0,Work in progress
ngc-NGC3720,NGC 3720,Galaxy,Leo,13.02,11:32:21.60,+00:48:14.4,1.07′ × 0.99′,0.01783333,General,,,,0,0,Work in progress
ngc-NGC3721,NGC 3721,Galaxy,Crater,15.47,11:34:07.82,-09:28:01.7,0.91′ × 0.53′,0.01516667,General,,,,0,0,Work in progress
ngc-NGC3722,NGC 3722,Galaxy,Crater,15.44,11:34:23.31,-09:40:48.2,1.11′ × 0.81′,0.0185,General,,,,0,0,Work in progress
ngc-NGC3723,NGC 3723,Galaxy,Crater,14.36,11:32:30.55,-09:58:10.3,1.3′ × 1.1′,0.02166667,General,,,,0,0,Work in progress
ngc-NGC3724,NGC 3724,Galaxy,Crater,15.02,11:34:28.68,-09:39:36.7,1.46′ × 0.35′,0.02433333,General,,,,0,0,Work in progress
ngc-NGC3725,NGC 3725,Galaxy,Ursa Major,13.18,11:33:40.53,+61:53:16.8,1.54′ × 1.27′,0.02566667,General,,,,0,0,Work in progress
ngc-NGC3726,NGC 3726,Galaxy,Ursa Major,10.49,11:33:21.12,+47:01:45.1,5.27′ × 3.54′,0.08783333,General,,,,0,0,Work in progress
ngc-NGC3727,NGC 3727,Galaxy,Crater,15.14,11:33:40.93,-13:52:44.0,0.92′ × 0.63′,0.01533333,General,,,,0,0,Work in progress
ngc-NGC3728,NGC 3728,Galaxy,Leo,14.53,11:33:15.78,+24:26:48.8,1.56′ × 0.85′,0.026,General,,,,0,0,Work in progress
ngc-NGC3729,NGC 3729,Galaxy,Ursa Major,11.56,11:33:49.32,+53:07:32.0,2.89′ × 2.09′,0.04816667,General,,,,0,0,Work in progress
ngc-NGC3730,NGC 3730,Galaxy,Crater,14.69,11:34:16.88,-09:34:34.0,1.42′ × 1.06′,0.02366667,General,,,,0,0,Work in progress
ngc-NGC3731,NGC 3731,Galaxy,Leo,14.37,11:34:11.68,+12:30:44.3,0.97′ × 0.85′,0.01616667,General,,,,0,0,Work in progress
ngc-NGC3732,NGC 3732,Galaxy,Crater,12.36,11:34:13.94,-09:50:44.4,1.28′ × 1.1′,0.02133333,General,,,,0,0,Work in progress
ngc-NGC3733,NGC 3733,Galaxy,Ursa Major,12.43,11:35:01.60,+54:51:01.8,3.4′ × 1.07′,0.05666667,General,,,,0,0,Work in progress
ngc-NGC3734,NGC 3734,Galaxy,Crater,14.85,11:34:40.68,-14:04:54.6,1.11′ × 0.97′,0.0185,General,,,,0,0,Work in progress
ngc-NGC3735,NGC 3735,Galaxy,Draco,12.5,11:35:57.30,+70:32:08.1,3.54′ × 0.8′,0.059,General,,,,0,0,Work in progress
ngc-NGC3736,NGC 3736,Galaxy,Draco,15.82,11:35:41.73,+73:27:06.6,1.15′ × 0.55′,0.01916667,General,,,,0,0,Work in progress
ngc-NGC3737,NGC 3737,Galaxy,Ursa Major,13.87,11:35:36.38,+54:56:54.8,1.1′ × 0.95′,0.01833333,General,,,,0,0,Work in progress
ngc-NGC3738,NGC 3738,Galaxy,Ursa Major,11.45,11:35:48.79,+54:31:26.0,2.26′ × 1.63′,0.03766667,General,,,,0,0,Work in progress
ngc-NGC3739,NGC 3739,Galaxy,Leo,15.16,11:35:37.60,+25:05:19.1,1.22′ × 0.35′,0.02033333,General,,,,0,0,Work in progress
ngc-NGC3740,NGC 3740,Galaxy,Ursa Major,14.82,11:36:12.28,+59:58:35.4,1.26′ × 0.69′,0.021,General,,,,0,0,Work in progress
ngc-NGC3741,NGC 3741,Galaxy,Ursa Major,14.03,11:36:06.18,+45:17:01.1,0.94′ × 0.81′,0.01566667,General,,,,0,0,Work in progress
ngc-NGC3742,NGC 3742,Galaxy,Centaurus,12.06,11:35:32.51,-37:57:23.0,2.6′ × 1.83′,0.04333333,General,,,,0,0,Work in progress
ngc-NGC3743,NGC 3743,Galaxy,Leo,15.65,11:35:57.36,+21:43:21.4,0.56′ × 0.48′,0.00933333,General,,,,0,0,Work in progress
ngc-NGC3744,NGC 3744,Galaxy,Leo,15.5,11:35:57.87,+23:00:41.6,0.73′ × 0.32′,0.01216667,General,,,,0,0,Work in progress
ngc-NGC3745,NGC 3745,Galaxy,Leo,16.17,11:37:44.43,+22:01:16.6,0.58′ × 0.33′,0.00966667,General,,,,0,0,Work in progress
ngc-NGC3746,NGC 3746,Galaxy,Leo,14.98,11:37:43.62,+22:00:35.4,1.13′ × 0.53′,0.01883333,General,,,,0,0,Work in progress
ngc-NGC3747,NGC 3747,Galaxy,Draco,16.33,11:32:31.06,+74:22:42.2,0.48′ × 0.23′,0.008,General,,,,0,0,Work in progress
ngc-NGC3748,NGC 3748,Galaxy,Leo,15.77,11:37:49.06,+22:01:34.1,0.85′ × 0.31′,0.01416667,General,,,,0,0,Work in progress
ngc-NGC3749,NGC 3749,Galaxy,Centaurus,12.76,11:35:53.21,-37:59:50.5,2.82′ × 0.48′,0.047,General,,,,0,0,Work in progress
ngc-NGC3750,NGC 3750,Galaxy,Leo,14.91,11:37:51.64,+21:58:27.3,1.05′ × 0.73′,0.0175,General,,,,0,0,Work in progress
ngc-NGC3751,NGC 3751,Galaxy,Leo,15,11:37:53.86,+21:56:11.3,0.91′ × 0.53′,0.01516667,General,,,,0,0,Work in progress
ngc-NGC3752,NGC 3752,Galaxy,Draco,13.81,11:32:32.21,+74:37:39.1,1.62′ × 0.68′,0.027,General,,,,0,0,Work in progress
ngc-NGC3753,NGC 3753,Galaxy,Leo,14.54,11:37:53.90,+21:58:53.0,1.6′ × 0.46′,0.02666667,General,,,,0,0,Work in progress
ngc-NGC3754,NGC 3754,Galaxy,Leo,15.02,11:37:54.92,+21:59:07.8,0.55′ × 0.45′,0.00916667,General,,,,0,0,Work in progress
ngc-NGC3755,NGC 3755,Galaxy,Ursa Major,12.79,11:36:33.37,+36:24:37.2,2.9′ × 1.16′,0.04833333,General,,,,0,0,Work in progress
ngc-NGC3756,NGC 3756,Galaxy,Ursa Major,11.52,11:36:48.02,+54:17:36.8,1.91′ × 0.97′,0.03183333,General,,,,0,0,Work in progress
ngc-NGC3757,NGC 3757,Galaxy,Ursa Major,13.44,11:37:02.86,+58:24:55.9,1.14′ × 0.89′,0.019,General,,,,0,0,Work in progress
ngc-NGC3758,NGC 3758,Galaxy,Leo,14.08,11:36:29.10,+21:35:46.0,0.7′ × 0.57′,0.01166667,General,,,,0,0,Work in progress
ngc-NGC3759,NGC 3759,Galaxy,Ursa Major,13.29,11:36:54.09,+54:49:23.9,1.03′ × 0.95′,0.01716667,General,,,,0,0,Work in progress
ngc-NGC3761,NGC 3761,Galaxy,Leo,15.01,11:36:44.12,+22:59:31.3,1.09′ × 0.83′,0.01816667,General,,,,0,0,Work in progress
ngc-NGC3762,NGC 3762,Galaxy,Ursa Major,13.25,11:37:23.83,+61:45:33.7,1.83′ × 0.42′,0.0305,General,,,,0,0,Work in progress
ngc-NGC3763,NGC 3763,Galaxy,Crater,13.16,11:36:30.19,-09:50:48.1,1.07′ × 0.95′,0.01783333,General,,,,0,0,Work in progress
ngc-NGC3764,NGC 3764,Galaxy pair,Leo,,11:36:54.10,+17:53:22.0,0.8′,0.01333333,General,,,,0,0,Work in progress
ngc-NGC3765,NGC 3765,Galaxy,Leo,14.89,11:37:04.18,+24:05:46.5,0.85′ × 0.57′,0.01416667,General,,,,0,0,Work in progress
ngc-NGC3767,NGC 3767,Galaxy,Leo,13.44,11:37:15.56,+16:52:37.8,0.98′ × 0.7′,0.01633333,General,,,,0,0,Work in progress
ngc-NGC3768,NGC 3768,Galaxy,Leo,13.66,11:37:14.48,+17:50:23.6,1.36′ × 0.84′,0.02266667,General,,,,0,0,Work in progress
ngc-NGC3769,NGC 3769,Galaxy,Ursa Major,12.52,11:37:44.11,+47:53:35.1,2.82′ × 0.89′,0.047,General,,,,0,0,Work in progress
ngc-NGC3770,NGC 3770,Galaxy,Ursa Major,13.58,11:37:58.74,+59:37:00.9,0.95′ × 0.63′,0.01583333,General,,,,0,0,Work in progress
ngc-NGC3771,NGC 3771,Galaxy,Crater,12.59,11:39:06.00,-09:20:53.5,1.47′ × 0.86′,0.0245,General,,,,0,0,Work in progress
ngc-NGC3772,NGC 3772,Galaxy,Leo,14.26,11:37:48.48,+22:41:28.6,1.31′ × 0.69′,0.02183333,General,,,,0,0,Work in progress
ngc-NGC3773,NGC 3773,Galaxy,Leo,13.31,11:38:12.88,+12:06:43.4,1.23′ × 0.97′,0.0205,General,,,,0,0,Work in progress
ngc-NGC3774,NGC 3774,Galaxy,Crater,14.74,11:38:30.26,-08:58:34.1,1.11′ × 0.67′,0.0185,General,,,,0,0,Work in progress
ngc-NGC3775,NGC 3775,Galaxy,Crater,14.7,11:38:26.70,-10:38:19.6,1.28′ × 0.5′,0.02133333,General,,,,0,0,Work in progress
ngc-NGC3776,NGC 3776,Galaxy,Virgo,16.08,11:38:17.98,-03:21:15.8,0.48′ × 0.38′,0.008,General,,,,0,0,Work in progress
ngc-NGC3777,NGC 3777,Galaxy,Crater,14.42,11:36:06.85,-12:34:08.7,1.18′ × 0.63′,0.01966667,General,,,,0,0,Work in progress
ngc-NGC3778,NGC 3778,Galaxy,Centaurus,14.16,11:38:21.41,-50:42:55.3,1.21′ × 0.99′,0.02016667,General,,,,0,0,Work in progress
ngc-NGC3779,NGC 3779,Galaxy,Crater,14.39,11:38:51.05,-10:35:01.5,1.62′ × 0.82′,0.027,General,,,,0,0,Work in progress
ngc-NGC3780,NGC 3780,Galaxy,Ursa Major,12.13,11:39:22.36,+56:16:14.4,2.64′ × 2.17′,0.044,General,,,,0,0,Work in progress
ngc-NGC3781,NGC 3781,Galaxy,Leo,14.73,11:39:03.76,+26:21:42.3,0.68′ × 0.55′,0.01133333,General,,,,0,0,Work in progress
ngc-NGC3782,NGC 3782,Galaxy,Ursa Major,13.09,11:39:20.76,+46:30:49.8,1.23′ × 0.64′,0.0205,General,,,,0,0,Work in progress
ngc-NGC3783,NGC 3783,Galaxy,Centaurus,12.67,11:39:01.76,-37:44:19.2,2.15′ × 1.94′,0.03583333,General,,,,0,0,Work in progress
ngc-NGC3784,NGC 3784,Galaxy,Leo,15.11,11:39:29.80,+26:18:32.9,0.93′ × 0.5′,0.0155,General,,,,0,0,Work in progress
ngc-NGC3785,NGC 3785,Galaxy,Leo,15.06,11:39:32.89,+26:18:08.2,1.11′ × 0.44′,0.0185,General,,,,0,0,Work in progress
ngc-NGC3786,NGC 3786,Galaxy,Ursa Major,13.74,11:39:42.55,+31:54:33.4,1.96′ × 1′,0.03266667,General,,,,0,0,Work in progress
ngc-NGC3787,NGC 3787,Galaxy,Leo,14.57,11:39:37.95,+20:27:16.9,0.75′ × 0.7′,0.0125,General,,,,0,0,Work in progress
ngc-NGC3788,NGC 3788,Galaxy,Ursa Major,12.5,11:39:44.65,+31:55:52.3,2′ × 0.58′,0.03333333,General,,,,0,0,Work in progress
ngc-NGC3789,NGC 3789,Galaxy,Crater,14.26,11:38:09.06,-09:36:25.7,1.8′ × 0.52′,0.03,General,,,,0,0,Work in progress
ngc-NGC3790,NGC 3790,Galaxy,Leo,14.41,11:39:47.26,+17:42:44.1,1.03′ × 0.36′,0.01716667,General,,,,0,0,Work in progress
ngc-NGC3791,NGC 3791,Galaxy,Crater,14.36,11:39:41.70,-09:22:02.1,1.34′ × 0.92′,0.02233333,General,,,,0,0,Work in progress
ngc-NGC3792,NGC 3792,Optical double,Virgo,,11:39:38.53,+05:05:58.2,,,HighMagnification,,,,0,0,Work in progress
ngc-NGC3793,NGC 3793,Star,Ursa Major,14.4,11:40:01.99,+31:52:39.8,,,HighMagnification,,,,0,0,Work in progress
ngc-NGC3794,NGC 3794,Galaxy,Ursa Major,13.01,11:40:53.42,+56:12:07.3,2.03′ × 1.12′,0.03383333,General,,,,0,0,Work in progress
ngc-NGC3795,NGC 3795,Galaxy,Ursa Major,13.99,11:40:06.67,+58:36:47.1,2.1′ × 0.55′,0.035,General,,,,0,0,Work in progress
ngc-NGC3796,NGC 3796,Galaxy,Ursa Major,12.86,11:40:31.12,+60:17:56.1,1.46′ × 0.88′,0.02433333,General,,,,0,0,Work in progress
ngc-NGC3797,NGC 3797,Star,Ursa Major,14.9,11:40:13.31,+31:54:23.6,,,HighMagnification,,,,0,0,Work in progress
ngc-NGC3798,NGC 3798,Galaxy,Leo,13.1,11:40:13.94,+24:41:49.4,2.15′ × 1.01′,0.03583333,General,,,,0,0,Work in progress
ngc-NGC3799,NGC 3799,Galaxy,Leo,14.47,11:40:09.38,+15:19:38.3,0.67′ × 0.38′,0.01116667,General,,,,0,0,Work in progress
ngc-NGC3800,NGC 3800,Galaxy,Leo,13.01,11:40:13.51,+15:20:32.5,1.67′ × 0.58′,0.02783333,General,,,,0,0,Work in progress
ngc-NGC3801,NGC 3801,Galaxy,Leo,12.26,11:40:16.94,+17:43:41.0,2.31′ × 1.29′,0.0385,General,,,,0,0,Work in progress
ngc-NGC3802,NGC 3802,Galaxy,Leo,13.55,11:40:18.78,+17:45:55.2,1.04′ × 0.24′,0.01733333,General,,,,0,0,Work in progress
ngc-NGC3803,NGC 3803,Galaxy,Leo,16.4,11:40:17.25,+17:48:04.5,0.62′ × 0.5′,0.01033333,General,,,,0,0,Work in progress
ngc-NGC3805,NGC 3805,Galaxy,Leo,13.7,11:40:41.68,+20:20:34.6,1.53′ × 1.25′,0.0255,General,,,,0,0,Work in progress
ngc-NGC3806,NGC 3806,Galaxy,Leo,13.62,11:40:46.63,+17:47:46.6,1.14′ × 0.94′,0.019,General,,,,0,0,Work in progress
ngc-NGC3807,NGC 3807,Star,Leo,,11:41:54.68,+17:49:08.1,,,HighMagnification,,,,0,0,Work in progress
ngc-NGC3808,NGC 3808,Galaxy pair,Leo,,11:40:44.40,+22:26:16.0,2.2′,0.03666667,General,,,,0,0,Work in progress
ngc-NGC3809,NGC 3809,Galaxy,Ursa Major,13.53,11:41:16.06,+59:53:08.8,1.22′ × 1.12′,0.02033333,General,,,,0,0,Work in progress
ngc-NGC3810,NGC 3810,Galaxy,Leo,10.75,11:40:58.76,+11:28:16.1,3.35′ × 2.29′,0.05583333,General,,,,0,0,Work in progress
ngc-NGC3811,NGC 3811,Galaxy,Ursa Major,12.33,11:41:16.63,+47:41:26.9,2.03′ × 1.51′,0.03383333,General,,,,0,0,Work in progress
ngc-NGC3812,NGC 3812,Galaxy,Leo,13.81,11:41:07.71,+24:49:18.1,1.71′ × 0.52′,0.0285,General,,,,0,0,Work in progress
ngc-NGC3813,NGC 3813,Galaxy,Ursa Major,11.7,11:41:18.66,+36:32:48.5,2.12′ × 1.22′,0.03533333,General,,,,0,0,Work in progress
ngc-NGC3814,NGC 3814,Galaxy,Leo,15.54,11:41:27.68,+24:48:19.5,0.79′ × 0.42′,0.01316667,General,,,,0,0,Work in progress
ngc-NGC3815,NGC 3815,Galaxy,Leo,14.08,11:41:39.29,+24:48:01.8,1.44′ × 0.77′,0.024,General,,,,0,0,Work in progress
ngc-NGC3816,NGC 3816,Galaxy,Leo,12.52,11:41:48.04,+20:06:13.1,1.7′ × 0.9′,0.02833333,General,,,,0,0,Work in progress
ngc-NGC3817,NGC 3817,Galaxy,Virgo,13.3,11:41:52.95,+10:18:15.8,1.1′ × 0.85′,0.01833333,General,,,,0,0,Work in progress
ngc-NGC3818,NGC 3818,Galaxy,Virgo,11.75,11:41:57.36,-06:09:20.4,2.44′ × 1.55′,0.04066667,General,,,,0,0,Work in progress
ngc-NGC3819,NGC 3819,Galaxy,Leo,14.79,11:42:05.86,+10:21:04.1,0.9′ × 0.63′,0.015,General,,,,0,0,Work in progress
ngc-NGC3820,NGC 3820,Galaxy,Leo,15.42,11:42:04.91,+10:23:03.3,0.69′ × 0.52′,0.0115,General,,,,0,0,Work in progress
ngc-NGC3821,NGC 3821,Galaxy,Leo,12.85,11:42:09.11,+20:18:56.4,1.36′ × 1.01′,0.02266667,General,,,,0,0,Work in progress
ngc-NGC3822,NGC 3822,Galaxy,Virgo,13.7,11:42:11.11,+10:16:40.0,1.36′ × 0.76′,0.02266667,General,,,,0,0,Work in progress
ngc-NGC3823,NGC 3823,Galaxy,Crater,13.84,11:42:15.10,-13:52:01.0,1.93′ × 1.18′,0.03216667,General,,,,0,0,Work in progress
ngc-NGC3824,NGC 3824,Galaxy,Ursa Major,14.47,11:42:44.86,+52:46:46.5,1.23′ × 0.69′,0.0205,General,,,,0,0,Work in progress
ngc-NGC3825,NGC 3825,Galaxy,Virgo,12.98,11:42:23.73,+10:15:50.9,1.35′ × 0.89′,0.0225,General,,,,0,0,Work in progress
ngc-NGC3826,NGC 3826,Galaxy,Leo,14.24,11:42:32.85,+26:29:20.0,1.06′ × 0.79′,0.01766667,General,,,,0,0,Work in progress
ngc-NGC3827,NGC 3827,Galaxy,Leo,13.3,11:42:36.27,+18:50:43.6,1.01′ × 0.73′,0.01683333,General,,,,0,0,Work in progress
ngc-NGC3828,NGC 3828,Galaxy,Leo,15.37,11:42:58.42,+16:29:15.4,0.77′ × 0.55′,0.01283333,General,,,,0,0,Work in progress
ngc-NGC3829,NGC 3829,Galaxy,Ursa Major,14.96,11:43:27.28,+52:42:40.1,1.04′ × 0.55′,0.01733333,General,,,,0,0,Work in progress
ngc-NGC3831,NGC 3831,Galaxy,Crater,13.87,11:43:18.60,-12:52:42.1,2.28′ × 0.63′,0.038,General,,,,0,0,Work in progress
ngc-NGC3832,NGC 3832,Galaxy,Leo,12.94,11:43:31.44,+22:43:31.6,1.87′ × 1.51′,0.03116667,General,,,,0,0,Work in progress
ngc-NGC3833,NGC 3833,Galaxy,Virgo,14.56,11:43:28.98,+10:09:42.7,1.34′ × 0.67′,0.02233333,General,,,,0,0,Work in progress
ngc-NGC3834,NGC 3834,Galaxy,Leo,14.87,11:43:37.73,+19:05:25.7,0.86′ × 0.6′,0.01433333,General,,,,0,0,Work in progress
ngc-NGC3835,NGC 3835,Galaxy,Ursa Major,13.07,11:44:04.90,+60:07:11.2,1.91′ × 0.64′,0.03183333,General,,,,0,0,Work in progress
ngc-NGC3836,NGC 3836,Galaxy pair,Crater,,11:43:29.80,-16:47:44.0,1.5′,0.025,General,,,,0,0,Work in progress
ngc-NGC3837,NGC 3837,Galaxy,Leo,13.24,11:43:56.43,+19:53:40.5,0.93′ × 0.84′,0.0155,General,,,,0,0,Work in progress
ngc-NGC3838,NGC 3838,Galaxy,Ursa Major,12.32,11:44:13.76,+57:56:53.6,1.43′ × 0.59′,0.02383333,General,,,,0,0,Work in progress
ngc-NGC3839,NGC 3839,Galaxy,Leo,13.73,11:43:54.33,+10:47:04.9,1.04′ × 0.51′,0.01733333,General,,,,0,0,Work in progress
ngc-NGC3840,NGC 3840,Galaxy,Leo,13.94,11:43:58.96,+20:04:37.3,0.79′ × 0.68′,0.01316667,General,,,,0,0,Work in progress
ngc-NGC3841,NGC 3841,Galaxy,Leo,13.55,11:44:02.15,+19:58:18.8,0.99′ × 0.65′,0.0165,General,,,,0,0,Work in progress
ngc-NGC3842,NGC 3842,Galaxy,Leo,11.84,11:44:02.15,+19:56:59.3,2.14′ × 1.49′,0.03566667,General,,,,0,0,Work in progress
ngc-NGC3843,NGC 3843,Galaxy,Virgo,14.08,11:43:54.63,+07:55:32.5,0.99′ × 0.37′,0.0165,General,,,,0,0,Work in progress
ngc-NGC3844,NGC 3844,Galaxy,Leo,13.87,11:44:00.79,+20:01:45.6,1.16′ × 0.3′,0.01933333,General,,,,0,0,Work in progress
ngc-NGC3845,NGC 3845,Galaxy,Leo,14.03,11:44:05.47,+19:59:46.0,0.95′ × 0.47′,0.01583333,General,,,,0,0,Work in progress
ngc-NGC3846,NGC 3846,Galaxy,Ursa Major,13.63,11:44:29.08,+55:39:08.1,0.97′ × 0.63′,0.01616667,General,,,,0,0,Work in progress
ngc-NGC3847,NGC 3847,Galaxy,Ursa Major,14.36,11:44:13.97,+33:30:52.3,1.52′ × 1.36′,0.02533333,General,,,,0,0,Work in progress
ngc-NGC3849,NGC 3849,Galaxy,Virgo,14.83,11:45:35.25,+03:13:54.6,0.67′ × 0.4′,0.01116667,General,,,,0,0,Work in progress
ngc-NGC3850,NGC 3850,Galaxy,Ursa Major,14.46,11:45:35.56,+55:53:12.8,1.71′ × 0.69′,0.0285,General,,,,0,0,Work in progress
ngc-NGC3851,NGC 3851,Galaxy,Leo,15.19,11:44:20.42,+19:58:51.1,0.63′ × 0.48′,0.0105,General,,,,0,0,Work in progress
ngc-NGC3853,NGC 3853,Galaxy,Leo,12.43,11:44:28.33,+16:33:29.2,1.43′ × 0.82′,0.02383333,General,,,,0,0,Work in progress
ngc-NGC3854,NGC 3854,Galaxy,Crater,12.99,11:44:52.05,-09:13:59.8,1.87′ × 1.64′,0.03116667,General,,,,0,0,Work in progress
ngc-NGC3855,NGC 3855,Galaxy,Ursa Major,14.85,11:44:25.78,+33:21:18.3,1.22′ × 0.95′,0.02033333,General,,,,0,0,Work in progress
ngc-NGC3857,NGC 3857,Galaxy,Leo,14.08,11:44:50.15,+19:31:58.3,0.9′ × 0.55′,0.015,General,,,,0,0,Work in progress
ngc-NGC3858,NGC 3858,Galaxy,Crater,14.25,11:45:11.68,-09:18:50.3,1.41′ × 0.77′,0.0235,General,,,,0,0,Work in progress
ngc-NGC3859,NGC 3859,Galaxy,Leo,14.14,11:44:52.24,+19:27:15.1,1.05′ × 0.33′,0.0175,General,,,,0,0,Work in progress
ngc-NGC3860,NGC 3860,Galaxy,Leo,13.45,11:44:49.16,+19:47:42.1,1.32′ × 0.72′,0.022,General,,,,0,0,Work in progress
ngc-NGC3861,NGC 3861,Galaxy,Leo,12.75,11:45:03.88,+19:58:25.3,2.04′ × 1.01′,0.034,General,,,,0,0,Work in progress
ngc-NGC3862,NGC 3862,Galaxy,Leo,13.34,11:45:05.01,+19:36:22.7,1.09′ × 1.09′,0.01816667,General,,,,0,0,Work in progress
ngc-NGC3863,NGC 3863,Galaxy,Virgo,13.87,11:45:05.52,+08:28:10.2,2.51′ × 0.52′,0.04183333,General,,,,0,0,Work in progress
ngc-NGC3864,NGC 3864,Galaxy,Leo,15.58,11:45:15.68,+19:23:31.6,0.77′ × 0.58′,0.01283333,General,,,,0,0,Work in progress
ngc-NGC3867,NGC 3867,Galaxy,Leo,13.2,11:45:29.62,+19:24:00.6,1.44′ × 0.82′,0.024,General,,,,0,0,Work in progress
ngc-NGC3868,NGC 3868,Galaxy,Leo,14.78,11:45:29.94,+19:26:40.9,0.84′ × 0.44′,0.014,General,,,,0,0,Work in progress
ngc-NGC3869,NGC 3869,Galaxy,Leo,13.46,11:45:45.56,+10:49:28.6,1.67′ × 0.46′,0.02783333,General,,,,0,0,Work in progress
ngc-NGC3870,NGC 3870,Galaxy,Ursa Major,13.03,11:45:56.60,+50:11:59.1,1.03′ × 0.75′,0.01716667,General,,,,0,0,Work in progress
ngc-NGC3871,NGC 3871,Galaxy,Ursa Major,15.25,11:46:10.14,+33:06:31.5,0.94′ × 0.2′,0.01566667,General,,,,0,0,Work in progress
ngc-NGC3872,NGC 3872,Galaxy,Leo,11.71,11:45:49.06,+13:46:00.1,2.39′ × 1.77′,0.03983333,General,,,,0,0,Work in progress
ngc-NGC3873,NGC 3873,Galaxy,Leo,12.85,11:45:46.10,+19:46:26.2,1.14′ × 1.06′,0.019,General,,,,0,0,Work in progress
ngc-NGC3874,NGC 3874,Optical double,Virgo,,11:45:37.75,+08:34:26.1,,,HighMagnification,,,,0,0,Work in progress
ngc-NGC3875,NGC 3875,Galaxy,Leo,14.5,11:45:49.45,+19:46:02.7,1.59′ × 0.36′,0.0265,General,,,,0,0,Work in progress
ngc-NGC3876,NGC 3876,Galaxy,Virgo,13.78,11:45:26.67,+09:09:38.6,1.12′ × 0.64′,0.01866667,General,,,,0,0,Work in progress
ngc-NGC3877,NGC 3877,Galaxy,Ursa Major,11,11:46:07.70,+47:29:39.6,5.36′ × 1.23′,0.08933333,General,,,,0,0,Work in progress
ngc-NGC3878,NGC 3878,Galaxy,Ursa Major,14.04,11:46:17.78,+33:12:16.1,0.6′ × 0.6′,0.01,General,,,,0,0,Work in progress
ngc-NGC3879,NGC 3879,Galaxy,Draco,13.39,11:46:49.42,+69:23:01.3,2.04′ × 0.5′,0.034,General,,,,0,0,Work in progress
ngc-NGC3880,NGC 3880,Galaxy,Ursa Major,14.69,11:46:22.23,+33:09:42.4,0.94′ × 0.9′,0.01566667,General,,,,0,0,Work in progress
ngc-NGC3881,NGC 3881,Galaxy,Ursa Major,14.95,11:46:34.41,+33:06:23.1,1.2′ × 1.04′,0.02,General,,,,0,0,Work in progress
ngc-NGC3882,NGC 3882,Galaxy,Centaurus,11.81,11:46:06.55,-56:23:17.3,3.32′ × 1.82′,0.05533333,General,,,,0,0,Work in progress
ngc-NGC3883,NGC 3883,Galaxy,Leo,13.07,11:46:47.18,+20:40:31.5,1.77′ × 1.56′,0.0295,General,,,,0,0,Work in progress
ngc-NGC3884,NGC 3884,Galaxy,Leo,12.59,11:46:12.18,+20:23:29.9,1.91′ × 1.41′,0.03183333,General,,,,0,0,Work in progress
ngc-NGC3885,NGC 3885,Galaxy,Hydra,11.87,11:46:46.49,-27:55:19.8,2.74′ × 1.11′,0.04566667,General,,,,0,0,Work in progress
ngc-NGC3886,NGC 3886,Galaxy,Leo,14.12,11:47:05.60,+19:50:13.9,1.35′ × 0.71′,0.0225,General,,,,0,0,Work in progress
ngc-NGC3887,NGC 3887,Galaxy,Crater,10.93,11:47:04.57,-16:51:16.6,3.27′ × 2.57′,0.0545,General,,,,0,0,Work in progress
ngc-NGC3888,NGC 3888,Galaxy,Ursa Major,12.1,11:47:34.37,+55:58:02.0,1.61′ × 1.31′,0.02683333,General,,,,0,0,Work in progress
ngc-NGC3889,NGC 3889,Galaxy,Ursa Major,15.55,11:47:48.13,+56:01:06.0,0.73′ × 0.41′,0.01216667,General,,,,0,0,Work in progress
ngc-NGC3890,NGC 3890,Galaxy,Draco,14.06,11:49:19.85,+74:18:07.9,0.87′ × 0.78′,0.0145,General,,,,0,0,Work in progress
ngc-NGC3891,NGC 3891,Galaxy,Ursa Major,12.76,11:48:03.36,+30:21:33.6,1.72′ × 1.29′,0.02866667,General,,,,0,0,Work in progress
ngc-NGC3892,NGC 3892,Galaxy,Crater,11.24,11:48:00.99,-10:57:43.4,3.08′ × 2.7′,0.05133333,General,,,,0,0,Work in progress
ngc-NGC3893,NGC 3893,Galaxy,Ursa Major,10.63,11:48:38.19,+48:42:39.0,2.69′ × 1.43′,0.04483333,General,,,,0,0,Work in progress
ngc-NGC3894,NGC 3894,Galaxy,Ursa Major,11.62,11:48:50.36,+59:24:56.4,2.66′ × 1.83′,0.04433333,General,,,,0,0,Work in progress
ngc-NGC3895,NGC 3895,Galaxy,Ursa Major,13.03,11:49:04.03,+59:25:57.6,1.19′ × 0.81′,0.01983333,General,,,,0,0,Work in progress
ngc-NGC3896,NGC 3896,Galaxy,Ursa Major,12.63,11:48:56.39,+48:40:28.8,1.39′ × 0.86′,0.02316667,General,,,,0,0,Work in progress
ngc-NGC3897,NGC 3897,Galaxy,Ursa Major,13.03,11:48:59.46,+35:00:57.8,1.53′ × 1.16′,0.0255,General,,,,0,0,Work in progress
ngc-NGC3898,NGC 3898,Galaxy,Ursa Major,10.72,11:49:15.37,+56:05:03.7,3.47′ × 2.11′,0.05783333,General,,,,0,0,Work in progress
ngc-NGC3899,NGC 3899,Galaxy,Leo,13.16,11:50:04.45,+26:28:45.3,1.51′ × 0.67′,0.02516667,General,,,,0,0,Work in progress
ngc-NGC3900,NGC 3900,Galaxy,Leo,11.44,11:49:09.46,+27:01:19.3,2.55′ × 1.25′,0.0425,General,,,,0,0,Work in progress
ngc-NGC3901,NGC 3901,Galaxy,Camelopardalis,14.52,11:42:49.72,+77:22:21.7,1.37′ × 0.67′,0.02283333,General,,,,0,0,Work in progress
ngc-NGC3902,NGC 3902,Galaxy,Leo,13.99,11:49:18.76,+26:07:17.8,1.27′ × 0.82′,0.02116667,General,,,,0,0,Work in progress
ngc-NGC3903,NGC 3903,Galaxy,Centaurus,13.53,11:49:03.54,-37:31:01.6,1.28′ × 1.11′,0.02133333,General,,,,0,0,Work in progress
ngc-NGC3904,NGC 3904,Galaxy,Hydra,10.79,11:49:13.22,-29:16:36.3,3.47′ × 2.51′,0.05783333,General,,,,0,0,Work in progress
ngc-NGC3905,NGC 3905,Galaxy,Crater,12.84,11:49:04.91,-09:43:47.4,1.89′ × 1.29′,0.0315,General,,,,0,0,Work in progress
ngc-NGC3906,NGC 3906,Galaxy,Ursa Major,13.52,11:49:40.50,+48:25:33.5,1.35′ × 0.84′,0.0225,General,,,,0,0,Work in progress
ngc-NGC3907,NGC 3907,Galaxy,Virgo,13.64,11:49:30.14,-01:05:11.5,1.06′ × 0.67′,0.01766667,General,,,,0,0,Work in progress
ngc-NGC3908,NGC 3908,Galaxy,Leo,16.27,11:49:52.68,+12:11:09.3,0.65′ × 0.52′,0.01083333,General,,,,0,0,Work in progress
ngc-NGC3909,NGC 3909,Open cluster,Centaurus,,11:50:08.14,-48:14:17.3,6.6′,0.11,WideField,,,,0,0,Work in progress
ngc-NGC3910,NGC 3910,Galaxy,Leo,14.32,11:49:59.31,+21:20:01.1,1.43′ × 0.94′,0.02383333,General,,,,0,0,Work in progress
ngc-NGC3911,NGC 3911,Galaxy,Leo,15.31,11:49:22.09,+24:56:18.5,0.87′ × 0.71′,0.0145,General,,,,0,0,Work in progress
ngc-NGC3913,NGC 3913,Galaxy,Ursa Major,12.51,11:50:38.94,+55:21:13.9,1.64′ × 1.38′,0.02733333,General,,,,0,0,Work in progress
ngc-NGC3914,NGC 3914,Galaxy,Virgo,13.87,11:50:32.65,+06:34:03.3,0.84′ × 0.39′,0.014,General,,,,0,0,Work in progress
ngc-NGC3915,NGC 3915,Galaxy,Virgo,14.62,11:49:24.53,-05:07:06.4,1.9′ × 0.43′,0.03166667,General,,,,0,0,Work in progress
ngc-NGC3916,NGC 3916,Galaxy,Ursa Major,14.62,11:50:51.05,+55:08:37.1,1.21′ × 0.31′,0.02016667,General,,,,0,0,Work in progress
ngc-NGC3917,NGC 3917,Galaxy,Ursa Major,11.81,11:50:45.43,+51:49:28.8,4.61′ × 1.03′,0.07683333,General,,,,0,0,Work in progress
ngc-NGC3918,Blue Planetary,Planetary nebula,Centaurus,8.1,11:50:17.95,-57:10:56.4,0.32′,0.00533333,HighMagnification,,,,0,0,Work in progress
ngc-NGC3919,NGC 3919,Galaxy,Leo,14.39,11:50:41.53,+20:00:54.7,0.95′ × 0.87′,0.01583333,General,,,,0,0,Work in progress
ngc-NGC3920,NGC 3920,Galaxy,Leo,14.11,11:50:05.93,+24:55:12.0,1.05′ × 0.89′,0.0175,General,,,,0,0,Work in progress
ngc-NGC3921,NGC 3921,Galaxy,Ursa Major,12.49,11:51:06.87,+55:04:43.5,2.02′ × 1.2′,0.03366667,General,,,,0,0,Work in progress
ngc-NGC3922,NGC 3922,Galaxy,Ursa Major,13.6,11:51:13.43,+50:09:24.8,1.91′ × 0.65′,0.03183333,General,,,,0,0,Work in progress
ngc-NGC3923,NGC 3923,Galaxy,Hydra,9.6,11:51:01.69,-28:48:21.7,6.89′ × 4.55′,0.11483333,General,,,,0,0,Work in progress
ngc-NGC3925,NGC 3925,Galaxy,Leo,15.05,11:51:20.97,+21:53:20.9,1.23′ × 0.82′,0.0205,General,,,,0,0,Work in progress
ngc-NGC3926,NGC 3926,Galaxy pair,Leo,,11:51:27.40,+22:01:37.0,1.2′,0.02,General,,,,0,0,Work in progress
ngc-NGC3928,Miniature Spiral,Galaxy,Ursa Major,12.48,11:51:47.62,+48:40:59.3,1.36′ × 1.25′,0.02266667,General,,,,0,0,Work in progress
ngc-NGC3929,NGC 3929,Galaxy,Leo,14.66,11:51:42.53,+21:00:09.8,0.58′ × 0.44′,0.00966667,General,,,,0,0,Work in progress
ngc-NGC3930,NGC 3930,Galaxy,Ursa Major,13.51,11:51:46.01,+38:00:54.4,2.66′ × 1.98′,0.04433333,General,,,,0,0,Work in progress
ngc-NGC3931,NGC 3931,Galaxy,Ursa Major,14.42,11:51:13.45,+52:00:03.1,1.13′ × 0.88′,0.01883333,General,,,,0,0,Work in progress
ngc-NGC3932,NGC 3932,Star,Ursa Major,,11:52:10.84,+48:37:13.4,,,HighMagnification,,,,0,0,Work in progress
ngc-NGC3933,NGC 3933,Galaxy,Leo,13.55,11:52:02.05,+16:48:34.9,1.01′ × 0.5′,0.01683333,General,,,,0,0,Work in progress
ngc-NGC3934,NGC 3934,Galaxy,Leo,14.85,11:52:12.56,+16:51:05.2,0.92′ × 0.67′,0.01533333,General,,,,0,0,Work in progress
ngc-NGC3935,NGC 3935,Galaxy,Ursa Major,13.93,11:52:24.07,+32:24:13.7,1.03′ × 0.6′,0.01716667,General,,,,0,0,Work in progress
ngc-NGC3936,NGC 3936,Galaxy,Hydra,12.29,11:52:20.59,-26:54:21.2,4.55′ × 0.78′,0.07583333,General,,,,0,0,Work in progress
ngc-NGC3937,NGC 3937,Galaxy,Leo,12.48,11:52:42.62,+20:37:52.7,1.75′ × 1.54′,0.02916667,General,,,,0,0,Work in progress
ngc-NGC3938,NGC 3938,Galaxy,Ursa Major,10.36,11:52:49.45,+44:07:14.6,3.55′ × 3.44′,0.05916667,General,,,,0,0,Work in progress
ngc-NGC3940,NGC 3940,Galaxy,Leo,12.85,11:52:46.45,+20:59:21.4,1.22′ × 1.04′,0.02033333,General,,,,0,0,Work in progress
ngc-NGC3941,NGC 3941,Galaxy,Ursa Major,10.37,11:52:55.36,+36:59:10.8,3.51′ × 2.33′,0.0585,General,,,,0,0,Work in progress
ngc-NGC3942,NGC 3942,Galaxy,Crater,13.78,11:51:30.14,-11:25:29.0,1.34′ × 0.69′,0.02233333,General,,,,0,0,Work in progress
ngc-NGC3943,NGC 3943,Galaxy,Leo,14.46,11:52:56.57,+20:28:44.8,0.97′ × 0.91′,0.01616667,General,,,,0,0,Work in progress
ngc-NGC3944,NGC 3944,Galaxy,Leo,14.13,11:53:05.08,+26:12:25.0,1.07′ × 0.76′,0.01783333,General,,,,0,0,Work in progress
ngc-NGC3945,NGC 3945,Galaxy,Ursa Major,10.75,11:53:13.73,+60:40:32.0,5.55′ × 3.29′,0.0925,General,,,,0,0,Work in progress
ngc-NGC3946,NGC 3946,Galaxy,Leo,14.45,11:53:20.63,+21:01:17.5,0.66′ × 0.54′,0.011,General,,,,0,0,Work in progress
ngc-NGC3947,NGC 3947,Galaxy,Leo,13.2,11:53:20.32,+20:45:06.2,1.37′ × 0.8′,0.02283333,General,,,,0,0,Work in progress
ngc-NGC3948,NGC 3948,Star,Leo,,11:53:36.65,+20:57:02.8,,,HighMagnification,,,,0,0,Work in progress
ngc-NGC3949,NGC 3949,Galaxy,Ursa Major,10.89,11:53:41.72,+47:51:31.3,2.26′ × 1.32′,0.03766667,General,,,,0,0,Work in progress
ngc-NGC3950,NGC 3950,Galaxy,Ursa Major,16.18,11:53:41.41,+47:53:04.5,0.4′ × 0.34′,0.00666667,General,,,,0,0,Work in progress
ngc-NGC3951,NGC 3951,Galaxy,Leo,13.63,11:53:41.25,+23:22:56.0,1.02′ × 0.51′,0.017,General,,,,0,0,Work in progress
ngc-NGC3952,NGC 3952,Galaxy,Virgo,13.02,11:53:40.63,-03:59:47.5,1.63′ × 0.41′,0.02716667,General,,,,0,0,Work in progress
ngc-NGC3953,NGC 3953,Galaxy,Ursa Major,10.1,11:53:48.92,+52:19:36.4,6.14′ × 3.13′,0.10233333,General,,,,0,0,Work in progress
ngc-NGC3954,NGC 3954,Galaxy,Leo,14.34,11:53:41.68,+20:52:57.0,0.91′ × 0.75′,0.01516667,General,,,,0,0,Work in progress
ngc-NGC3955,NGC 3955,Galaxy,Crater,11.84,11:53:57.15,-23:09:51.0,4.15′ × 1.21′,0.06916667,General,,,,0,0,Work in progress
ngc-NGC3956,NGC 3956,Galaxy,Crater,12.46,11:54:00.69,-20:34:02.4,3.46′ × 1′,0.05766667,General,,,,0,0,Work in progress
ngc-NGC3957,NGC 3957,Galaxy,Crater,12.94,11:54:01.51,-19:34:08.0,3.24′ × 0.61′,0.054,General,,,,0,0,Work in progress
ngc-NGC3958,NGC 3958,Galaxy,Ursa Major,13.02,11:54:33.68,+58:22:01.3,1.26′ × 0.51′,0.021,General,,,,0,0,Work in progress
ngc-NGC3959,NGC 3959,Galaxy,Crater,13.97,11:54:37.65,-07:45:23.4,0.88′ × 0.59′,0.01466667,General,,,,0,0,Work in progress
ngc-NGC3960,NGC 3960,Open cluster,Centaurus,8.3,11:50:33.21,-55:40:11.4,6′,0.1,WideField,,,,0,0,Work in progress
ngc-NGC3961,NGC 3961,Galaxy,Draco,14.63,11:54:57.64,+69:19:48.4,1.3′ × 1.28′,0.02166667,General,,,,0,0,Work in progress
ngc-NGC3962,NGC 3962,Galaxy,Crater,10.65,11:54:40.10,-13:58:30.1,4.17′ × 3′,0.0695,General,,,,0,0,Work in progress
ngc-NGC3963,NGC 3963,Galaxy,Ursa Major,12.01,11:54:58.71,+58:29:37.1,2.52′ × 2.22′,0.042,General,,,,0,0,Work in progress
ngc-NGC3964,NGC 3964,Galaxy,Leo,14.9,11:54:53.48,+28:15:44.7,0.89′ × 0.67′,0.01483333,General,,,,0,0,Work in progress
ngc-NGC3965,NGC 3965,Galaxy,Crater,16.29,11:54:23.11,-10:52:00.7,0.6′ × 0.39′,0.01,General,,,,0,0,Work in progress
ngc-NGC3966,NGC 3966,Galaxy,Ursa Major,13.82,11:56:44.19,+32:01:18.4,2.48′ × 0.52′,0.04133333,General,,,,0,0,Work in progress
ngc-NGC3967,NGC 3967,Galaxy,Crater,14.42,11:55:10.40,-07:50:37.6,1.28′ × 1.01′,0.02133333,General,,,,0,0,Work in progress
ngc-NGC3968,NGC 3968,Galaxy,Leo,13.22,11:55:28.70,+11:58:06.1,1.91′ × 1.31′,0.03183333,General,,,,0,0,Work in progress
ngc-NGC3969,NGC 3969,Galaxy,Crater,14,11:55:09.24,-18:55:38.7,1.32′ × 1.16′,0.022,General,,,,0,0,Work in progress
ngc-NGC3970,NGC 3970,Galaxy,Crater,14.45,11:55:28.07,-12:03:40.6,1.19′ × 0.52′,0.01983333,General,,,,0,0,Work in progress
ngc-NGC3971,NGC 3971,Galaxy,Ursa Major,13.13,11:55:36.39,+29:59:45.3,1.05′ × 0.91′,0.0175,General,,,,0,0,Work in progress
ngc-NGC3972,NGC 3972,Galaxy,Ursa Major,12.32,11:55:45.09,+55:19:14.7,3.67′ × 0.99′,0.06116667,General,,,,0,0,Work in progress
ngc-NGC3973,NGC 3973,Galaxy,Leo,15.53,11:55:37.00,+11:59:50.6,0.69′ × 0.42′,0.0115,General,,,,0,0,Work in progress
ngc-NGC3974,NGC 3974,Galaxy,Crater,14.27,11:55:40.14,-12:01:38.8,1.18′ × 0.96′,0.01966667,General,,,,0,0,Work in progress
ngc-NGC3975,NGC 3975,Galaxy,Ursa Major,15.53,11:55:53.69,+60:31:45.9,0.76′ × 0.42′,0.01266667,General,,,,0,0,Work in progress
ngc-NGC3976,NGC 3976,Galaxy,Virgo,12.45,11:55:57.29,+06:44:58.0,3.13′ × 0.9′,0.05216667,General,,,,0,0,Work in progress
ngc-NGC3977,NGC 3977,Galaxy,Ursa Major,14.47,11:56:07.20,+55:23:26.8,1.53′ × 1.19′,0.0255,General,,,,0,0,Work in progress
ngc-NGC3978,NGC 3978,Galaxy,Ursa Major,12.74,11:56:10.32,+60:31:21.1,1.58′ × 1.46′,0.02633333,General,,,,0,0,Work in progress
ngc-NGC3979,NGC 3979,Galaxy,Virgo,13.96,11:56:01.05,-02:43:15.1,1.23′ × 0.65′,0.0205,General,,,,0,0,Work in progress
ngc-NGC3981,NGC 3981,Galaxy,Crater,11.65,11:56:07.45,-19:53:46.2,3.32′ × 2.11′,0.05533333,General,,,,0,0,Work in progress
ngc-NGC3982,NGC 3982,Galaxy,Ursa Major,11.7,11:56:28.13,+55:07:30.9,2.13′ × 1.87′,0.0355,General,,,,0,0,Work in progress
ngc-NGC3983,NGC 3983,Galaxy,Leo,14.62,11:56:23.68,+23:52:04.6,1.17′ × 0.27′,0.0195,General,,,,0,0,Work in progress
ngc-NGC3985,NGC 3985,Galaxy,Ursa Major,13.12,11:56:42.11,+48:20:02.2,1.06′ × 0.7′,0.01766667,General,,,,0,0,Work in progress
ngc-NGC3987,NGC 3987,Galaxy,Leo,12.93,11:57:20.92,+25:11:43.4,2.72′ × 0.68′,0.04533333,General,,,,0,0,Work in progress
ngc-NGC3988,NGC 3988,Galaxy,Leo,14.61,11:57:24.22,+27:52:39.1,0.76′ × 0.59′,0.01266667,General,,,,0,0,Work in progress
ngc-NGC3989,NGC 3989,Galaxy,Leo,15.71,11:57:26.69,+25:13:59.1,0.76′ × 0.38′,0.01266667,General,,,,0,0,Work in progress
ngc-NGC3990,NGC 3990,Galaxy,Ursa Major,12.58,11:57:35.56,+55:27:31.2,1.38′ × 0.81′,0.023,General,,,,0,0,Work in progress
ngc-NGC3991,NGC 3991,Galaxy pair,Ursa Major,,11:57:31.08,+32:20:16.0,1.8′,0.03,General,,,,0,0,Work in progress
ngc-NGC3993,NGC 3993,Galaxy,Leo,14.65,11:57:37.82,+25:14:26.2,1.68′ × 0.51′,0.028,General,,,,0,0,Work in progress
ngc-NGC3994,NGC 3994,Galaxy,Ursa Major,12.8,11:57:36.87,+32:16:39.4,0.85′ × 0.46′,0.01416667,General,,,,0,0,Work in progress
ngc-NGC3995,NGC 3995,Galaxy,Ursa Major,12.41,11:57:44.10,+32:17:38.6,2.59′ × 0.95′,0.04316667,General,,,,0,0,Work in progress
ngc-NGC3996,NGC 3996,Galaxy,Leo,14.32,11:57:46.06,+14:17:50.7,0.83′ × 0.64′,0.01383333,General,,,,0,0,Work in progress
ngc-NGC3997,NGC 3997,Galaxy,Leo,13.46,11:57:48.23,+25:16:14.3,1.1′ × 0.56′,0.01833333,General,,,,0,0,Work in progress
ngc-NGC3998,NGC 3998,Galaxy,Ursa Major,11.33,11:57:56.13,+55:27:12.9,2.78′ × 2.26′,0.04633333,General,,,,0,0,Work in progress
ngc-NGC3999,NGC 3999,Galaxy,Leo,15.84,11:57:56.49,+25:04:05.8,0.63′ × 0.4′,0.0105,General,,,,0,0,Work in progress
ngc-NGC4000,NGC 4000,Galaxy,Leo,15.23,11:57:57.02,+25:08:40.1,1.04′ × 0.37′,0.01733333,General,,,,0,0,Work in progress
ngc-NGC4001,NGC 4001,Galaxy,Ursa Major,15.87,11:58:06.78,+47:20:05.5,0.59′ × 0.4′,0.00983333,General,,,,0,0,Work in progress
ngc-NGC4002,NGC 4002,Galaxy,Leo,14.58,11:57:59.30,+23:12:07.4,1.34′ × 0.61′,0.02233333,General,,,,0,0,Work in progress
ngc-NGC4003,NGC 4003,Galaxy,Leo,14.59,11:57:59.04,+23:07:29.6,1.04′ × 0.61′,0.01733333,General,,,,0,0,Work in progress
ngc-NGC4004,NGC 4004,Galaxy,Leo,13.61,11:58:05.23,+27:52:43.9,1.17′ × 0.51′,0.0195,General,,,,0,0,Work in progress
ngc-NGC4005,NGC 4005,Galaxy,Leo,13.14,11:58:10.17,+25:07:20.1,1.12′ × 0.74′,0.01866667,General,,,,0,0,Work in progress
ngc-NGC4006,NGC 4006,Galaxy,Virgo,14.18,11:58:05.78,-02:07:12.3,1.52′ × 0.96′,0.02533333,General,,,,0,0,Work in progress
ngc-NGC4008,NGC 4008,Galaxy,Leo,12.02,11:58:17.04,+28:11:33.0,2.07′ × 1.11′,0.0345,General,,,,0,0,Work in progress
ngc-NGC4009,NGC 4009,Star,Leo,,11:58:15.05,+25:11:23.1,,,HighMagnification,,,,0,0,Work in progress
ngc-NGC4010,NGC 4010,Galaxy,Ursa Major,13.17,11:58:37.89,+47:15:41.4,3.07′ × 0.65′,0.05116667,General,,,,0,0,Work in progress
ngc-NGC4011,NGC 4011,Galaxy,Leo,15.78,11:58:25.43,+25:05:51.5,0.77′ × 0.37′,0.01283333,General,,,,0,0,Work in progress
ngc-NGC4012,NGC 4012,Galaxy,Virgo,14.43,11:58:27.53,+10:01:17.4,1.73′ × 0.52′,0.02883333,General,,,,0,0,Work in progress
ngc-NGC4013,NGC 4013,Galaxy,Ursa Major,11.31,11:58:31.38,+43:56:47.7,4.89′ × 1.23′,0.0815,General,,,,0,0,Work in progress
ngc-NGC4014,NGC 4014,Galaxy,Coma Berenices,13.41,11:58:35.81,+16:10:38.3,1.63′ × 0.99′,0.02716667,General,,,,0,0,Work in progress
ngc-NGC4015,NGC 4015,Galaxy pair,Coma Berenices,,11:58:42.90,+25:02:25.0,1.4′,0.02333333,General,,,,0,0,Work in progress
ngc-NGC4016,NGC 4016,Galaxy,Coma Berenices,13.82,11:58:29.02,+27:31:43.6,0.76′ × 0.47′,0.01266667,General,,,,0,0,Work in progress
ngc-NGC4017,NGC 4017,Galaxy,Coma Berenices,13.04,11:58:45.67,+27:27:08.8,1.57′ × 1.08′,0.02616667,General,,,,0,0,Work in progress
ngc-NGC4018,NGC 4018,Galaxy,Coma Berenices,13.81,11:58:40.70,+25:18:59.1,1.39′ × 0.41′,0.02316667,General,,,,0,0,Work in progress
ngc-NGC4019,NGC 4019,Galaxy,Coma Berenices,14.09,12:01:10.42,+14:06:15.5,1.48′ × 0.3′,0.02466667,General,,,,0,0,Work in progress
ngc-NGC4020,NGC 4020,Galaxy,Ursa Major,13.1,11:58:56.67,+30:24:42.8,1.87′ × 0.82′,0.03116667,General,,,,0,0,Work in progress
ngc-NGC4021,NGC 4021,Galaxy,Coma Berenices,15.38,11:59:02.59,+25:04:59.6,0.93′ × 0.84′,0.0155,General,,,,0,0,Work in progress
ngc-NGC4022,NGC 4022,Galaxy,Coma Berenices,14.32,11:59:01.01,+25:13:22.1,1′ × 0.96′,0.01666667,General,,,,0,0,Work in progress
ngc-NGC4023,NGC 4023,Galaxy,Coma Berenices,14.56,11:59:05.47,+24:59:20.3,0.92′ × 0.75′,0.01533333,General,,,,0,0,Work in progress
ngc-NGC4024,NGC 4024,Galaxy,Corvus,11.8,11:58:31.25,-18:20:48.6,1.75′ × 1.51′,0.02916667,General,,,,0,0,Work in progress
ngc-NGC4025,NGC 4025,Galaxy,Ursa Major,13.63,11:59:10.19,+37:47:36.3,1.42′ × 0.92′,0.02366667,General,,,,0,0,Work in progress
ngc-NGC4026,NGC 4026,Galaxy,Ursa Major,10.78,11:59:25.19,+50:57:42.1,4.41′ × 0.87′,0.0735,General,,,,0,0,Work in progress
ngc-NGC4027,NGC 4027,Galaxy,Corvus,11.17,11:59:30.17,-19:15:54.8,3.54′ × 2.8′,0.059,General,,,,0,0,Work in progress
ngc-NGC4029,NGC 4029,Galaxy,Virgo,14.44,12:00:03.17,+08:10:54.2,1.25′ × 0.6′,0.02083333,General,,,,0,0,Work in progress
ngc-NGC4030,NGC 4030,Galaxy,Virgo,10.51,12:00:23.63,-01:06:00.3,3.78′ × 2.65′,0.063,General,,,,0,0,Work in progress
ngc-NGC4031,NGC 4031,Galaxy,Ursa Major,14.84,12:00:31.35,+31:56:51.3,0.67′ × 0.47′,0.01116667,General,,,,0,0,Work in progress
ngc-NGC4032,NGC 4032,Galaxy,Coma Berenices,12.47,12:00:32.82,+20:04:26.2,1.35′ × 1.06′,0.0225,General,,,,0,0,Work in progress
ngc-NGC4033,NGC 4033,Galaxy,Corvus,11.79,12:00:34.74,-17:50:33.4,2.59′ × 1.3′,0.04316667,General,,,,0,0,Work in progress
ngc-NGC4034,NGC 4034,Galaxy,Draco,14.42,12:01:29.66,+69:19:26.1,1.45′ × 0.87′,0.02416667,General,,,,0,0,Work in progress
ngc-NGC4035,NGC 4035,Galaxy,Corvus,14.5,12:00:29.34,-15:56:53.1,1.23′ × 1.11′,0.0205,General,,,,0,0,Work in progress
ngc-NGC4036,NGC 4036,Galaxy,Ursa Major,10.84,12:01:26.75,+61:53:44.8,4.85′ × 2.08′,0.08083333,General,,,,0,0,Work in progress
ngc-NGC4037,NGC 4037,Galaxy,Coma Berenices,12.88,12:01:23.67,+13:24:03.7,2.38′ × 2.22′,0.03966667,General,,,,0,0,Work in progress
ngc-NGC4040,NGC 4040,Galaxy,Coma Berenices,14.98,12:02:05.44,+17:49:23.6,1.2′ × 0.61′,0.02,General,,,,0,0,Work in progress
ngc-NGC4041,NGC 4041,Galaxy,Ursa Major,11.08,12:02:12.20,+62:08:14.0,2.57′ × 2.39′,0.04283333,General,,,,0,0,Work in progress
ngc-NGC4042,NGC 4042,Galaxy,Coma Berenices,16.36,12:02:46.78,+20:09:47.7,0.41′ × 0.32′,0.00683333,General,,,,0,0,Work in progress
ngc-NGC4043,NGC 4043,Galaxy,Virgo,14.03,12:02:22.96,+04:19:47.3,0.95′ × 0.63′,0.01583333,General,,,,0,0,Work in progress
ngc-NGC4044,NGC 4044,Galaxy,Virgo,14.58,12:02:29.51,-00:12:44.7,1.12′ × 1.03′,0.01866667,General,,,,0,0,Work in progress
ngc-NGC4045,NGC 4045,Galaxy,Virgo,11.81,12:02:42.24,+01:58:36.5,2.55′ × 1.58′,0.0425,General,,,,0,0,Work in progress
ngc-NGC4047,NGC 4047,Galaxy,Ursa Major,12.76,12:02:50.68,+48:38:10.3,1.53′ × 1.17′,0.0255,General,,,,0,0,Work in progress
ngc-NGC4048,NGC 4048,Galaxy,Coma Berenices,14.44,12:02:50.19,+18:00:56.1,0.67′ × 0.52′,0.01116667,General,,,,0,0,Work in progress
ngc-NGC4049,NGC 4049,Galaxy,Coma Berenices,14.1,12:02:54.70,+18:45:09.0,1.16′ × 0.72′,0.01933333,General,,,,0,0,Work in progress
ngc-NGC4050,NGC 4050,Galaxy,Corvus,11.79,12:02:53.95,-16:22:25.0,3.43′ × 2.14′,0.05716667,General,,,,0,0,Work in progress
ngc-NGC4051,NGC 4051,Galaxy,Ursa Major,11.37,12:03:09.61,+44:31:52.8,4.89′ × 4.26′,0.0815,General,,,,0,0,Work in progress
ngc-NGC4052,NGC 4052,Open cluster,Crux,8.8,12:02:05.19,-63:13:24.5,5.1′,0.085,WideField,,,,0,0,Work in progress
ngc-NGC4053,NGC 4053,Galaxy,Coma Berenices,14.45,12:03:11.57,+19:43:43.8,1.06′ × 0.62′,0.01766667,General,,,,0,0,Work in progress
ngc-NGC4054,NGC 4054,Galaxy triplet,Ursa Major,,12:03:13.10,+57:53:40.0,1′,0.01666667,General,,,,0,0,Work in progress
ngc-NGC4055,NGC 4055,Galaxy,Coma Berenices,13.78,12:04:01.48,+20:13:56.4,0.92′ × 0.79′,0.01533333,General,,,,0,0,Work in progress
ngc-NGC4056,NGC 4056,Galaxy,Coma Berenices,16.47,12:03:57.77,+20:18:45.0,0.63′ × 0.53′,0.0105,General,,,,0,0,Work in progress
ngc-NGC4057,NGC 4057,Galaxy,Coma Berenices,12.57,12:04:06.17,+20:14:06.3,1.29′ × 0.99′,0.0215,General,,,,0,0,Work in progress
ngc-NGC4058,NGC 4058,Galaxy,Virgo,13.89,12:03:49.06,+03:32:53.6,1.39′ × 0.69′,0.02316667,General,,,,0,0,Work in progress
ngc-NGC4070,NGC 4070,Galaxy,Coma Berenices,14.06,12:04:11.30,+20:24:35.4,1.24′ × 0.99′,0.02066667,General,,,,0,0,Work in progress
ngc-NGC4060,NGC 4060,Galaxy,Coma Berenices,15.49,12:04:01.00,+20:20:14.7,0.55′ × 0.35′,0.00916667,General,,,,0,0,Work in progress
ngc-NGC4062,NGC 4062,Galaxy,Ursa Major,11.15,12:04:03.83,+31:53:44.9,4.14′ × 1.61′,0.069,General,,,,0,0,Work in progress
ngc-NGC4063,NGC 4063,Galaxy,Virgo,14.86,12:04:05.99,+01:50:49.1,0.92′ × 0.4′,0.01533333,General,,,,0,0,Work in progress
ngc-NGC4064,NGC 4064,Galaxy,Coma Berenices,11.33,12:04:11.16,+18:26:36.3,3.22′ × 1.31′,0.05366667,General,,,,0,0,Work in progress
ngc-NGC4066,NGC 4066,Galaxy,Coma Berenices,14.17,12:04:09.42,+20:20:52.6,1.16′ × 1.09′,0.01933333,General,,,,0,0,Work in progress
ngc-NGC4067,NGC 4067,Galaxy,Virgo,13.42,12:04:11.54,+10:51:15.8,1.13′ × 0.82′,0.01883333,General,,,,0,0,Work in progress
ngc-NGC4068,NGC 4068,Galaxy,Ursa Major,12.71,12:04:00.78,+52:35:17.8,1.92′ × 1.16′,0.032,General,,,,0,0,Work in progress
ngc-NGC4069,NGC 4069,Galaxy,Coma Berenices,16.3,12:04:06.04,+20:19:25.6,0.49′ × 0.35′,0.00816667,General,,,,0,0,Work in progress
ngc-NGC4071,NGC 4071,Planetary nebula,Musca,13,12:04:15.77,-67:18:36.4,1.05′,0.0175,HighMagnification,,,,0,0,Work in progress
ngc-NGC4072,NGC 4072,Galaxy,Coma Berenices,15.54,12:04:13.84,+20:12:35.0,0.44′ × 0.22′,0.00733333,General,,,,0,0,Work in progress
ngc-NGC4073,NGC 4073,Galaxy,Virgo,11.51,12:04:27.07,+01:53:45.5,2.09′ × 1.7′,0.03483333,General,,,,0,0,Work in progress
ngc-NGC4074,NGC 4074,Galaxy,Coma Berenices,14.44,12:04:29.68,+20:18:58.4,0.55′ × 0.31′,0.00916667,General,,,,0,0,Work in progress
ngc-NGC4075,NGC 4075,Galaxy,Virgo,14.52,12:04:37.83,+02:04:21.1,1.21′ × 0.66′,0.02016667,General,,,,0,0,Work in progress
ngc-NGC4076,NGC 4076,Galaxy,Coma Berenices,13.45,12:04:32.52,+20:12:17.8,0.87′ × 0.79′,0.0145,General,,,,0,0,Work in progress
ngc-NGC4077,NGC 4077,Galaxy,Virgo,14.13,12:04:38.05,+01:47:15.8,1.26′ × 0.86′,0.021,General,,,,0,0,Work in progress
ngc-NGC4078,NGC 4078,Galaxy,Virgo,13.77,12:04:47.64,+10:35:44.1,1.17′ × 0.58′,0.0195,General,,,,0,0,Work in progress
ngc-NGC4079,NGC 4079,Galaxy,Virgo,13.81,12:04:49.85,-02:22:56.6,1.73′ × 1.18′,0.02883333,General,,,,0,0,Work in progress
ngc-NGC4080,NGC 4080,Galaxy,Coma Berenices,13.88,12:04:51.83,+26:59:33.1,1.23′ × 0.58′,0.0205,General,,,,0,0,Work in progress
ngc-NGC4081,NGC 4081,Galaxy,Ursa Major,13.06,12:04:33.91,+64:26:12.3,1.43′ × 0.63′,0.02383333,General,,,,0,0,Work in progress
ngc-NGC4082,NGC 4082,Galaxy,Virgo,14.94,12:05:11.45,+10:40:14.2,0.78′ × 0.35′,0.013,General,,,,0,0,Work in progress
ngc-NGC4083,NGC 4083,Galaxy,Virgo,15.12,12:05:14.05,+10:36:47.6,0.88′ × 0.46′,0.01466667,General,,,,0,0,Work in progress
ngc-NGC4084,NGC 4084,Galaxy,Coma Berenices,14.64,12:05:15.26,+21:12:52.0,1.08′ × 1.07′,0.018,General,,,,0,0,Work in progress
ngc-NGC4085,NGC 4085,Galaxy,Ursa Major,12.37,12:05:22.71,+50:21:10.6,2.22′ × 0.57′,0.037,General,,,,0,0,Work in progress
ngc-NGC4086,NGC 4086,Galaxy,Coma Berenices,14.95,12:05:29.37,+20:14:48.3,1.17′ × 0.87′,0.0195,General,,,,0,0,Work in progress
ngc-NGC4087,NGC 4087,Galaxy,Hydra,13.15,12:05:35.33,-26:31:21.5,2′ × 1.69′,0.03333333,General,,,,0,0,Work in progress
ngc-NGC4088,NGC 4088,Galaxy,Ursa Major,10.6,12:05:34.19,+50:32:20.5,7.01′ × 2.65′,0.11683333,General,,,,0,0,Work in progress
ngc-NGC4089,NGC 4089,Galaxy,Coma Berenices,14.64,12:05:37.43,+20:33:20.6,0.86′ × 0.84′,0.01433333,General,,,,0,0,Work in progress
ngc-NGC4090,NGC 4090,Galaxy,Coma Berenices,14.78,12:05:27.92,+20:18:31.5,1.12′ × 0.5′,0.01866667,General,,,,0,0,Work in progress
ngc-NGC4091,NGC 4091,Galaxy,Coma Berenices,15,12:05:40.09,+20:33:20.6,0.94′ × 0.24′,0.01566667,General,,,,0,0,Work in progress
ngc-NGC4092,NGC 4092,Galaxy,Coma Berenices,13.57,12:05:50.11,+20:28:37.2,1.01′ × 0.99′,0.01683333,General,,,,0,0,Work in progress
ngc-NGC4093,NGC 4093,Galaxy,Coma Berenices,15.15,12:05:51.47,+20:31:19.1,0.75′ × 0.61′,0.0125,General,,,,0,0,Work in progress
ngc-NGC4094,NGC 4094,Galaxy,Corvus,12.01,12:05:53.96,-14:31:35.1,4.4′ × 1.51′,0.07333333,General,,,,0,0,Work in progress
ngc-NGC4095,NGC 4095,Galaxy,Coma Berenices,14.35,12:05:54.22,+20:34:21.1,1.36′ × 1.07′,0.02266667,General,,,,0,0,Work in progress
ngc-NGC4096,NGC 4096,Galaxy,Ursa Major,10.57,12:06:01.13,+47:28:42.4,5.65′ × 1.43′,0.09416667,General,,,,0,0,Work in progress
ngc-NGC4097,NGC 4097,Galaxy,Ursa Major,14.4,12:06:02.51,+36:51:49.2,1.22′ × 0.92′,0.02033333,General,,,,0,0,Work in progress
ngc-NGC4098,NGC 4098,Galaxy pair,Coma Berenices,,12:06:03.90,+20:36:22.0,1.2′,0.02,General,,,,0,0,Work in progress
ngc-NGC4100,NGC 4100,Galaxy,Ursa Major,11.09,12:06:08.45,+49:34:57.7,4.56′ × 1.3′,0.076,General,,,,0,0,Work in progress
ngc-NGC4101,NGC 4101,Galaxy,Coma Berenices,14.54,12:06:10.57,+25:33:25.2,1.18′ × 0.74′,0.01966667,General,,,,0,0,Work in progress
ngc-NGC4102,NGC 4102,Galaxy,Ursa Major,11.87,12:06:22.99,+52:42:39.9,2.94′ × 1.67′,0.049,General,,,,0,0,Work in progress
ngc-NGC4103,NGC 4103,Open cluster,Crux,7.4,12:06:39.57,-61:15:00.3,7.8′,0.13,WideField,,,,0,0,Work in progress
ngc-NGC4104,NGC 4104,Galaxy,Coma Berenices,12.14,12:06:38.97,+28:10:27.1,2.5′ × 1.09′,0.04166667,General,,,,0,0,Work in progress
ngc-NGC4105,NGC 4105,Galaxy,Hydra,10.62,12:06:40.77,-29:45:36.8,4.33′ × 3.41′,0.07216667,General,,,,0,0,Work in progress
ngc-NGC4106,NGC 4106,Galaxy,Hydra,11.3,12:06:44.80,-29:46:05.9,4.14′ × 3.33′,0.069,General,,,,0,0,Work in progress
ngc-NGC4108,NGC 4108,Galaxy,Draco,13.05,12:06:44.57,+67:09:47.1,1.63′ × 1.33′,0.02716667,General,,,,0,0,Work in progress
ngc-NGC4109,NGC 4109,Galaxy,Canes Venatici,14.97,12:06:51.12,+42:59:44.3,0.7′ × 0.53′,0.01166667,General,,,,0,0,Work in progress
ngc-NGC4110,NGC 4110,Galaxy,Coma Berenices,14.5,12:07:03.45,+18:31:54.2,1.31′ × 0.65′,0.02183333,General,,,,0,0,Work in progress
ngc-NGC4111,NGC 4111,Galaxy,Canes Venatici,10.81,12:07:03.13,+43:03:56.6,1.78′ × 0.64′,0.02966667,General,,,,0,0,Work in progress
ngc-NGC4112,NGC 4112,Galaxy,Centaurus,12.71,12:07:09.47,-40:12:29.4,1.7′ × 0.99′,0.02833333,General,,,,0,0,Work in progress
ngc-NGC4113,NGC 4113,Galaxy,Coma Berenices,14.84,12:07:08.48,+32:59:45.2,0.81′ × 0.47′,0.0135,General,,,,0,0,Work in progress
ngc-NGC4114,NGC 4114,Galaxy,Corvus,14.06,12:07:12.29,-14:11:07.7,2.16′ × 1.07′,0.036,General,,,,0,0,Work in progress
ngc-NGC4115,NGC 4115,Star,Coma Berenices,,12:07:09.55,+14:24:23.6,,,HighMagnification,,,,0,0,Work in progress
ngc-NGC4116,NGC 4116,Galaxy,Virgo,12.02,12:07:37.15,+02:41:25.8,2.57′ × 1.49′,0.04283333,General,,,,0,0,Work in progress
ngc-NGC4117,NGC 4117,Galaxy,Canes Venatici,14.3,12:07:46.11,+43:07:34.9,1.58′ × 0.63′,0.02633333,General,,,,0,0,Work in progress
ngc-NGC4118,NGC 4118,Galaxy,Canes Venatici,15.75,12:07:52.87,+43:06:39.8,0.69′ × 0.38′,0.0115,General,,,,0,0,Work in progress
ngc-NGC4119,NGC 4119,Galaxy,Virgo,11.5,12:08:09.62,+10:22:44.0,1.58′ × 1.1′,0.02633333,General,,,,0,0,Work in progress
ngc-NGC4120,NGC 4120,Galaxy,Draco,14.01,12:08:31.02,+69:32:41.4,1.57′ × 0.38′,0.02616667,General,,,,0,0,Work in progress
ngc-NGC4121,NGC 4121,Galaxy,Draco,12.99,12:07:56.63,+65:06:50.2,0.52′ × 0.46′,0.00866667,General,,,,0,0,Work in progress
ngc-NGC4123,NGC 4123,Galaxy,Virgo,11.39,12:08:11.11,+02:52:41.8,3.18′ × 2.32′,0.053,General,,,,0,0,Work in progress
ngc-NGC4125,NGC 4125,Galaxy,Draco,9.71,12:08:06.02,+65:10:26.9,5.87′ × 4.58′,0.09783333,General,,,,0,0,Work in progress
ngc-NGC4126,NGC 4126,Galaxy,Coma Berenices,14.48,12:08:37.44,+16:08:34.0,0.81′ × 0.61′,0.0135,General,,,,0,0,Work in progress
ngc-NGC4127,NGC 4127,Galaxy,Camelopardalis,13.42,12:08:26.36,+76:48:14.5,1.51′ × 0.82′,0.02516667,General,,,,0,0,Work in progress
ngc-NGC4128,NGC 4128,Galaxy,Draco,11.96,12:08:32.33,+68:46:03.4,2.21′ × 0.67′,0.03683333,General,,,,0,0,Work in progress
ngc-NGC4129,NGC 4129,Galaxy,Virgo,12.48,12:08:53.22,-09:02:11.4,2.58′ × 0.71′,0.043,General,,,,0,0,Work in progress
ngc-NGC4131,NGC 4131,Galaxy,Coma Berenices,13.27,12:08:47.29,+29:18:17.2,1.36′ × 0.59′,0.02266667,General,,,,0,0,Work in progress
ngc-NGC4132,NGC 4132,Galaxy,Coma Berenices,13.99,12:09:01.40,+29:15:00.4,1.14′ × 0.41′,0.019,General,,,,0,0,Work in progress
ngc-NGC4133,NGC 4133,Galaxy,Draco,13.01,12:08:49.96,+74:54:15.5,1.66′ × 1.09′,0.02766667,General,,,,0,0,Work in progress
ngc-NGC4134,NGC 4134,Galaxy,Coma Berenices,13.1,12:09:10.01,+29:10:36.9,1.85′ × 0.79′,0.03083333,General,,,,0,0,Work in progress
ngc-NGC4135,NGC 4135,Galaxy,Canes Venatici,14.02,12:09:08.81,+44:00:11.5,0.76′ × 0.54′,0.01266667,General,,,,0,0,Work in progress
ngc-NGC4136,NGC 4136,Galaxy,Coma Berenices,11.9,12:09:17.69,+29:55:39.4,2.34′ × 2.18′,0.039,General,,,,0,0,Work in progress
ngc-NGC4137,NGC 4137,Galaxy,Canes Venatici,14.34,12:09:17.51,+44:05:24.6,0.79′ × 0.52′,0.01316667,General,,,,0,0,Work in progress
ngc-NGC4138,NGC 4138,Galaxy,Canes Venatici,11.8,12:09:29.78,+43:41:07.1,2.92′ × 1.64′,0.04866667,General,,,,0,0,Work in progress
ngc-NGC4139,NGC 4139,Galaxy,Virgo,14.72,12:04:34.03,+01:48:05.8,1.2′ × 0.48′,0.02,General,,,,0,0,Work in progress
ngc-NGC4141,NGC 4141,Galaxy,Ursa Major,14.6,12:09:47.32,+58:50:57.1,1.18′ × 0.75′,0.01966667,General,,,,0,0,Work in progress
ngc-NGC4142,NGC 4142,Galaxy,Ursa Major,13.91,12:09:30.19,+53:06:17.8,1.76′ × 0.91′,0.02933333,General,,,,0,0,Work in progress
ngc-NGC4143,NGC 4143,Galaxy,Canes Venatici,12.08,12:09:36.06,+42:32:03.0,2.73′ × 1.68′,0.0455,General,,,,0,0,Work in progress
ngc-NGC4144,NGC 4144,Galaxy,Ursa Major,11.61,12:09:58.60,+46:27:25.8,5.24′ × 1′,0.08733333,General,,,,0,0,Work in progress
ngc-NGC4145,NGC 4145,Galaxy,Canes Venatici,11.22,12:10:01.52,+39:53:01.9,4.62′ × 2.11′,0.077,General,,,,0,0,Work in progress
ngc-NGC4146,NGC 4146,Galaxy,Coma Berenices,13.86,12:10:18.26,+26:25:50.7,1.29′ × 1.17′,0.0215,General,,,,0,0,Work in progress
ngc-NGC4147,NGC 4147,Globular cluster,Coma Berenices,10.74,12:10:06.17,+18:32:31.7,2.4′,0.04,General,,,,0,0,Work in progress
ngc-NGC4148,NGC 4148,Galaxy,Canes Venatici,14.39,12:10:07.97,+35:52:39.4,1.63′ × 1.07′,0.02716667,General,,,,0,0,Work in progress
ngc-NGC4149,NGC 4149,Galaxy,Ursa Major,13.92,12:10:32.84,+58:18:14.9,1.37′ × 0.27′,0.02283333,General,,,,0,0,Work in progress
ngc-NGC4150,NGC 4150,Galaxy,Coma Berenices,11.69,12:10:33.65,+30:24:05.5,1.99′ × 1.33′,0.03316667,General,,,,0,0,Work in progress
ngc-NGC4151,NGC 4151,Galaxy,Canes Venatici,11.48,12:10:32.58,+39:24:20.6,2.88′ × 2.21′,0.048,General,,,,0,0,Work in progress
ngc-NGC4152,NGC 4152,Galaxy,Coma Berenices,12.5,12:10:37.50,+16:01:58.5,1.36′ × 0.89′,0.02266667,General,,,,0,0,Work in progress
ngc-NGC4155,NGC 4155,Galaxy,Coma Berenices,14.43,12:10:45.69,+19:02:27.0,1.24′ × 1.05′,0.02066667,General,,,,0,0,Work in progress
ngc-NGC4156,NGC 4156,Galaxy,Canes Venatici,13.53,12:10:49.61,+39:28:21.8,1.11′ × 0.95′,0.0185,General,,,,0,0,Work in progress
ngc-NGC4157,NGC 4157,Galaxy,Ursa Major,11.29,12:11:04.37,+50:29:04.8,6.22′ × 1.14′,0.10366667,General,,,,0,0,Work in progress
ngc-NGC4158,NGC 4158,Galaxy,Coma Berenices,13.28,12:11:10.17,+20:10:32.4,1.45′ × 1.14′,0.02416667,General,,,,0,0,Work in progress
ngc-NGC4159,NGC 4159,Galaxy,Draco,14.22,12:10:53.62,+76:07:33.1,1.36′ × 0.55′,0.02266667,General,,,,0,0,Work in progress
ngc-NGC4160,NGC 4160,Optical double,Canes Venatici,,12:12:01.74,+43:44:08.1,,,HighMagnification,,,,0,0,Work in progress
ngc-NGC4161,NGC 4161,Galaxy,Ursa Major,13.74,12:11:33.46,+57:44:15.0,1.06′ × 0.68′,0.01766667,General,,,,0,0,Work in progress
ngc-NGC4162,NGC 4162,Galaxy,Coma Berenices,11.7,12:11:52.47,+24:07:25.2,2.28′ × 1.37′,0.038,General,,,,0,0,Work in progress
ngc-NGC4163,NGC 4163,Galaxy,Canes Venatici,13.15,12:12:09.16,+36:10:09.1,1.67′ × 1.12′,0.02783333,General,,,,0,0,Work in progress
ngc-NGC4164,NGC 4164,Galaxy,Virgo,15.36,12:12:05.46,+13:12:20.3,0.71′ × 0.46′,0.01183333,General,,,,0,0,Work in progress
ngc-NGC4165,NGC 4165,Galaxy,Virgo,13.63,12:12:11.80,+13:14:47.5,1.24′ × 0.67′,0.02066667,General,,,,0,0,Work in progress
ngc-NGC4166,NGC 4166,Galaxy,Coma Berenices,14.16,12:12:09.56,+17:45:25.3,1.05′ × 0.52′,0.0175,General,,,,0,0,Work in progress
ngc-NGC4168,NGC 4168,Galaxy,Virgo,11.45,12:12:17.27,+13:12:18.7,2.92′ × 2.28′,0.04866667,General,,,,0,0,Work in progress
ngc-NGC4169,NGC 4169,Galaxy,Coma Berenices,12.2,12:12:18.78,+29:10:45.9,1.64′ × 0.81′,0.02733333,General,,,,0,0,Work in progress
ngc-NGC4170,NGC 4170,Star,Coma Berenices,,12:12:13.24,+29:10:00.5,,,HighMagnification,,,,0,0,Work in progress
ngc-NGC4171,NGC 4171,Star,Coma Berenices,,12:12:38.39,+29:13:28.2,,,HighMagnification,,,,0,0,Work in progress
ngc-NGC4172,NGC 4172,Galaxy,Ursa Major,14.26,12:12:14.89,+56:10:39.2,1.23′ × 1.16′,0.0205,General,,,,0,0,Work in progress
ngc-NGC4173,NGC 4173,Galaxy,Coma Berenices,13.34,12:12:21.46,+29:12:25.4,2.34′ × 0.52′,0.039,General,,,,0,0,Work in progress
ngc-NGC4174,NGC 4174,Galaxy,Coma Berenices,13.64,12:12:26.89,+29:08:57.2,0.91′ × 0.41′,0.01516667,General,,,,0,0,Work in progress
ngc-NGC4175,NGC 4175,Galaxy,Coma Berenices,13.45,12:12:31.05,+29:10:06.4,1.61′ × 0.33′,0.02683333,General,,,,0,0,Work in progress
ngc-NGC4176,NGC 4176,Galaxy,Virgo,15.44,12:12:36.83,-09:09:37.7,0.7′ × 0.46′,0.01166667,General,,,,0,0,Work in progress
ngc-NGC4177,NGC 4177,Galaxy,Corvus,13.29,12:12:41.26,-14:00:52.4,1.82′ × 1.27′,0.03033333,General,,,,0,0,Work in progress
ngc-NGC4178,NGC 4178,Galaxy,Virgo,11.43,12:12:46.45,+10:51:57.5,4.66′ × 1.24′,0.07766667,General,,,,0,0,Work in progress
ngc-NGC4179,NGC 4179,Galaxy,Virgo,10.93,12:12:52.11,+01:17:58.9,4.48′ × 1.22′,0.07466667,General,,,,0,0,Work in progress
ngc-NGC4180,NGC 4180,Galaxy,Virgo,13.22,12:13:03.05,+07:02:20.2,1.45′ × 0.49′,0.02416667,General,,,,0,0,Work in progress
ngc-NGC4181,NGC 4181,Galaxy,Ursa Major,14.83,12:12:48.99,+52:54:11.9,1.12′ × 0.77′,0.01866667,General,,,,0,0,Work in progress
ngc-NGC4183,NGC 4183,Galaxy,Canes Venatici,12.29,12:13:16.88,+43:41:54.9,4.29′ × 0.63′,0.0715,General,,,,0,0,Work in progress
ngc-NGC4184,NGC 4184,Open cluster,Crux,,12:13:32.59,-62:43:17.1,6′,0.1,WideField,,,,0,0,Work in progress
ngc-NGC4185,NGC 4185,Galaxy,Coma Berenices,13.41,12:13:22.20,+28:30:39.5,1.85′ × 1.26′,0.03083333,General,,,,0,0,Work in progress
ngc-NGC4186,NGC 4186,Galaxy,Coma Berenices,14.52,12:14:06.53,+14:43:32.9,1.02′ × 0.79′,0.017,General,,,,0,0,Work in progress
ngc-NGC4187,NGC 4187,Galaxy,Canes Venatici,14.26,12:13:29.28,+50:44:29.4,1.64′ × 1.05′,0.02733333,General,,,,0,0,Work in progress
ngc-NGC4188,NGC 4188,Galaxy,Corvus,14.31,12:14:07.36,-12:35:09.6,0.67′ × 0.55′,0.01116667,General,,,,0,0,Work in progress
ngc-NGC4189,NGC 4189,Galaxy,Coma Berenices,11.84,12:13:47.27,+13:25:29.3,2.2′ × 1.79′,0.03666667,General,,,,0,0,Work in progress
ngc-NGC4190,NGC 4190,Galaxy,Canes Venatici,13.13,12:13:44.77,+36:38:02.5,1.53′ × 1.41′,0.0255,General,,,,0,0,Work in progress
ngc-NGC4191,NGC 4191,Galaxy,Virgo,13.56,12:13:50.40,+07:12:03.2,1.52′ × 1.23′,0.02533333,General,,,,0,0,Work in progress
ngc-NGC4193,NGC 4193,Galaxy,Virgo,12.29,12:13:53.59,+13:10:22.3,2.23′ × 0.99′,0.03716667,General,,,,0,0,Work in progress
ngc-NGC4194,Medusa Galaxy Merger,Galaxy,Ursa Major,12.77,12:14:09.47,+54:31:36.6,1.64′ × 1.14′,0.02733333,General,,,,0,0,Work in progress
ngc-NGC4195,NGC 4195,Galaxy,Ursa Major,15.29,12:14:18.08,+59:36:55.6,1.51′ × 1.32′,0.02516667,General,,,,0,0,Work in progress
ngc-NGC4196,NGC 4196,Galaxy,Coma Berenices,13.62,12:14:29.75,+28:25:24.4,1.14′ × 0.81′,0.019,General,,,,0,0,Work in progress
ngc-NGC4197,NGC 4197,Galaxy,Virgo,13.36,12:14:38.55,+05:48:20.6,2.84′ × 0.73′,0.04733333,General,,,,0,0,Work in progress
ngc-NGC4198,NGC 4198,Galaxy,Ursa Major,14.44,12:14:22.05,+56:00:41.2,0.8′ × 0.43′,0.01333333,General,,,,0,0,Work in progress
ngc-NGC4199,NGC 4199,Galaxy pair,Ursa Major,,12:14:50.20,+59:54:27.0,1.1′,0.01833333,General,,,,0,0,Work in progress
ngc-NGC4200,NGC 4200,Galaxy,Virgo,12.96,12:14:44.23,+12:10:50.7,1.43′ × 0.86′,0.02383333,General,,,,0,0,Work in progress
ngc-NGC4201,NGC 4201,Galaxy,Virgo,14.47,12:14:41.86,-11:34:58.3,1′ × 0.73′,0.01666667,General,,,,0,0,Work in progress
ngc-NGC4202,NGC 4202,Galaxy,Virgo,14.53,12:18:08.55,-01:03:50.8,1.03′ × 0.56′,0.01716667,General,,,,0,0,Work in progress
ngc-NGC4203,NGC 4203,Galaxy,Coma Berenices,11.55,12:15:05.06,+33:11:50.4,3.42′ × 1.43′,0.057,General,,,,0,0,Work in progress
ngc-NGC4204,NGC 4204,Galaxy,Coma Berenices,12.89,12:15:14.44,+20:39:30.9,4.06′ × 4.06′,0.06766667,General,,,,0,0,Work in progress
ngc-NGC4205,NGC 4205,Galaxy,Draco,13.71,12:14:55.54,+63:46:58.0,1.67′ × 0.66′,0.02783333,General,,,,0,0,Work in progress
ngc-NGC4206,NGC 4206,Galaxy,Virgo,12.17,12:15:16.81,+13:01:26.3,4.69′ × 0.88′,0.07816667,General,,,,0,0,Work in progress
ngc-NGC4207,NGC 4207,Galaxy,Virgo,13.4,12:15:30.50,+09:35:05.6,1.5′ × 0.77′,0.025,General,,,,0,0,Work in progress
ngc-NGC4208,NGC 4208,Galaxy,Coma Berenices,11.1,12:15:39.36,+13:54:05.4,2.8′ × 1.69′,0.04666667,General,,,,0,0,Work in progress
ngc-NGC4209,NGC 4209,Star,Coma Berenices,13.6,12:15:25.82,+28:28:06.3,,,HighMagnification,,,,0,0,Work in progress
ngc-NGC4210,NGC 4210,Galaxy,Draco,13.38,12:15:15.83,+65:59:07.2,1.94′ × 1.39′,0.03233333,General,,,,0,0,Work in progress
ngc-NGC4211,NGC 4211,Galaxy,Coma Berenices,14.3,12:15:35.85,+28:10:39.5,1.03′ × 0.6′,0.01716667,General,,,,0,0,Work in progress
ngc-NGC4213,NGC 4213,Galaxy,Coma Berenices,12.57,12:15:37.56,+23:58:54.8,1.57′ × 1.1′,0.02616667,General,,,,0,0,Work in progress
ngc-NGC4214,NGC 4214,Galaxy,Canes Venatici,9.77,12:15:39.17,+36:19:36.8,6.79′ × 5.28′,0.11316667,General,,,,0,0,Work in progress
ngc-NGC4215,NGC 4215,Galaxy,Virgo,11.96,12:15:54.54,+06:24:04.1,1.69′ × 0.57′,0.02816667,General,,,,0,0,Work in progress
ngc-NGC4216,NGC 4216,Galaxy,Virgo,9.93,12:15:54.44,+13:08:57.8,7.82′ × 1.84′,0.13033333,General,,,,0,0,Work in progress
ngc-NGC4217,NGC 4217,Galaxy,Canes Venatici,11.23,12:15:50.90,+47:05:30.4,5.43′ × 1.61′,0.0905,General,,,,0,0,Work in progress
ngc-NGC4218,NGC 4218,Galaxy,Canes Venatici,13.45,12:15:46.41,+48:07:51.0,0.96′ × 0.62′,0.016,General,,,,0,0,Work in progress
ngc-NGC4219,NGC 4219,Galaxy,Centaurus,11.83,12:16:27.32,-43:19:27.3,3.75′ × 1.23′,0.0625,General,,,,0,0,Work in progress
ngc-NGC4220,NGC 4220,Galaxy,Canes Venatici,11.33,12:16:11.71,+47:52:59.7,3.3′ × 0.99′,0.055,General,,,,0,0,Work in progress
ngc-NGC4221,NGC 4221,Galaxy,Draco,13.32,12:15:59.86,+66:13:50.9,1.85′ × 1.21′,0.03083333,General,,,,0,0,Work in progress
ngc-NGC4222,NGC 4222,Galaxy,Coma Berenices,13.8,12:16:22.52,+13:18:25.4,2.83′ × 0.42′,0.04716667,General,,,,0,0,Work in progress
ngc-NGC4223,NGC 4223,Galaxy,Virgo,11.95,12:17:25.81,+06:41:24.3,2.02′ × 1.25′,0.03366667,General,,,,0,0,Work in progress
ngc-NGC4224,NGC 4224,Galaxy,Virgo,11.77,12:16:33.79,+07:27:43.5,2.9′ × 1.17′,0.04833333,General,,,,0,0,Work in progress
ngc-NGC4225,NGC 4225,Galaxy,Corvus,14.97,12:16:38.37,-12:19:39.6,0.84′ × 0.61′,0.014,General,,,,0,0,Work in progress
ngc-NGC4226,NGC 4226,Galaxy,Canes Venatici,14.34,12:16:26.28,+47:01:30.7,1.12′ × 0.53′,0.01866667,General,,,,0,0,Work in progress
ngc-NGC4227,NGC 4227,Galaxy,Canes Venatici,13.72,12:16:33.70,+33:31:19.4,1.49′ × 0.82′,0.02483333,General,,,,0,0,Work in progress
ngc-NGC4229,NGC 4229,Galaxy,Canes Venatici,14.22,12:16:38.79,+33:33:39.2,1.24′ × 0.79′,0.02066667,General,,,,0,0,Work in progress
ngc-NGC4230,NGC 4230,Open cluster,Centaurus,9.4,12:17:09.37,-55:17:10.1,5.4′,0.09,WideField,,,,0,0,Work in progress
ngc-NGC4231,NGC 4231,Galaxy,Canes Venatici,14.65,12:16:48.87,+47:27:26.6,0.78′ × 0.63′,0.013,General,,,,0,0,Work in progress
ngc-NGC4232,NGC 4232,Galaxy,Canes Venatici,14.52,12:16:49.03,+47:26:19.7,1.23′ × 0.54′,0.0205,General,,,,0,0,Work in progress
ngc-NGC4233,NGC 4233,Galaxy,Virgo,11.94,12:17:07.68,+07:37:27.8,2.34′ × 0.98′,0.039,General,,,,0,0,Work in progress
ngc-NGC4234,NGC 4234,Galaxy,Virgo,12.88,12:17:09.16,+03:40:59.0,1.15′ × 1.11′,0.01916667,General,,,,0,0,Work in progress
ngc-NGC4235,NGC 4235,Galaxy,Virgo,11.97,12:17:09.88,+07:11:29.7,4.41′ × 0.89′,0.0735,General,,,,0,0,Work in progress
ngc-NGC4237,NGC 4237,Galaxy,Coma Berenices,11.83,12:17:11.42,+15:19:26.3,1.82′ × 1.18′,0.03033333,General,,,,0,0,Work in progress
ngc-NGC4238,NGC 4238,Galaxy,Draco,14.13,12:16:55.80,+63:24:35.7,1.73′ × 0.53′,0.02883333,General,,,,0,0,Work in progress
ngc-NGC4239,NGC 4239,Galaxy,Coma Berenices,12.77,12:17:14.93,+16:31:53.0,1.36′ × 0.79′,0.02266667,General,,,,0,0,Work in progress
ngc-NGC4240,NGC 4240,Galaxy,Virgo,14.27,12:17:24.36,-09:57:05.9,1.47′ × 1.28′,0.0245,General,,,,0,0,Work in progress
ngc-NGC4241,NGC 4241,Galaxy,Virgo,13.05,12:17:59.90,+06:39:15.1,1.46′ × 1.03′,0.02433333,General,,,,0,0,Work in progress
ngc-NGC4242,NGC 4242,Galaxy,Canes Venatici,11.03,12:17:30.18,+45:37:09.5,3.8′ × 2.67′,0.06333333,General,,,,0,0,Work in progress
ngc-NGC4245,NGC 4245,Galaxy,Coma Berenices,11.42,12:17:36.77,+29:36:28.8,2.55′ × 1.62′,0.0425,General,,,,0,0,Work in progress
ngc-NGC4246,NGC 4246,Galaxy,Virgo,12.72,12:17:58.12,+07:11:09.3,2.14′ × 1.09′,0.03566667,General,,,,0,0,Work in progress
ngc-NGC4247,NGC 4247,Galaxy,Virgo,14.79,12:17:58.08,+07:16:26.2,0.99′ × 0.84′,0.0165,General,,,,0,0,Work in progress
ngc-NGC4248,NGC 4248,Galaxy,Canes Venatici,12.58,12:17:49.85,+47:24:33.1,2.01′ × 0.9′,0.0335,General,,,,0,0,Work in progress
ngc-NGC4249,NGC 4249,Galaxy,Virgo,14.48,12:17:59.39,+05:35:54.9,0.86′ × 0.84′,0.01433333,General,,,,0,0,Work in progress
ngc-NGC4250,NGC 4250,Galaxy,Draco,12.9,12:17:26.27,+70:48:09.3,1.87′ × 0.94′,0.03116667,General,,,,0,0,Work in progress
ngc-NGC4251,NGC 4251,Galaxy,Coma Berenices,10.77,12:18:08.25,+28:10:31.4,2.34′ × 1.23′,0.039,General,,,,0,0,Work in progress
ngc-NGC4252,NGC 4252,Galaxy,Virgo,14.65,12:18:30.89,+05:33:34.1,1.19′ × 0.41′,0.01983333,General,,,,0,0,Work in progress
ngc-NGC4253,NGC 4253,Galaxy,Coma Berenices,13.23,12:18:26.51,+29:48:46.3,0.89′ × 0.64′,0.01483333,General,,,,0,0,Work in progress
ngc-NGC4255,NGC 4255,Galaxy,Virgo,13.4,12:18:56.15,+04:47:10.1,1.35′ × 0.62′,0.0225,General,,,,0,0,Work in progress
ngc-NGC4256,NGC 4256,Galaxy,Draco,12.68,12:18:43.09,+65:53:53.7,3.87′ × 0.76′,0.0645,General,,,,0,0,Work in progress
ngc-NGC4257,NGC 4257,Galaxy,Virgo,14.57,12:19:06.47,+05:43:33.5,0.47′ × 0.18′,0.00783333,General,,,,0,0,Work in progress
ngc-NGC4259,NGC 4259,Galaxy,Virgo,13.57,12:19:22.21,+05:22:35.0,1.04′ × 0.45′,0.01733333,General,,,,0,0,Work in progress
ngc-NGC4260,NGC 4260,Galaxy,Virgo,11.55,12:19:22.24,+06:05:55.2,2.51′ × 1.15′,0.04183333,General,,,,0,0,Work in progress
ngc-NGC4261,NGC 4261,Galaxy,Virgo,11.11,12:19:23.22,+05:49:30.8,4.25′ × 3.35′,0.07083333,General,,,,0,0,Work in progress
ngc-NGC4262,NGC 4262,Galaxy,Coma Berenices,11.46,12:19:30.57,+14:52:39.6,1.74′ × 1.52′,0.029,General,,,,0,0,Work in progress
ngc-NGC4263,NGC 4263,Galaxy,Corvus,13.64,12:19:42.20,-12:13:32.0,1.16′ × 0.55′,0.01933333,General,,,,0,0,Work in progress
ngc-NGC4264,NGC 4264,Galaxy,Virgo,12.79,12:19:35.76,+05:50:48.3,0.86′ × 0.67′,0.01433333,General,,,,0,0,Work in progress
ngc-NGC4266,NGC 4266,Galaxy,Virgo,13.42,12:19:42.30,+05:32:17.8,2′ × 0.5′,0.03333333,General,,,,0,0,Work in progress
ngc-NGC4267,NGC 4267,Galaxy,Virgo,10.89,12:19:45.24,+12:47:53.8,2.55′ × 1.76′,0.0425,General,,,,0,0,Work in progress
ngc-NGC4268,NGC 4268,Galaxy,Virgo,12.71,12:19:47.22,+05:17:01.6,1.51′ × 0.64′,0.02516667,General,,,,0,0,Work in progress
ngc-NGC4269,NGC 4269,Galaxy,Virgo,13.41,12:19:49.19,+06:00:53.9,1.22′ × 0.93′,0.02033333,General,,,,0,0,Work in progress
ngc-NGC4270,NGC 4270,Galaxy,Virgo,12.18,12:19:49.47,+05:27:48.4,1.88′ × 0.78′,0.03133333,General,,,,0,0,Work in progress
ngc-NGC4271,NGC 4271,Galaxy,Ursa Major,13.59,12:19:32.60,+56:44:11.7,1.77′ × 1.36′,0.0295,General,,,,0,0,Work in progress
ngc-NGC4272,NGC 4272,Galaxy,Coma Berenices,14.04,12:19:47.64,+30:20:20.7,1.02′ × 0.83′,0.017,General,,,,0,0,Work in progress
ngc-NGC4273,NGC 4273,Galaxy,Virgo,11.8,12:19:56.08,+05:20:36.0,2.19′ × 1.95′,0.0365,General,,,,0,0,Work in progress
ngc-NGC4274,NGC 4274,Galaxy,Coma Berenices,10.42,12:19:50.59,+29:36:52.1,3.63′ × 1.7′,0.0605,General,,,,0,0,Work in progress
ngc-NGC4275,NGC 4275,Galaxy,Coma Berenices,13.37,12:19:52.58,+27:37:15.6,0.87′ × 0.81′,0.0145,General,,,,0,0,Work in progress
ngc-NGC4276,NGC 4276,Galaxy,Virgo,13.56,12:20:07.48,+07:41:30.7,1.34′ × 1.18′,0.02233333,General,,,,0,0,Work in progress
ngc-NGC4277,NGC 4277,Galaxy,Virgo,13.5,12:20:03.72,+05:20:28.9,0.76′ × 0.32′,0.01266667,General,,,,0,0,Work in progress
ngc-NGC4278,NGC 4278,Galaxy,Coma Berenices,10.21,12:20:06.82,+29:16:50.7,2.89′ × 2.83′,0.04816667,General,,,,0,0,Work in progress
ngc-NGC4279,NGC 4279,Galaxy,Virgo,15.13,12:20:25.00,-11:39:59.8,1.17′ × 0.72′,0.0195,General,,,,0,0,Work in progress
ngc-NGC4280,NGC 4280,Unclassified object,Virgo,,12:20:31.90,-11:39:08.8,,,General,,,,0,0,Work in progress
ngc-NGC4281,NGC 4281,Galaxy,Virgo,11.31,12:20:21.52,+05:23:11.0,2.85′ × 1.43′,0.0475,General,,,,0,0,Work in progress
ngc-NGC4282,NGC 4282,Galaxy,Virgo,14.55,12:20:24.31,+05:34:22.2,0.88′ × 0.56′,0.01466667,General,,,,0,0,Work in progress
ngc-NGC4283,NGC 4283,Galaxy,Coma Berenices,12.32,12:20:20.85,+29:18:39.4,1.23′ × 1.13′,0.0205,General,,,,0,0,Work in progress
ngc-NGC4284,NGC 4284,Galaxy,Ursa Major,14.49,12:20:12.62,+58:05:34.4,1.9′ × 0.86′,0.03166667,General,,,,0,0,Work in progress
ngc-NGC4285,NGC 4285,Galaxy,Virgo,15,12:20:39.80,-11:38:30.9,0.93′ × 0.46′,0.0155,General,,,,0,0,Work in progress
ngc-NGC4286,NGC 4286,Galaxy,Coma Berenices,14.51,12:20:42.09,+29:20:45.2,1.08′ × 0.38′,0.018,General,,,,0,0,Work in progress
ngc-NGC4287,NGC 4287,Galaxy,Virgo,14.99,12:20:48.50,+05:38:23.6,1.22′ × 0.39′,0.02033333,General,,,,0,0,Work in progress
ngc-NGC4288,NGC 4288,Galaxy,Canes Venatici,12.91,12:20:38.11,+46:17:30.0,1.7′ × 1.35′,0.02833333,General,,,,0,0,Work in progress
ngc-NGC4289,NGC 4289,Galaxy,Virgo,14.32,12:21:02.25,+03:43:19.7,4.26′ × 0.46′,0.071,General,,,,0,0,Work in progress
ngc-NGC4290,NGC 4290,Galaxy,Ursa Major,12.76,12:20:47.53,+58:05:33.0,2.19′ × 1.47′,0.0365,General,,,,0,0,Work in progress
ngc-NGC4291,NGC 4291,Galaxy,Draco,11.42,12:20:18.20,+75:22:15.0,1.93′ × 1.62′,0.03216667,General,,,,0,0,Work in progress
ngc-NGC4292,NGC 4292,Galaxy,Virgo,12.21,12:21:16.46,+04:35:44.5,1.6′ × 1.11′,0.02666667,General,,,,0,0,Work in progress
ngc-NGC4293,NGC 4293,Galaxy,Coma Berenices,10.17,12:21:12.89,+18:22:56.6,6.24′ × 3.72′,0.104,General,,,,0,0,Work in progress
ngc-NGC4294,NGC 4294,Galaxy,Virgo,12.05,12:21:17.83,+11:30:37.6,2.69′ × 1.02′,0.04483333,General,,,,0,0,Work in progress
ngc-NGC4295,NGC 4295,Galaxy,Coma Berenices,14.87,12:21:09.78,+28:09:54.4,0.51′ × 0.44′,0.0085,General,,,,0,0,Work in progress
ngc-NGC4296,NGC 4296,Galaxy,Virgo,13.68,12:21:28.39,+06:39:12.8,1.44′ × 0.79′,0.024,General,,,,0,0,Work in progress
ngc-NGC4297,NGC 4297,Galaxy,Virgo,12.92,12:21:27.41,+06:40:15.7,0.64′ × 0.31′,0.01066667,General,,,,0,0,Work in progress
ngc-NGC4298,NGC 4298,Galaxy,Coma Berenices,11.35,12:21:32.76,+14:36:22.2,2.54′ × 1.4′,0.04233333,General,,,,0,0,Work in progress
ngc-NGC4299,NGC 4299,Galaxy,Virgo,12.47,12:21:40.55,+11:29:59.7,1.48′ × 1.38′,0.02466667,General,,,,0,0,Work in progress
ngc-NGC4300,NGC 4300,Galaxy,Virgo,13.36,12:21:41.47,+05:23:05.3,1.79′ × 0.72′,0.02983333,General,,,,0,0,Work in progress
ngc-NGC4301,NGC 4301,Galaxy,Virgo,13.12,12:22:27.21,+04:33:58.6,1.14′ × 1.09′,0.019,General,,,,0,0,Work in progress
ngc-NGC4302,NGC 4302,Galaxy,Coma Berenices,11.54,12:21:42.48,+14:35:53.9,6′ × 1.13′,0.1,General,,,,0,0,Work in progress
ngc-NGC4304,NGC 4304,Galaxy,Hydra,11.77,12:22:12.72,-33:29:04.2,2.48′ × 2.43′,0.04133333,General,,,,0,0,Work in progress
ngc-NGC4305,NGC 4305,Galaxy,Virgo,12.61,12:22:03.60,+12:44:27.3,2.3′ × 1.19′,0.03833333,General,,,,0,0,Work in progress
ngc-NGC4306,NGC 4306,Galaxy,Virgo,13.58,12:22:04.11,+12:47:14.9,1.49′ × 1.06′,0.02483333,General,,,,0,0,Work in progress
ngc-NGC4307,NGC 4307,Galaxy,Virgo,12.71,12:22:05.68,+09:02:37.1,3.44′ × 0.81′,0.05733333,General,,,,0,0,Work in progress
ngc-NGC4308,NGC 4308,Galaxy,Coma Berenices,13.25,12:21:56.85,+30:04:27.7,0.94′ × 0.69′,0.01566667,General,,,,0,0,Work in progress
ngc-NGC4309,NGC 4309,Galaxy,Virgo,13.56,12:22:12.38,+07:08:39.5,1.93′ × 0.92′,0.03216667,General,,,,0,0,Work in progress
ngc-NGC4310,NGC 4310,Galaxy,Coma Berenices,13.44,12:22:26.30,+29:12:32.5,1.93′ × 0.76′,0.03216667,General,,,,0,0,Work in progress
ngc-NGC4311,NGC 4311,Optical double,Coma Berenices,,12:22:26.85,+29:08:45.4,,,HighMagnification,,,,0,0,Work in progress
ngc-NGC4312,NGC 4312,Galaxy,Coma Berenices,11.7,12:22:31.36,+15:32:16.5,5.02′ × 1.15′,0.08366667,General,,,,0,0,Work in progress
ngc-NGC4313,NGC 4313,Galaxy,Virgo,12.42,12:22:38.54,+11:48:03.4,3.8′ × 0.99′,0.06333333,General,,,,0,0,Work in progress
ngc-NGC4314,NGC 4314,Galaxy,Coma Berenices,10.57,12:22:31.82,+29:53:45.2,3.7′ × 3.56′,0.06166667,General,,,,0,0,Work in progress
ngc-NGC4315,NGC 4315,Star,Virgo,,12:22:45.14,+09:18:19.4,,,HighMagnification,,,,0,0,Work in progress
ngc-NGC4316,NGC 4316,Galaxy,Virgo,13.54,12:22:42.24,+09:19:56.9,2.47′ × 0.58′,0.04116667,General,,,,0,0,Work in progress
ngc-NGC4317,NGC 4317,Unclassified object,Coma Berenices,,12:22:41.98,+31:02:16.3,,,General,,,,0,0,Work in progress
ngc-NGC4318,NGC 4318,Galaxy,Virgo,14.2,12:22:43.29,+08:11:53.8,0.73′ × 0.5′,0.01216667,General,,,,0,0,Work in progress
ngc-NGC4319,NGC 4319,Galaxy,Draco,12.88,12:21:43.87,+75:19:21.3,2.45′ × 0.97′,0.04083333,General,,,,0,0,Work in progress
ngc-NGC4320,NGC 4320,Galaxy,Virgo,14.91,12:22:57.72,+10:32:54.0,0.94′ × 0.66′,0.01566667,General,,,,0,0,Work in progress
ngc-NGC4322,NGC 4322,Star,Coma Berenices,13.4,12:22:41.89,+15:54:11.8,,,HighMagnification,,,,0,0,Work in progress
ngc-NGC4323,NGC 4323,Galaxy,Coma Berenices,13.76,12:23:01.73,+15:54:20.1,1.23′ × 0.71′,0.0205,General,,,,0,0,Work in progress
ngc-NGC4324,NGC 4324,Galaxy,Virgo,11.5,12:23:06.18,+05:15:01.2,2.96′ × 1.21′,0.04933333,General,,,,0,0,Work in progress
ngc-NGC4325,NGC 4325,Galaxy,Virgo,13.3,12:23:06.68,+10:37:16.3,1.23′ × 0.77′,0.0205,General,,,,0,0,Work in progress
ngc-NGC4326,NGC 4326,Galaxy,Virgo,14.23,12:23:11.63,+06:04:19.7,1.13′ × 1.07′,0.01883333,General,,,,0,0,Work in progress
ngc-NGC4327,NGC 4327,Star,Coma Berenices,16.1,12:23:07.51,+15:44:11.4,,,HighMagnification,,,,0,0,Work in progress
ngc-NGC4328,NGC 4328,Galaxy,Coma Berenices,14.19,12:23:20.03,+15:49:13.4,1.6′ × 1.23′,0.02666667,General,,,,0,0,Work in progress
ngc-NGC4329,NGC 4329,Galaxy,Corvus,14.65,12:23:20.71,-12:33:31.0,1.08′ × 0.59′,0.018,General,,,,0,0,Work in progress
ngc-NGC4330,NGC 4330,Galaxy,Virgo,13.12,12:23:17.25,+11:22:04.7,2.29′ × 0.6′,0.03816667,General,,,,0,0,Work in progress
ngc-NGC4331,NGC 4331,Galaxy,Draco,14.71,12:22:35.96,+76:10:20.9,1.58′ × 0.37′,0.02633333,General,,,,0,0,Work in progress
ngc-NGC4332,NGC 4332,Galaxy,Draco,13.22,12:22:46.76,+65:50:37.6,1.97′ × 1.43′,0.03283333,General,,,,0,0,Work in progress
ngc-NGC4333,NGC 4333,Galaxy,Virgo,14.33,12:23:22.27,+06:02:26.6,0.8′ × 0.75′,0.01333333,General,,,,0,0,Work in progress
ngc-NGC4334,NGC 4334,Galaxy,Virgo,14.09,12:23:23.88,+07:28:23.5,2′ × 0.91′,0.03333333,General,,,,0,0,Work in progress
ngc-NGC4335,NGC 4335,Galaxy,Ursa Major,13.64,12:23:01.88,+58:26:40.4,1.85′ × 1.37′,0.03083333,General,,,,0,0,Work in progress
ngc-NGC4336,NGC 4336,Galaxy,Coma Berenices,13.23,12:23:29.83,+19:25:36.9,1.54′ × 0.81′,0.02566667,General,,,,0,0,Work in progress
ngc-NGC4337,NGC 4337,Open cluster,Crux,8.9,12:24:03.31,-58:07:25.6,6.6′,0.11,WideField,,,,0,0,Work in progress
ngc-NGC4339,NGC 4339,Galaxy,Virgo,11.41,12:23:34.95,+06:04:54.3,2.32′ × 2.2′,0.03866667,General,,,,0,0,Work in progress
ngc-NGC4340,NGC 4340,Galaxy,Coma Berenices,11.15,12:23:35.29,+16:43:20.5,2.82′ × 1.79′,0.047,General,,,,0,0,Work in progress
ngc-NGC4341,NGC 4341,Galaxy,Virgo,13.26,12:23:53.56,+07:06:25.6,1.67′ × 0.51′,0.02783333,General,,,,0,0,Work in progress
ngc-NGC4342,NGC 4342,Galaxy,Virgo,12.51,12:23:39.00,+07:03:14.4,1.25′ × 0.64′,0.02083333,General,,,,0,0,Work in progress
ngc-NGC4343,NGC 4343,Galaxy,Virgo,12.29,12:23:38.70,+06:57:14.7,1.92′ × 1.92′,0.032,General,,,,0,0,Work in progress
ngc-NGC4344,NGC 4344,Galaxy,Coma Berenices,13.31,12:23:37.47,+17:32:27.1,1.34′ × 1.3′,0.02233333,General,,,,0,0,Work in progress
ngc-NGC4346,NGC 4346,Galaxy,Canes Venatici,12.14,12:23:27.94,+46:59:37.8,3.13′ × 1.13′,0.05216667,General,,,,0,0,Work in progress
ngc-NGC4347,NGC 4347,Star,Virgo,,12:23:52.44,-03:14:25.5,,,HighMagnification,,,,0,0,Work in progress
ngc-NGC4348,NGC 4348,Galaxy,Virgo,12.28,12:23:53.99,-03:26:34.5,2.67′ × 0.5′,0.0445,General,,,,0,0,Work in progress
ngc-NGC4349,NGC 4349,Open cluster,Crux,7.4,12:24:06.04,-61:52:13.6,6.3′,0.105,WideField,,,,0,0,Work in progress
ngc-NGC4350,NGC 4350,Galaxy,Coma Berenices,10.87,12:23:57.87,+16:41:36.3,2.8′ × 1.33′,0.04666667,General,,,,0,0,Work in progress
ngc-NGC4351,NGC 4351,Galaxy,Virgo,12.55,12:24:01.50,+12:12:17.2,1.58′ × 1.28′,0.02633333,General,,,,0,0,Work in progress
ngc-NGC4352,NGC 4352,Galaxy,Virgo,12.52,12:24:05.02,+11:13:05.0,1.64′ × 0.77′,0.02733333,General,,,,0,0,Work in progress
ngc-NGC4353,NGC 4353,Galaxy,Virgo,13.41,12:24:00.26,+07:47:06.7,1.05′ × 0.81′,0.0175,General,,,,0,0,Work in progress
ngc-NGC4355,NGC 4355,Galaxy,Virgo,13.37,12:26:54.62,-00:52:39.4,1.41′ × 0.68′,0.0235,General,,,,0,0,Work in progress
ngc-NGC4356,NGC 4356,Galaxy,Virgo,13.41,12:24:14.53,+08:32:09.1,2.01′ × 0.73′,0.0335,General,,,,0,0,Work in progress
ngc-NGC4357,NGC 4357,Galaxy,Canes Venatici,12.68,12:23:58.82,+48:46:46.1,3.48′ × 1.27′,0.058,General,,,,0,0,Work in progress
ngc-NGC4358,NGC 4358,Galaxy,Ursa Major,14.18,12:24:02.02,+58:23:06.8,1.15′ × 0.92′,0.01916667,General,,,,0,0,Work in progress
ngc-NGC4359,NGC 4359,Galaxy,Coma Berenices,13.65,12:24:11.17,+31:31:19.0,1.38′ × 0.83′,0.023,General,,,,0,0,Work in progress
ngc-NGC4360,NGC 4360,Galaxy,Virgo,13.32,12:24:21.70,+09:17:34.0,1.4′ × 1.2′,0.02333333,General,,,,0,0,Work in progress
ngc-NGC4361,NGC 4361,Planetary nebula,Corvus,10.9,12:24:30.76,-18:47:05.4,1.05′,0.0175,HighMagnification,,,,0,0,Work in progress
ngc-NGC4362,NGC 4362,Galaxy,Ursa Major,14.96,12:24:11.26,+58:21:38.4,1.28′ × 0.49′,0.02133333,General,,,,0,0,Work in progress
ngc-NGC4363,NGC 4363,Galaxy,Draco,14.54,12:23:28.40,+74:57:08.0,0.79′ × 0.63′,0.01316667,General,,,,0,0,Work in progress
ngc-NGC4365,NGC 4365,Galaxy,Virgo,9.43,12:24:28.28,+07:19:03.6,5.12′ × 3.66′,0.08533333,General,,,,0,0,Work in progress
ngc-NGC4366,NGC 4366,Galaxy,Virgo,14.9,12:24:47.01,+07:21:10.9,0.85′ × 0.31′,0.01416667,General,,,,0,0,Work in progress
ngc-NGC4367,NGC 4367,Optical double,Virgo,,12:24:35.14,+12:10:56.3,,,HighMagnification,,,,0,0,Work in progress
ngc-NGC4369,NGC 4369,Galaxy,Canes Venatici,11.69,12:24:36.20,+39:22:58.8,1.98′ × 1.89′,0.033,General,,,,0,0,Work in progress
ngc-NGC4370,NGC 4370,Galaxy,Virgo,13.84,12:24:54.90,+07:26:41.6,1.62′ × 1.06′,0.027,General,,,,0,0,Work in progress
ngc-NGC4371,NGC 4371,Galaxy,Virgo,10.83,12:24:55.43,+11:42:15.2,3.88′ × 1.81′,0.06466667,General,,,,0,0,Work in progress
ngc-NGC4373,NGC 4373,Galaxy,Centaurus,10.92,12:25:17.82,-39:45:35.0,3.98′ × 2.11′,0.06633333,General,,,,0,0,Work in progress
ngc-NGC4375,NGC 4375,Galaxy,Coma Berenices,13.83,12:25:00.47,+28:33:31.0,1.16′ × 0.85′,0.01933333,General,,,,0,0,Work in progress
ngc-NGC4376,NGC 4376,Galaxy,Virgo,13.81,12:25:18.06,+05:44:28.3,1.32′ × 0.79′,0.022,General,,,,0,0,Work in progress
ngc-NGC4377,NGC 4377,Galaxy,Coma Berenices,11.8,12:25:12.34,+14:45:43.8,1.6′ × 1.24′,0.02666667,General,,,,0,0,Work in progress
ngc-NGC4378,NGC 4378,Galaxy,Virgo,11.29,12:25:18.10,+04:55:30.5,2.09′ × 1.93′,0.03483333,General,,,,0,0,Work in progress
ngc-NGC4379,NGC 4379,Galaxy,Coma Berenices,11.63,12:25:14.74,+15:36:26.9,1.87′ × 1.52′,0.03116667,General,,,,0,0,Work in progress
ngc-NGC4380,NGC 4380,Galaxy,Virgo,11.29,12:25:22.17,+10:01:00.5,3.35′ × 1.78′,0.05583333,General,,,,0,0,Work in progress
ngc-NGC4383,NGC 4383,Galaxy,Coma Berenices,12.18,12:25:25.52,+16:28:12.5,1.67′ × 0.9′,0.02783333,General,,,,0,0,Work in progress
ngc-NGC4384,NGC 4384,Galaxy,Ursa Major,13.06,12:25:11.98,+54:30:22.4,1.27′ × 0.99′,0.02116667,General,,,,0,0,Work in progress
ngc-NGC4385,NGC 4385,Galaxy,Virgo,12.96,12:25:42.80,+00:34:21.4,2.15′ × 1.16′,0.03583333,General,,,,0,0,Work in progress
ngc-NGC4386,NGC 4386,Galaxy,Draco,11.69,12:24:28.35,+75:31:44.1,2.52′ × 1.44′,0.042,General,,,,0,0,Work in progress
ngc-NGC4387,NGC 4387,Galaxy,Virgo,12.13,12:25:41.68,+12:48:37.9,1.58′ × 0.94′,0.02633333,General,,,,0,0,Work in progress
ngc-NGC4388,NGC 4388,Galaxy,Virgo,11.02,12:25:46.75,+12:39:43.5,5.38′ × 1.29′,0.08966667,General,,,,0,0,Work in progress
ngc-NGC4389,NGC 4389,Galaxy,Canes Venatici,12.55,12:25:35.10,+45:41:04.8,2.51′ × 1.67′,0.04183333,General,,,,0,0,Work in progress
ngc-NGC4390,NGC 4390,Galaxy,Virgo,13.34,12:25:50.67,+10:27:32.6,1.52′ × 1.13′,0.02533333,General,,,,0,0,Work in progress
ngc-NGC4391,NGC 4391,Galaxy,Draco,13.73,12:25:18.79,+64:56:00.5,1.25′ × 1.24′,0.02083333,General,,,,0,0,Work in progress
ngc-NGC4392,NGC 4392,Galaxy,Canes Venatici,14.29,12:25:18.96,+45:50:50.9,1.58′ × 1.16′,0.02633333,General,,,,0,0,Work in progress
ngc-NGC4393,NGC 4393,Galaxy,Coma Berenices,13.72,12:25:51.23,+27:33:41.6,2.92′ × 2.7′,0.04866667,General,,,,0,0,Work in progress
ngc-NGC4394,NGC 4394,Galaxy,Coma Berenices,11.03,12:25:55.53,+18:12:50.6,3.48′ × 3.35′,0.058,General,,,,0,0,Work in progress
ngc-NGC4395,NGC 4395,Galaxy,Canes Venatici,10.29,12:25:48.86,+33:32:48.9,4.17′ × 1.39′,0.0695,General,,,,0,0,Work in progress
ngc-NGC4396,NGC 4396,Galaxy,Coma Berenices,12.64,12:25:58.82,+15:40:17.3,2.97′ × 1.04′,0.0495,General,,,,0,0,Work in progress
ngc-NGC4397,NGC 4397,Unclassified object,Coma Berenices,,12:25:58.16,+18:18:03.7,,,General,,,,0,0,Work in progress
ngc-NGC4398,NGC 4398,Star,Virgo,,12:26:07.43,+10:41:09.9,,,HighMagnification,,,,0,0,Work in progress
ngc-NGC4399,NGC 4399,Unclassified object,Canes Venatici,,12:25:43.01,+33:30:57.9,,,General,,,,0,0,Work in progress
ngc-NGC4400,NGC 4400,Unclassified object,Canes Venatici,,12:25:55.91,+33:30:53.4,,,General,,,,0,0,Work in progress
ngc-NGC4401,NGC 4401,Unclassified object,Canes Venatici,,12:25:57.57,+33:31:42.1,,,General,,,,0,0,Work in progress
ngc-NGC4402,NGC 4402,Galaxy,Virgo,11.78,12:26:07.65,+13:06:48.0,3.52′ × 1′,0.05866667,General,,,,0,0,Work in progress
ngc-NGC4403,NGC 4403,Galaxy,Virgo,13.49,12:26:12.79,-07:41:05.8,1.58′ × 0.61′,0.02633333,General,,,,0,0,Work in progress
ngc-NGC4404,NGC 4404,Galaxy,Virgo,14.25,12:26:16.21,-07:40:51.0,1.56′ × 1′,0.026,General,,,,0,0,Work in progress
ngc-NGC4405,NGC 4405,Galaxy,Coma Berenices,12.94,12:26:07.15,+16:10:51.6,1.52′ × 1.02′,0.02533333,General,,,,0,0,Work in progress
ngc-NGC4407,NGC 4407,Galaxy,Virgo,12.25,12:26:32.25,+12:36:39.5,2.08′ × 1.46′,0.03466667,General,,,,0,0,Work in progress
ngc-NGC4408,NGC 4408,Galaxy,Coma Berenices,15.15,12:26:17.24,+27:52:16.2,0.62′ × 0.52′,0.01033333,General,,,,0,0,Work in progress
ngc-NGC4409,NGC 4409,Galaxy,Virgo,12.77,12:26:58.50,+02:29:39.7,1.82′ × 0.89′,0.03033333,General,,,,0,0,Work in progress
ngc-NGC4410,NGC 4410,Galaxy pair,Virgo,,12:26:28.86,+09:01:10.8,1.2′,0.02,General,,,,0,0,Work in progress
ngc-NGC4411,NGC 4411,Galaxy,Virgo,12.82,12:26:30.10,+08:52:20.0,1.63′ × 0.98′,0.02716667,General,,,,0,0,Work in progress
ngc-NGC4412,NGC 4412,Galaxy,Virgo,13.16,12:26:36.08,+03:57:52.9,1.5′ × 1.35′,0.025,General,,,,0,0,Work in progress
ngc-NGC4414,NGC 4414,Galaxy,Coma Berenices,10.2,12:26:27.10,+31:13:24.7,1.95′ × 1.12′,0.0325,General,,,,0,0,Work in progress
ngc-NGC4415,NGC 4415,Galaxy,Virgo,13.59,12:26:40.49,+08:26:08.5,1.28′ × 1.13′,0.02133333,General,,,,0,0,Work in progress
ngc-NGC4416,NGC 4416,Galaxy,Virgo,11.57,12:26:46.72,+07:55:08.4,1.57′ × 1.37′,0.02616667,General,,,,0,0,Work in progress
ngc-NGC4417,NGC 4417,Galaxy,Virgo,11.22,12:26:50.61,+09:35:03.3,3.09′ × 1.09′,0.0515,General,,,,0,0,Work in progress
ngc-NGC4419,NGC 4419,Galaxy,Coma Berenices,11.06,12:26:56.44,+15:02:50.6,3.89′ × 1.3′,0.06483333,General,,,,0,0,Work in progress
ngc-NGC4421,NGC 4421,Galaxy,Coma Berenices,11.42,12:27:02.54,+15:27:41.3,2.59′ × 1.97′,0.04316667,General,,,,0,0,Work in progress
ngc-NGC4422,NGC 4422,Galaxy,Virgo,14.59,12:27:12.11,-05:49:51.6,1.48′ × 1.43′,0.02466667,General,,,,0,0,Work in progress
ngc-NGC4423,NGC 4423,Galaxy,Virgo,13.88,12:27:08.97,+05:52:48.6,2.05′ × 0.41′,0.03416667,General,,,,0,0,Work in progress
ngc-NGC4424,NGC 4424,Galaxy,Virgo,11.68,12:27:11.61,+09:25:14.4,3.04′ × 1.57′,0.05066667,General,,,,0,0,Work in progress
ngc-NGC4425,NGC 4425,Galaxy,Virgo,11.95,12:27:13.33,+12:44:05.0,3.08′ × 1.26′,0.05133333,General,,,,0,0,Work in progress
ngc-NGC4426,NGC 4426,Optical double,Coma Berenices,,12:27:10.53,+27:50:17.5,,,HighMagnification,,,,0,0,Work in progress
ngc-NGC4428,NGC 4428,Galaxy,Virgo,13.15,12:27:28.30,-08:10:04.4,1.62′ × 0.67′,0.027,General,,,,0,0,Work in progress
ngc-NGC4429,NGC 4429,Galaxy,Virgo,10.08,12:27:26.51,+11:06:27.8,5.3′ × 2.42′,0.08833333,General,,,,0,0,Work in progress
ngc-NGC4430,NGC 4430,Galaxy,Virgo,12.65,12:27:26.41,+06:15:46.0,2.02′ × 1.5′,0.03366667,General,,,,0,0,Work in progress
ngc-NGC4431,NGC 4431,Galaxy,Virgo,12.97,12:27:27.38,+12:17:25.0,1.53′ × 0.88′,0.0255,General,,,,0,0,Work in progress
ngc-NGC4432,NGC 4432,Galaxy,Virgo,14.93,12:27:32.97,+06:13:59.7,0.64′ × 0.49′,0.01066667,General,,,,0,0,Work in progress
ngc-NGC4433,NGC 4433,Galaxy,Virgo,12.66,12:27:38.59,-08:16:42.3,2′ × 0.67′,0.03333333,General,,,,0,0,Work in progress
ngc-NGC4434,NGC 4434,Galaxy,Virgo,12.12,12:27:36.68,+08:09:15.6,1.42′ × 1.36′,0.02366667,General,,,,0,0,Work in progress
ngc-NGC4435,Eyes,Galaxy,Virgo,10.96,12:27:40.49,+13:04:44.2,3.03′ × 2.14′,0.0505,General,,,,0,0,Work in progress
ngc-NGC4436,NGC 4436,Galaxy,Virgo,13.19,12:27:41.24,+12:18:57.2,1.66′ × 0.79′,0.02766667,General,,,,0,0,Work in progress
ngc-NGC4517,NGC 4517,Galaxy,Virgo,10.48,12:32:45.59,+00:06:54.1,9.02′ × 1.42′,0.15033333,General,,,,0,0,Work in progress
ngc-NGC4438,Eyes,Galaxy,Virgo,10.92,12:27:45.59,+13:00:31.8,9.16′ × 4.02′,0.15266667,General,,,,0,0,Work in progress
ngc-NGC4439,NGC 4439,Open cluster,Crux,8.4,12:28:26.35,-60:06:11.6,4.5′,0.075,WideField,,,,0,0,Work in progress
ngc-NGC4440,NGC 4440,Galaxy,Virgo,11.81,12:27:53.57,+12:17:35.8,1.77′ × 1.44′,0.0295,General,,,,0,0,Work in progress
ngc-NGC4441,NGC 4441,Galaxy,Draco,12.67,12:27:20.35,+64:48:05.4,4.13′ × 2.96′,0.06883333,General,,,,0,0,Work in progress
ngc-NGC4442,NGC 4442,Galaxy,Virgo,10.6,12:28:03.88,+09:48:13.4,4.32′ × 1.61′,0.072,General,,,,0,0,Work in progress
ngc-NGC4461,NGC 4461,Galaxy,Virgo,11.02,12:29:03.01,+13:11:01.5,3.61′ × 1.23′,0.06016667,General,,,,0,0,Work in progress
ngc-NGC4444,NGC 4444,Galaxy,Centaurus,13.06,12:28:36.41,-43:15:42.3,2.27′ × 1.85′,0.03783333,General,,,,0,0,Work in progress
ngc-NGC4445,NGC 4445,Galaxy,Virgo,12.76,12:28:15.93,+09:26:10.3,2.54′ × 0.5′,0.04233333,General,,,,0,0,Work in progress
ngc-NGC4446,NGC 4446,Galaxy,Coma Berenices,14.58,12:28:06.79,+13:54:42.3,0.98′ × 0.59′,0.01633333,General,,,,0,0,Work in progress
ngc-NGC4447,NGC 4447,Galaxy,Coma Berenices,14.8,12:28:12.53,+13:53:57.2,0.75′ × 0.62′,0.0125,General,,,,0,0,Work in progress
ngc-NGC4448,NGC 4448,Galaxy,Coma Berenices,11.11,12:28:15.43,+28:37:13.1,1.58′ × 1.04′,0.02633333,General,,,,0,0,Work in progress
ngc-NGC4450,NGC 4450,Galaxy,Coma Berenices,10.87,12:28:29.63,+17:05:05.8,5.46′ × 3.78′,0.091,General,,,,0,0,Work in progress
ngc-NGC4451,NGC 4451,Galaxy,Virgo,12.51,12:28:40.55,+09:15:31.7,1.35′ × 0.86′,0.0225,General,,,,0,0,Work in progress
ngc-NGC4452,NGC 4452,Galaxy,Virgo,11.9,12:28:43.31,+11:45:18.1,3.36′ × 0.6′,0.056,General,,,,0,0,Work in progress
ngc-NGC4453,NGC 4453,Galaxy pair,Virgo,,12:28:47.20,+06:30:27.0,1.2′,0.02,General,,,,0,0,Work in progress
ngc-NGC4454,NGC 4454,Galaxy,Virgo,11.93,12:28:50.75,-01:56:21.1,2.17′ × 1.99′,0.03616667,General,,,,0,0,Work in progress
ngc-NGC4455,NGC 4455,Galaxy,Coma Berenices,13.12,12:28:44.11,+22:49:13.6,1.61′ × 0.56′,0.02683333,General,,,,0,0,Work in progress
ngc-NGC4456,NGC 4456,Galaxy,Hydra,14.12,12:27:52.40,-30:05:52.4,1.29′ × 0.69′,0.0215,General,,,,0,0,Work in progress
ngc-NGC4457,NGC 4457,Galaxy,Virgo,10.57,12:28:59.01,+03:34:14.1,2.79′ × 2.37′,0.0465,General,,,,0,0,Work in progress
ngc-NGC4458,NGC 4458,Galaxy,Virgo,12.12,12:28:57.57,+13:14:30.8,1.59′ × 1.48′,0.0265,General,,,,0,0,Work in progress
ngc-NGC4459,NGC 4459,Galaxy,Coma Berenices,10.25,12:29:00.01,+13:58:42.1,4.17′ × 3.16′,0.0695,General,,,,0,0,Work in progress
ngc-NGC4460,NGC 4460,Galaxy,Canes Venatici,12.4,12:28:45.56,+44:51:51.2,3.93′ × 1.05′,0.0655,General,,,,0,0,Work in progress
ngc-NGC4462,NGC 4462,Galaxy,Corvus,11.85,12:29:21.22,-23:09:58.9,3.6′ × 1.33′,0.06,General,,,,0,0,Work in progress
ngc-NGC4463,NGC 4463,Open cluster,Musca,7.2,12:29:55.22,-64:47:22.8,4.8′,0.08,WideField,,,,0,0,Work in progress
ngc-NGC4464,NGC 4464,Galaxy,Virgo,12.6,12:29:21.29,+08:09:23.8,1.01′ × 0.76′,0.01683333,General,,,,0,0,Work in progress
ngc-NGC4465,NGC 4465,Galaxy,Virgo,15.22,12:29:23.54,+08:01:33.6,0.26′ × 0.21′,0.00433333,General,,,,0,0,Work in progress
ngc-NGC4466,NGC 4466,Galaxy,Virgo,14.34,12:29:30.57,+07:41:47.1,0.93′ × 0.57′,0.0155,General,,,,0,0,Work in progress
ngc-NGC4467,NGC 4467,Galaxy,Virgo,14.15,12:29:30.25,+07:59:34.3,0.59′ × 0.49′,0.00983333,General,,,,0,0,Work in progress
ngc-NGC4468,NGC 4468,Galaxy,Coma Berenices,12.96,12:29:30.90,+14:02:56.7,1.54′ × 1′,0.02566667,General,,,,0,0,Work in progress
ngc-NGC4469,NGC 4469,Galaxy,Virgo,11.04,12:29:28.03,+08:44:59.7,2.86′ × 1.05′,0.04766667,General,,,,0,0,Work in progress
ngc-NGC4470,NGC 4470,Galaxy,Virgo,13.06,12:29:37.78,+07:49:27.1,1.28′ × 0.86′,0.02133333,General,,,,0,0,Work in progress
ngc-NGC4471,NGC 4471,Galaxy,Virgo,15.24,12:29:37.05,+07:55:57.9,0.44′ × 0.43′,0.00733333,General,,,,0,0,Work in progress
ngc-NGC4473,NGC 4473,Galaxy,Coma Berenices,10.09,12:29:48.87,+13:25:45.7,4.27′ × 2.51′,0.07116667,General,,,,0,0,Work in progress
ngc-NGC4474,NGC 4474,Galaxy,Coma Berenices,11.56,12:29:53.55,+14:04:06.9,2.33′ × 1.57′,0.03883333,General,,,,0,0,Work in progress
ngc-NGC4475,NGC 4475,Galaxy,Coma Berenices,13.85,12:29:47.58,+27:14:36.0,1.1′ × 0.61′,0.01833333,General,,,,0,0,Work in progress
ngc-NGC4476,NGC 4476,Galaxy,Virgo,12.2,12:29:59.08,+12:20:55.2,1.7′ × 1.15′,0.02833333,General,,,,0,0,Work in progress
ngc-NGC4477,NGC 4477,Galaxy,Coma Berenices,10.31,12:30:02.20,+13:38:11.8,3.7′ × 3.22′,0.06166667,General,,,,0,0,Work in progress
ngc-NGC4478,NGC 4478,Galaxy,Virgo,11.44,12:30:17.42,+12:19:42.8,1.75′ × 1.43′,0.02916667,General,,,,0,0,Work in progress
ngc-NGC4479,NGC 4479,Galaxy,Coma Berenices,12.52,12:30:18.37,+13:34:39.5,1.43′ × 1.25′,0.02383333,General,,,,0,0,Work in progress
ngc-NGC4480,NGC 4480,Galaxy,Virgo,12.4,12:30:26.78,+04:14:47.7,1.89′ × 0.97′,0.0315,General,,,,0,0,Work in progress
ngc-NGC4481,NGC 4481,Galaxy,Draco,14.76,12:29:48.67,+64:01:58.8,1.23′ × 0.52′,0.0205,General,,,,0,0,Work in progress
ngc-NGC4482,NGC 4482,Galaxy,Virgo,13.01,12:30:10.33,+10:46:46.1,1.51′ × 0.85′,0.02516667,General,,,,0,0,Work in progress
ngc-NGC4483,NGC 4483,Galaxy,Virgo,12.18,12:30:40.65,+09:00:56.4,1.65′ × 0.85′,0.0275,General,,,,0,0,Work in progress
ngc-NGC4484,NGC 4484,Galaxy,Virgo,14.21,12:28:52.68,-11:39:07.4,1.26′ × 1.1′,0.021,General,,,,0,0,Work in progress
ngc-NGC4485,NGC 4485,Galaxy,Canes Venatici,12.18,12:30:31.13,+41:42:04.2,2.01′ × 1.34′,0.0335,General,,,,0,0,Work in progress
ngc-NGC4487,NGC 4487,Galaxy,Virgo,11.45,12:31:04.46,-08:03:14.1,3.46′ × 1.9′,0.05766667,General,,,,0,0,Work in progress
ngc-NGC4488,NGC 4488,Galaxy,Virgo,12.02,12:30:51.37,+08:21:36.0,2.75′ × 0.76′,0.04583333,General,,,,0,0,Work in progress
ngc-NGC4489,NGC 4489,Galaxy,Coma Berenices,12.68,12:30:52.25,+16:45:31.9,1.72′ × 1.56′,0.02866667,General,,,,0,0,Work in progress
ngc-NGC4490,NGC 4490,Galaxy,Canes Venatici,9.72,12:30:36.24,+41:38:38.0,6.71′ × 1.65′,0.11183333,General,,,,0,0,Work in progress
ngc-NGC4491,NGC 4491,Galaxy,Virgo,12.43,12:30:57.11,+11:29:00.7,1.64′ × 0.86′,0.02733333,General,,,,0,0,Work in progress
ngc-NGC4492,NGC 4492,Galaxy,Virgo,11.99,12:30:59.71,+08:04:40.3,2.11′ × 1.86′,0.03516667,General,,,,0,0,Work in progress
ngc-NGC4493,NGC 4493,Galaxy,Virgo,14.72,12:31:08.37,+00:36:49.3,1.52′ × 0.74′,0.02533333,General,,,,0,0,Work in progress
ngc-NGC4494,NGC 4494,Galaxy,Coma Berenices,9.8,12:31:24.10,+25:46:30.9,4.35′ × 4.13′,0.0725,General,,,,0,0,Work in progress
ngc-NGC4495,NGC 4495,Galaxy,Coma Berenices,13.46,12:31:22.88,+29:08:11.3,1.34′ × 0.57′,0.02233333,General,,,,0,0,Work in progress
ngc-NGC4496,NGC 4496,Galaxy pair,Virgo,,12:31:40.00,+03:55:58.0,3.5′,0.05833333,General,,,,0,0,Work in progress
ngc-NGC4497,NGC 4497,Galaxy,Virgo,12.46,12:31:32.53,+11:37:29.0,2′ × 1.03′,0.03333333,General,,,,0,0,Work in progress
ngc-NGC4498,NGC 4498,Galaxy,Coma Berenices,12.76,12:31:39.56,+16:51:10.0,2.88′ × 1.53′,0.048,General,,,,0,0,Work in progress
ngc-NGC4499,NGC 4499,Galaxy,Centaurus,13.14,12:32:04.94,-39:58:56.9,2.01′ × 1.29′,0.0335,General,,,,0,0,Work in progress
ngc-NGC4500,NGC 4500,Galaxy,Ursa Major,12.52,12:31:22.16,+57:57:52.7,1.53′ × 1.06′,0.0255,General,,,,0,0,Work in progress
ngc-NGC4502,NGC 4502,Galaxy,Coma Berenices,14.56,12:32:03.35,+16:41:15.8,1.04′ × 0.54′,0.01733333,General,,,,0,0,Work in progress
ngc-NGC4503,NGC 4503,Galaxy,Virgo,10.97,12:32:06.23,+11:10:35.1,3.48′ × 1.58′,0.058,General,,,,0,0,Work in progress
ngc-NGC4504,NGC 4504,Galaxy,Virgo,11.61,12:32:17.45,-07:33:48.4,3.18′ × 1.97′,0.053,General,,,,0,0,Work in progress
ngc-NGC4505,NGC 4505,Galaxy,Virgo,11.59,12:31:39.21,+03:56:22.1,3.37′ × 2.78′,0.05616667,General,,,,0,0,Work in progress
ngc-NGC4506,NGC 4506,Galaxy,Coma Berenices,13.56,12:32:10.53,+13:25:10.6,1.63′ × 1.11′,0.02716667,General,,,,0,0,Work in progress
ngc-NGC4507,NGC 4507,Galaxy,Centaurus,13.13,12:35:36.63,-39:54:33.3,1.39′ × 1.19′,0.02316667,General,,,,0,0,Work in progress
ngc-NGC4508,NGC 4508,Optical double,Virgo,,12:32:17.42,+05:49:11.9,,,HighMagnification,,,,0,0,Work in progress
ngc-NGC4509,NGC 4509,Galaxy,Canes Venatici,14.08,12:33:06.79,+32:05:29.6,0.67′ × 0.37′,0.01116667,General,,,,0,0,Work in progress
ngc-NGC4510,NGC 4510,Galaxy,Draco,14.07,12:31:47.21,+64:14:01.7,1.46′ × 0.84′,0.02433333,General,,,,0,0,Work in progress
ngc-NGC4511,NGC 4511,Galaxy,Ursa Major,14.52,12:32:08.11,+56:28:16.2,0.92′ × 0.57′,0.01533333,General,,,,0,0,Work in progress
ngc-NGC4512,NGC 4512,Galaxy,Draco,12.97,12:32:47.65,+63:56:21.1,2.57′ × 0.5′,0.04283333,General,,,,0,0,Work in progress
ngc-NGC4513,NGC 4513,Galaxy,Draco,13.99,12:32:01.52,+66:19:57.3,2.06′ × 1.35′,0.03433333,General,,,,0,0,Work in progress
ngc-NGC4514,NGC 4514,Galaxy,Coma Berenices,13.98,12:32:42.97,+29:42:44.6,1′ × 0.8′,0.01666667,General,,,,0,0,Work in progress
ngc-NGC4515,NGC 4515,Galaxy,Coma Berenices,12.65,12:33:04.97,+16:15:55.9,1.35′ × 1.06′,0.0225,General,,,,0,0,Work in progress
ngc-NGC4516,NGC 4516,Galaxy,Coma Berenices,13.53,12:33:07.54,+14:34:29.8,1.75′ × 0.97′,0.02916667,General,,,,0,0,Work in progress
ngc-NGC4518,NGC 4518,Galaxy,Virgo,14.53,12:33:11.76,+07:51:05.9,1.18′ × 0.58′,0.01966667,General,,,,0,0,Work in progress
ngc-NGC4519,NGC 4519,Galaxy,Virgo,12,12:33:30.25,+08:39:17.1,2.33′ × 1.77′,0.03883333,General,,,,0,0,Work in progress
ngc-NGC4520,NGC 4520,Galaxy,Virgo,14.65,12:33:49.90,-07:22:32.0,0.79′ × 0.46′,0.01316667,General,,,,0,0,Work in progress
ngc-NGC4522,NGC 4522,Galaxy,Virgo,12.93,12:33:39.71,+09:10:30.1,3.51′ × 0.91′,0.0585,General,,,,0,0,Work in progress
ngc-NGC4523,NGC 4523,Galaxy,Coma Berenices,13.61,12:33:48.00,+15:10:05.9,1.24′ × 1.15′,0.02066667,General,,,,0,0,Work in progress
ngc-NGC4524,NGC 4524,Galaxy,Corvus,14.23,12:33:54.39,-12:01:39.4,1.25′ × 0.7′,0.02083333,General,,,,0,0,Work in progress
ngc-NGC4525,NGC 4525,Galaxy,Coma Berenices,12.98,12:33:51.14,+30:16:38.9,2′ × 1.03′,0.03333333,General,,,,0,0,Work in progress
ngc-NGC4526,NGC 4526,Galaxy,Virgo,9.59,12:34:03.09,+07:41:58.3,6.95′ × 2.47′,0.11583333,General,,,,0,0,Work in progress
ngc-NGC4527,NGC 4527,Galaxy,Virgo,10.5,12:34:08.42,+02:39:13.2,6.3′ × 1.72′,0.105,General,,,,0,0,Work in progress
ngc-NGC4528,NGC 4528,Galaxy,Virgo,11.97,12:34:06.07,+11:19:16.5,1.6′ × 0.86′,0.02666667,General,,,,0,0,Work in progress
ngc-NGC4529,NGC 4529,Galaxy,Coma Berenices,15.09,12:32:51.65,+20:11:00.6,1.11′ × 0.25′,0.0185,General,,,,0,0,Work in progress
ngc-NGC4530,NGC 4530,Star,Canes Venatici,,12:33:47.71,+41:21:12.5,,,HighMagnification,,,,0,0,Work in progress
ngc-NGC4531,NGC 4531,Galaxy,Virgo,12.36,12:34:15.89,+13:04:31.2,3.03′ × 1.97′,0.0505,General,,,,0,0,Work in progress
ngc-NGC4532,NGC 4532,Galaxy,Virgo,11.92,12:34:19.33,+06:28:03.7,2.49′ × 0.88′,0.0415,General,,,,0,0,Work in progress
ngc-NGC4533,NGC 4533,Galaxy,Virgo,14.25,12:34:22.02,+02:19:31.3,1.82′ × 0.43′,0.03033333,General,,,,0,0,Work in progress
ngc-NGC4534,NGC 4534,Galaxy,Canes Venatici,13.15,12:34:05.42,+35:31:06.0,2.78′ × 1.64′,0.04633333,General,,,,0,0,Work in progress
ngc-NGC4535,NGC 4535,Galaxy,Virgo,9.89,12:34:20.31,+08:11:51.9,8.15′ × 7.48′,0.13583333,General,,,,0,0,Work in progress
ngc-NGC4536,NGC 4536,Galaxy,Virgo,10.48,12:34:27.05,+02:11:17.3,7.08′ × 2.55′,0.118,General,,,,0,0,Work in progress
ngc-NGC4537,NGC 4537,Galaxy,Canes Venatici,15.2,12:34:48.91,+50:48:18.6,1.34′ × 0.76′,0.02233333,General,,,,0,0,Work in progress
ngc-NGC4538,NGC 4538,Galaxy,Virgo,14.55,12:34:40.90,+03:19:25.2,0.71′ × 0.4′,0.01183333,General,,,,0,0,Work in progress
ngc-NGC4539,NGC 4539,Galaxy,Coma Berenices,12.05,12:34:34.74,+18:12:09.7,2.74′ × 1.08′,0.04566667,General,,,,0,0,Work in progress
ngc-NGC4540,NGC 4540,Galaxy,Coma Berenices,12.31,12:34:50.87,+15:33:06.2,2.19′ × 1.83′,0.0365,General,,,,0,0,Work in progress
ngc-NGC4541,NGC 4541,Galaxy,Virgo,13.94,12:35:10.66,-00:13:16.1,1.63′ × 0.64′,0.02716667,General,,,,0,0,Work in progress
ngc-NGC4543,NGC 4543,Galaxy,Virgo,14.27,12:35:20.24,+06:06:54.3,1.02′ × 0.63′,0.017,General,,,,0,0,Work in progress
ngc-NGC4544,NGC 4544,Galaxy,Virgo,13.84,12:35:36.57,+03:02:04.3,1.93′ × 0.6′,0.03216667,General,,,,0,0,Work in progress
ngc-NGC4545,NGC 4545,Galaxy,Draco,13.14,12:34:34.15,+63:31:30.2,2.43′ × 1.37′,0.0405,General,,,,0,0,Work in progress
ngc-NGC4546,NGC 4546,Galaxy,Virgo,10.57,12:35:29.51,-03:47:35.5,3.16′ × 1.76′,0.05266667,General,,,,0,0,Work in progress
ngc-NGC4547,NGC 4547,Galaxy,Ursa Major,15.01,12:34:51.84,+58:55:00.4,1.19′ × 0.92′,0.01983333,General,,,,0,0,Work in progress
ngc-NGC4549,NGC 4549,Galaxy,Ursa Major,15.95,12:35:21.27,+58:56:58.8,0.6′ × 0.27′,0.01,General,,,,0,0,Work in progress
ngc-NGC4550,NGC 4550,Galaxy,Virgo,12.03,12:35:30.58,+12:13:15.0,3.16′ × 0.71′,0.05266667,General,,,,0,0,Work in progress
ngc-NGC4551,NGC 4551,Galaxy,Virgo,11.98,12:35:37.95,+12:15:50.3,1.71′ × 1.26′,0.0285,General,,,,0,0,Work in progress
ngc-NGC4553,NGC 4553,Galaxy,Centaurus,12.2,12:36:07.60,-39:26:19.2,2.59′ × 1.34′,0.04316667,General,,,,0,0,Work in progress
ngc-NGC4554,NGC 4554,Optical double,Virgo,,12:35:59.52,+11:15:55.3,,,HighMagnification,,,,0,0,Work in progress
ngc-NGC4555,NGC 4555,Galaxy,Coma Berenices,13.4,12:35:41.18,+26:31:23.2,1.4′ × 1.04′,0.02333333,General,,,,0,0,Work in progress
ngc-NGC4556,NGC 4556,Galaxy,Coma Berenices,14.24,12:35:45.86,+26:54:32.0,1.31′ × 0.87′,0.02183333,General,,,,0,0,Work in progress
ngc-NGC4557,NGC 4557,Unclassified object,Coma Berenices,,12:35:49.74,+27:03:13.6,,,General,,,,0,0,Work in progress
ngc-NGC4558,NGC 4558,Galaxy,Coma Berenices,14.93,12:35:52.65,+26:59:31.7,0.73′ × 0.31′,0.01216667,General,,,,0,0,Work in progress
ngc-NGC4561,NGC 4561,Galaxy,Coma Berenices,12.61,12:36:08.20,+19:19:22.5,1.32′ × 1.12′,0.022,General,,,,0,0,Work in progress
ngc-NGC4562,NGC 4562,Galaxy,Coma Berenices,14.37,12:35:34.80,+25:51:00.0,1.93′ × 0.64′,0.03216667,General,,,,0,0,Work in progress
ngc-NGC4563,NGC 4563,Galaxy,Coma Berenices,15.55,12:36:12.88,+26:56:29.2,0.56′ × 0.4′,0.00933333,General,,,,0,0,Work in progress
ngc-NGC4564,NGC 4564,Galaxy,Virgo,11.26,12:36:26.98,+11:26:21.4,3.13′ × 1.68′,0.05216667,General,,,,0,0,Work in progress
ngc-NGC4566,NGC 4566,Galaxy,Ursa Major,13.23,12:36:00.11,+54:13:15.5,1.08′ × 0.75′,0.018,General,,,,0,0,Work in progress
ngc-NGC4567,Butterfly Galaxies,Galaxy,Virgo,11.32,12:36:32.71,+11:15:28.8,2.74′ × 2.15′,0.04566667,General,,,,0,0,Work in progress
ngc-NGC4568,Butterfly Galaxies,Galaxy,Virgo,10.8,12:36:34.26,+11:14:20.0,4.31′ × 1.87′,0.07183333,General,,,,0,0,Work in progress
ngc-NGC4570,NGC 4570,Galaxy,Virgo,11.11,12:36:53.40,+07:14:47.9,3.88′ × 0.94′,0.06466667,General,,,,0,0,Work in progress
ngc-NGC4571,NGC 4571,Galaxy,Coma Berenices,11.29,12:36:56.38,+14:13:02.5,3.56′ × 3.31′,0.05933333,General,,,,0,0,Work in progress
ngc-NGC4572,NGC 4572,Galaxy,Draco,14.82,12:35:45.30,+74:14:44.0,1.47′ × 0.42′,0.0245,General,,,,0,0,Work in progress
ngc-NGC4573,NGC 4573,Galaxy,Centaurus,12.92,12:37:43.79,-43:37:16.1,2.49′ × 1.89′,0.0415,General,,,,0,0,Work in progress
ngc-NGC4574,NGC 4574,Galaxy,Centaurus,12.99,12:37:43.51,-35:31:03.5,1.83′ × 1.14′,0.0305,General,,,,0,0,Work in progress
ngc-NGC4575,NGC 4575,Galaxy,Centaurus,12.6,12:37:51.12,-40:32:14.5,2.06′ × 1.24′,0.03433333,General,,,,0,0,Work in progress
ngc-NGC4576,NGC 4576,Galaxy,Virgo,13.49,12:37:33.56,+04:22:03.7,1.22′ × 0.66′,0.02033333,General,,,,0,0,Work in progress
ngc-NGC4577,NGC 4577,Galaxy,Virgo,13.84,12:39:12.44,+06:00:44.3,1.42′ × 0.78′,0.02366667,General,,,,0,0,Work in progress
ngc-NGC4578,NGC 4578,Galaxy,Virgo,11.4,12:37:30.56,+09:33:18.3,2.5′ × 1.75′,0.04166667,General,,,,0,0,Work in progress
ngc-NGC4580,NGC 4580,Galaxy,Virgo,12.57,12:37:48.39,+05:22:06.7,1.87′ × 1.28′,0.03116667,General,,,,0,0,Work in progress
ngc-NGC4581,NGC 4581,Galaxy,Virgo,12.38,12:38:05.17,+01:28:39.9,1.62′ × 1.06′,0.027,General,,,,0,0,Work in progress
ngc-NGC4582,NGC 4582,Star,Virgo,14.28,12:38:10.20,+00:10:57.9,,,HighMagnification,,,,0,0,Work in progress
ngc-NGC4583,NGC 4583,Galaxy,Canes Venatici,14.47,12:38:04.54,+33:27:31.8,1.51′ × 1.51′,0.02516667,General,,,,0,0,Work in progress
ngc-NGC4584,NGC 4584,Galaxy,Virgo,13.76,12:38:17.87,+13:06:35.6,1.61′ × 1.11′,0.02683333,General,,,,0,0,Work in progress
ngc-NGC4585,NGC 4585,Galaxy,Coma Berenices,14.22,12:38:13.28,+28:56:13.3,0.79′ × 0.47′,0.01316667,General,,,,0,0,Work in progress
ngc-NGC4586,NGC 4586,Galaxy,Virgo,11.58,12:38:28.40,+04:19:08.7,3.43′ × 1.12′,0.05716667,General,,,,0,0,Work in progress
ngc-NGC4587,NGC 4587,Galaxy,Virgo,13.79,12:38:35.42,+02:39:26.4,1.32′ × 0.75′,0.022,General,,,,0,0,Work in progress
ngc-NGC4588,NGC 4588,Galaxy,Virgo,14.96,12:38:45.43,+06:46:05.4,1.19′ × 0.46′,0.01983333,General,,,,0,0,Work in progress
ngc-NGC4589,NGC 4589,Galaxy,Draco,10.74,12:37:24.99,+74:11:30.9,2.93′ × 2.31′,0.04883333,General,,,,0,0,Work in progress
ngc-NGC4592,NGC 4592,Galaxy,Virgo,11.88,12:39:18.74,-00:31:55.2,4.1′ × 1.17′,0.06833333,General,,,,0,0,Work in progress
ngc-NGC4593,NGC 4593,Galaxy,Virgo,11.43,12:39:39.43,-05:20:39.3,2.4′ × 2.04′,0.04,General,,,,0,0,Work in progress
ngc-NGC4595,NGC 4595,Galaxy,Coma Berenices,12.94,12:39:51.91,+15:17:52.1,1.52′ × 0.97′,0.02533333,General,,,,0,0,Work in progress
ngc-NGC4596,NGC 4596,Galaxy,Virgo,10.46,12:39:55.95,+10:10:34.1,3.93′ × 3.3′,0.0655,General,,,,0,0,Work in progress
ngc-NGC4597,NGC 4597,Galaxy,Virgo,12.87,12:40:12.93,-05:47:57.4,3.55′ × 1.42′,0.05916667,General,,,,0,0,Work in progress
ngc-NGC4598,NGC 4598,Galaxy,Virgo,13.54,12:40:11.93,+08:23:01.5,1.5′ × 1.15′,0.025,General,,,,0,0,Work in progress
ngc-NGC4599,NGC 4599,Galaxy,Virgo,13.49,12:40:27.09,+01:11:48.9,1.71′ × 0.72′,0.0285,General,,,,0,0,Work in progress
ngc-NGC4600,NGC 4600,Galaxy,Virgo,13.27,12:40:22.96,+03:07:03.9,1.42′ × 1.01′,0.02366667,General,,,,0,0,Work in progress
ngc-NGC4601,NGC 4601,Galaxy,Centaurus,13.91,12:40:46.74,-40:53:35.0,1.82′ × 0.5′,0.03033333,General,,,,0,0,Work in progress
ngc-NGC4602,NGC 4602,Galaxy,Virgo,11.75,12:40:36.85,-05:07:58.8,1.29′ × 0.79′,0.0215,General,,,,0,0,Work in progress
ngc-NGC4603,NGC 4603,Galaxy,Centaurus,11.67,12:40:55.21,-40:58:35.0,2.6′ × 1.84′,0.04333333,General,,,,0,0,Work in progress
ngc-NGC4604,NGC 4604,Galaxy,Virgo,14.4,12:40:45.06,-05:18:10.4,1.06′ × 0.44′,0.01766667,General,,,,0,0,Work in progress
ngc-NGC4605,NGC 4605,Galaxy,Ursa Major,10.26,12:39:59.38,+61:36:33.1,5.87′ × 2.29′,0.09783333,General,,,,0,0,Work in progress
ngc-NGC4606,NGC 4606,Galaxy,Virgo,11.9,12:40:57.54,+11:54:44.0,2.47′ × 1.36′,0.04116667,General,,,,0,0,Work in progress
ngc-NGC4607,NGC 4607,Galaxy,Virgo,12.79,12:41:12.40,+11:53:11.9,2.86′ × 0.58′,0.04766667,General,,,,0,0,Work in progress
ngc-NGC4608,NGC 4608,Galaxy,Virgo,11.08,12:41:13.29,+10:09:20.4,2.88′ × 2.49′,0.048,General,,,,0,0,Work in progress
ngc-NGC4611,NGC 4611,Galaxy,Coma Berenices,14.96,12:41:25.45,+13:43:46.3,1.24′ × 0.38′,0.02066667,General,,,,0,0,Work in progress
ngc-NGC4612,NGC 4612,Galaxy,Virgo,12.1,12:41:32.75,+07:18:53.6,2.57′ × 1.77′,0.04283333,General,,,,0,0,Work in progress
ngc-NGC4613,NGC 4613,Galaxy,Coma Berenices,15.43,12:41:28.95,+26:05:19.0,0.52′ × 0.49′,0.00866667,General,,,,0,0,Work in progress
ngc-NGC4614,NGC 4614,Galaxy,Coma Berenices,14.32,12:41:31.47,+26:02:33.6,1′ × 0.86′,0.01666667,General,,,,0,0,Work in progress
ngc-NGC4615,NGC 4615,Galaxy,Coma Berenices,13.89,12:41:37.32,+26:04:22.2,1.54′ × 0.46′,0.02566667,General,,,,0,0,Work in progress
ngc-NGC4616,NGC 4616,Galaxy,Centaurus,13.32,12:42:16.45,-40:38:31.4,1.31′ × 1.06′,0.02183333,General,,,,0,0,Work in progress
ngc-NGC4617,NGC 4617,Galaxy,Canes Venatici,14.1,12:41:05.87,+50:23:36.3,2.81′ × 0.52′,0.04683333,General,,,,0,0,Work in progress
ngc-NGC4618,NGC 4618,Galaxy,Canes Venatici,10.78,12:41:32.85,+41:09:02.8,3.56′ × 2.29′,0.05933333,General,,,,0,0,Work in progress
ngc-NGC4619,NGC 4619,Galaxy,Canes Venatici,13.5,12:41:44.55,+35:03:46.0,1.37′ × 1.33′,0.02283333,General,,,,0,0,Work in progress
ngc-NGC4620,NGC 4620,Galaxy,Virgo,13.38,12:41:59.36,+12:56:34.0,1.6′ × 1.45′,0.02666667,General,,,,0,0,Work in progress
ngc-NGC4622,NGC 4622,Galaxy,Centaurus,13.01,12:42:37.62,-40:44:39.2,1.81′ × 1.56′,0.03016667,General,,,,0,0,Work in progress
ngc-NGC4623,NGC 4623,Galaxy,Virgo,13.14,12:42:10.69,+07:40:37.0,2.23′ × 0.74′,0.03716667,General,,,,0,0,Work in progress
ngc-NGC4664,NGC 4664,Galaxy,Virgo,10.5,12:45:05.99,+03:03:20.8,4.52′ × 4.52′,0.07533333,General,,,,0,0,Work in progress
ngc-NGC4625,NGC 4625,Galaxy,Canes Venatici,12.46,12:41:52.72,+41:16:26.3,1.41′ × 1.06′,0.0235,General,,,,0,0,Work in progress
ngc-NGC4626,NGC 4626,Galaxy,Virgo,13.71,12:42:25.31,-07:02:39.4,1.63′ × 0.49′,0.02716667,General,,,,0,0,Work in progress
ngc-NGC4627,NGC 4627,Galaxy,Canes Venatici,12.48,12:41:59.68,+32:34:24.8,2.36′ × 1.66′,0.03933333,General,,,,0,0,Work in progress
ngc-NGC4628,NGC 4628,Galaxy,Virgo,14.5,12:42:25.26,-06:58:15.6,1.64′ × 0.57′,0.02733333,General,,,,0,0,Work in progress
ngc-NGC4629,NGC 4629,Galaxy,Virgo,13.9,12:42:32.67,-01:21:02.4,1.03′ × 0.71′,0.01716667,General,,,,0,0,Work in progress
ngc-NGC4630,NGC 4630,Galaxy,Virgo,13.04,12:42:31.13,+03:57:36.9,1.66′ × 1.21′,0.02766667,General,,,,0,0,Work in progress
ngc-NGC4632,NGC 4632,Galaxy,Virgo,11.86,12:42:32.03,-00:04:57.4,2.56′ × 0.98′,0.04266667,General,,,,0,0,Work in progress
ngc-NGC4633,NGC 4633,Galaxy,Coma Berenices,13.12,12:42:37.38,+14:21:25.9,1.77′ × 0.75′,0.0295,General,,,,0,0,Work in progress
ngc-NGC4634,NGC 4634,Galaxy,Coma Berenices,12.33,12:42:40.96,+14:17:45.0,2.47′ × 0.6′,0.04116667,General,,,,0,0,Work in progress
ngc-NGC4635,NGC 4635,Galaxy,Coma Berenices,13,12:42:39.24,+19:56:43.1,1.94′ × 1.4′,0.03233333,General,,,,0,0,Work in progress
ngc-NGC4636,NGC 4636,Galaxy,Virgo,9.99,12:42:49.83,+02:41:16.0,6.35′ × 4.7′,0.10583333,General,,,,0,0,Work in progress
ngc-NGC4637,NGC 4637,Galaxy,Virgo,14.89,12:42:54.10,+11:26:17.8,1.29′ × 0.71′,0.0215,General,,,,0,0,Work in progress
ngc-NGC4638,NGC 4638,Galaxy,Virgo,11.12,12:42:47.42,+11:26:33.0,2.31′ × 1.5′,0.0385,General,,,,0,0,Work in progress
ngc-NGC4639,NGC 4639,Galaxy,Virgo,11.6,12:42:52.39,+13:15:26.6,2.87′ × 1.88′,0.04783333,General,,,,0,0,Work in progress
ngc-NGC4640,NGC 4640,Galaxy,Virgo,14.17,12:42:57.77,+12:17:13.1,1.61′ × 0.89′,0.02683333,General,,,,0,0,Work in progress
ngc-NGC4641,NGC 4641,Galaxy,Virgo,13.72,12:43:07.66,+12:03:04.3,1.28′ × 1.05′,0.02133333,General,,,,0,0,Work in progress
ngc-NGC4642,NGC 4642,Galaxy,Virgo,13.81,12:43:17.78,-00:38:39.3,1.55′ × 0.53′,0.02583333,General,,,,0,0,Work in progress
ngc-NGC4643,NGC 4643,Galaxy,Virgo,10.65,12:43:20.14,+01:58:41.8,2.24′ × 1.75′,0.03733333,General,,,,0,0,Work in progress
ngc-NGC4644,NGC 4644,Galaxy,Ursa Major,13.84,12:42:42.66,+55:08:43.8,1.51′ × 0.63′,0.02516667,General,,,,0,0,Work in progress
ngc-NGC4645,NGC 4645,Galaxy,Centaurus,11.83,12:44:09.99,-41:44:59.8,1.97′ × 0.89′,0.03283333,General,,,,0,0,Work in progress
ngc-NGC4646,NGC 4646,Galaxy,Ursa Major,13.31,12:42:52.12,+54:51:21.6,0.63′ × 0.28′,0.0105,General,,,,0,0,Work in progress
ngc-NGC4647,NGC 4647,Galaxy,Virgo,11.6,12:43:32.31,+11:34:54.7,2.75′ × 2.36′,0.04583333,General,,,,0,0,Work in progress
ngc-NGC4648,NGC 4648,Galaxy,Draco,12.03,12:41:44.39,+74:25:15.4,1.41′ × 1.16′,0.0235,General,,,,0,0,Work in progress
ngc-NGC4650,NGC 4650,Galaxy,Centaurus,11.8,12:44:19.59,-40:43:54.5,3.05′ × 2.04′,0.05083333,General,,,,0,0,Work in progress
ngc-NGC4651,Umbrella Galaxy,Galaxy,Coma Berenices,10.82,12:43:42.63,+16:23:36.2,3.87′ × 2.58′,0.0645,General,,,,0,0,Work in progress
ngc-NGC4652,NGC 4652,Galaxy,Ursa Major,15.34,12:43:19.75,+58:57:53.6,1.1′ × 0.38′,0.01833333,General,,,,0,0,Work in progress
ngc-NGC4653,NGC 4653,Galaxy,Virgo,12.36,12:43:50.91,-00:33:40.4,2.31′ × 2.08′,0.0385,General,,,,0,0,Work in progress
ngc-NGC4654,NGC 4654,Galaxy,Virgo,10.49,12:43:56.58,+13:07:36.0,4.72′ × 2.49′,0.07866667,General,,,,0,0,Work in progress
ngc-NGC4655,NGC 4655,Galaxy,Canes Venatici,14.77,12:43:36.49,+41:01:06.7,0.86′ × 0.79′,0.01433333,General,,,,0,0,Work in progress
ngc-NGC4656,NGC 4656,Galaxy pair,Canes Venatici,,12:43:57.73,+32:10:05.3,8′,0.13333333,General,,,,0,0,Work in progress
ngc-NGC4657,NGC 4657,Galaxy,Canes Venatici,14.5,12:44:07.10,+32:12:31.5,1.86′ × 0.63′,0.031,General,,,,0,0,Work in progress
ngc-NGC4658,NGC 4658,Galaxy,Virgo,12.43,12:44:37.79,-10:04:59.2,1.38′ × 0.86′,0.023,General,,,,0,0,Work in progress
ngc-NGC4659,NGC 4659,Galaxy,Coma Berenices,12.96,12:44:29.39,+13:29:54.8,1.75′ × 1.24′,0.02916667,General,,,,0,0,Work in progress
ngc-NGC4660,NGC 4660,Galaxy,Virgo,11.27,12:44:31.98,+11:11:25.9,2.09′ × 1.57′,0.03483333,General,,,,0,0,Work in progress
ngc-NGC4661,NGC 4661,Galaxy,Centaurus,14.65,12:45:14.95,-40:49:27.3,1.17′ × 0.41′,0.0195,General,,,,0,0,Work in progress
ngc-NGC4662,NGC 4662,Galaxy,Canes Venatici,12.78,12:44:26.20,+37:07:16.4,1.83′ × 1.48′,0.0305,General,,,,0,0,Work in progress
ngc-NGC4663,NGC 4663,Galaxy,Virgo,14.01,12:44:47.05,-10:11:52.2,1.07′ × 0.85′,0.01783333,General,,,,0,0,Work in progress
ngc-NGC4666,NGC 4666,Galaxy,Virgo,10.75,12:45:08.59,-00:27:42.8,4.97′ × 1.97′,0.08283333,General,,,,0,0,Work in progress
ngc-NGC4668,NGC 4668,Galaxy,Virgo,13.1,12:45:31.99,-00:32:08.6,1.59′ × 0.92′,0.0265,General,,,,0,0,Work in progress
ngc-NGC4669,NGC 4669,Galaxy,Ursa Major,13.18,12:44:46.74,+54:52:32.4,1.53′ × 0.38′,0.0255,General,,,,0,0,Work in progress
ngc-NGC4670,NGC 4670,Galaxy,Coma Berenices,12.76,12:45:17.07,+27:07:31.5,0.97′ × 0.83′,0.01616667,General,,,,0,0,Work in progress
ngc-NGC4671,NGC 4671,Galaxy,Virgo,13.52,12:45:47.63,-07:04:10.9,1.69′ × 1.26′,0.02816667,General,,,,0,0,Work in progress
ngc-NGC4672,NGC 4672,Galaxy,Centaurus,14.25,12:46:15.75,-41:42:21.5,2.06′ × 0.5′,0.03433333,General,,,,0,0,Work in progress
ngc-NGC4673,NGC 4673,Galaxy,Coma Berenices,14.78,12:45:34.67,+27:03:39.0,1.07′ × 0.84′,0.01783333,General,,,,0,0,Work in progress
ngc-NGC4674,NGC 4674,Galaxy,Virgo,13.96,12:46:03.47,-08:39:19.6,1.79′ × 0.7′,0.02983333,General,,,,0,0,Work in progress
ngc-NGC4675,NGC 4675,Galaxy,Ursa Major,14.84,12:45:31.89,+54:44:15.4,1.34′ × 0.43′,0.02233333,General,,,,0,0,Work in progress
ngc-NGC4676,Mice Galaxy,Galaxy pair,Coma Berenices,,12:46:10.70,+30:43:38.0,3′,0.05,General,,,,0,0,Work in progress
ngc-NGC4677,NGC 4677,Galaxy,Centaurus,12.81,12:46:57.13,-41:34:57.1,1.49′ × 0.84′,0.02483333,General,,,,0,0,Work in progress
ngc-NGC4678,NGC 4678,Galaxy,Virgo,14.26,12:49:41.85,-04:34:47.0,0.97′ × 0.51′,0.01616667,General,,,,0,0,Work in progress
ngc-NGC4679,NGC 4679,Galaxy,Centaurus,13.52,12:47:30.25,-39:34:15.1,2.43′ × 0.88′,0.0405,General,,,,0,0,Work in progress
ngc-NGC4680,NGC 4680,Galaxy,Virgo,13.23,12:46:54.71,-11:38:13.4,1.36′ × 0.76′,0.02266667,General,,,,0,0,Work in progress
ngc-NGC4681,NGC 4681,Galaxy,Centaurus,13.44,12:47:28.81,-43:20:05.3,1.4′ × 1.17′,0.02333333,General,,,,0,0,Work in progress
ngc-NGC4682,NGC 4682,Galaxy,Virgo,13.12,12:47:15.49,-10:03:48.4,2.58′ × 1.19′,0.043,General,,,,0,0,Work in progress
ngc-NGC4683,NGC 4683,Galaxy,Centaurus,12.84,12:47:42.37,-41:31:41.8,1.44′ × 1.33′,0.024,General,,,,0,0,Work in progress
ngc-NGC4684,NGC 4684,Galaxy,Virgo,11.55,12:47:17.52,-02:43:38.7,2.97′ × 0.96′,0.0495,General,,,,0,0,Work in progress
ngc-NGC4685,NGC 4685,Galaxy,Coma Berenices,13.63,12:47:11.44,+19:27:51.7,1.59′ × 0.87′,0.0265,General,,,,0,0,Work in progress
ngc-NGC4686,NGC 4686,Galaxy,Ursa Major,12.59,12:46:39.88,+54:32:03.4,1.92′ × 0.67′,0.032,General,,,,0,0,Work in progress
ngc-NGC4687,NGC 4687,Galaxy,Canes Venatici,13.01,12:47:23.77,+35:21:07.4,0.96′ × 0.9′,0.016,General,,,,0,0,Work in progress
ngc-NGC4688,NGC 4688,Galaxy,Virgo,12.92,12:47:46.52,+04:20:09.8,3.72′ × 3.42′,0.062,General,,,,0,0,Work in progress
ngc-NGC4689,NGC 4689,Galaxy,Coma Berenices,10.93,12:47:45.56,+13:45:46.1,3.82′ × 2.86′,0.06366667,General,,,,0,0,Work in progress
ngc-NGC4690,NGC 4690,Galaxy,Virgo,13.57,12:47:55.52,-01:39:21.8,1.6′ × 1.14′,0.02666667,General,,,,0,0,Work in progress
ngc-NGC4691,NGC 4691,Galaxy,Virgo,10.99,12:48:13.63,-03:19:57.8,3.03′ × 2.46′,0.0505,General,,,,0,0,Work in progress
ngc-NGC4692,NGC 4692,Galaxy,Coma Berenices,12.65,12:47:55.32,+27:13:20.5,1′ × 0.94′,0.01666667,General,,,,0,0,Work in progress
ngc-NGC4693,NGC 4693,Galaxy,Draco,13.95,12:47:09.17,+71:10:34.1,1′ × 0.56′,0.01666667,General,,,,0,0,Work in progress
ngc-NGC4694,NGC 4694,Galaxy,Virgo,12.52,12:48:15.08,+10:59:01.0,2′ × 1.11′,0.03333333,General,,,,0,0,Work in progress
ngc-NGC4695,NGC 4695,Galaxy,Ursa Major,13.38,12:47:32.11,+54:22:29.4,1.12′ × 0.65′,0.01866667,General,,,,0,0,Work in progress
ngc-NGC4696,NGC 4696,Galaxy,Centaurus,10.3,12:48:49.25,-41:18:39.0,3.85′ × 2.56′,0.06416667,General,,,,0,0,Work in progress
ngc-NGC4698,NGC 4698,Galaxy,Virgo,10.65,12:48:22.91,+08:29:14.6,3.81′ × 1.55′,0.0635,General,,,,0,0,Work in progress
ngc-NGC4699,NGC 4699,Galaxy,Virgo,9.53,12:49:02.23,-08:39:53.5,3.99′ × 3.02′,0.0665,General,,,,0,0,Work in progress
ngc-NGC4700,NGC 4700,Galaxy,Virgo,12.21,12:49:08.15,-11:24:35.5,2.72′ × 0.47′,0.04533333,General,,,,0,0,Work in progress
ngc-NGC4701,NGC 4701,Galaxy,Virgo,12.37,12:49:11.59,+03:23:19.4,1.74′ × 1.28′,0.029,General,,,,0,0,Work in progress
ngc-NGC4702,NGC 4702,Galaxy,Coma Berenices,16.04,12:49:01.49,+27:10:44.9,0.58′ × 0.33′,0.00966667,General,,,,0,0,Work in progress
ngc-NGC4703,NGC 4703,Galaxy,Virgo,13.58,12:49:18.97,-09:06:30.3,1.7′ × 0.41′,0.02833333,General,,,,0,0,Work in progress
ngc-NGC4704,NGC 4704,Galaxy,Canes Venatici,13.69,12:48:46.43,+41:55:16.5,1.01′ × 0.95′,0.01683333,General,,,,0,0,Work in progress
ngc-NGC4705,NGC 4705,Galaxy,Virgo,12.6,12:49:24.97,-05:11:45.1,3.65′ × 1.09′,0.06083333,General,,,,0,0,Work in progress
ngc-NGC4706,NGC 4706,Galaxy,Centaurus,12.88,12:49:54.15,-41:16:46.4,1.47′ × 0.75′,0.0245,General,,,,0,0,Work in progress
ngc-NGC4707,NGC 4707,Galaxy,Canes Venatici,12.97,12:48:22.87,+51:09:52.9,2.19′ × 2′,0.0365,General,,,,0,0,Work in progress
ngc-NGC4708,NGC 4708,Galaxy,Virgo,13.92,12:49:41.48,-11:05:34.9,1.25′ × 0.91′,0.02083333,General,,,,0,0,Work in progress
ngc-NGC4709,NGC 4709,Galaxy,Centaurus,11.1,12:50:03.88,-41:22:55.1,3.09′ × 1.51′,0.0515,General,,,,0,0,Work in progress
ngc-NGC4710,NGC 4710,Galaxy,Coma Berenices,10.71,12:49:38.83,+15:09:55.6,4.39′ × 1.13′,0.07316667,General,,,,0,0,Work in progress
ngc-NGC4711,NGC 4711,Galaxy,Canes Venatici,14.27,12:48:45.87,+35:19:57.7,1.21′ × 0.68′,0.02016667,General,,,,0,0,Work in progress
ngc-NGC4712,NGC 4712,Galaxy,Coma Berenices,13.01,12:49:34.22,+25:28:11.8,1.56′ × 0.75′,0.026,General,,,,0,0,Work in progress
ngc-NGC4713,NGC 4713,Galaxy,Virgo,11.73,12:49:57.87,+05:18:41.1,1.66′ × 1.52′,0.02766667,General,,,,0,0,Work in progress
ngc-NGC4714,NGC 4714,Galaxy,Corvus,14.24,12:50:19.25,-13:19:27.6,2′ × 1.11′,0.03333333,General,,,,0,0,Work in progress
ngc-NGC4715,NGC 4715,Galaxy,Coma Berenices,15.12,12:49:57.88,+27:49:20.7,1.34′ × 0.99′,0.02233333,General,,,,0,0,Work in progress
ngc-NGC4716,NGC 4716,Galaxy,Virgo,13.66,12:50:33.11,-09:27:04.0,1.13′ × 0.85′,0.01883333,General,,,,0,0,Work in progress
ngc-NGC4717,NGC 4717,Galaxy,Virgo,14.08,12:50:34.39,-09:27:46.9,1.61′ × 0.68′,0.02683333,General,,,,0,0,Work in progress
ngc-NGC4718,NGC 4718,Galaxy,Virgo,14.3,12:50:32.64,-05:16:54.9,2.02′ × 0.7′,0.03366667,General,,,,0,0,Work in progress
ngc-NGC4719,NGC 4719,Galaxy,Canes Venatici,14.04,12:50:08.72,+33:09:32.9,1.42′ × 1.25′,0.02366667,General,,,,0,0,Work in progress
ngc-NGC4720,NGC 4720,Galaxy,Virgo,14.18,12:50:42.78,-04:09:21.0,1.23′ × 0.73′,0.0205,General,,,,0,0,Work in progress
ngc-NGC4721,NGC 4721,Galaxy,Coma Berenices,15.08,12:50:19.92,+27:19:26.4,0.84′ × 0.24′,0.014,General,,,,0,0,Work in progress
ngc-NGC4722,NGC 4722,Galaxy,Corvus,13.68,12:51:32.39,-13:19:48.1,1.98′ × 0.69′,0.033,General,,,,0,0,Work in progress
ngc-NGC4723,NGC 4723,Galaxy,Corvus,15.38,12:51:02.91,-13:14:11.8,1.02′ × 0.55′,0.017,General,,,,0,0,Work in progress
ngc-NGC4724,NGC 4724,Galaxy,Corvus,13.7,12:50:53.84,-14:19:54.7,0.95′ × 0.54′,0.01583333,General,,,,0,0,Work in progress
ngc-NGC4725,NGC 4725,Galaxy,Coma Berenices,9.38,12:50:26.58,+25:30:02.9,9.71′ × 7.1′,0.16183333,General,,,,0,0,Work in progress
ngc-NGC4726,NGC 4726,Galaxy,Corvus,15.47,12:50:46.06,-14:16:06.8,1.1′ × 0.24′,0.01833333,General,,,,0,0,Work in progress
ngc-NGC4727,NGC 4727,Galaxy,Corvus,12.22,12:50:57.24,-14:19:58.6,2.7′ × 1.54′,0.045,General,,,,0,0,Work in progress
ngc-NGC4728,NGC 4728,Galaxy,Coma Berenices,15.32,12:50:28.08,+27:26:05.7,0.78′ × 0.6′,0.013,General,,,,0,0,Work in progress
ngc-NGC4729,NGC 4729,Galaxy,Centaurus,12.48,12:51:46.28,-41:07:56.2,1.97′ × 0.9′,0.03283333,General,,,,0,0,Work in progress
ngc-NGC4730,NGC 4730,Galaxy,Centaurus,14.03,12:52:00.47,-41:08:50.3,1.28′ × 1.05′,0.02133333,General,,,,0,0,Work in progress
ngc-NGC4731,NGC 4731,Galaxy,Virgo,11.42,12:51:01.09,-06:23:35.0,6.32′ × 2.14′,0.10533333,General,,,,0,0,Work in progress
ngc-NGC4732,NGC 4732,Galaxy,Ursa Major,14.92,12:50:07.10,+52:51:00.4,1.21′ × 0.56′,0.02016667,General,,,,0,0,Work in progress
ngc-NGC4733,NGC 4733,Galaxy,Virgo,11.76,12:51:06.78,+10:54:43.5,1.97′ × 1.82′,0.03283333,General,,,,0,0,Work in progress
ngc-NGC4734,NGC 4734,Galaxy,Virgo,14.26,12:51:12.89,+04:51:32.6,0.97′ × 0.8′,0.01616667,General,,,,0,0,Work in progress
ngc-NGC4735,NGC 4735,Galaxy,Coma Berenices,14.57,12:51:01.73,+28:55:40.7,0.66′ × 0.51′,0.011,General,,,,0,0,Work in progress
ngc-NGC4737,NGC 4737,Galaxy,Canes Venatici,14.85,12:50:52.94,+34:09:24.7,1.36′ × 0.97′,0.02266667,General,,,,0,0,Work in progress
ngc-NGC4738,NGC 4738,Galaxy,Coma Berenices,13.44,12:51:08.90,+28:47:17.0,1.82′ × 0.26′,0.03033333,General,,,,0,0,Work in progress
ngc-NGC4739,NGC 4739,Galaxy,Virgo,14.18,12:51:37.08,-08:24:36.8,1.5′ × 1.37′,0.025,General,,,,0,0,Work in progress
ngc-NGC4741,NGC 4741,Galaxy,Canes Venatici,14.38,12:50:59.52,+47:40:17.6,1.17′ × 0.76′,0.0195,General,,,,0,0,Work in progress
ngc-NGC4742,NGC 4742,Galaxy,Virgo,11.2,12:51:48.04,-10:27:17.0,2.14′ × 1.39′,0.03566667,General,,,,0,0,Work in progress
ngc-NGC4743,NGC 4743,Galaxy,Centaurus,13.31,12:52:15.98,-41:23:26.4,1.73′ × 0.66′,0.02883333,General,,,,0,0,Work in progress
ngc-NGC4744,NGC 4744,Galaxy,Centaurus,12.59,12:52:19.60,-41:03:36.1,2.45′ × 0.95′,0.04083333,General,,,,0,0,Work in progress
ngc-NGC4745,NGC 4745,Galaxy,Coma Berenices,15.16,12:51:26.16,+27:25:16.6,0.61′ × 0.56′,0.01016667,General,,,,0,0,Work in progress
ngc-NGC4746,NGC 4746,Galaxy,Virgo,13.33,12:51:55.36,+12:04:58.7,2.03′ × 0.42′,0.03383333,General,,,,0,0,Work in progress
ngc-NGC4747,NGC 4747,Galaxy,Coma Berenices,12.38,12:51:45.95,+25:46:37.5,2.09′ × 1′,0.03483333,General,,,,0,0,Work in progress
ngc-NGC4748,NGC 4748,Galaxy,Corvus,14.03,12:52:12.46,-13:24:53.0,1.27′ × 0.82′,0.02116667,General,,,,0,0,Work in progress
ngc-NGC4749,NGC 4749,Galaxy,Draco,14.11,12:51:11.97,+71:38:12.2,1.59′ × 0.53′,0.0265,General,,,,0,0,Work in progress
ngc-NGC4750,NGC 4750,Galaxy,Draco,12.1,12:50:07.27,+72:52:28.7,2.4′ × 2.06′,0.04,General,,,,0,0,Work in progress
ngc-NGC4751,NGC 4751,Galaxy,Centaurus,13,12:52:50.79,-42:39:35.7,1.66′ × 0.63′,0.02766667,General,,,,0,0,Work in progress
ngc-NGC4752,NGC 4752,Galaxy,Coma Berenices,15.27,12:51:29.07,+13:46:54.5,0.95′ × 0.45′,0.01583333,General,,,,0,0,Work in progress
ngc-NGC4753,NGC 4753,Galaxy,Virgo,9.66,12:52:22.11,-01:11:58.9,6.49′ × 3.06′,0.10816667,General,,,,0,0,Work in progress
ngc-NGC4754,NGC 4754,Galaxy,Virgo,10.48,12:52:17.50,+11:18:50.0,4.16′ × 1.95′,0.06933333,General,,,,0,0,Work in progress
ngc-NGC4756,NGC 4756,Galaxy,Corvus,12.22,12:52:52.63,-15:24:47.8,2.28′ × 1.56′,0.038,General,,,,0,0,Work in progress
ngc-NGC4757,NGC 4757,Galaxy,Virgo,14.54,12:52:50.09,-10:18:36.8,0.8′ × 0.26′,0.01333333,General,,,,0,0,Work in progress
ngc-NGC4758,NGC 4758,Galaxy,Coma Berenices,13.41,12:52:44.05,+15:50:54.7,2.75′ × 0.77′,0.04583333,General,,,,0,0,Work in progress
ngc-NGC4759,NGC 4759,Galaxy pair,Virgo,,12:53:05.20,-09:12:08.0,1.6′,0.02666667,General,,,,0,0,Work in progress
ngc-NGC4760,NGC 4760,Galaxy,Virgo,11.58,12:53:07.23,-10:29:39.1,2.57′ × 2.01′,0.04283333,General,,,,0,0,Work in progress
ngc-NGC4761,NGC 4761,Galaxy,Virgo,14.85,12:53:09.81,-09:11:52.1,1.55′ × 0.65′,0.02583333,General,,,,0,0,Work in progress
ngc-NGC4762,NGC 4762,Galaxy,Virgo,10.17,12:52:56.05,+11:13:50.9,8.26′ × 3.52′,0.13766667,General,,,,0,0,Work in progress
ngc-NGC4763,NGC 4763,Galaxy,Corvus,12.49,12:53:27.22,-17:00:19.9,1.86′ × 1.16′,0.031,General,,,,0,0,Work in progress
ngc-NGC4764,NGC 4764,Galaxy,Virgo,15.99,12:53:06.63,-09:15:27.5,0.46′ × 0.37′,0.00766667,General,,,,0,0,Work in progress
ngc-NGC4765,NGC 4765,Galaxy,Virgo,12.98,12:53:14.41,+04:27:47.2,1.16′ × 0.85′,0.01933333,General,,,,0,0,Work in progress
ngc-NGC4766,NGC 4766,Galaxy,Virgo,15.35,12:53:08.17,-10:22:41.5,0.98′ × 0.23′,0.01633333,General,,,,0,0,Work in progress
ngc-NGC4767,NGC 4767,Galaxy,Centaurus,11.51,12:53:52.95,-39:42:51.5,2.82′ × 1.39′,0.047,General,,,,0,0,Work in progress
ngc-NGC4768,NGC 4768,Star,Virgo,,12:53:17.25,-09:31:53.2,,,HighMagnification,,,,0,0,Work in progress
ngc-NGC4769,NGC 4769,Optical double,Virgo,,12:53:18.08,-09:32:09.6,,,HighMagnification,,,,0,0,Work in progress
ngc-NGC4770,NGC 4770,Galaxy,Virgo,13.78,12:53:32.15,-09:32:29.4,1.73′ × 1.11′,0.02883333,General,,,,0,0,Work in progress
ngc-NGC4771,NGC 4771,Galaxy,Virgo,12.73,12:53:21.22,+01:16:08.7,3.1′ × 0.98′,0.05166667,General,,,,0,0,Work in progress
ngc-NGC4772,NGC 4772,Galaxy,Virgo,11.34,12:53:29.16,+02:10:06.2,4.12′ × 2′,0.06866667,General,,,,0,0,Work in progress
ngc-NGC4773,NGC 4773,Galaxy,Virgo,13.67,12:53:36.01,-08:38:19.5,0.85′ × 0.52′,0.01416667,General,,,,0,0,Work in progress
ngc-NGC4774,NGC 4774,Galaxy pair,Canes Venatici,,12:53:06.20,+36:49:22.0,1.2′,0.02,General,,,,0,0,Work in progress
ngc-NGC4775,NGC 4775,Galaxy,Virgo,11.56,12:53:45.70,-06:37:19.8,2.22′ × 1.96′,0.037,General,,,,0,0,Work in progress
ngc-NGC4776,NGC 4776,Galaxy,Virgo,14.03,12:53:04.46,-09:11:59.7,1.96′ × 1.08′,0.03266667,General,,,,0,0,Work in progress
ngc-NGC4777,NGC 4777,Galaxy,Virgo,14.02,12:53:58.54,-08:46:32.6,1.84′ × 0.79′,0.03066667,General,,,,0,0,Work in progress
ngc-NGC4778,NGC 4778,Galaxy,Virgo,13.49,12:53:05.81,-09:12:13.8,2.69′ × 2.09′,0.04483333,General,,,,0,0,Work in progress
ngc-NGC4779,NGC 4779,Galaxy,Virgo,13.07,12:53:50.84,+09:42:36.2,1.86′ × 1.31′,0.031,General,,,,0,0,Work in progress
ngc-NGC4780,NGC 4780,Galaxy,Virgo,13.51,12:54:05.23,-08:37:16.0,1.96′ × 0.5′,0.03266667,General,,,,0,0,Work in progress
ngc-NGC4781,NGC 4781,Galaxy,Virgo,11.39,12:54:23.75,-10:32:13.9,3.66′ × 1.48′,0.061,General,,,,0,0,Work in progress
ngc-NGC4782,NGC 4782,Galaxy,Corvus,12.75,12:54:35.72,-12:34:07.1,1.48′ × 0.87′,0.02466667,General,,,,0,0,Work in progress
ngc-NGC4783,NGC 4783,Galaxy,Corvus,12.8,12:54:36.59,-12:33:28.2,1.41′ × 0.69′,0.0235,General,,,,0,0,Work in progress
ngc-NGC4784,NGC 4784,Galaxy,Virgo,14.35,12:54:37.02,-10:36:47.0,1.67′ × 0.41′,0.02783333,General,,,,0,0,Work in progress
ngc-NGC4785,NGC 4785,Galaxy,Centaurus,12.09,12:53:27.33,-48:44:57.1,2.04′ × 0.97′,0.034,General,,,,0,0,Work in progress
ngc-NGC4786,NGC 4786,Galaxy,Virgo,11.71,12:54:32.42,-06:51:33.9,1.98′ × 1.51′,0.033,General,,,,0,0,Work in progress
ngc-NGC4787,NGC 4787,Galaxy,Coma Berenices,15.36,12:54:05.52,+27:04:07.1,1.02′ × 0.32′,0.017,General,,,,0,0,Work in progress
ngc-NGC4788,NGC 4788,Galaxy,Coma Berenices,15.2,12:54:16.03,+27:18:13.3,0.91′ × 0.32′,0.01516667,General,,,,0,0,Work in progress
ngc-NGC4789,NGC 4789,Galaxy,Coma Berenices,12.06,12:54:19.02,+27:04:04.9,1.66′ × 1.12′,0.02766667,General,,,,0,0,Work in progress
ngc-NGC4790,NGC 4790,Galaxy,Virgo,12.41,12:54:51.94,-10:14:52.2,1.69′ × 0.93′,0.02816667,General,,,,0,0,Work in progress
ngc-NGC4791,NGC 4791,Galaxy,Virgo,14.94,12:54:43.95,+08:03:11.2,1.06′ × 0.7′,0.01766667,General,,,,0,0,Work in progress
ngc-NGC4792,NGC 4792,Galaxy,Corvus,15,12:55:03.68,-12:29:49.8,0.85′ × 0.42′,0.01416667,General,,,,0,0,Work in progress
ngc-NGC4793,NGC 4793,Galaxy,Coma Berenices,11.64,12:54:40.62,+28:56:19.2,1.82′ × 0.94′,0.03033333,General,,,,0,0,Work in progress
ngc-NGC4794,NGC 4794,Galaxy,Corvus,13,12:55:10.50,-12:36:30.5,1.12′ × 0.51′,0.01866667,General,,,,0,0,Work in progress
ngc-NGC4795,NGC 4795,Galaxy,Virgo,12.76,12:55:02.86,+08:03:55.8,2.16′ × 1.42′,0.036,General,,,,0,0,Work in progress
ngc-NGC4796,NGC 4796,Galaxy,Virgo,15.35,12:55:04.69,+08:03:58.4,1.8′ × 1.73′,0.03,General,,,,0,0,Work in progress
ngc-NGC4797,NGC 4797,Galaxy,Coma Berenices,13.16,12:54:55.17,+27:24:45.7,1.15′ × 0.85′,0.01916667,General,,,,0,0,Work in progress
ngc-NGC4799,NGC 4799,Galaxy,Virgo,13.8,12:55:15.53,+02:53:47.9,1.44′ × 0.62′,0.024,General,,,,0,0,Work in progress
ngc-NGC4800,NGC 4800,Galaxy,Canes Venatici,12.32,12:54:37.80,+46:31:52.2,1.65′ × 1.16′,0.0275,General,,,,0,0,Work in progress
ngc-NGC4801,NGC 4801,Galaxy,Ursa Major,15.15,12:54:37.77,+53:05:24.0,1.35′ × 0.67′,0.0225,General,,,,0,0,Work in progress
ngc-NGC4802,NGC 4802,Galaxy,Corvus,11.34,12:55:49.64,-12:03:19.1,2.64′ × 2.3′,0.044,General,,,,0,0,Work in progress
ngc-NGC4803,NGC 4803,Galaxy,Virgo,14.95,12:55:33.68,+08:14:25.5,0.76′ × 0.42′,0.01266667,General,,,,0,0,Work in progress
ngc-NGC4805,NGC 4805,Star,Coma Berenices,,12:55:24.23,+27:58:52.7,,,HighMagnification,,,,0,0,Work in progress
ngc-NGC4806,NGC 4806,Galaxy,Hydra,13.45,12:56:12.40,-29:30:10.6,1.35′ × 1.15′,0.0225,General,,,,0,0,Work in progress
ngc-NGC4807,NGC 4807,Galaxy,Coma Berenices,13.49,12:55:29.10,+27:31:17.1,0.88′ × 0.65′,0.01466667,General,,,,0,0,Work in progress
ngc-NGC4808,NGC 4808,Galaxy,Virgo,11.79,12:55:48.95,+04:18:14.8,2.36′ × 0.93′,0.03933333,General,,,,0,0,Work in progress
ngc-NGC4809,NGC 4809,Galaxy,Virgo,13.78,12:54:51.06,+02:39:14.7,1.58′ × 0.64′,0.02633333,General,,,,0,0,Work in progress
ngc-NGC4810,NGC 4810,Galaxy,Virgo,14.71,12:54:51.20,+02:38:25.0,0.86′ × 0.43′,0.01433333,General,,,,0,0,Work in progress
ngc-NGC4811,NGC 4811,Galaxy,Centaurus,14.49,12:56:52.36,-41:47:49.9,1.32′ × 0.89′,0.022,General,,,,0,0,Work in progress
ngc-NGC4812,NGC 4812,Galaxy,Centaurus,14.23,12:56:52.70,-41:48:48.0,1.5′ × 0.63′,0.025,General,,,,0,0,Work in progress
ngc-NGC4813,NGC 4813,Galaxy,Virgo,14.15,12:56:36.12,-06:49:04.2,1.59′ × 0.86′,0.0265,General,,,,0,0,Work in progress
ngc-NGC4814,NGC 4814,Galaxy,Ursa Major,12.03,12:55:21.94,+58:20:38.8,2.75′ × 2′,0.04583333,General,,,,0,0,Work in progress
ngc-NGC4815,NGC 4815,Open cluster,Musca,8.6,12:57:58.37,-64:57:42.3,3.9′,0.065,WideField,,,,0,0,Work in progress
ngc-NGC4816,NGC 4816,Galaxy,Coma Berenices,12.68,12:56:12.15,+27:44:43.7,1.38′ × 0.63′,0.023,General,,,,0,0,Work in progress
ngc-NGC4817,NGC 4817,Galaxy,Coma Berenices,15.77,12:56:29.82,+27:56:24.0,0.69′ × 0.6′,0.0115,General,,,,0,0,Work in progress
ngc-NGC4818,NGC 4818,Galaxy,Virgo,11.34,12:56:48.90,-08:31:31.1,4.27′ × 1.28′,0.07116667,General,,,,0,0,Work in progress
ngc-NGC4819,NGC 4819,Galaxy,Coma Berenices,13.19,12:56:27.86,+26:59:14.4,1′ × 0.78′,0.01666667,General,,,,0,0,Work in progress
ngc-NGC4820,NGC 4820,Galaxy,Virgo,14.86,12:57:00.56,-13:43:09.6,1.19′ × 0.42′,0.01983333,General,,,,0,0,Work in progress
ngc-NGC4821,NGC 4821,Galaxy,Coma Berenices,15.02,12:56:29.13,+26:57:25.2,0.59′ × 0.34′,0.00983333,General,,,,0,0,Work in progress
ngc-NGC4822,NGC 4822,Galaxy,Virgo,14.36,12:57:03.74,-10:45:42.6,1.38′ × 0.97′,0.023,General,,,,0,0,Work in progress
ngc-NGC4823,NGC 4823,Galaxy,Virgo,15.97,12:57:25.64,-13:41:55.3,0.81′ × 0.22′,0.0135,General,,,,0,0,Work in progress
ngc-NGC4824,NGC 4824,Star,Coma Berenices,,12:56:36.37,+27:25:57.5,,,HighMagnification,,,,0,0,Work in progress
ngc-NGC4825,NGC 4825,Galaxy,Virgo,11.56,12:57:12.24,-13:39:53.4,2.69′ × 1.64′,0.04483333,General,,,,0,0,Work in progress
ngc-NGC4827,NGC 4827,Galaxy,Coma Berenices,12.9,12:56:43.53,+27:10:43.1,1.22′ × 0.97′,0.02033333,General,,,,0,0,Work in progress
ngc-NGC4828,NGC 4828,Galaxy,Coma Berenices,13.68,12:56:42.86,+28:01:13.6,0.75′ × 0.7′,0.0125,General,,,,0,0,Work in progress
ngc-NGC4829,NGC 4829,Galaxy,Virgo,16.16,12:57:24.48,-13:44:15.0,0.58′ × 0.37′,0.00966667,General,,,,0,0,Work in progress
ngc-NGC4830,NGC 4830,Galaxy,Virgo,12.09,12:57:27.91,-19:41:28.6,2.31′ × 1.49′,0.0385,General,,,,0,0,Work in progress
ngc-NGC4831,NGC 4831,Galaxy,Hydra,13.47,12:57:36.69,-27:17:31.7,1.57′ × 0.87′,0.02616667,General,,,,0,0,Work in progress
ngc-NGC4832,NGC 4832,Galaxy,Centaurus,12.27,12:57:47.53,-39:45:42.1,2.14′ × 1.48′,0.03566667,General,,,,0,0,Work in progress
ngc-NGC4834,NGC 4834,Galaxy,Canes Venatici,15.09,12:56:25.28,+52:17:45.1,1.08′ × 0.46′,0.018,General,,,,0,0,Work in progress
ngc-NGC4835,NGC 4835,Galaxy,Centaurus,11.81,12:58:07.84,-46:15:51.2,3.3′ × 0.68′,0.055,General,,,,0,0,Work in progress
ngc-NGC4836,NGC 4836,Galaxy,Virgo,14.93,12:57:34.29,-12:44:38.8,1.48′ × 1.08′,0.02466667,General,,,,0,0,Work in progress
ngc-NGC4837,NGC 4837,Galaxy pair,Canes Venatici,,12:56:49.10,+48:17:55.0,1.3′,0.02166667,General,,,,0,0,Work in progress
ngc-NGC4838,NGC 4838,Galaxy,Virgo,14,12:57:56.16,-13:03:36.3,1.79′ × 1.41′,0.02983333,General,,,,0,0,Work in progress
ngc-NGC4839,NGC 4839,Galaxy,Coma Berenices,12.11,12:57:24.36,+27:29:52.1,2.7′ × 1.24′,0.045,General,,,,0,0,Work in progress
ngc-NGC4840,NGC 4840,Galaxy,Coma Berenices,13.68,12:57:32.84,+27:36:37.2,0.73′ × 0.7′,0.01216667,General,,,,0,0,Work in progress
ngc-NGC4841,NGC 4841,Galaxy pair,Coma Berenices,,12:57:32.90,+28:28:46.0,2′,0.03333333,General,,,,0,0,Work in progress
ngc-NGC4842,NGC 4842,Galaxy pair,Coma Berenices,,12:57:35.90,+27:29:21.0,1′,0.01666667,General,,,,0,0,Work in progress
ngc-NGC4843,NGC 4843,Galaxy,Virgo,14.2,12:58:00.82,-03:37:16.1,1.98′ × 0.44′,0.033,General,,,,0,0,Work in progress
ngc-NGC4844,NGC 4844,Star,Virgo,14.14,12:58:08.26,-13:04:47.7,,,HighMagnification,,,,0,0,Work in progress
ngc-NGC4845,NGC 4845,Galaxy,Virgo,10.97,12:58:01.19,+01:34:33.0,5.5′ × 1.2′,0.09166667,General,,,,0,0,Work in progress
ngc-NGC4846,NGC 4846,Galaxy,Canes Venatici,14.54,12:57:47.69,+36:22:14.6,1.21′ × 0.5′,0.02016667,General,,,,0,0,Work in progress
ngc-NGC4847,NGC 4847,Galaxy,Virgo,15.33,12:58:28.95,-13:08:27.3,0.83′ × 0.63′,0.01383333,General,,,,0,0,Work in progress
ngc-NGC4848,NGC 4848,Galaxy,Coma Berenices,13.68,12:58:05.64,+28:14:33.9,1.27′ × 0.42′,0.02116667,General,,,,0,0,Work in progress
ngc-NGC4849,NGC 4849,Galaxy,Coma Berenices,14.27,12:58:12.68,+26:23:48.8,1.4′ × 0.99′,0.02333333,General,,,,0,0,Work in progress
ngc-NGC4850,NGC 4850,Galaxy,Coma Berenices,14.23,12:58:21.84,+27:58:03.8,0.66′ × 0.64′,0.011,General,,,,0,0,Work in progress
ngc-NGC4851,NGC 4851,Galaxy,Coma Berenices,14.94,12:58:21.71,+28:08:55.5,0.4′ × 0.33′,0.00666667,General,,,,0,0,Work in progress
ngc-NGC4852,NGC 4852,Open cluster,Centaurus,8.9,13:00:04.39,-59:36:34.0,5.4′,0.09,WideField,,,,0,0,Work in progress
ngc-NGC4853,NGC 4853,Galaxy,Coma Berenices,13.66,12:58:35.19,+27:35:46.8,0.68′ × 0.57′,0.01133333,General,,,,0,0,Work in progress
ngc-NGC4854,NGC 4854,Galaxy,Coma Berenices,13.95,12:58:47.40,+27:40:29.1,0.95′ × 0.67′,0.01583333,General,,,,0,0,Work in progress
ngc-NGC4855,NGC 4855,Galaxy,Virgo,14.32,12:59:18.45,-13:13:51.7,1.68′ × 1.24′,0.028,General,,,,0,0,Work in progress
ngc-NGC4856,NGC 4856,Galaxy,Virgo,10.62,12:59:21.27,-15:02:31.8,4.25′ × 1.57′,0.07083333,General,,,,0,0,Work in progress
ngc-NGC4857,NGC 4857,Galaxy,Draco,14.64,12:57:18.34,+70:12:12.4,1.15′ × 0.66′,0.01916667,General,,,,0,0,Work in progress
ngc-NGC4858,NGC 4858,Galaxy,Coma Berenices,15.22,12:59:02.04,+28:06:56.7,0.51′ × 0.42′,0.0085,General,,,,0,0,Work in progress
ngc-NGC4859,NGC 4859,Galaxy,Coma Berenices,13.59,12:59:01.83,+26:48:56.4,1.51′ × 0.65′,0.02516667,General,,,,0,0,Work in progress
ngc-NGC4860,NGC 4860,Galaxy,Coma Berenices,13.43,12:59:03.90,+28:07:25.3,1.07′ × 0.94′,0.01783333,General,,,,0,0,Work in progress
ngc-NGC4861,NGC 4861,Galaxy,Canes Venatici,12.32,12:59:02.34,+34:51:34.0,3.81′ × 1.45′,0.0635,General,,,,0,0,Work in progress
ngc-NGC4862,NGC 4862,Galaxy,Virgo,15.31,12:59:30.82,-14:07:56.4,1.09′ × 0.89′,0.01816667,General,,,,0,0,Work in progress
ngc-NGC4863,NGC 4863,Galaxy,Virgo,14.9,12:59:42.46,-14:01:46.7,1.9′ × 0.4′,0.03166667,General,,,,0,0,Work in progress
ngc-NGC4864,NGC 4864,Galaxy,Coma Berenices,13.5,12:59:13.11,+27:58:37.2,0.77′ × 0.47′,0.01283333,General,,,,0,0,Work in progress
ngc-NGC4865,NGC 4865,Galaxy,Coma Berenices,13.44,12:59:19.87,+28:05:03.5,0.88′ × 0.42′,0.01466667,General,,,,0,0,Work in progress
ngc-NGC4866,NGC 4866,Galaxy,Virgo,11.08,12:59:27.14,+14:10:15.8,5.77′ × 0.98′,0.09616667,General,,,,0,0,Work in progress
ngc-NGC4867,NGC 4867,Galaxy,Coma Berenices,14.41,12:59:15.25,+27:58:14.6,0.65′ × 0.5′,0.01083333,General,,,,0,0,Work in progress
ngc-NGC4868,NGC 4868,Galaxy,Canes Venatici,12.95,12:59:08.90,+37:18:37.2,1.43′ × 1.3′,0.02383333,General,,,,0,0,Work in progress
ngc-NGC4869,NGC 4869,Galaxy,Coma Berenices,13.36,12:59:23.36,+27:54:41.7,0.77′ × 0.73′,0.01283333,General,,,,0,0,Work in progress
ngc-NGC4870,NGC 4870,Galaxy,Canes Venatici,15.54,12:59:17.77,+37:02:54.1,0.91′ × 0.31′,0.01516667,General,,,,0,0,Work in progress
ngc-NGC4871,NGC 4871,Galaxy,Coma Berenices,14.22,12:59:29.96,+27:57:23.2,0.77′ × 0.57′,0.01283333,General,,,,0,0,Work in progress
ngc-NGC4872,NGC 4872,Galaxy,Coma Berenices,13.59,12:59:34.04,+27:56:49.0,0.67′ × 0.41′,0.01116667,General,,,,0,0,Work in progress
ngc-NGC4873,NGC 4873,Galaxy,Coma Berenices,14.16,12:59:32.79,+27:59:01.0,0.81′ × 0.52′,0.0135,General,,,,0,0,Work in progress
ngc-NGC4874,NGC 4874,Galaxy,Coma Berenices,11.83,12:59:35.71,+27:57:33.4,2.29′ × 1.98′,0.03816667,General,,,,0,0,Work in progress
ngc-NGC4875,NGC 4875,Galaxy,Coma Berenices,14.65,12:59:37.91,+27:54:26.4,0.48′ × 0.36′,0.008,General,,,,0,0,Work in progress
ngc-NGC4876,NGC 4876,Galaxy,Coma Berenices,14.38,12:59:44.41,+27:54:44.9,0.56′ × 0.42′,0.00933333,General,,,,0,0,Work in progress
ngc-NGC4877,NGC 4877,Galaxy,Virgo,13.08,13:00:26.34,-15:17:00.4,2.36′ × 0.94′,0.03933333,General,,,,0,0,Work in progress
ngc-NGC4878,NGC 4878,Galaxy,Virgo,13.96,13:00:20.17,-06:06:13.8,1.53′ × 1.43′,0.0255,General,,,,0,0,Work in progress
ngc-NGC4879,NGC 4879,Star,Virgo,,13:00:25.61,-06:06:40.4,,,HighMagnification,,,,0,0,Work in progress
ngc-NGC4880,NGC 4880,Galaxy,Virgo,12.66,13:00:10.57,+12:28:59.9,2.63′ × 1.97′,0.04383333,General,,,,0,0,Work in progress
ngc-NGC4881,NGC 4881,Galaxy,Coma Berenices,13.48,12:59:57.60,+28:14:50.6,0.98′ × 0.91′,0.01633333,General,,,,0,0,Work in progress
ngc-NGC4886,NGC 4886,Galaxy,Coma Berenices,13.84,13:00:04.44,+27:59:15.3,0.8′ × 0.7′,0.01333333,General,,,,0,0,Work in progress
ngc-NGC4883,NGC 4883,Galaxy,Coma Berenices,14.31,12:59:56.01,+28:02:05.0,0.77′ × 0.61′,0.01283333,General,,,,0,0,Work in progress
ngc-NGC4885,NGC 4885,Galaxy,Virgo,14.92,13:00:33.87,-06:51:11.1,0.85′ × 0.66′,0.01416667,General,,,,0,0,Work in progress
ngc-NGC4887,NGC 4887,Galaxy,Virgo,14.14,13:00:39.26,-14:39:58.5,1.14′ × 0.59′,0.019,General,,,,0,0,Work in progress
ngc-NGC4888,NGC 4888,Galaxy,Virgo,14.32,13:00:36.26,-06:04:30.7,1.55′ × 0.79′,0.02583333,General,,,,0,0,Work in progress
ngc-NGC4890,NGC 4890,Galaxy,Virgo,13.84,13:00:39.12,-04:36:15.6,0.96′ × 0.79′,0.016,General,,,,0,0,Work in progress
ngc-NGC4891,NGC 4891,Star,Virgo,,13:00:46.99,-13:25:33.4,,,HighMagnification,,,,0,0,Work in progress
ngc-NGC4892,NGC 4892,Galaxy,Coma Berenices,14.53,13:00:03.53,+26:53:53.2,1.4′ × 0.26′,0.02333333,General,,,,0,0,Work in progress
ngc-NGC4893,NGC 4893,Galaxy,Canes Venatici,15.47,12:59:59.61,+37:11:36.2,1.1′ × 0.7′,0.01833333,General,,,,0,0,Work in progress
ngc-NGC4894,NGC 4894,Galaxy,Coma Berenices,15.18,13:00:16.52,+27:58:03.1,0.6′ × 0.28′,0.01,General,,,,0,0,Work in progress
ngc-NGC4895,NGC 4895,Galaxy,Coma Berenices,13.2,13:00:17.93,+28:12:08.3,1.66′ × 0.56′,0.02766667,General,,,,0,0,Work in progress
ngc-NGC4896,NGC 4896,Galaxy,Coma Berenices,13.9,13:00:30.78,+28:20:46.4,0.85′ × 0.48′,0.01416667,General,,,,0,0,Work in progress
ngc-NGC4897,NGC 4897,Galaxy,Virgo,12.54,13:00:52.95,-13:26:59.3,2.65′ × 2.12′,0.04416667,General,,,,0,0,Work in progress
ngc-NGC4898,NGC 4898,Galaxy pair,Coma Berenices,,13:00:18.00,+27:57:26.0,0.8′,0.01333333,General,,,,0,0,Work in progress
ngc-NGC4899,NGC 4899,Galaxy,Virgo,12.33,13:00:56.63,-13:56:39.2,2.02′ × 1.17′,0.03366667,General,,,,0,0,Work in progress
ngc-NGC4900,NGC 4900,Galaxy,Virgo,11.36,13:00:39.11,+02:30:05.2,2.13′ × 2.02′,0.0355,General,,,,0,0,Work in progress
ngc-NGC4901,NGC 4901,Galaxy,Canes Venatici,15.22,12:59:56.41,+47:12:20.0,1.15′ × 1.1′,0.01916667,General,,,,0,0,Work in progress
ngc-NGC4902,NGC 4902,Galaxy,Virgo,11.26,13:00:59.73,-14:30:49.1,2.63′ × 2.37′,0.04383333,General,,,,0,0,Work in progress
ngc-NGC4903,NGC 4903,Galaxy,Centaurus,12.5,13:01:22.77,-30:56:05.9,1.72′ × 1.41′,0.02866667,General,,,,0,0,Work in progress
ngc-NGC4904,NGC 4904,Galaxy,Virgo,11.96,13:00:58.66,-00:01:39.4,1.99′ × 1.24′,0.03316667,General,,,,0,0,Work in progress
ngc-NGC4905,NGC 4905,Galaxy,Centaurus,14.29,13:01:30.68,-30:52:05.8,1.55′ × 0.5′,0.02583333,General,,,,0,0,Work in progress
ngc-NGC4906,NGC 4906,Galaxy,Coma Berenices,14.1,13:00:39.77,+27:55:26.0,0.7′ × 0.64′,0.01166667,General,,,,0,0,Work in progress
ngc-NGC4907,NGC 4907,Galaxy,Coma Berenices,13.66,13:00:48.80,+28:09:30.0,1′ × 0.9′,0.01666667,General,,,,0,0,Work in progress
ngc-NGC4908,NGC 4908,Galaxy,Coma Berenices,13.23,13:00:54.46,+28:00:27.5,1.19′ × 0.77′,0.01983333,General,,,,0,0,Work in progress
ngc-NGC4909,NGC 4909,Galaxy,Centaurus,12.76,13:02:01.85,-42:46:17.1,1.96′ × 1.8′,0.03266667,General,,,,0,0,Work in progress
ngc-NGC4911,NGC 4911,Galaxy,Coma Berenices,12.88,13:00:56.08,+27:47:27.0,1.16′ × 0.96′,0.01933333,General,,,,0,0,Work in progress
ngc-NGC4912,NGC 4912,Galaxy,Coma Berenices,13.84,13:01:33.60,+29:07:50.2,1.06′ × 0.53′,0.01766667,General,,,,0,0,Work in progress
ngc-NGC4913,NGC 4913,Galaxy,Coma Berenices,13.84,13:01:43.37,+29:02:40.8,1.45′ × 0.4′,0.02416667,General,,,,0,0,Work in progress
ngc-NGC4914,NGC 4914,Galaxy,Canes Venatici,11.6,13:00:42.95,+37:18:55.0,2.69′ × 1.31′,0.04483333,General,,,,0,0,Work in progress
ngc-NGC4915,NGC 4915,Galaxy,Virgo,12,13:01:28.22,-04:32:47.5,1.64′ × 1.55′,0.02733333,General,,,,0,0,Work in progress
ngc-NGC4916,NGC 4916,Galaxy,Coma Berenices,13.95,13:02:04.20,+29:15:12.4,0.98′ × 0.23′,0.01633333,General,,,,0,0,Work in progress
ngc-NGC4917,NGC 4917,Galaxy,Canes Venatici,14.87,13:00:55.57,+47:13:19.6,1.33′ × 0.81′,0.02216667,General,,,,0,0,Work in progress
ngc-NGC4918,NGC 4918,Galaxy,Virgo,15.07,13:01:50.62,-04:30:02.0,0.89′ × 0.33′,0.01483333,General,,,,0,0,Work in progress
ngc-NGC4919,NGC 4919,Galaxy,Coma Berenices,14.04,13:01:17.59,+27:48:32.7,1.11′ × 0.58′,0.0185,General,,,,0,0,Work in progress
ngc-NGC4920,NGC 4920,Galaxy,Virgo,14.15,13:02:04.15,-11:22:42.3,1.08′ × 0.83′,0.018,General,,,,0,0,Work in progress
ngc-NGC4921,NGC 4921,Galaxy,Coma Berenices,12.62,13:01:26.15,+27:53:09.4,1.96′ × 1.8′,0.03266667,General,,,,0,0,Work in progress
ngc-NGC4922,NGC 4922,Galaxy pair,Coma Berenices,,13:01:24.90,+29:18:40.0,1.1′,0.01833333,General,,,,0,0,Work in progress
ngc-NGC4923,NGC 4923,Galaxy,Coma Berenices,13.74,13:01:31.80,+27:50:51.1,0.72′ × 0.67′,0.012,General,,,,0,0,Work in progress
ngc-NGC4924,NGC 4924,Galaxy,Virgo,13.87,13:02:12.85,-14:58:11.4,1.77′ × 1.35′,0.0295,General,,,,0,0,Work in progress
ngc-NGC4925,NGC 4925,Galaxy,Virgo,14.34,13:02:07.39,-07:42:38.8,1.18′ × 0.87′,0.01966667,General,,,,0,0,Work in progress
ngc-NGC4926,NGC 4926,Galaxy,Coma Berenices,12.99,13:01:53.73,+27:37:28.0,1.23′ × 1.04′,0.0205,General,,,,0,0,Work in progress
ngc-NGC4927,NGC 4927,Galaxy,Coma Berenices,14.75,13:01:57.60,+28:00:21.2,1.01′ × 0.64′,0.01683333,General,,,,0,0,Work in progress
ngc-NGC4928,NGC 4928,Galaxy,Virgo,12.92,13:03:00.57,-08:05:05.9,1.05′ × 0.8′,0.0175,General,,,,0,0,Work in progress
ngc-NGC4929,NGC 4929,Galaxy,Coma Berenices,14.88,13:02:44.40,+28:02:43.3,0.82′ × 0.68′,0.01366667,General,,,,0,0,Work in progress
ngc-NGC4930,NGC 4930,Galaxy,Centaurus,11.43,13:04:05.27,-41:24:41.7,3.54′ × 2.84′,0.059,General,,,,0,0,Work in progress
ngc-NGC4931,NGC 4931,Galaxy,Coma Berenices,13.43,13:03:00.88,+28:01:56.9,1.65′ × 0.62′,0.0275,General,,,,0,0,Work in progress
ngc-NGC4932,NGC 4932,Galaxy,Canes Venatici,14.55,13:02:37.71,+50:26:18.3,1.44′ × 1.08′,0.024,General,,,,0,0,Work in progress
ngc-NGC4933,NGC 4933,Galaxy triplet,Virgo,,13:03:57.90,-11:29:52.0,3.5′,0.05833333,General,,,,0,0,Work in progress
ngc-NGC4934,NGC 4934,Galaxy,Coma Berenices,14.33,13:03:16.24,+28:01:49.5,1′ × 0.16′,0.01666667,General,,,,0,0,Work in progress
ngc-NGC4935,NGC 4935,Galaxy,Coma Berenices,13.97,13:03:21.23,+14:22:39.0,1.09′ × 0.92′,0.01816667,General,,,,0,0,Work in progress
ngc-NGC4936,NGC 4936,Galaxy,Centaurus,10.71,13:04:16.89,-30:31:34.5,2.85′ × 2.43′,0.0475,General,,,,0,0,Work in progress
ngc-NGC4937,NGC 4937,Asterism,Centaurus,,13:04:51.57,-47:13:09.7,,,WideField,,,,0,0,Work in progress
ngc-NGC4938,NGC 4938,Galaxy,Canes Venatici,15.1,13:02:57.59,+51:19:06.7,0.87′ × 0.78′,0.0145,General,,,,0,0,Work in progress
ngc-NGC4939,NGC 4939,Galaxy,Virgo,11.91,13:04:14.39,-10:20:22.6,5.71′ × 2.3′,0.09516667,General,,,,0,0,Work in progress
ngc-NGC4940,NGC 4940,Galaxy,Centaurus,13.18,13:05:00.25,-47:14:12.9,1.13′ × 1′,0.01883333,General,,,,0,0,Work in progress
ngc-NGC4941,NGC 4941,Galaxy,Virgo,11.27,13:04:13.14,-05:33:05.8,3.29′ × 2.7′,0.05483333,General,,,,0,0,Work in progress
ngc-NGC4942,NGC 4942,Galaxy,Virgo,13.79,13:04:19.11,-07:38:58.0,1.68′ × 1.22′,0.028,General,,,,0,0,Work in progress
ngc-NGC4943,NGC 4943,Galaxy,Coma Berenices,15.46,13:03:44.94,+28:05:03.2,0.79′ × 0.54′,0.01316667,General,,,,0,0,Work in progress
ngc-NGC4944,NGC 4944,Galaxy,Coma Berenices,12.87,13:03:49.95,+28:11:08.6,1.39′ × 0.43′,0.02316667,General,,,,0,0,Work in progress
ngc-NGC4946,NGC 4946,Galaxy,Centaurus,12.35,13:05:29.38,-43:35:28.1,2′ × 1.67′,0.03333333,General,,,,0,0,Work in progress
ngc-NGC4947,NGC 4947,Galaxy,Centaurus,12.2,13:05:20.20,-35:20:14.7,2.65′ × 1.34′,0.04416667,General,,,,0,0,Work in progress
ngc-NGC4948,NGC 4948,Galaxy,Virgo,13.44,13:04:55.96,-07:56:51.7,2.3′ × 0.82′,0.03833333,General,,,,0,0,Work in progress
ngc-NGC4949,NGC 4949,Galaxy,Coma Berenices,14.97,13:04:17.92,+29:01:46.3,0.72′ × 0.38′,0.012,General,,,,0,0,Work in progress
ngc-NGC4950,NGC 4950,Galaxy,Centaurus,14.95,13:05:36.53,-43:30:01.9,0.92′ × 0.79′,0.01533333,General,,,,0,0,Work in progress
ngc-NGC4951,NGC 4951,Galaxy,Virgo,11.84,13:05:07.70,-06:29:37.8,3.14′ × 1.16′,0.05233333,General,,,,0,0,Work in progress
ngc-NGC4952,NGC 4952,Galaxy,Coma Berenices,13.01,13:04:58.38,+29:07:20.1,1.6′ × 0.97′,0.02666667,General,,,,0,0,Work in progress
ngc-NGC4953,NGC 4953,Galaxy,Centaurus,14.18,13:06:10.47,-37:35:08.7,1.84′ × 0.99′,0.03066667,General,,,,0,0,Work in progress
ngc-NGC4954,NGC 4954,Galaxy,Draco,14.15,13:02:19.87,+75:24:15.0,0.99′ × 0.65′,0.0165,General,,,,0,0,Work in progress
ngc-NGC4955,NGC 4955,Galaxy,Hydra,12.15,13:06:04.82,-29:45:15.4,2.34′ × 1.72′,0.039,General,,,,0,0,Work in progress
ngc-NGC4956,NGC 4956,Galaxy,Canes Venatici,12.38,13:05:00.94,+35:10:40.9,1.56′ × 1.52′,0.026,General,,,,0,0,Work in progress
ngc-NGC4957,NGC 4957,Galaxy,Coma Berenices,12.99,13:05:12.39,+27:34:11.1,1.22′ × 0.93′,0.02033333,General,,,,0,0,Work in progress
ngc-NGC4958,NGC 4958,Galaxy,Virgo,10.59,13:05:48.88,-08:01:13.0,4.79′ × 1.2′,0.07983333,General,,,,0,0,Work in progress
ngc-NGC4959,NGC 4959,Galaxy,Canes Venatici,15.29,13:05:41.03,+33:10:44.1,0.74′ × 0.64′,0.01233333,General,,,,0,0,Work in progress
ngc-NGC4961,NGC 4961,Galaxy,Coma Berenices,13.51,13:05:47.57,+27:44:02.9,1.11′ × 0.88′,0.0185,General,,,,0,0,Work in progress
ngc-NGC4963,NGC 4963,Galaxy,Canes Venatici,14.12,13:05:51.95,+41:43:18.9,0.86′ × 0.81′,0.01433333,General,,,,0,0,Work in progress
ngc-NGC4964,NGC 4964,Galaxy,Ursa Major,14.04,13:05:24.86,+56:19:22.0,1.1′ × 0.69′,0.01833333,General,,,,0,0,Work in progress
ngc-NGC4965,NGC 4965,Galaxy,Hydra,12.41,13:07:09.38,-28:13:41.5,2.49′ × 2.05′,0.0415,General,,,,0,0,Work in progress
ngc-NGC4966,NGC 4966,Galaxy,Coma Berenices,13.32,13:06:17.31,+29:03:46.3,1.03′ × 0.49′,0.01716667,General,,,,0,0,Work in progress
ngc-NGC4967,NGC 4967,Galaxy,Ursa Major,14.95,13:05:36.43,+53:33:51.4,1.15′ × 0.87′,0.01916667,General,,,,0,0,Work in progress
ngc-NGC4968,NGC 4968,Galaxy,Hydra,14.79,13:07:05.98,-23:40:37.3,2.28′ × 1.04′,0.038,General,,,,0,0,Work in progress
ngc-NGC4969,NGC 4969,Galaxy pair,Virgo,,13:07:03.00,+13:38:13.0,0.8′,0.01333333,General,,,,0,0,Work in progress
ngc-NGC4970,NGC 4970,Galaxy,Hydra,13.33,13:07:33.74,-24:00:30.8,1.79′ × 1.14′,0.02983333,General,,,,0,0,Work in progress
ngc-NGC4971,NGC 4971,Galaxy,Coma Berenices,14.98,13:06:54.96,+28:32:52.9,0.78′ × 0.68′,0.013,General,,,,0,0,Work in progress
ngc-NGC4973,NGC 4973,Galaxy,Ursa Major,14.63,13:05:32.15,+53:41:06.5,0.96′ × 0.82′,0.016,General,,,,0,0,Work in progress
ngc-NGC4974,NGC 4974,Galaxy,Ursa Major,13.3,13:05:55.89,+53:39:33.4,1.57′ × 1.11′,0.02616667,General,,,,0,0,Work in progress
ngc-NGC4975,NGC 4975,Galaxy,Virgo,15.02,13:07:50.20,-05:01:02.9,0.97′ × 0.61′,0.01616667,General,,,,0,0,Work in progress
ngc-NGC4976,NGC 4976,Galaxy,Centaurus,10.08,13:08:37.53,-49:30:23.1,5.83′ × 3.27′,0.09716667,General,,,,0,0,Work in progress
ngc-NGC4977,NGC 4977,Galaxy,Ursa Major,14.49,13:06:04.43,+55:39:21.9,1.05′ × 1.02′,0.0175,General,,,,0,0,Work in progress
ngc-NGC4978,NGC 4978,Galaxy,Coma Berenices,14.3,13:07:50.53,+18:24:55.8,1.51′ × 0.63′,0.02516667,General,,,,0,0,Work in progress
ngc-NGC4979,NGC 4979,Galaxy,Coma Berenices,15.07,13:07:42.82,+24:48:38.1,0.86′ × 0.74′,0.01433333,General,,,,0,0,Work in progress
ngc-NGC4980,NGC 4980,Galaxy,Hydra,13.55,13:09:10.08,-28:38:30.4,1.77′ × 0.78′,0.0295,General,,,,0,0,Work in progress
ngc-NGC4981,NGC 4981,Galaxy,Virgo,11.41,13:08:48.74,-06:46:39.1,2.7′ × 1.97′,0.045,General,,,,0,0,Work in progress
ngc-NGC4982,NGC 4982,Unclassified object,Virgo,,13:08:46.14,-10:35:19.2,,,General,,,,0,0,Work in progress
ngc-NGC4983,NGC 4983,Galaxy,Coma Berenices,13.95,13:08:27.29,+28:19:13.8,1.04′ × 0.57′,0.01733333,General,,,,0,0,Work in progress
ngc-NGC4984,NGC 4984,Galaxy,Virgo,11.01,13:08:57.23,-15:30:58.7,3.37′ × 2.5′,0.05616667,General,,,,0,0,Work in progress
ngc-NGC4985,NGC 4985,Galaxy,Canes Venatici,14.82,13:08:12.10,+41:40:34.8,1.15′ × 0.82′,0.01916667,General,,,,0,0,Work in progress
ngc-NGC4986,NGC 4986,Galaxy,Canes Venatici,14.11,13:08:24.46,+35:12:23.2,1.55′ × 0.93′,0.02583333,General,,,,0,0,Work in progress
ngc-NGC4987,NGC 4987,Galaxy,Canes Venatici,14.42,13:07:59.06,+51:55:45.5,1.24′ × 0.71′,0.02066667,General,,,,0,0,Work in progress
ngc-NGC4988,NGC 4988,Galaxy,Centaurus,13.87,13:09:54.38,-43:06:20.6,1.86′ × 0.64′,0.031,General,,,,0,0,Work in progress
ngc-NGC4989,NGC 4989,Galaxy,Virgo,14.31,13:09:16.05,-05:23:47.1,1.41′ × 0.55′,0.0235,General,,,,0,0,Work in progress
ngc-NGC4990,Cocoon Galaxy,Galaxy,Virgo,13.82,13:09:17.29,-05:16:22.1,0.9′ × 0.81′,0.015,General,,,,0,0,Work in progress
ngc-NGC4991,NGC 4991,Galaxy,Virgo,15.4,13:09:15.11,+02:20:51.6,0.59′ × 0.48′,0.00983333,General,,,,0,0,Work in progress
ngc-NGC4992,NGC 4992,Galaxy,Virgo,14.46,13:09:05.60,+11:38:03.0,1.06′ × 0.6′,0.01766667,General,,,,0,0,Work in progress
ngc-NGC4993,NGC 4993,Galaxy,Hydra,13.45,13:09:47.70,-23:23:02.0,1.55′ × 1.35′,0.02583333,General,,,,0,0,Work in progress
ngc-NGC4995,NGC 4995,Galaxy,Virgo,11.11,13:09:40.65,-07:50:00.3,2.43′ × 1.49′,0.0405,General,,,,0,0,Work in progress
ngc-NGC4996,NGC 4996,Galaxy,Virgo,14.29,13:09:31.89,+00:51:25.3,1.81′ × 1.36′,0.03016667,General,,,,0,0,Work in progress
ngc-NGC4997,NGC 4997,Galaxy,Virgo,14,13:09:51.70,-16:30:55.7,1.61′ × 0.89′,0.02683333,General,,,,0,0,Work in progress
ngc-NGC4998,NGC 4998,Galaxy,Canes Venatici,14.92,13:08:10.16,+50:39:49.5,1.02′ × 0.87′,0.017,General,,,,0,0,Work in progress
ngc-NGC4999,NGC 4999,Galaxy,Virgo,13.06,13:09:33.13,+01:40:23.0,2.5′ × 2.11′,0.04166667,General,,,,0,0,Work in progress
ngc-NGC5000,NGC 5000,Galaxy,Coma Berenices,13.28,13:09:47.49,+28:54:25.0,1.28′ × 1.02′,0.02133333,General,,,,0,0,Work in progress
ngc-NGC5001,NGC 5001,Galaxy,Ursa Major,14.56,13:09:33.11,+53:29:39.4,1.15′ × 0.42′,0.01916667,General,,,,0,0,Work in progress
ngc-NGC5002,NGC 5002,Galaxy,Canes Venatici,14.65,13:10:38.01,+36:38:02.1,1.39′ × 0.71′,0.02316667,General,,,,0,0,Work in progress
ngc-NGC5003,NGC 5003,Galaxy,Canes Venatici,15.03,13:08:37.91,+43:44:15.1,1.03′ × 0.77′,0.01716667,General,,,,0,0,Work in progress
ngc-NGC5004,NGC 5004,Galaxy,Coma Berenices,13.15,13:11:01.55,+29:38:12.1,1.33′ × 0.96′,0.02216667,General,,,,0,0,Work in progress
ngc-NGC5006,NGC 5006,Galaxy,Virgo,13.4,13:11:45.77,-19:15:42.3,2.07′ × 1.66′,0.0345,General,,,,0,0,Work in progress
ngc-NGC5007,NGC 5007,Galaxy,Ursa Major,14.15,13:09:14.39,+62:10:30.1,0.93′ × 0.57′,0.0155,General,,,,0,0,Work in progress
ngc-NGC5008,NGC 5008,Galaxy,Bootes,14.41,14:10:57.24,+25:29:50.0,1.07′ × 0.83′,0.01783333,General,,,,0,0,Work in progress
ngc-NGC5009,NGC 5009,Galaxy,Canes Venatici,15.31,13:10:47.03,+50:05:34.3,1.08′ × 0.62′,0.018,General,,,,0,0,Work in progress
ngc-NGC5010,NGC 5010,Galaxy,Virgo,14.4,13:12:26.35,-15:47:52.3,1′ × 0.75′,0.01666667,General,,,,0,0,Work in progress
ngc-NGC5011,NGC 5011,Galaxy,Centaurus,11.38,13:12:51.86,-43:05:46.4,2.92′ × 2.43′,0.04866667,General,,,,0,0,Work in progress
ngc-NGC5012,NGC 5012,Galaxy,Coma Berenices,12.4,13:11:37.04,+22:54:55.8,2.64′ × 1.44′,0.044,General,,,,0,0,Work in progress
ngc-NGC5013,NGC 5013,Galaxy,Virgo,14.95,13:12:07.35,+03:11:56.6,0.74′ × 0.51′,0.01233333,General,,,,0,0,Work in progress
ngc-NGC5014,NGC 5014,Galaxy,Canes Venatici,12.83,13:11:31.22,+36:16:55.7,2.11′ × 0.73′,0.03516667,General,,,,0,0,Work in progress
ngc-NGC5015,NGC 5015,Galaxy,Virgo,13.24,13:12:22.89,-04:20:11.3,2′ × 0.79′,0.03333333,General,,,,0,0,Work in progress
ngc-NGC5016,NGC 5016,Galaxy,Coma Berenices,12.56,13:12:06.68,+24:05:42.0,1.57′ × 1.14′,0.02616667,General,,,,0,0,Work in progress
ngc-NGC5017,NGC 5017,Galaxy,Virgo,12.57,13:12:54.50,-16:45:57.0,1.5′ × 1.29′,0.025,General,,,,0,0,Work in progress
ngc-NGC5018,NGC 5018,Galaxy,Virgo,10.85,13:13:01.03,-19:31:05.5,3.49′ × 2.17′,0.05816667,General,,,,0,0,Work in progress
ngc-NGC5019,NGC 5019,Galaxy,Virgo,14.46,13:12:42.39,+04:43:46.8,0.85′ × 0.72′,0.01416667,General,,,,0,0,Work in progress
ngc-NGC5020,NGC 5020,Galaxy,Virgo,13,13:12:39.87,+12:35:59.1,2.69′ × 2.42′,0.04483333,General,,,,0,0,Work in progress
ngc-NGC5021,NGC 5021,Galaxy,Canes Venatici,14.19,13:12:06.27,+46:11:46.1,1.49′ × 0.6′,0.02483333,General,,,,0,0,Work in progress
ngc-NGC5022,NGC 5022,Galaxy,Virgo,13.81,13:13:30.79,-19:32:47.9,2.46′ × 0.49′,0.041,General,,,,0,0,Work in progress
ngc-NGC5023,NGC 5023,Galaxy,Canes Venatici,12.29,13:12:12.60,+44:02:28.4,6.22′ × 0.78′,0.10366667,General,,,,0,0,Work in progress
ngc-NGC5025,NGC 5025,Galaxy,Canes Venatici,14.5,13:12:44.75,+31:48:33.8,2.07′ × 0.51′,0.0345,General,,,,0,0,Work in progress
ngc-NGC5026,NGC 5026,Galaxy,Centaurus,11.81,13:14:13.64,-42:57:40.6,3.52′ × 1.79′,0.05866667,General,,,,0,0,Work in progress
ngc-NGC5027,NGC 5027,Galaxy,Virgo,14.96,13:13:20.99,+06:03:40.6,1.1′ × 1.01′,0.01833333,General,,,,0,0,Work in progress
ngc-NGC5028,NGC 5028,Galaxy,Virgo,14.18,13:13:45.86,-13:02:32.9,2.12′ × 1.38′,0.03533333,General,,,,0,0,Work in progress
ngc-NGC5029,NGC 5029,Galaxy,Canes Venatici,14.2,13:12:37.59,+47:03:47.8,1.52′ × 0.93′,0.02533333,General,,,,0,0,Work in progress
ngc-NGC5030,NGC 5030,Galaxy,Virgo,14.03,13:13:54.15,-16:29:27.4,1.78′ × 1.16′,0.02966667,General,,,,0,0,Work in progress
ngc-NGC5031,NGC 5031,Galaxy,Virgo,14.21,13:14:03.22,-16:07:23.2,1.89′ × 0.3′,0.0315,General,,,,0,0,Work in progress
ngc-NGC5032,NGC 5032,Galaxy,Coma Berenices,12.82,13:13:26.95,+27:48:08.6,1.95′ × 1.08′,0.0325,General,,,,0,0,Work in progress
ngc-NGC5033,NGC 5033,Galaxy,Canes Venatici,10.68,13:13:27.47,+36:35:38.2,9.84′ × 4.58′,0.164,General,,,,0,0,Work in progress
ngc-NGC5034,NGC 5034,Galaxy,Ursa Minor,14.06,13:12:19.01,+70:38:57.7,0.89′ × 0.65′,0.01483333,General,,,,0,0,Work in progress
ngc-NGC5035,NGC 5035,Galaxy,Virgo,12.84,13:14:49.23,-16:29:33.7,1.56′ × 0.99′,0.026,General,,,,0,0,Work in progress
ngc-NGC5036,NGC 5036,Galaxy,Virgo,15.26,13:14:42.84,-04:10:42.9,0.69′ × 0.57′,0.0115,General,,,,0,0,Work in progress
ngc-NGC5037,NGC 5037,Galaxy,Virgo,12.14,13:14:59.37,-16:35:25.1,2.02′ × 0.47′,0.03366667,General,,,,0,0,Work in progress
ngc-NGC5038,NGC 5038,Galaxy,Virgo,14.2,13:15:02.13,-15:57:06.5,1.79′ × 0.38′,0.02983333,General,,,,0,0,Work in progress
ngc-NGC5039,NGC 5039,Galaxy,Virgo,17.46,13:14:51.92,-04:09:29.4,0.55′ × 0.19′,0.00916667,General,,,,0,0,Work in progress
ngc-NGC5040,NGC 5040,Galaxy,Canes Venatici,14.75,13:13:32.64,+51:15:30.1,1.03′ × 0.48′,0.01716667,General,,,,0,0,Work in progress
ngc-NGC5041,NGC 5041,Galaxy,Coma Berenices,13.38,13:14:32.46,+30:42:20.8,1.26′ × 0.97′,0.021,General,,,,0,0,Work in progress
ngc-NGC5042,NGC 5042,Galaxy,Hydra,11.78,13:15:31.02,-23:59:02.6,4.15′ × 2.2′,0.06916667,General,,,,0,0,Work in progress
ngc-NGC5043,NGC 5043,Open cluster,Centaurus,,13:16:14.66,-60:02:43.8,5.52′,0.092,WideField,,,,0,0,Work in progress
ngc-NGC5044,NGC 5044,Galaxy,Virgo,10.78,13:15:23.97,-16:23:07.9,3.66′ × 3.17′,0.061,General,,,,0,0,Work in progress
ngc-NGC5045,NGC 5045,Asterism,Centaurus,,13:16:47.00,-63:25:00.0,20′ × 11′,0.33333333,WideField,,,,0,0,Work in progress
ngc-NGC5046,NGC 5046,Galaxy,Virgo,14.08,13:15:45.12,-16:19:36.6,1.02′ × 0.85′,0.017,General,,,,0,0,Work in progress
ngc-NGC5047,NGC 5047,Galaxy,Virgo,13.6,13:15:48.52,-16:31:08.0,2.86′ × 0.29′,0.04766667,General,,,,0,0,Work in progress
ngc-NGC5048,NGC 5048,Galaxy,Hydra,13.96,13:16:08.38,-28:24:37.9,1.57′ × 0.92′,0.02616667,General,,,,0,0,Work in progress
ngc-NGC5049,NGC 5049,Galaxy,Virgo,13.05,13:15:59.30,-16:23:49.8,2.01′ × 0.4′,0.0335,General,,,,0,0,Work in progress
ngc-NGC5050,NGC 5050,Galaxy,Virgo,14.31,13:15:41.73,+02:52:44.3,1.4′ × 0.44′,0.02333333,General,,,,0,0,Work in progress
ngc-NGC5051,NGC 5051,Galaxy,Hydra,14,13:16:20.10,-28:17:08.5,1.65′ × 0.71′,0.0275,General,,,,0,0,Work in progress
ngc-NGC5052,NGC 5052,Galaxy,Coma Berenices,13.57,13:15:34.89,+29:40:33.9,1.37′ × 1.02′,0.02283333,General,,,,0,0,Work in progress
ngc-NGC5053,NGC 5053,Globular cluster,Coma Berenices,9.96,13:16:26.99,+17:41:51.9,4.8′,0.08,General,,,,0,0,Work in progress
ngc-NGC5054,NGC 5054,Galaxy,Virgo,10.79,13:16:58.49,-16:38:05.5,5.04′ × 2.9′,0.084,General,,,,0,0,Work in progress
ngc-NGC5056,NGC 5056,Galaxy,Coma Berenices,13.13,13:16:12.32,+30:57:01.2,1.62′ × 0.82′,0.027,General,,,,0,0,Work in progress
ngc-NGC5057,NGC 5057,Galaxy,Coma Berenices,14.44,13:16:27.77,+31:01:53.4,1.31′ × 0.99′,0.02183333,General,,,,0,0,Work in progress
ngc-NGC5058,NGC 5058,Galaxy,Virgo,14.25,13:16:52.31,+12:32:53.6,0.76′ × 0.56′,0.01266667,General,,,,0,0,Work in progress
ngc-NGC5059,NGC 5059,Galaxy,Virgo,15.44,13:16:58.46,+07:50:40.2,1.12′ × 0.41′,0.01866667,General,,,,0,0,Work in progress
ngc-NGC5060,NGC 5060,Galaxy,Virgo,14.09,13:17:16.22,+06:02:14.8,1.17′ × 0.95′,0.0195,General,,,,0,0,Work in progress
ngc-NGC5061,NGC 5061,Galaxy,Hydra,10.31,13:18:05.07,-26:50:14.0,3.75′ × 3.05′,0.0625,General,,,,0,0,Work in progress
ngc-NGC5062,NGC 5062,Galaxy,Centaurus,12.24,13:18:23.62,-35:27:31.2,2.69′ × 1.18′,0.04483333,General,,,,0,0,Work in progress
ngc-NGC5063,NGC 5063,Galaxy,Centaurus,13.26,13:18:25.71,-35:21:08.9,2.02′ × 1.63′,0.03366667,General,,,,0,0,Work in progress
ngc-NGC5064,NGC 5064,Galaxy,Centaurus,12.04,13:18:59.93,-47:54:31.2,2.7′ × 1.4′,0.045,General,,,,0,0,Work in progress
ngc-NGC5065,NGC 5065,Galaxy,Coma Berenices,14.24,13:17:30.61,+31:05:33.7,1.22′ × 0.73′,0.02033333,General,,,,0,0,Work in progress
ngc-NGC5066,NGC 5066,Galaxy,Virgo,14.16,13:18:28.45,-10:14:02.0,0.8′ × 0.56′,0.01333333,General,,,,0,0,Work in progress
ngc-NGC5067,NGC 5067,Optical double,Virgo,,13:18:27.76,-10:08:43.0,,,HighMagnification,,,,0,0,Work in progress
ngc-NGC5068,NGC 5068,Galaxy,Virgo,10.06,13:18:54.81,-21:02:20.8,7.48′ × 6.7′,0.12466667,General,,,,0,0,Work in progress
ngc-NGC5070,NGC 5070,Galaxy,Virgo,14.46,13:19:12.56,-12:32:23.6,1.17′ × 0.98′,0.0195,General,,,,0,0,Work in progress
ngc-NGC5071,NGC 5071,Galaxy,Virgo,15.49,13:18:37.19,+07:56:07.9,0.77′ × 0.57′,0.01283333,General,,,,0,0,Work in progress
ngc-NGC5073,NGC 5073,Galaxy,Virgo,13.5,13:19:20.65,-14:50:40.3,3.78′ × 0.56′,0.063,General,,,,0,0,Work in progress
ngc-NGC5074,NGC 5074,Galaxy,Canes Venatici,14.03,13:18:25.77,+31:28:08.7,0.82′ × 0.41′,0.01366667,General,,,,0,0,Work in progress
ngc-NGC5075,NGC 5075,Galaxy,Virgo,15.08,13:19:06.25,+07:49:51.7,1.02′ × 0.76′,0.017,General,,,,0,0,Work in progress
ngc-NGC5076,NGC 5076,Galaxy,Virgo,13.84,13:19:30.40,-12:44:27.1,1.35′ × 0.97′,0.0225,General,,,,0,0,Work in progress
ngc-NGC5077,NGC 5077,Galaxy,Virgo,11.65,13:19:31.67,-12:39:25.1,2.65′ × 2.07′,0.04416667,General,,,,0,0,Work in progress
ngc-NGC5078,NGC 5078,Galaxy,Hydra,10.64,13:19:49.98,-27:24:37.4,2.56′ × 0.62′,0.04266667,General,,,,0,0,Work in progress
ngc-NGC5079,NGC 5079,Galaxy,Virgo,12.55,13:19:38.05,-12:41:56.5,1.38′ × 0.89′,0.023,General,,,,0,0,Work in progress
ngc-NGC5080,NGC 5080,Galaxy,Virgo,14.32,13:19:19.22,+08:25:44.9,1.31′ × 1.17′,0.02183333,General,,,,0,0,Work in progress
ngc-NGC5081,NGC 5081,Galaxy,Coma Berenices,13.13,13:19:08.24,+28:30:24.9,1.9′ × 0.73′,0.03166667,General,,,,0,0,Work in progress
ngc-NGC5082,NGC 5082,Galaxy,Centaurus,13.79,13:20:40.03,-43:41:59.8,1.73′ × 1.04′,0.02883333,General,,,,0,0,Work in progress
ngc-NGC5083,NGC 5083,Galaxy,Canes Venatici,15.14,13:19:03.10,+39:35:21.6,1.09′ × 0.83′,0.01816667,General,,,,0,0,Work in progress
ngc-NGC5084,NGC 5084,Galaxy,Virgo,10.49,13:20:16.92,-21:49:39.3,9.93′ × 2.46′,0.1655,General,,,,0,0,Work in progress
ngc-NGC5085,NGC 5085,Galaxy,Hydra,12.6,13:20:17.75,-24:26:24.5,4.06′ × 3.26′,0.06766667,General,,,,0,0,Work in progress
ngc-NGC5086,NGC 5086,Optical double,Centaurus,,13:20:59.41,-43:44:00.7,,,HighMagnification,,,,0,0,Work in progress
ngc-NGC5087,NGC 5087,Galaxy,Virgo,11.13,13:20:24.96,-20:36:39.6,2.99′ × 2.52′,0.04983333,General,,,,0,0,Work in progress
ngc-NGC5088,NGC 5088,Galaxy,Virgo,13.15,13:20:20.25,-12:34:18.4,1.86′ × 0.51′,0.031,General,,,,0,0,Work in progress
ngc-NGC5089,NGC 5089,Galaxy,Coma Berenices,14.33,13:19:39.36,+30:15:23.6,0.95′ × 0.65′,0.01583333,General,,,,0,0,Work in progress
ngc-NGC5090,NGC 5090,Galaxy,Centaurus,11.28,13:21:12.82,-43:42:16.4,3.51′ × 2.76′,0.0585,General,,,,0,0,Work in progress
ngc-NGC5091,NGC 5091,Galaxy,Centaurus,13.35,13:21:17.72,-43:43:10.8,2.15′ × 1.33′,0.03583333,General,,,,0,0,Work in progress
ngc-NGC5092,NGC 5092,Galaxy,Coma Berenices,14.39,13:19:51.53,+22:59:59.6,1.01′ × 0.96′,0.01683333,General,,,,0,0,Work in progress
ngc-NGC5093,NGC 5093,Galaxy,Canes Venatici,14.54,13:19:37.81,+40:23:10.0,1.14′ × 0.53′,0.019,General,,,,0,0,Work in progress
ngc-NGC5094,NGC 5094,Galaxy,Virgo,14.41,13:20:46.85,-14:04:50.4,1.52′ × 1.13′,0.02533333,General,,,,0,0,Work in progress
ngc-NGC5095,NGC 5095,Galaxy,Virgo,14.53,13:20:36.87,-02:17:21.6,1.29′ × 0.41′,0.0215,General,,,,0,0,Work in progress
ngc-NGC5096,NGC 5096,Galaxy triplet,Canes Venatici,,13:20:08.70,+33:05:22.0,0.7′,0.01166667,General,,,,0,0,Work in progress
ngc-NGC5097,NGC 5097,Galaxy,Virgo,14.86,13:20:59.69,-12:28:16.5,0.54′ × 0.39′,0.009,General,,,,0,0,Work in progress
ngc-NGC5098,NGC 5098,Galaxy pair,Canes Venatici,,13:20:16.20,+33:08:39.0,1.6′,0.02666667,General,,,,0,0,Work in progress
ngc-NGC5099,NGC 5099,Galaxy,Virgo,15.34,13:21:19.57,-13:02:32.5,0.69′ × 0.59′,0.0115,General,,,,0,0,Work in progress
ngc-NGC5100,NGC 5100,Galaxy pair,Virgo,,13:20:58.60,+08:58:55.0,1.4′,0.02333333,General,,,,0,0,Work in progress
ngc-NGC5101,NGC 5101,Galaxy,Hydra,10.46,13:21:46.24,-27:25:49.9,5.9′ × 5.52′,0.09833333,General,,,,0,0,Work in progress
ngc-NGC5102,NGC 5102,Galaxy,Centaurus,9.88,13:21:57.61,-36:37:48.9,9.71′ × 3.71′,0.16183333,General,,,,0,0,Work in progress
ngc-NGC5103,NGC 5103,Galaxy,Canes Venatici,13.43,13:20:30.08,+43:05:02.3,1.59′ × 0.98′,0.0265,General,,,,0,0,Work in progress
ngc-NGC5104,NGC 5104,Galaxy,Virgo,14.28,13:21:23.09,+00:20:32.6,1.2′ × 0.46′,0.02,General,,,,0,0,Work in progress
ngc-NGC5105,NGC 5105,Galaxy,Virgo,11.81,13:21:49.09,-13:12:24.4,1.93′ × 1.37′,0.03216667,General,,,,0,0,Work in progress
ngc-NGC5106,NGC 5106,Galaxy,Virgo,14.89,13:20:59.59,+08:58:41.9,0.94′ × 0.67′,0.01566667,General,,,,0,0,Work in progress
ngc-NGC5107,NGC 5107,Galaxy,Canes Venatici,13.75,13:21:24.68,+38:32:15.4,1.71′ × 0.51′,0.0285,General,,,,0,0,Work in progress
ngc-NGC5108,NGC 5108,Galaxy,Centaurus,15.02,13:23:18.84,-32:20:31.6,1.32′ × 0.37′,0.022,General,,,,0,0,Work in progress
ngc-NGC5109,NGC 5109,Galaxy,Ursa Major,13.51,13:20:52.35,+57:38:41.1,1.6′ × 0.43′,0.02666667,General,,,,0,0,Work in progress
ngc-NGC5110,NGC 5110,Galaxy,Virgo,13.61,13:22:56.52,-12:57:53.3,2.63′ × 2.1′,0.04383333,General,,,,0,0,Work in progress
ngc-NGC5112,NGC 5112,Galaxy,Canes Venatici,12.17,13:21:56.40,+38:44:04.9,2.99′ × 1.83′,0.04983333,General,,,,0,0,Work in progress
ngc-NGC5114,NGC 5114,Galaxy,Centaurus,13.65,13:24:01.73,-32:20:38.2,1.81′ × 1.12′,0.03016667,General,,,,0,0,Work in progress
ngc-NGC5115,NGC 5115,Galaxy,Virgo,14.73,13:23:00.38,+13:57:02.4,1.14′ × 0.63′,0.019,General,,,,0,0,Work in progress
ngc-NGC5116,NGC 5116,Galaxy,Coma Berenices,13.41,13:22:55.61,+26:58:50.6,1.95′ × 0.67′,0.0325,General,,,,0,0,Work in progress
ngc-NGC5117,NGC 5117,Galaxy,Canes Venatici,14.4,13:22:56.48,+28:18:59.2,1.54′ × 0.76′,0.02566667,General,,,,0,0,Work in progress
ngc-NGC5118,NGC 5118,Galaxy,Virgo,14.38,13:23:27.45,+06:23:33.2,0.95′ × 0.82′,0.01583333,General,,,,0,0,Work in progress
ngc-NGC5119,NGC 5119,Galaxy,Virgo,14.29,13:24:00.32,-12:16:35.2,1.49′ × 0.41′,0.02483333,General,,,,0,0,Work in progress
ngc-NGC5120,NGC 5120,Open cluster,Centaurus,10.8,13:25:39.41,-63:27:30.0,,,WideField,,,,0,0,Work in progress
ngc-NGC5121,NGC 5121,Galaxy,Centaurus,11.62,13:24:45.61,-37:40:55.9,2.16′ × 1.67′,0.036,General,,,,0,0,Work in progress
ngc-NGC5122,NGC 5122,Galaxy,Virgo,13.94,13:24:14.94,-10:39:15.4,1.15′ × 1′,0.01916667,General,,,,0,0,Work in progress
ngc-NGC5123,NGC 5123,Galaxy,Canes Venatici,13.51,13:23:10.52,+43:05:10.5,1.18′ × 1.05′,0.01966667,General,,,,0,0,Work in progress
ngc-NGC5124,NGC 5124,Galaxy,Centaurus,12.08,13:24:50.43,-30:18:27.1,2.48′ × 0.8′,0.04133333,General,,,,0,0,Work in progress
ngc-NGC5125,NGC 5125,Galaxy,Virgo,13.53,13:24:00.71,+09:42:36.7,1.77′ × 1.37′,0.0295,General,,,,0,0,Work in progress
ngc-NGC5126,NGC 5126,Galaxy,Centaurus,14.2,13:24:53.60,-30:20:01.0,1.86′ × 0.64′,0.031,General,,,,0,0,Work in progress
ngc-NGC5127,NGC 5127,Galaxy,Canes Venatici,13.62,13:23:45.02,+31:33:56.7,2.18′ × 1.58′,0.03633333,General,,,,0,0,Work in progress
ngc-NGC5129,NGC 5129,Galaxy,Virgo,12.11,13:24:10.01,+13:58:35.5,1.65′ × 1.29′,0.0275,General,,,,0,0,Work in progress
ngc-NGC5130,NGC 5130,Galaxy,Virgo,14.25,13:24:27.16,-10:12:36.8,1.11′ × 0.82′,0.0185,General,,,,0,0,Work in progress
ngc-NGC5131,NGC 5131,Galaxy,Canes Venatici,14.22,13:23:56.94,+30:59:17.0,0.45′ × 0.39′,0.0075,General,,,,0,0,Work in progress
ngc-NGC5132,NGC 5132,Galaxy,Virgo,14.23,13:24:28.90,+14:05:33.3,1.31′ × 0.88′,0.02183333,General,,,,0,0,Work in progress
ngc-NGC5133,NGC 5133,Galaxy,Virgo,14.54,13:24:52.91,-04:04:55.2,1.1′ × 0.65′,0.01833333,General,,,,0,0,Work in progress
ngc-NGC5134,NGC 5134,Galaxy,Virgo,11.77,13:25:18.55,-21:08:03.0,2.7′ × 1.53′,0.045,General,,,,0,0,Work in progress
ngc-NGC5135,NGC 5135,Galaxy,Hydra,12.59,13:25:44.06,-29:50:01.2,2.4′ × 2.2′,0.04,General,,,,0,0,Work in progress
ngc-NGC5136,NGC 5136,Galaxy,Virgo,14.46,13:24:51.41,+13:44:16.3,1.31′ × 1.17′,0.02183333,General,,,,0,0,Work in progress
ngc-NGC5137,NGC 5137,Galaxy,Virgo,15.55,13:24:52.50,+14:04:37.9,0.77′ × 0.55′,0.01283333,General,,,,0,0,Work in progress
ngc-NGC5138,NGC 5138,Open cluster,Centaurus,5.33,13:27:15.21,-59:02:27.4,4.2′,0.07,WideField,,,,0,0,Work in progress
ngc-NGC5140,NGC 5140,Galaxy,Centaurus,12.97,13:26:21.73,-33:52:06.5,2.36′ × 1.98′,0.03933333,General,,,,0,0,Work in progress
ngc-NGC5141,NGC 5141,Galaxy,Canes Venatici,12.8,13:24:51.44,+36:22:42.7,1.59′ × 1.1′,0.0265,General,,,,0,0,Work in progress
ngc-NGC5142,NGC 5142,Galaxy,Canes Venatici,13.25,13:25:01.11,+36:23:58.2,1.18′ × 1.04′,0.01966667,General,,,,0,0,Work in progress
ngc-NGC5143,NGC 5143,Galaxy,Canes Venatici,15.91,13:25:01.28,+36:26:13.8,0.53′ × 0.34′,0.00883333,General,,,,0,0,Work in progress
ngc-NGC5144,NGC 5144,Galaxy pair,Ursa Minor,,13:22:53.70,+70:30:44.0,1.1′,0.01833333,General,,,,0,0,Work in progress
ngc-NGC5145,NGC 5145,Galaxy,Canes Venatici,13.48,13:25:13.92,+43:16:02.2,1.97′ × 1.45′,0.03283333,General,,,,0,0,Work in progress
ngc-NGC5146,NGC 5146,Galaxy,Virgo,14.09,13:26:37.49,-12:19:26.3,2.16′ × 1.39′,0.036,General,,,,0,0,Work in progress
ngc-NGC5147,NGC 5147,Galaxy,Virgo,12.13,13:26:19.73,+02:06:03.1,1.47′ × 1.36′,0.0245,General,,,,0,0,Work in progress
ngc-NGC5148,NGC 5148,Galaxy,Virgo,15.37,13:26:38.78,+02:18:49.4,0.66′ × 0.6′,0.011,General,,,,0,0,Work in progress
ngc-NGC5149,NGC 5149,Galaxy,Canes Venatici,13.73,13:26:09.15,+35:56:03.9,1.62′ × 0.95′,0.027,General,,,,0,0,Work in progress
ngc-NGC5150,NGC 5150,Galaxy,Hydra,12.6,13:27:36.54,-29:33:44.1,1.4′ × 1.03′,0.02333333,General,,,,0,0,Work in progress
ngc-NGC5151,NGC 5151,Galaxy,Coma Berenices,14.62,13:26:40.84,+16:52:25.7,0.91′ × 0.82′,0.01516667,General,,,,0,0,Work in progress
ngc-NGC5152,NGC 5152,Galaxy,Hydra,13.57,13:27:51.12,-29:37:07.0,2.03′ × 1.04′,0.03383333,General,,,,0,0,Work in progress
ngc-NGC5153,NGC 5153,Galaxy,Hydra,11.92,13:27:54.33,-29:37:04.9,2.44′ × 1.89′,0.04066667,General,,,,0,0,Work in progress
ngc-NGC5154,NGC 5154,Galaxy,Canes Venatici,14.73,13:26:28.54,+36:00:37.0,1.35′ × 1.26′,0.0225,General,,,,0,0,Work in progress
ngc-NGC5155,NGC 5155,Asterism,Centaurus,,13:28:35.09,-63:30:31.3,6.3′,0.105,WideField,,,,0,0,Work in progress
ngc-NGC5156,NGC 5156,Galaxy,Centaurus,11.86,13:28:44.09,-48:55:00.5,2.54′ × 2.08′,0.04233333,General,,,,0,0,Work in progress
ngc-NGC5157,NGC 5157,Galaxy,Canes Venatici,14.13,13:27:16.85,+32:01:50.6,1.32′ × 1.11′,0.022,General,,,,0,0,Work in progress
ngc-NGC5158,NGC 5158,Galaxy,Coma Berenices,13.78,13:27:46.97,+17:46:43.8,0.98′ × 0.93′,0.01633333,General,,,,0,0,Work in progress
ngc-NGC5159,NGC 5159,Galaxy,Virgo,15.09,13:28:16.17,+02:58:57.6,1.24′ × 0.35′,0.02066667,General,,,,0,0,Work in progress
ngc-NGC5160,NGC 5160,Optical double,Virgo,,13:28:21.60,+05:59:45.2,,,HighMagnification,,,,0,0,Work in progress
ngc-NGC5161,NGC 5161,Galaxy,Centaurus,11.52,13:29:13.91,-33:10:25.8,5.36′ × 1.62′,0.08933333,General,,,,0,0,Work in progress
ngc-NGC5162,NGC 5162,Galaxy,Virgo,13.63,13:29:25.93,+11:00:28.4,2.96′ × 1.6′,0.04933333,General,,,,0,0,Work in progress
ngc-NGC5163,NGC 5163,Galaxy,Ursa Major,14.79,13:26:54.26,+52:45:12.7,1.13′ × 0.72′,0.01883333,General,,,,0,0,Work in progress
ngc-NGC5164,NGC 5164,Galaxy,Ursa Major,14.5,13:27:11.90,+55:29:13.8,0.99′ × 0.9′,0.0165,General,,,,0,0,Work in progress
ngc-NGC5165,NGC 5165,Galaxy,Virgo,14.55,13:28:39.18,+11:23:13.4,1.64′ × 0.91′,0.02733333,General,,,,0,0,Work in progress
ngc-NGC5166,NGC 5166,Galaxy,Canes Venatici,14.31,13:28:15.04,+32:01:56.6,2.13′ × 0.37′,0.0355,General,,,,0,0,Work in progress
ngc-NGC5167,NGC 5167,Galaxy,Virgo,14.63,13:28:40.23,+12:42:40.3,1′ × 0.96′,0.01666667,General,,,,0,0,Work in progress
ngc-NGC5168,NGC 5168,Open cluster,Centaurus,9.1,13:31:05.25,-60:56:21.2,4.2′,0.07,WideField,,,,0,0,Work in progress
ngc-NGC5169,NGC 5169,Galaxy,Canes Venatici,14.56,13:28:10.05,+46:40:19.7,1.51′ × 0.6′,0.02516667,General,,,,0,0,Work in progress
ngc-NGC5170,NGC 5170,Galaxy,Virgo,11.23,13:29:48.79,-17:57:59.1,7.96′ × 1.41′,0.13266667,General,,,,0,0,Work in progress
ngc-NGC5171,NGC 5171,Galaxy,Virgo,12.8,13:29:21.56,+11:44:06.4,1.07′ × 0.78′,0.01783333,General,,,,0,0,Work in progress
ngc-NGC5172,NGC 5172,Galaxy,Coma Berenices,11.96,13:29:19.31,+17:03:06.9,2.38′ × 1.34′,0.03966667,General,,,,0,0,Work in progress
ngc-NGC5173,NGC 5173,Galaxy,Canes Venatici,13.38,13:28:25.27,+46:35:29.9,1.1′ × 1.04′,0.01833333,General,,,,0,0,Work in progress
ngc-NGC5175,NGC 5175,Star,Virgo,,13:29:26.27,+10:59:42.5,,,HighMagnification,,,,0,0,Work in progress
ngc-NGC5176,NGC 5176,Galaxy,Virgo,15.43,13:29:24.96,+11:46:53.3,0.38′ × 0.38′,0.00633333,General,,,,0,0,Work in progress
ngc-NGC5177,NGC 5177,Galaxy,Virgo,15.33,13:29:24.26,+11:47:49.3,0.86′ × 0.23′,0.01433333,General,,,,0,0,Work in progress
ngc-NGC5178,NGC 5178,Galaxy,Virgo,14.82,13:29:29.31,+11:37:29.2,1.03′ × 0.66′,0.01716667,General,,,,0,0,Work in progress
ngc-NGC5179,NGC 5179,Galaxy,Virgo,14.74,13:29:30.88,+11:44:45.0,1.1′ × 0.73′,0.01833333,General,,,,0,0,Work in progress
ngc-NGC5180,NGC 5180,Galaxy,Coma Berenices,13,13:29:26.96,+16:49:33.0,1.25′ × 0.89′,0.02083333,General,,,,0,0,Work in progress
ngc-NGC5181,NGC 5181,Galaxy,Virgo,14.54,13:29:42.00,+13:18:14.8,1.04′ × 0.9′,0.01733333,General,,,,0,0,Work in progress
ngc-NGC5182,NGC 5182,Galaxy,Hydra,12.56,13:30:41.11,-28:09:01.1,2.06′ × 1.6′,0.03433333,General,,,,0,0,Work in progress
ngc-NGC5183,NGC 5183,Galaxy,Virgo,13.66,13:30:06.15,-01:43:14.1,1.72′ × 0.6′,0.02866667,General,,,,0,0,Work in progress
ngc-NGC5184,NGC 5184,Galaxy,Virgo,13.51,13:30:11.49,-01:39:47.3,1.57′ × 0.94′,0.02616667,General,,,,0,0,Work in progress
ngc-NGC5185,NGC 5185,Galaxy,Virgo,14.47,13:30:02.25,+13:24:57.8,2′ × 0.74′,0.03333333,General,,,,0,0,Work in progress
ngc-NGC5186,NGC 5186,Galaxy,Virgo,15.65,13:30:03.90,+12:10:30.7,0.73′ × 0.49′,0.01216667,General,,,,0,0,Work in progress
ngc-NGC5187,NGC 5187,Galaxy,Canes Venatici,14.55,13:29:48.19,+31:07:48.5,0.81′ × 0.54′,0.0135,General,,,,0,0,Work in progress
ngc-NGC5188,NGC 5188,Galaxy,Centaurus,12.04,13:31:28.28,-34:47:39.9,3.41′ × 2.41′,0.05683333,General,,,,0,0,Work in progress
ngc-NGC5189,NGC 5189,Planetary nebula,Musca,10.3,13:33:32.91,-65:58:26.6,2.33′,0.03883333,HighMagnification,,,,0,0,Work in progress
ngc-NGC5190,NGC 5190,Galaxy,Coma Berenices,13.14,13:30:38.55,+18:08:04.6,0.97′ × 0.76′,0.01616667,General,,,,0,0,Work in progress
ngc-NGC5191,NGC 5191,Galaxy,Virgo,14.76,13:30:47.36,+11:12:02.7,1.03′ × 0.67′,0.01716667,General,,,,0,0,Work in progress
ngc-NGC5192,NGC 5192,Galaxy,Virgo,15.27,13:30:51.68,-01:46:43.3,0.61′ × 0.3′,0.01016667,General,,,,0,0,Work in progress
ngc-NGC5193,NGC 5193,Galaxy,Centaurus,11.73,13:31:53.53,-33:14:03.2,2.07′ × 1.89′,0.0345,General,,,,0,0,Work in progress
ngc-NGC5196,NGC 5196,Galaxy,Virgo,15.19,13:31:19.66,-01:36:54.2,0.87′ × 0.8′,0.0145,General,,,,0,0,Work in progress
ngc-NGC5197,NGC 5197,Galaxy,Virgo,15.81,13:31:25.13,-01:41:35.0,0.86′ × 0.19′,0.01433333,General,,,,0,0,Work in progress
ngc-NGC5198,NGC 5198,Galaxy,Canes Venatici,11.78,13:30:11.40,+46:40:14.8,2.03′ × 1.68′,0.03383333,General,,,,0,0,Work in progress
ngc-NGC5199,NGC 5199,Galaxy,Canes Venatici,14.8,13:30:42.76,+34:49:50.4,1.27′ × 0.91′,0.02116667,General,,,,0,0,Work in progress
ngc-NGC5200,NGC 5200,Optical double,Virgo,,13:31:42.46,-00:01:48.6,,,HighMagnification,,,,0,0,Work in progress
ngc-NGC5201,NGC 5201,Galaxy,Ursa Major,14.19,13:29:16.21,+53:04:55.1,1.58′ × 0.99′,0.02633333,General,,,,0,0,Work in progress
ngc-NGC5202,NGC 5202,Galaxy,Virgo,15.52,13:32:00.51,-01:41:55.6,0.67′ × 0.29′,0.01116667,General,,,,0,0,Work in progress
ngc-NGC5203,NGC 5203,Galaxy,Virgo,14.24,13:32:13.40,-08:47:10.4,1.66′ × 1.05′,0.02766667,General,,,,0,0,Work in progress
ngc-NGC5204,NGC 5204,Galaxy,Ursa Major,11.32,13:29:36.51,+58:25:07.4,4.5′ × 2.82′,0.075,General,,,,0,0,Work in progress
ngc-NGC5205,NGC 5205,Galaxy,Ursa Major,12.77,13:30:03.58,+62:30:41.7,1.58′ × 0.94′,0.02633333,General,,,,0,0,Work in progress
ngc-NGC5206,NGC 5206,Galaxy,Centaurus,10.49,13:33:43.98,-48:09:04.2,4.26′ × 2.81′,0.071,General,,,,0,0,Work in progress
ngc-NGC5207,NGC 5207,Galaxy,Virgo,14.37,13:32:13.99,+13:53:32.6,1.75′ × 0.88′,0.02916667,General,,,,0,0,Work in progress
ngc-NGC5208,NGC 5208,Galaxy,Virgo,14.21,13:32:27.93,+07:18:59.2,1.69′ × 0.6′,0.02816667,General,,,,0,0,Work in progress
ngc-NGC5209,NGC 5209,Galaxy,Virgo,14.65,13:32:42.54,+07:19:38.1,1.25′ × 0.88′,0.02083333,General,,,,0,0,Work in progress
ngc-NGC5210,NGC 5210,Galaxy,Virgo,14.15,13:32:49.25,+07:10:12.3,1.51′ × 1.25′,0.02516667,General,,,,0,0,Work in progress
ngc-NGC5211,NGC 5211,Galaxy,Virgo,13.1,13:33:05.34,-01:02:08.9,2′ × 1.55′,0.03333333,General,,,,0,0,Work in progress
ngc-NGC5212,NGC 5212,Galaxy,Virgo,15.95,13:32:56.05,+07:17:15.9,0.51′ × 0.47′,0.0085,General,,,,0,0,Work in progress
ngc-NGC5213,NGC 5213,Galaxy pair,Virgo,14.9,13:34:39.40,+04:08:00.0,0.93′ × 0.71′,0.0155,General,,,,0,0,Work in progress
ngc-NGC5214,NGC 5214,Galaxy,Canes Venatici,13.67,13:32:48.70,+41:52:18.6,1.04′ × 0.83′,0.01733333,General,,,,0,0,Work in progress
ngc-NGC5215,NGC 5215,Galaxy pair,Centaurus,,13:35:08.20,-33:29:02.0,2.2′,0.03666667,General,,,,0,0,Work in progress
ngc-NGC5216,NGC 5216,Galaxy,Ursa Major,16.14,13:32:06.89,+62:42:02.5,1.69′ × 1.1′,0.02816667,General,,,,0,0,Work in progress
ngc-NGC5217,NGC 5217,Galaxy,Coma Berenices,13.87,13:34:05.93,+17:51:24.7,1.56′ × 0.53′,0.026,General,,,,0,0,Work in progress
ngc-NGC5218,NGC 5218,Galaxy,Ursa Major,12.32,13:32:10.38,+62:46:03.9,1.84′ × 1.21′,0.03066667,General,,,,0,0,Work in progress
ngc-NGC5244,NGC 5244,Galaxy,Centaurus,13.3,13:38:41.70,-45:51:21.5,2.22′ × 1.49′,0.037,General,,,,0,0,Work in progress
ngc-NGC5220,NGC 5220,Galaxy,Centaurus,13.54,13:35:56.67,-33:27:13.7,2.62′ × 1.21′,0.04366667,General,,,,0,0,Work in progress
ngc-NGC5221,NGC 5221,Galaxy,Virgo,14.44,13:34:55.90,+13:49:57.0,1.56′ × 0.77′,0.026,General,,,,0,0,Work in progress
ngc-NGC5222,NGC 5222,Galaxy pair,Virgo,,13:34:56.70,+13:44:36.0,1.2′,0.02,General,,,,0,0,Work in progress
ngc-NGC5223,NGC 5223,Galaxy,Canes Venatici,14.29,13:34:25.22,+34:41:25.6,2.14′ × 1.42′,0.03566667,General,,,,0,0,Work in progress
ngc-NGC5224,NGC 5224,Galaxy,Virgo,15.01,13:35:08.86,+06:28:52.0,0.87′ × 0.76′,0.0145,General,,,,0,0,Work in progress
ngc-NGC5225,NGC 5225,Galaxy,Canes Venatici,14.37,13:33:20.16,+51:29:25.2,0.73′ × 0.73′,0.01216667,General,,,,0,0,Work in progress
ngc-NGC5226,NGC 5226,Galaxy,Virgo,16.4,13:35:03.62,+13:55:19.8,0.5′ × 0.26′,0.00833333,General,,,,0,0,Work in progress
ngc-NGC5227,NGC 5227,Galaxy,Virgo,13.21,13:35:24.56,+01:24:38.1,1.51′ × 1.29′,0.02516667,General,,,,0,0,Work in progress
ngc-NGC5228,NGC 5228,Galaxy,Canes Venatici,14.3,13:34:35.06,+34:46:40.1,1.15′ × 0.98′,0.01916667,General,,,,0,0,Work in progress
ngc-NGC5229,NGC 5229,Galaxy,Canes Venatici,13.85,13:34:02.83,+47:54:55.6,2.28′ × 0.63′,0.038,General,,,,0,0,Work in progress
ngc-NGC5230,NGC 5230,Galaxy,Virgo,13.19,13:35:31.88,+13:40:34.2,1.55′ × 1.48′,0.02583333,General,,,,0,0,Work in progress
ngc-NGC5231,NGC 5231,Galaxy,Virgo,16.15,13:35:48.25,+02:59:56.1,1.15′ × 0.76′,0.01916667,General,,,,0,0,Work in progress
ngc-NGC5232,NGC 5232,Galaxy,Virgo,13.44,13:36:08.26,-08:29:51.8,1.72′ × 1.34′,0.02866667,General,,,,0,0,Work in progress
ngc-NGC5233,NGC 5233,Galaxy,Canes Venatici,14.53,13:35:13.34,+34:40:38.8,1.46′ × 0.76′,0.02433333,General,,,,0,0,Work in progress
ngc-NGC5234,NGC 5234,Galaxy,Centaurus,13.98,13:37:29.94,-49:50:12.9,1.51′ × 0.87′,0.02516667,General,,,,0,0,Work in progress
ngc-NGC5235,NGC 5235,Galaxy,Virgo,15.06,13:36:01.41,+06:35:07.3,1.31′ × 0.57′,0.02183333,General,,,,0,0,Work in progress
ngc-NGC5237,NGC 5237,Galaxy,Centaurus,12.49,13:37:39.05,-42:50:49.1,2.34′ × 1.57′,0.039,General,,,,0,0,Work in progress
ngc-NGC5238,NGC 5238,Galaxy,Canes Venatici,13.4,13:34:42.51,+51:36:49.2,1.75′ × 1.44′,0.02916667,General,,,,0,0,Work in progress
ngc-NGC5239,NGC 5239,Galaxy,Bootes,14.47,13:36:26.20,+07:22:10.5,1.8′ × 1.75′,0.03,General,,,,0,0,Work in progress
ngc-NGC5240,NGC 5240,Galaxy,Canes Venatici,13.88,13:35:55.20,+35:35:17.7,1.83′ × 1.26′,0.0305,General,,,,0,0,Work in progress
ngc-NGC5241,NGC 5241,Galaxy,Virgo,13.81,13:36:39.87,-08:24:06.8,1.05′ × 0.46′,0.0175,General,,,,0,0,Work in progress
ngc-NGC5242,NGC 5242,Unclassified object,Virgo,,13:37:07.39,+02:46:14.1,,,General,,,,0,0,Work in progress
ngc-NGC5243,NGC 5243,Galaxy,Canes Venatici,14.05,13:36:14.95,+38:20:38.1,1.01′ × 0.45′,0.01683333,General,,,,0,0,Work in progress
ngc-NGC5245,NGC 5245,Galaxy,Virgo,15.17,13:37:23.23,+03:53:50.7,0.56′ × 0.21′,0.00933333,General,,,,0,0,Work in progress
ngc-NGC5246,NGC 5246,Galaxy,Virgo,14.67,13:37:29.37,+04:06:16.0,0.85′ × 0.65′,0.01416667,General,,,,0,0,Work in progress
ngc-NGC5247,NGC 5247,Galaxy,Virgo,10.41,13:38:03.04,-17:53:02.5,5.32′ × 4.26′,0.08866667,General,,,,0,0,Work in progress
ngc-NGC5249,NGC 5249,Galaxy,Bootes,13.97,13:37:37.50,+15:58:20.0,1.49′ × 0.93′,0.02483333,General,,,,0,0,Work in progress
ngc-NGC5250,NGC 5250,Galaxy,Ursa Major,13.88,13:36:07.33,+51:14:08.9,0.93′ × 0.85′,0.0155,General,,,,0,0,Work in progress
ngc-NGC5251,NGC 5251,Galaxy,Bootes,14.63,13:37:24.83,+27:25:09.2,0.9′ × 0.76′,0.015,General,,,,0,0,Work in progress
ngc-NGC5252,NGC 5252,Galaxy,Virgo,14.21,13:38:15.96,+04:32:33.3,1.29′ × 0.75′,0.0215,General,,,,0,0,Work in progress
ngc-NGC5253,NGC 5253,Galaxy,Centaurus,10.28,13:39:55.96,-31:38:24.4,5.01′ × 2.12′,0.0835,General,,,,0,0,Work in progress
ngc-NGC5254,NGC 5254,Galaxy,Virgo,12.16,13:39:37.91,-11:29:37.9,3.35′ × 1.44′,0.05583333,General,,,,0,0,Work in progress
ngc-NGC5255,NGC 5255,Galaxy,Ursa Major,15.09,13:37:18.12,+57:06:32.2,1.41′ × 0.4′,0.0235,General,,,,0,0,Work in progress
ngc-NGC5256,NGC 5256,Galaxy pair,Ursa Major,13.42,13:38:17.50,+48:16:37.0,0.95′ × 0.83′,0.01583333,General,,,,0,0,Work in progress
ngc-NGC5257,NGC 5257,Galaxy,Virgo,13.04,13:39:52.91,+00:50:24.0,1.48′ × 0.77′,0.02466667,General,,,,0,0,Work in progress
ngc-NGC5258,NGC 5258,Galaxy,Virgo,13.04,13:39:57.69,+00:49:51.4,1.48′ × 1.24′,0.02466667,General,,,,0,0,Work in progress
ngc-NGC5259,NGC 5259,Galaxy pair,Canes Venatici,,13:39:23.90,+30:59:29.0,1′,0.01666667,General,,,,0,0,Work in progress
ngc-NGC5260,NGC 5260,Galaxy,Hydra,13.57,13:40:19.90,-23:51:29.1,1.64′ × 1.6′,0.02733333,General,,,,0,0,Work in progress
ngc-NGC5261,NGC 5261,Galaxy,Virgo,15.16,13:40:16.09,+05:04:34.7,0.86′ × 0.45′,0.01433333,General,,,,0,0,Work in progress
ngc-NGC5262,NGC 5262,Galaxy,Ursa Minor,13.65,13:35:38.58,+75:02:21.9,1.22′ × 0.69′,0.02033333,General,,,,0,0,Work in progress
ngc-NGC5263,NGC 5263,Galaxy,Canes Venatici,14.11,13:39:55.64,+28:24:02.1,1.14′ × 0.39′,0.019,General,,,,0,0,Work in progress
ngc-NGC5264,NGC 5264,Galaxy,Hydra,11.98,13:41:36.68,-29:54:47.1,2.97′ × 2.2′,0.0495,General,,,,0,0,Work in progress
ngc-NGC5265,NGC 5265,Galaxy,Canes Venatici,14.69,13:40:09.11,+36:51:39.9,0.95′ × 0.85′,0.01583333,General,,,,0,0,Work in progress
ngc-NGC5266,NGC 5266,Galaxy,Centaurus,10.77,13:43:02.11,-48:10:09.9,2.92′ × 2.09′,0.04866667,General,,,,0,0,Work in progress
ngc-NGC5267,NGC 5267,Galaxy,Canes Venatici,14.13,13:40:39.96,+38:47:38.7,1.53′ × 0.55′,0.0255,General,,,,0,0,Work in progress
ngc-NGC5268,NGC 5268,Star,Virgo,11.33,13:42:12.59,-13:51:34.4,,,HighMagnification,,,,0,0,Work in progress
ngc-NGC5269,NGC 5269,Open cluster,Centaurus,,13:44:44.20,-62:54:45.0,4.8′,0.08,WideField,,,,0,0,Work in progress
ngc-NGC5270,NGC 5270,Galaxy,Virgo,14.7,13:42:10.88,+04:15:45.3,1′ × 0.76′,0.01666667,General,,,,0,0,Work in progress
ngc-NGC5271,NGC 5271,Galaxy,Canes Venatici,15.11,13:41:42.41,+30:07:31.6,0.84′ × 0.67′,0.014,General,,,,0,0,Work in progress
ngc-NGC5273,NGC 5273,Galaxy,Canes Venatici,12.16,13:42:08.34,+35:39:15.2,2.31′ × 1.52′,0.0385,General,,,,0,0,Work in progress
ngc-NGC5274,NGC 5274,Galaxy,Canes Venatici,15.37,13:42:23.31,+29:50:52.2,0.6′ × 0.54′,0.01,General,,,,0,0,Work in progress
ngc-NGC5275,NGC 5275,Galaxy,Canes Venatici,14.2,13:42:23.56,+29:49:29.6,0.88′ × 0.67′,0.01466667,General,,,,0,0,Work in progress
ngc-NGC5276,NGC 5276,Galaxy,Canes Venatici,14.72,13:42:22.00,+35:37:26.9,0.86′ × 0.6′,0.01433333,General,,,,0,0,Work in progress
ngc-NGC5277,NGC 5277,Galaxy,Canes Venatici,15.48,13:42:38.38,+29:57:15.9,0.58′ × 0.45′,0.00966667,General,,,,0,0,Work in progress
ngc-NGC5278,NGC 5278,Galaxy,Ursa Major,13.58,13:41:39.62,+55:40:14.3,0.76′ × 0.6′,0.01266667,General,,,,0,0,Work in progress
ngc-NGC5279,NGC 5279,Galaxy,Ursa Major,13.6,13:41:43.75,+55:40:25.7,0.61′ × 0.35′,0.01016667,General,,,,0,0,Work in progress
ngc-NGC5280,NGC 5280,Galaxy,Canes Venatici,13.63,13:42:55.54,+29:52:07.0,0.84′ × 0.81′,0.014,General,,,,0,0,Work in progress
ngc-NGC5281,NGC 5281,Open cluster,Centaurus,5.9,13:46:35.15,-62:54:59.5,6.9′,0.115,WideField,,,,0,0,Work in progress
ngc-NGC5282,NGC 5282,Galaxy,Canes Venatici,14.95,13:43:24.88,+30:04:10.3,0.66′ × 0.62′,0.011,General,,,,0,0,Work in progress
ngc-NGC5283,NGC 5283,Galaxy,Draco,14.05,13:41:05.76,+67:40:20.3,1.19′ × 1.03′,0.01983333,General,,,,0,0,Work in progress
ngc-NGC5284,NGC 5284,Asterism,Centaurus,,13:47:23.30,-59:08:57.8,8.4′,0.14,WideField,,,,0,0,Work in progress
ngc-NGC5285,NGC 5285,Galaxy,Virgo,15.47,13:44:25.79,+02:06:35.7,0.77′ × 0.64′,0.01283333,General,,,,0,0,Work in progress
ngc-NGC5287,NGC 5287,Galaxy,Canes Venatici,15.42,13:44:52.54,+29:46:15.3,0.68′ × 0.45′,0.01133333,General,,,,0,0,Work in progress
ngc-NGC5288,NGC 5288,Open cluster,Circinus,11.8,13:48:44.94,-64:41:07.4,3.6′,0.06,WideField,,,,0,0,Work in progress
ngc-NGC5289,NGC 5289,Galaxy,Canes Venatici,12.97,13:45:08.71,+41:30:12.2,2.33′ × 0.7′,0.03883333,General,,,,0,0,Work in progress
ngc-NGC5290,NGC 5290,Galaxy,Canes Venatici,16.5,13:45:19.18,+41:42:45.3,3.24′ × 0.9′,0.054,General,,,,0,0,Work in progress
ngc-NGC5291,NGC 5291,Galaxy,Centaurus,14,13:47:24.48,-30:24:25.2,1.77′ × 1.24′,0.0295,General,,,,0,0,Work in progress
ngc-NGC5292,NGC 5292,Galaxy,Centaurus,11.92,13:47:40.07,-30:56:22.3,2.29′ × 1.33′,0.03816667,General,,,,0,0,Work in progress
ngc-NGC5293,NGC 5293,Galaxy,Bootes,13.1,13:46:52.68,+16:16:22.3,1.58′ × 1.07′,0.02633333,General,,,,0,0,Work in progress
ngc-NGC5294,NGC 5294,Galaxy,Ursa Major,15.12,13:45:18.13,+55:17:27.0,1.26′ × 0.65′,0.021,General,,,,0,0,Work in progress
ngc-NGC5295,NGC 5295,Galaxy,Camelopardalis,14.59,13:38:39.39,+79:27:32.0,0.63′ × 0.62′,0.0105,General,,,,0,0,Work in progress
ngc-NGC5296,NGC 5296,Galaxy,Canes Venatici,13.81,13:46:18.66,+43:51:04.9,0.95′ × 0.55′,0.01583333,General,,,,0,0,Work in progress
ngc-NGC5297,NGC 5297,Galaxy,Canes Venatici,11.76,13:46:23.67,+43:52:20.4,3.72′ × 0.91′,0.062,General,,,,0,0,Work in progress
ngc-NGC5298,NGC 5298,Galaxy,Centaurus,13.09,13:48:36.49,-30:25:42.7,1.86′ × 0.87′,0.031,General,,,,0,0,Work in progress
ngc-NGC5299,NGC 5299,Open cluster,Centaurus,,13:50:26.26,-59:56:51.8,4.2′,0.07,WideField,,,,0,0,Work in progress
ngc-NGC5300,NGC 5300,Galaxy,Virgo,13.17,13:48:16.04,+03:57:03.1,2.83′ × 1.84′,0.04716667,General,,,,0,0,Work in progress
ngc-NGC5301,NGC 5301,Galaxy,Canes Venatici,12.63,13:46:24.67,+46:06:25.4,3.96′ × 0.84′,0.066,General,,,,0,0,Work in progress
ngc-NGC5302,NGC 5302,Galaxy,Centaurus,12.43,13:48:49.68,-30:30:40.0,1.05′ × 0.59′,0.0175,General,,,,0,0,Work in progress
ngc-NGC5303,NGC 5303,Galaxy,Canes Venatici,12.86,13:47:44.99,+38:18:16.7,0.86′ × 0.44′,0.01433333,General,,,,0,0,Work in progress
ngc-NGC5304,NGC 5304,Galaxy,Centaurus,13.56,13:50:01.48,-30:34:42.5,1.91′ × 1.39′,0.03183333,General,,,,0,0,Work in progress
ngc-NGC5305,NGC 5305,Galaxy,Canes Venatici,14.45,13:47:55.74,+37:49:34.8,1.46′ × 1.02′,0.02433333,General,,,,0,0,Work in progress
ngc-NGC5306,NGC 5306,Galaxy,Virgo,13.1,13:49:11.40,-07:13:27.8,1.94′ × 1.24′,0.03233333,General,,,,0,0,Work in progress
ngc-NGC5307,NGC 5307,Planetary nebula,Centaurus,11.2,13:51:03.30,-51:12:20.8,0.21′,0.0035,HighMagnification,,,,0,0,Work in progress
ngc-NGC5308,NGC 5308,Galaxy,Ursa Major,11.32,13:47:00.43,+60:58:23.4,4.33′ × 0.57′,0.07216667,General,,,,0,0,Work in progress
ngc-NGC5309,NGC 5309,Galaxy,Virgo,15.71,13:50:10.76,-15:37:06.3,0.63′ × 0.56′,0.0105,General,,,,0,0,Work in progress
ngc-NGC5310,NGC 5310,Star,Virgo,14.07,13:49:47.74,+00:04:09.1,,,HighMagnification,,,,0,0,Work in progress
ngc-NGC5311,NGC 5311,Galaxy,Canes Venatici,13.3,13:48:56.08,+39:59:06.4,2.01′ × 1.66′,0.0335,General,,,,0,0,Work in progress
ngc-NGC5312,NGC 5312,Galaxy,Canes Venatici,14.62,13:49:50.57,+33:37:18.3,1.09′ × 0.57′,0.01816667,General,,,,0,0,Work in progress
ngc-NGC5313,NGC 5313,Galaxy,Canes Venatici,12.09,13:49:44.34,+39:59:05.2,1.81′ × 1.05′,0.03016667,General,,,,0,0,Work in progress
ngc-NGC5314,NGC 5314,Galaxy,Ursa Minor,14.52,13:46:11.40,+70:20:22.4,0.95′ × 0.49′,0.01583333,General,,,,0,0,Work in progress
ngc-NGC5315,NGC 5315,Planetary nebula,Circinus,9.8,13:53:56.89,-66:30:51.0,0.1′,0.00166667,HighMagnification,,,,0,0,Work in progress
ngc-NGC5316,NGC 5316,Open cluster,Centaurus,6,13:53:57.22,-61:52:08.8,9.9′,0.165,WideField,,,,0,0,Work in progress
ngc-NGC5364,NGC 5364,Galaxy,Virgo,10.52,13:56:12.00,+05:00:52.1,3.8′ × 1.66′,0.06333333,General,,,,0,0,Work in progress
ngc-NGC5318,NGC 5318,Galaxy,Canes Venatici,13.5,13:50:36.01,+33:42:17.6,1.51′ × 1.12′,0.02516667,General,,,,0,0,Work in progress
ngc-NGC5319,NGC 5319,Galaxy,Canes Venatici,16.64,13:50:40.66,+33:45:41.6,0.65′ × 0.27′,0.01083333,General,,,,0,0,Work in progress
ngc-NGC5320,NGC 5320,Galaxy,Canes Venatici,12.4,13:50:20.38,+41:21:58.4,1.82′ × 0.92′,0.03033333,General,,,,0,0,Work in progress
ngc-NGC5321,NGC 5321,Galaxy,Canes Venatici,15.02,13:50:43.69,+33:37:57.4,0.89′ × 0.63′,0.01483333,General,,,,0,0,Work in progress
ngc-NGC5322,NGC 5322,Galaxy,Ursa Major,10.14,13:49:15.27,+60:11:25.9,5.62′ × 3.49′,0.09366667,General,,,,0,0,Work in progress
ngc-NGC5323,NGC 5323,Galaxy,Ursa Minor,14.24,13:45:36.52,+76:49:42.0,1.05′ × 0.44′,0.0175,General,,,,0,0,Work in progress
ngc-NGC5324,NGC 5324,Galaxy,Virgo,12.18,13:52:05.89,-06:03:29.9,2.22′ × 1.09′,0.037,General,,,,0,0,Work in progress
ngc-NGC5325,NGC 5325,Galaxy,Canes Venatici,14.92,13:50:54.21,+38:16:29.2,0.86′ × 0.62′,0.01433333,General,,,,0,0,Work in progress
ngc-NGC5326,NGC 5326,Galaxy,Canes Venatici,11.87,13:50:50.70,+39:34:29.5,2.18′ × 1.03′,0.03633333,General,,,,0,0,Work in progress
ngc-NGC5327,NGC 5327,Galaxy,Virgo,13.82,13:52:04.17,-02:12:23.8,1.61′ × 0.95′,0.02683333,General,,,,0,0,Work in progress
ngc-NGC5328,NGC 5328,Galaxy,Hydra,11.71,13:52:53.31,-28:29:21.8,3.07′ × 1.71′,0.05116667,General,,,,0,0,Work in progress
ngc-NGC5329,NGC 5329,Galaxy,Virgo,12.46,13:52:10.09,+02:19:30.4,1.48′ × 0.71′,0.02466667,General,,,,0,0,Work in progress
ngc-NGC5330,NGC 5330,Galaxy,Hydra,13.57,13:52:59.19,-28:28:14.4,1.14′ × 0.93′,0.019,General,,,,0,0,Work in progress
ngc-NGC5331,NGC 5331,Galaxy pair,Virgo,,13:52:16.30,+02:06:10.9,1.1′,0.01833333,General,,,,0,0,Work in progress
ngc-NGC5332,NGC 5332,Galaxy,Bootes,12.95,13:52:07.92,+16:58:11.1,1.06′ × 0.77′,0.01766667,General,,,,0,0,Work in progress
ngc-NGC5333,NGC 5333,Galaxy,Centaurus,11.89,13:54:24.22,-48:30:45.1,2.18′ × 1.09′,0.03633333,General,,,,0,0,Work in progress
ngc-NGC5334,NGC 5334,Galaxy,Virgo,11.73,13:52:54.46,-01:06:52.7,3.38′ × 2.44′,0.05633333,General,,,,0,0,Work in progress
ngc-NGC5335,NGC 5335,Galaxy,Virgo,14.24,13:52:56.56,+02:48:51.4,1.45′ × 1.32′,0.02416667,General,,,,0,0,Work in progress
ngc-NGC5336,NGC 5336,Galaxy,Canes Venatici,13.64,13:52:09.80,+43:14:34.5,1.22′ × 0.92′,0.02033333,General,,,,0,0,Work in progress
ngc-NGC5337,NGC 5337,Galaxy,Canes Venatici,13.37,13:52:23.03,+39:41:14.1,1.66′ × 0.8′,0.02766667,General,,,,0,0,Work in progress
ngc-NGC5338,NGC 5338,Galaxy,Virgo,14.11,13:53:26.55,+05:12:28.0,1.94′ × 0.85′,0.03233333,General,,,,0,0,Work in progress
ngc-NGC5339,NGC 5339,Galaxy,Virgo,12.24,13:54:00.27,-07:55:50.4,1.82′ × 1.5′,0.03033333,General,,,,0,0,Work in progress
ngc-NGC5340,NGC 5340,Galaxy,Ursa Minor,15,13:48:59.91,+72:39:13.8,0.84′ × 0.64′,0.014,General,,,,0,0,Work in progress
ngc-NGC5341,NGC 5341,Galaxy,Canes Venatici,14.11,13:52:31.96,+37:49:02.7,1.07′ × 0.58′,0.01783333,General,,,,0,0,Work in progress
ngc-NGC5342,NGC 5342,Galaxy,Ursa Major,14.28,13:51:25.85,+59:51:50.2,0.92′ × 0.3′,0.01533333,General,,,,0,0,Work in progress
ngc-NGC5343,NGC 5343,Galaxy,Virgo,14.22,13:54:11.71,-07:35:17.3,1.23′ × 0.93′,0.0205,General,,,,0,0,Work in progress
ngc-NGC5344,NGC 5344,Galaxy pair,Ursa Minor,15.4,13:49:58.03,+73:57:10.4,0.54′ × 0.47′,0.009,General,,,,0,0,Work in progress
ngc-NGC5345,NGC 5345,Galaxy,Virgo,13.79,13:54:14.25,-01:26:11.3,1.5′ × 0.91′,0.025,General,,,,0,0,Work in progress
ngc-NGC5346,NGC 5346,Galaxy,Canes Venatici,14.71,13:53:01.89,+39:34:50.8,1.56′ × 0.64′,0.026,General,,,,0,0,Work in progress
ngc-NGC5347,NGC 5347,Galaxy,Canes Venatici,12.68,13:53:17.83,+33:29:27.0,1.62′ × 1.19′,0.027,General,,,,0,0,Work in progress
ngc-NGC5348,NGC 5348,Galaxy,Virgo,14.34,13:54:11.27,+05:13:38.8,3.88′ × 0.73′,0.06466667,General,,,,0,0,Work in progress
ngc-NGC5349,NGC 5349,Galaxy,Canes Venatici,14.96,13:53:13.13,+37:52:59.3,1.6′ × 0.48′,0.02666667,General,,,,0,0,Work in progress
ngc-NGC5350,NGC 5350,Galaxy,Canes Venatici,11.47,13:53:21.63,+40:21:50.2,2.69′ × 1.66′,0.04483333,General,,,,0,0,Work in progress
ngc-NGC5351,NGC 5351,Galaxy,Canes Venatici,12.15,13:53:27.71,+37:54:53.9,2.43′ × 1.31′,0.0405,General,,,,0,0,Work in progress
ngc-NGC5352,NGC 5352,Galaxy,Canes Venatici,14.08,13:53:38.43,+36:08:02.6,1.42′ × 1.24′,0.02366667,General,,,,0,0,Work in progress
ngc-NGC5353,NGC 5353,Galaxy,Canes Venatici,11.02,13:53:26.69,+40:16:58.9,2.37′ × 1.18′,0.0395,General,,,,0,0,Work in progress
ngc-NGC5354,NGC 5354,Galaxy,Canes Venatici,11.38,13:53:26.70,+40:18:09.9,3.03′ × 1.15′,0.0505,General,,,,0,0,Work in progress
ngc-NGC5355,NGC 5355,Galaxy,Canes Venatici,13.18,13:53:45.56,+40:20:19.2,1.15′ × 0.72′,0.01916667,General,,,,0,0,Work in progress
ngc-NGC5356,NGC 5356,Galaxy,Virgo,13.79,13:54:58.46,+05:20:01.4,2.83′ × 0.67′,0.04716667,General,,,,0,0,Work in progress
ngc-NGC5357,NGC 5357,Galaxy,Centaurus,12.01,13:55:59.55,-30:20:29.2,2.18′ × 1.87′,0.03633333,General,,,,0,0,Work in progress
ngc-NGC5358,NGC 5358,Galaxy,Canes Venatici,14.58,13:54:00.41,+40:16:38.3,1.12′ × 0.38′,0.01866667,General,,,,0,0,Work in progress
ngc-NGC5359,NGC 5359,Open cluster,Circinus,,14:00:09.57,-70:23:32.3,5.4′,0.09,WideField,,,,0,0,Work in progress
ngc-NGC5360,NGC 5360,Galaxy,Virgo,14.93,13:55:38.75,+04:59:06.2,1.1′ × 0.62′,0.01833333,General,,,,0,0,Work in progress
ngc-NGC5361,NGC 5361,Galaxy,Canes Venatici,14.77,13:54:35.23,+38:26:57.9,0.76′ × 0.42′,0.01266667,General,,,,0,0,Work in progress
ngc-NGC5362,NGC 5362,Galaxy,Canes Venatici,12.76,13:54:53.30,+41:18:48.7,1.89′ × 0.78′,0.0315,General,,,,0,0,Work in progress
ngc-NGC5363,NGC 5363,Galaxy,Virgo,10.21,13:56:07.21,+05:15:17.2,4.17′ × 2.75′,0.0695,General,,,,0,0,Work in progress
ngc-NGC5365,NGC 5365,Galaxy,Centaurus,11.32,13:57:50.64,-43:55:52.7,3.88′ × 2.14′,0.06466667,General,,,,0,0,Work in progress
ngc-NGC5366,NGC 5366,Galaxy,Virgo,14.46,13:56:24.86,-00:14:51.2,0.8′ × 0.57′,0.01333333,General,,,,0,0,Work in progress
ngc-NGC5367,NGC 5367,Reflection nebula,Centaurus,,13:57:43.87,-39:58:42.3,2′ × 2′,0.03333333,General,,,,0,0,Work in progress
ngc-NGC5368,NGC 5368,Galaxy,Ursa Major,13.86,13:54:29.16,+54:19:50.4,0.99′ × 0.75′,0.0165,General,,,,0,0,Work in progress
ngc-NGC5369,NGC 5369,Galaxy,Virgo,14.38,13:56:37.62,-05:28:11.6,1.08′ × 0.87′,0.018,General,,,,0,0,Work in progress
ngc-NGC5370,NGC 5370,Galaxy,Ursa Major,14.11,13:54:09.37,+60:40:41.0,1.37′ × 1.29′,0.02283333,General,,,,0,0,Work in progress
ngc-NGC5371,NGC 5371,Galaxy,Canes Venatici,11.69,13:55:39.94,+40:27:42.3,3.98′ × 2.45′,0.06633333,General,,,,0,0,Work in progress
ngc-NGC5372,NGC 5372,Galaxy,Ursa Major,13.37,13:54:45.99,+58:40:00.7,0.69′ × 0.37′,0.0115,General,,,,0,0,Work in progress
ngc-NGC5373,NGC 5373,Galaxy,Virgo,15.35,13:57:07.46,+05:15:06.8,0.6′ × 0.52′,0.01,General,,,,0,0,Work in progress
ngc-NGC5374,NGC 5374,Galaxy,Virgo,13.68,13:57:29.63,+06:05:49.2,1.62′ × 1.32′,0.027,General,,,,0,0,Work in progress
ngc-NGC5375,NGC 5375,Galaxy,Canes Venatici,12.08,13:56:56.00,+29:09:51.7,2.34′ × 1.73′,0.039,General,,,,0,0,Work in progress
ngc-NGC5376,NGC 5376,Galaxy,Ursa Major,12.33,13:55:16.07,+59:30:23.8,1.48′ × 0.92′,0.02466667,General,,,,0,0,Work in progress
ngc-NGC5377,NGC 5377,Galaxy,Canes Venatici,11.27,13:56:16.67,+47:14:08.5,3.64′ × 1.42′,0.06066667,General,,,,0,0,Work in progress
ngc-NGC5378,NGC 5378,Galaxy,Canes Venatici,13.63,13:56:51.02,+37:47:50.1,2.03′ × 1.57′,0.03383333,General,,,,0,0,Work in progress
ngc-NGC5379,NGC 5379,Galaxy,Ursa Major,13.42,13:55:34.32,+59:44:34.1,2.06′ × 0.72′,0.03433333,General,,,,0,0,Work in progress
ngc-NGC5380,NGC 5380,Galaxy,Canes Venatici,12.29,13:56:56.69,+37:36:37.4,2′ × 0.99′,0.03333333,General,,,,0,0,Work in progress
ngc-NGC5381,NGC 5381,Open cluster,Centaurus,,14:00:41.96,-59:35:12.5,6.3′,0.105,WideField,,,,0,0,Work in progress
ngc-NGC5382,NGC 5382,Galaxy,Virgo,12.6,13:58:14.89,+06:15:31.3,1.45′ × 1.08′,0.02416667,General,,,,0,0,Work in progress
ngc-NGC5383,NGC 5383,Galaxy,Canes Venatici,11.57,13:57:04.97,+41:50:46.5,2.48′ × 1.88′,0.04133333,General,,,,0,0,Work in progress
ngc-NGC5384,NGC 5384,Galaxy,Virgo,13.07,13:58:12.86,+06:31:05.5,1.8′ × 0.74′,0.03,General,,,,0,0,Work in progress
ngc-NGC5385,NGC 5385,Open cluster,Ursa Minor,,13:52:31.92,+76:09:46.0,,,WideField,,,,0,0,Work in progress
ngc-NGC5386,NGC 5386,Galaxy,Virgo,13.65,13:58:22.34,+06:20:20.8,0.98′ × 0.45′,0.01633333,General,,,,0,0,Work in progress
ngc-NGC5387,NGC 5387,Galaxy,Virgo,14.79,13:58:24.79,+06:04:16.6,1.17′ × 0.37′,0.0195,General,,,,0,0,Work in progress
ngc-NGC5388,NGC 5388,Unclassified object,Virgo,,13:58:57.97,-14:09:03.2,,,General,,,,0,0,Work in progress
ngc-NGC5389,NGC 5389,Galaxy,Ursa Major,11.98,13:56:06.33,+59:44:31.4,3.27′ × 0.71′,0.0545,General,,,,0,0,Work in progress
ngc-NGC5391,NGC 5391,Galaxy,Canes Venatici,16.42,13:57:42.78,+46:28:10.5,0.51′ × 0.3′,0.0085,General,,,,0,0,Work in progress
ngc-NGC5392,NGC 5392,Galaxy,Virgo,14.43,13:59:24.77,-03:12:33.1,0.95′ × 0.74′,0.01583333,General,,,,0,0,Work in progress
ngc-NGC5393,NGC 5393,Galaxy,Hydra,14.03,14:00:32.04,-28:52:28.5,0.95′ × 0.62′,0.01583333,General,,,,0,0,Work in progress
ngc-NGC5394,NGC 5394,Galaxy,Canes Venatici,12.94,13:58:33.65,+37:27:12.5,2.63′ × 1.07′,0.04383333,General,,,,0,0,Work in progress
ngc-NGC5395,NGC 5395,Galaxy,Canes Venatici,11.66,13:58:37.98,+37:25:28.1,2.49′ × 1.16′,0.0415,General,,,,0,0,Work in progress
ngc-NGC5397,NGC 5397,Galaxy,Centaurus,12.85,14:01:10.46,-33:56:45.0,1.62′ × 1.01′,0.027,General,,,,0,0,Work in progress
ngc-NGC5398,NGC 5398,Galaxy,Centaurus,12.39,14:01:21.56,-33:03:49.6,2.76′ × 1.65′,0.046,General,,,,0,0,Work in progress
ngc-NGC5399,NGC 5399,Galaxy,Canes Venatici,14.54,13:59:31.42,+34:46:24.9,1.14′ × 0.32′,0.019,General,,,,0,0,Work in progress
ngc-NGC5400,NGC 5400,Galaxy,Virgo,14.3,14:00:37.20,-02:51:28.1,1.4′ × 1.25′,0.02333333,General,,,,0,0,Work in progress
ngc-NGC5401,NGC 5401,Galaxy,Canes Venatici,14.46,13:59:43.43,+36:14:17.2,1.46′ × 0.31′,0.02433333,General,,,,0,0,Work in progress
ngc-NGC5402,NGC 5402,Galaxy,Ursa Major,14.54,13:58:16.55,+59:48:52.4,1.13′ × 0.28′,0.01883333,General,,,,0,0,Work in progress
ngc-NGC5403,NGC 5403,Galaxy,Canes Venatici,14.65,13:59:50.92,+38:10:57.1,2.75′ × 0.89′,0.04583333,General,,,,0,0,Work in progress
ngc-NGC5404,NGC 5404,Optical double,Virgo,,14:01:07.48,+00:05:09.2,,,HighMagnification,,,,0,0,Work in progress
ngc-NGC5405,NGC 5405,Galaxy,Bootes,14.52,14:01:09.47,+07:42:08.2,0.83′ × 0.76′,0.01383333,General,,,,0,0,Work in progress
ngc-NGC5406,NGC 5406,Galaxy,Canes Venatici,12.33,14:00:20.12,+38:54:55.5,1.69′ × 1.22′,0.02816667,General,,,,0,0,Work in progress
ngc-NGC5407,NGC 5407,Galaxy,Canes Venatici,14.29,14:00:50.10,+39:09:22.4,1.37′ × 0.89′,0.02283333,General,,,,0,0,Work in progress
ngc-NGC5408,NGC 5408,Galaxy,Centaurus,11.64,14:03:20.91,-41:22:39.7,2.84′ × 1.53′,0.04733333,General,,,,0,0,Work in progress
ngc-NGC5409,NGC 5409,Galaxy,Bootes,13.33,14:01:46.08,+09:29:25.0,1.56′ × 1′,0.026,General,,,,0,0,Work in progress
ngc-NGC5410,NGC 5410,Galaxy,Canes Venatici,14.14,14:00:54.61,+40:59:19.0,1.15′ × 0.65′,0.01916667,General,,,,0,0,Work in progress
ngc-NGC5411,NGC 5411,Galaxy,Bootes,13.31,14:01:59.26,+08:56:15.7,1.51′ × 0.79′,0.02516667,General,,,,0,0,Work in progress
ngc-NGC5412,NGC 5412,Galaxy,Ursa Minor,14.78,13:57:13.53,+73:37:00.2,1.17′ × 0.95′,0.0195,General,,,,0,0,Work in progress
ngc-NGC5413,NGC 5413,Galaxy,Draco,14.34,13:57:53.53,+64:54:39.5,1.29′ × 1′,0.0215,General,,,,0,0,Work in progress
ngc-NGC5414,NGC 5414,Galaxy,Bootes,13.85,14:02:03.52,+09:55:45.5,0.97′ × 0.66′,0.01616667,General,,,,0,0,Work in progress
ngc-NGC5415,NGC 5415,Galaxy,Ursa Minor,15,13:56:56.92,+70:45:15.8,0.87′ × 0.63′,0.0145,General,,,,0,0,Work in progress
ngc-NGC5416,NGC 5416,Galaxy,Bootes,13.29,14:02:11.32,+09:26:24.4,1.29′ × 0.73′,0.0215,General,,,,0,0,Work in progress
ngc-NGC5417,NGC 5417,Galaxy,Bootes,13.63,14:02:13.04,+08:02:13.6,1.67′ × 0.84′,0.02783333,General,,,,0,0,Work in progress
ngc-NGC5418,NGC 5418,Galaxy,Bootes,14.39,14:02:17.59,+07:41:03.0,0.95′ × 0.41′,0.01583333,General,,,,0,0,Work in progress
ngc-NGC5419,NGC 5419,Galaxy,Centaurus,10.77,14:03:38.73,-33:58:41.7,3.98′ × 2.95′,0.06633333,General,,,,0,0,Work in progress
ngc-NGC5420,NGC 5420,Galaxy,Virgo,14.08,14:03:59.90,-14:37:00.7,1.9′ × 0.7′,0.03166667,General,,,,0,0,Work in progress
ngc-NGC5421,NGC 5421,Galaxy pair,Canes Venatici,14.3,14:01:41.88,+33:49:25.6,1.3′,0.02166667,General,,,,0,0,Work in progress
ngc-NGC5422,NGC 5422,Galaxy,Ursa Major,11.8,14:00:42.04,+55:09:52.1,2.81′ × 0.59′,0.04683333,General,,,,0,0,Work in progress
ngc-NGC5423,NGC 5423,Galaxy,Bootes,12.86,14:02:48.62,+09:20:29.0,1.53′ × 0.9′,0.0255,General,,,,0,0,Work in progress
ngc-NGC5424,NGC 5424,Galaxy,Bootes,13.14,14:02:55.70,+09:25:14.4,1.46′ × 1.18′,0.02433333,General,,,,0,0,Work in progress
ngc-NGC5425,NGC 5425,Galaxy,Ursa Major,14.23,14:00:47.67,+48:26:37.9,1.58′ × 0.44′,0.02633333,General,,,,0,0,Work in progress
ngc-NGC5426,NGC 5426,Galaxy,Virgo,12.16,14:03:24.85,-06:04:08.8,3.06′ × 1.21′,0.051,General,,,,0,0,Work in progress
ngc-NGC5427,NGC 5427,Galaxy,Virgo,12.39,14:03:26.05,-06:01:50.9,3.61′ × 3.27′,0.06016667,General,,,,0,0,Work in progress
ngc-NGC5428,NGC 5428,Optical double,Virgo,,14:03:28.03,-05:59:04.1,,,HighMagnification,,,,0,0,Work in progress
ngc-NGC5429,NGC 5429,Optical double,Virgo,,14:03:33.36,-06:02:17.8,,,HighMagnification,,,,0,0,Work in progress
ngc-NGC5430,NGC 5430,Galaxy,Ursa Major,12.78,14:00:45.74,+59:19:41.8,2.18′ × 1.46′,0.03633333,General,,,,0,0,Work in progress
ngc-NGC5431,NGC 5431,Galaxy,Bootes,15.6,14:03:07.15,+09:21:47.0,0.9′ × 0.38′,0.015,General,,,,0,0,Work in progress
ngc-NGC5432,NGC 5432,Unclassified object,Virgo,,14:03:40.65,-05:58:31.6,,,General,,,,0,0,Work in progress
ngc-NGC5433,NGC 5433,Galaxy,Canes Venatici,13.99,14:02:36.08,+32:30:37.6,1.52′ × 0.36′,0.02533333,General,,,,0,0,Work in progress
ngc-NGC5434,NGC 5434,Galaxy,Bootes,13.28,14:03:23.14,+09:26:53.1,1.48′ × 1.39′,0.02466667,General,,,,0,0,Work in progress
ngc-NGC5435,NGC 5435,Optical double,Virgo,,14:04:00.05,-05:55:54.0,,,HighMagnification,,,,0,0,Work in progress
ngc-NGC5436,NGC 5436,Galaxy,Bootes,13.83,14:03:41.10,+09:34:24.6,1.24′ × 0.53′,0.02066667,General,,,,0,0,Work in progress
ngc-NGC5437,NGC 5437,Galaxy,Bootes,14.91,14:03:47.34,+09:31:25.3,1.07′ × 0.54′,0.01783333,General,,,,0,0,Work in progress
ngc-NGC5438,NGC 5438,Galaxy,Bootes,14.42,14:03:48.00,+09:36:38.1,1.18′ × 1.11′,0.01966667,General,,,,0,0,Work in progress
ngc-NGC5439,NGC 5439,Galaxy,Canes Venatici,14.51,14:01:57.67,+46:18:42.9,1.27′ × 0.4′,0.02116667,General,,,,0,0,Work in progress
ngc-NGC5440,NGC 5440,Galaxy,Canes Venatici,13.27,14:03:01.04,+34:45:28.3,2.84′ × 1.45′,0.04733333,General,,,,0,0,Work in progress
ngc-NGC5441,NGC 5441,Galaxy,Canes Venatici,14.9,14:03:12.00,+34:41:04.6,0.44′ × 0.38′,0.00733333,General,,,,0,0,Work in progress
ngc-NGC5442,NGC 5442,Galaxy,Virgo,13.94,14:04:43.22,-09:42:49.2,1.19′ × 0.56′,0.01983333,General,,,,0,0,Work in progress
ngc-NGC5443,NGC 5443,Galaxy,Ursa Major,13.11,14:02:11.80,+55:48:50.5,1.68′ × 0.57′,0.028,General,,,,0,0,Work in progress
ngc-NGC5444,NGC 5444,Galaxy,Canes Venatici,11.86,14:03:24.13,+35:07:55.6,2.48′ × 1.94′,0.04133333,General,,,,0,0,Work in progress
ngc-NGC5445,NGC 5445,Galaxy,Canes Venatici,13.91,14:03:31.50,+35:01:31.1,1.56′ × 0.56′,0.026,General,,,,0,0,Work in progress
ngc-NGC5447,NGC 5447,H II region nebula,Ursa Major,,14:02:28.40,+54:16:36.9,,,General,,,,0,0,Work in progress
ngc-NGC5448,NGC 5448,Galaxy,Ursa Major,11.88,14:02:50.03,+49:10:21.7,3.77′ × 1.95′,0.06283333,General,,,,0,0,Work in progress
ngc-NGC5449,NGC 5449,Unclassified object,Ursa Major,,14:02:27.27,+54:19:48.8,,,General,,,,0,0,Work in progress
ngc-NGC5450,NGC 5450,H II region nebula,Ursa Major,,14:02:29.79,+54:16:15.7,,,General,,,,0,0,Work in progress
ngc-NGC5451,NGC 5451,H II region nebula,Ursa Major,16.7,14:02:37.05,+54:21:45.1,0.52′ × 0.31′,0.00866667,General,,,,0,0,Work in progress
ngc-NGC5452,NGC 5452,Galaxy,Ursa Minor,14.13,13:54:24.90,+78:13:14.0,1.25′ × 0.8′,0.02083333,General,,,,0,0,Work in progress
ngc-NGC5453,NGC 5453,H II region nebula,Ursa Major,,14:02:56.39,+54:18:28.7,,,General,,,,0,0,Work in progress
ngc-NGC5454,NGC 5454,Galaxy,Bootes,14.22,14:04:45.71,+14:22:55.4,1.34′ × 0.79′,0.02233333,General,,,,0,0,Work in progress
ngc-NGC5455,NGC 5455,H II region nebula,Ursa Major,15.22,14:03:01.17,+54:14:29.3,0.63′ × 0.49′,0.0105,General,,,,0,0,Work in progress
ngc-NGC5456,NGC 5456,Galaxy,Bootes,13.99,14:04:58.89,+11:52:17.9,1.36′ × 1.1′,0.02266667,General,,,,0,0,Work in progress
ngc-NGC5458,NGC 5458,H II region nebula,Ursa Major,,14:03:12.47,+54:17:54.0,,,General,,,,0,0,Work in progress
ngc-NGC5459,NGC 5459,Galaxy,Bootes,14.39,14:05:00.19,+13:07:54.8,1.27′ × 1.11′,0.02116667,General,,,,0,0,Work in progress
ngc-NGC5460,NGC 5460,Open cluster,Centaurus,5.6,14:07:27.81,-48:20:33.1,13.2′,0.22,WideField,,,,0,0,Work in progress
ngc-NGC5461,NGC 5461,H II region nebula,Ursa Major,14.38,14:03:41.41,+54:19:04.9,1.62′ × 0.98′,0.027,General,,,,0,0,Work in progress
ngc-NGC5462,NGC 5462,H II region nebula,Ursa Major,18.17,14:03:53.00,+54:21:56.1,0.13′ × 0.11′,0.00216667,General,,,,0,0,Work in progress
ngc-NGC5463,NGC 5463,Galaxy,Bootes,14.01,14:06:10.54,+09:21:12.4,1.25′ × 0.45′,0.02083333,General,,,,0,0,Work in progress
ngc-NGC5464,NGC 5464,Galaxy,Hydra,12.97,14:07:04.40,-30:01:01.6,1.38′ × 0.73′,0.023,General,,,,0,0,Work in progress
ngc-NGC5465,NGC 5465,Star,Virgo,14.47,14:06:27.28,-05:30:22.6,,,HighMagnification,,,,0,0,Work in progress
ngc-NGC5466,NGC 5466,Globular cluster,Bootes,9.7,14:05:27.36,+28:32:04.2,6.6′,0.11,General,,,,0,0,Work in progress
ngc-NGC5467,NGC 5467,Star,Virgo,15.12,14:06:29.50,-05:28:53.3,,,HighMagnification,,,,0,0,Work in progress
ngc-NGC5468,NGC 5468,Galaxy,Virgo,12.05,14:06:34.89,-05:27:11.2,2.28′ × 2.13′,0.038,General,,,,0,0,Work in progress
ngc-NGC5469,NGC 5469,Galaxy,Bootes,14.98,14:12:29.90,+08:38:52.6,0.92′ × 0.78′,0.01533333,General,,,,0,0,Work in progress
ngc-NGC5470,NGC 5470,Galaxy,Virgo,14.24,14:06:31.91,+06:01:46.9,2.6′ × 0.42′,0.04333333,General,,,,0,0,Work in progress
ngc-NGC5471,NGC 5471,H II region nebula,Ursa Major,14.54,14:04:29.02,+54:23:48.9,0.82′ × 0.61′,0.01366667,General,,,,0,0,Work in progress
ngc-NGC5472,NGC 5472,Galaxy,Virgo,14.68,14:06:55.02,-05:27:37.7,1.46′ × 0.29′,0.02433333,General,,,,0,0,Work in progress
ngc-NGC5473,NGC 5473,Galaxy,Ursa Major,11.47,14:04:43.23,+54:53:33.5,1.99′ × 1.54′,0.03316667,General,,,,0,0,Work in progress
ngc-NGC5474,NGC 5474,Galaxy,Ursa Major,11.01,14:05:01.61,+53:39:44.0,2.39′ × 1.57′,0.03983333,General,,,,0,0,Work in progress
ngc-NGC5475,NGC 5475,Galaxy,Ursa Major,13.27,14:05:12.41,+55:44:30.7,1.94′ × 0.58′,0.03233333,General,,,,0,0,Work in progress
ngc-NGC5476,NGC 5476,Galaxy,Virgo,13.34,14:08:08.49,-06:05:31.4,1.41′ × 1.31′,0.0235,General,,,,0,0,Work in progress
ngc-NGC5477,NGC 5477,Galaxy,Ursa Major,13.78,14:05:33.30,+54:27:40.1,1.11′ × 0.78′,0.0185,General,,,,0,0,Work in progress
ngc-NGC5478,NGC 5478,Galaxy,Virgo,13.64,14:08:08.51,-01:42:08.3,0.97′ × 0.66′,0.01616667,General,,,,0,0,Work in progress
ngc-NGC5479,NGC 5479,Galaxy,Ursa Minor,15.02,14:05:57.37,+65:41:26.7,0.93′ × 0.76′,0.0155,General,,,,0,0,Work in progress
ngc-NGC5480,NGC 5480,Galaxy,Ursa Major,12.18,14:06:21.58,+50:43:30.4,1.67′ × 1.28′,0.02783333,General,,,,0,0,Work in progress
ngc-NGC5481,NGC 5481,Galaxy,Bootes,13.24,14:06:41.27,+50:43:24.0,1.76′ × 1.22′,0.02933333,General,,,,0,0,Work in progress
ngc-NGC5482,NGC 5482,Galaxy,Bootes,14,14:08:30.70,+08:55:54.9,1.17′ × 0.81′,0.0195,General,,,,0,0,Work in progress
ngc-NGC5483,NGC 5483,Galaxy,Centaurus,11.13,14:10:25.03,-43:19:28.6,3.42′ × 3.08′,0.057,General,,,,0,0,Work in progress
ngc-NGC5484,NGC 5484,Galaxy,Ursa Major,15.74,14:06:48.22,+55:01:47.7,0.47′ × 0.46′,0.00783333,General,,,,0,0,Work in progress
ngc-NGC5485,NGC 5485,Galaxy,Ursa Major,11.5,14:07:11.35,+55:00:06.1,2.51′ × 1.75′,0.04183333,General,,,,0,0,Work in progress
ngc-NGC5486,NGC 5486,Galaxy,Ursa Major,14.01,14:07:24.96,+55:06:11.1,1.36′ × 0.82′,0.02266667,General,,,,0,0,Work in progress
ngc-NGC5487,NGC 5487,Galaxy,Bootes,14.61,14:09:43.90,+08:04:08.9,1.05′ × 0.52′,0.0175,General,,,,0,0,Work in progress
ngc-NGC5488,NGC 5488,Galaxy,Centaurus,13.31,14:08:03.11,-33:18:53.7,2.63′ × 0.73′,0.04383333,General,,,,0,0,Work in progress
ngc-NGC5489,NGC 5489,Galaxy,Centaurus,13.16,14:12:00.72,-46:05:19.4,2.29′ × 1.28′,0.03816667,General,,,,0,0,Work in progress
ngc-NGC5490,NGC 5490,Galaxy,Bootes,12.05,14:09:57.29,+17:32:44.0,1.66′ × 1.29′,0.02766667,General,,,,0,0,Work in progress
ngc-NGC5491,NGC 5491,Galaxy,Virgo,13.82,14:10:57.35,+06:21:53.5,1.32′ × 0.75′,0.022,General,,,,0,0,Work in progress
ngc-NGC5492,NGC 5492,Galaxy,Bootes,13.71,14:10:35.20,+19:36:44.4,1.58′ × 0.38′,0.02633333,General,,,,0,0,Work in progress
ngc-NGC5493,NGC 5493,Galaxy,Virgo,11.42,14:11:29.38,-05:02:37.0,2.17′ × 1.92′,0.03616667,General,,,,0,0,Work in progress
ngc-NGC5494,NGC 5494,Galaxy,Centaurus,12.63,14:12:24.18,-30:38:38.7,2.33′ × 2.18′,0.03883333,General,,,,0,0,Work in progress
ngc-NGC5495,NGC 5495,Galaxy,Hydra,13.5,14:12:23.35,-27:06:28.9,1.52′ × 1.26′,0.02533333,General,,,,0,0,Work in progress
ngc-NGC5496,NGC 5496,Galaxy,Virgo,13.45,14:11:37.86,-01:09:32.8,2.69′ × 0.58′,0.04483333,General,,,,0,0,Work in progress
ngc-NGC5497,NGC 5497,Galaxy,Bootes,15.11,14:10:31.64,+38:53:36.8,0.6′ × 0.49′,0.01,General,,,,0,0,Work in progress
ngc-NGC5498,NGC 5498,Galaxy,Bootes,14.73,14:11:04.53,+25:41:52.7,1.23′ × 0.84′,0.0205,General,,,,0,0,Work in progress
ngc-NGC5499,NGC 5499,Galaxy,Bootes,14.27,14:10:47.65,+35:54:48.6,1.12′ × 0.74′,0.01866667,General,,,,0,0,Work in progress
ngc-NGC5500,NGC 5500,Galaxy,Bootes,14.37,14:10:15.23,+48:32:46.0,0.92′ × 0.76′,0.01533333,General,,,,0,0,Work in progress
ngc-NGC5501,NGC 5501,Galaxy,Virgo,15,14:12:20.18,+01:16:21.1,0.89′ × 0.65′,0.01483333,General,,,,0,0,Work in progress
ngc-NGC5502,NGC 5502,Galaxy,Ursa Major,16.23,14:09:33.95,+60:24:34.5,0.63′ × 0.34′,0.0105,General,,,,0,0,Work in progress
ngc-NGC5504,NGC 5504,Galaxy,Bootes,14.04,14:12:15.81,+15:50:30.9,1.18′ × 1.03′,0.01966667,General,,,,0,0,Work in progress
ngc-NGC5505,NGC 5505,Galaxy,Bootes,13.13,14:12:31.71,+13:18:17.0,0.89′ × 0.71′,0.01483333,General,,,,0,0,Work in progress
ngc-NGC5506,NGC 5506,Galaxy,Virgo,12.56,14:13:14.89,-03:12:27.3,2.88′ × 0.76′,0.048,General,,,,0,0,Work in progress
ngc-NGC5507,NGC 5507,Galaxy,Virgo,12.44,14:13:19.87,-03:08:56.0,1.6′ × 0.79′,0.02666667,General,,,,0,0,Work in progress
ngc-NGC5508,NGC 5508,Galaxy,Bootes,15.03,14:12:29.04,+24:38:07.8,0.98′ × 0.65′,0.01633333,General,,,,0,0,Work in progress
ngc-NGC5509,NGC 5509,Galaxy,Bootes,14.97,14:12:39.58,+20:23:13.2,1.19′ × 0.74′,0.01983333,General,,,,0,0,Work in progress
ngc-NGC5510,NGC 5510,Galaxy,Virgo,14.26,14:13:37.22,-17:59:01.7,0.95′ × 0.65′,0.01583333,General,,,,0,0,Work in progress
ngc-NGC5511,NGC 5511,Galaxy,Bootes,15.62,14:13:05.42,+08:37:54.8,0.68′ × 0.24′,0.01133333,General,,,,0,0,Work in progress
ngc-NGC5512,NGC 5512,Galaxy,Bootes,15.3,14:12:41.13,+30:51:18.2,0.67′ × 0.56′,0.01116667,General,,,,0,0,Work in progress
ngc-NGC5513,NGC 5513,Galaxy,Bootes,13.78,14:13:08.63,+20:24:58.6,2.02′ × 1.09′,0.03366667,General,,,,0,0,Work in progress
ngc-NGC5514,NGC 5514,Galaxy pair,Bootes,,14:13:38.78,+07:39:34.3,1.3′,0.02166667,General,,,,0,0,Work in progress
ngc-NGC5515,NGC 5515,Galaxy,Bootes,13.7,14:12:38.17,+39:18:37.0,1.22′ × 0.64′,0.02033333,General,,,,0,0,Work in progress
ngc-NGC5516,NGC 5516,Galaxy,Centaurus,11.99,14:15:54.69,-48:06:53.5,2.39′ × 1.56′,0.03983333,General,,,,0,0,Work in progress
ngc-NGC5517,NGC 5517,Galaxy,Bootes,14.73,14:12:51.24,+35:42:39.2,1.01′ × 0.71′,0.01683333,General,,,,0,0,Work in progress
ngc-NGC5518,NGC 5518,Galaxy,Bootes,14.51,14:13:47.68,+20:50:53.9,1.28′ × 1.09′,0.02133333,General,,,,0,0,Work in progress
ngc-NGC5519,NGC 5519,Galaxy,Bootes,14.51,14:14:20.87,+07:30:57.3,1.77′ × 1.08′,0.0295,General,,,,0,0,Work in progress
ngc-NGC5520,NGC 5520,Galaxy,Bootes,12.75,14:12:22.79,+50:20:54.3,1.61′ × 0.8′,0.02683333,General,,,,0,0,Work in progress
ngc-NGC5521,NGC 5521,Galaxy,Virgo,14.62,14:15:23.72,+04:24:30.7,0.61′ × 0.49′,0.01016667,General,,,,0,0,Work in progress
ngc-NGC5522,NGC 5522,Galaxy,Bootes,14,14:14:50.37,+15:08:48.8,1.87′ × 0.42′,0.03116667,General,,,,0,0,Work in progress
ngc-NGC5523,NGC 5523,Galaxy,Bootes,13.13,14:14:52.32,+25:19:03.4,2.04′ × 0.89′,0.034,General,,,,0,0,Work in progress
ngc-NGC5524,NGC 5524,Star,Bootes,,14:14:00.64,+36:25:02.5,,,HighMagnification,,,,0,0,Work in progress
ngc-NGC5525,NGC 5525,Galaxy,Bootes,12.84,14:15:39.23,+14:16:57.4,1.21′ × 0.66′,0.02016667,General,,,,0,0,Work in progress
ngc-NGC5526,NGC 5526,Galaxy,Ursa Major,14.24,14:13:53.76,+57:46:16.8,1.1′ × 0.3′,0.01833333,General,,,,0,0,Work in progress
ngc-NGC5527,NGC 5527,Galaxy,Bootes,14.94,14:14:27.23,+36:24:16.2,0.94′ × 0.69′,0.01566667,General,,,,0,0,Work in progress
ngc-NGC5528,NGC 5528,Galaxy,Bootes,14.66,14:16:19.92,+08:17:36.5,0.99′ × 0.55′,0.0165,General,,,,0,0,Work in progress
ngc-NGC5529,NGC 5529,Galaxy,Bootes,11.91,14:15:34.07,+36:13:35.7,5.79′ × 0.68′,0.0965,General,,,,0,0,Work in progress
ngc-NGC5530,NGC 5530,Galaxy,Lupus,11.19,14:18:27.15,-43:23:18.9,4.86′ × 2.18′,0.081,General,,,,0,0,Work in progress
ngc-NGC5531,NGC 5531,Galaxy pair,Bootes,14.7,14:16:43.30,+10:53:05.2,1.07′ × 0.6′,0.01783333,General,,,,0,0,Work in progress
ngc-NGC5532,NGC 5532,Galaxy,Bootes,11.94,14:16:52.95,+10:48:26.6,2.34′ × 1.94′,0.039,General,,,,0,0,Work in progress
ngc-NGC5533,NGC 5533,Galaxy,Bootes,11.81,14:16:07.74,+35:20:37.8,2.86′ × 1.58′,0.04766667,General,,,,0,0,Work in progress
ngc-NGC5534,NGC 5534,Galaxy,Virgo,12.49,14:17:40.26,-07:25:02.7,1.36′ × 1.23′,0.02266667,General,,,,0,0,Work in progress
ngc-NGC5535,NGC 5535,Galaxy,Bootes,15.74,14:17:31.27,+08:12:30.2,0.66′ × 0.42′,0.011,General,,,,0,0,Work in progress
ngc-NGC5536,NGC 5536,Galaxy,Bootes,14.41,14:16:23.86,+39:30:07.9,0.83′ × 0.64′,0.01383333,General,,,,0,0,Work in progress
ngc-NGC5537,NGC 5537,Galaxy,Virgo,15.05,14:17:37.09,+07:03:18.0,0.94′ × 0.4′,0.01566667,General,,,,0,0,Work in progress
ngc-NGC5538,NGC 5538,Galaxy,Bootes,15.5,14:17:42.49,+07:28:36.0,0.89′ × 0.31′,0.01483333,General,,,,0,0,Work in progress
ngc-NGC5539,NGC 5539,Galaxy,Bootes,15.05,14:17:37.77,+08:10:46.6,1.15′ × 0.75′,0.01916667,General,,,,0,0,Work in progress
ngc-NGC5540,NGC 5540,Galaxy,Ursa Major,14.7,14:14:54.43,+60:00:40.0,1.1′ × 0.88′,0.01833333,General,,,,0,0,Work in progress
ngc-NGC5541,NGC 5541,Galaxy,Bootes,13.58,14:16:31.80,+39:35:20.6,0.92′ × 0.59′,0.01533333,General,,,,0,0,Work in progress
ngc-NGC5542,NGC 5542,Galaxy,Bootes,14.84,14:17:53.20,+07:33:31.6,0.6′ × 0.35′,0.01,General,,,,0,0,Work in progress
ngc-NGC5543,NGC 5543,Galaxy,Bootes,15.18,14:18:04.07,+07:39:17.5,0.79′ × 0.42′,0.01316667,General,,,,0,0,Work in progress
ngc-NGC5544,NGC 5544,Galaxy,Bootes,13.89,14:17:02.52,+36:34:17.7,1.03′ × 0.96′,0.01716667,General,,,,0,0,Work in progress
ngc-NGC5545,NGC 5545,Galaxy,Bootes,13.2,14:17:05.16,+36:34:30.4,0.97′ × 0.33′,0.01616667,General,,,,0,0,Work in progress
ngc-NGC5546,NGC 5546,Galaxy,Bootes,12.29,14:18:09.23,+07:33:52.4,1.57′ × 1.29′,0.02616667,General,,,,0,0,Work in progress
ngc-NGC5547,NGC 5547,Galaxy,Ursa Minor,14.83,14:09:45.20,+78:36:03.8,0.74′ × 0.3′,0.01233333,General,,,,0,0,Work in progress
ngc-NGC5548,NGC 5548,Galaxy,Bootes,13.37,14:17:59.53,+25:08:12.4,1.33′ × 1.05′,0.02216667,General,,,,0,0,Work in progress
ngc-NGC5549,NGC 5549,Galaxy,Virgo,13.95,14:18:38.81,+07:22:38.4,1.53′ × 0.75′,0.0255,General,,,,0,0,Work in progress
ngc-NGC5550,NGC 5550,Galaxy,Bootes,14.09,14:18:27.97,+12:52:59.1,1.1′ × 0.81′,0.01833333,General,,,,0,0,Work in progress
ngc-NGC5551,NGC 5551,Galaxy,Virgo,14.88,14:18:54.84,+05:27:05.3,0.81′ × 0.59′,0.0135,General,,,,0,0,Work in progress
ngc-NGC5552,NGC 5552,Galaxy,Virgo,15.12,14:19:03.85,+07:01:54.1,0.91′ × 0.39′,0.01516667,General,,,,0,0,Work in progress
ngc-NGC5553,NGC 5553,Galaxy,Bootes,14.59,14:18:29.73,+26:17:16.2,1.15′ × 0.25′,0.01916667,General,,,,0,0,Work in progress
ngc-NGC5554,NGC 5554,Galaxy,Virgo,15.12,14:19:15.00,+07:01:16.1,0.65′ × 0.45′,0.01083333,General,,,,0,0,Work in progress
ngc-NGC5555,NGC 5555,Galaxy,Virgo,15.14,14:18:48.08,-19:08:20.1,0.61′ × 0.37′,0.01016667,General,,,,0,0,Work in progress
ngc-NGC5556,NGC 5556,Galaxy,Hydra,11.82,14:20:34.09,-29:14:30.4,3.45′ × 2.75′,0.0575,General,,,,0,0,Work in progress
ngc-NGC5557,NGC 5557,Galaxy,Bootes,11.02,14:18:25.72,+36:29:36.8,2.28′ × 1.12′,0.038,General,,,,0,0,Work in progress
ngc-NGC5559,NGC 5559,Galaxy,Bootes,14.81,14:19:12.78,+24:47:55.4,1.31′ × 0.38′,0.02183333,General,,,,0,0,Work in progress
ngc-NGC5560,NGC 5560,Galaxy,Virgo,12.35,14:20:04.49,+03:59:32.9,3.45′ × 0.85′,0.0575,General,,,,0,0,Work in progress
ngc-NGC5561,NGC 5561,Galaxy,Ursa Major,15.45,14:17:22.83,+58:45:01.8,0.65′ × 0.52′,0.01083333,General,,,,0,0,Work in progress
ngc-NGC5562,NGC 5562,Galaxy,Bootes,14.37,14:20:11.05,+10:15:46.2,0.8′ × 0.74′,0.01333333,General,,,,0,0,Work in progress
ngc-NGC5563,NGC 5563,Galaxy,Virgo,15.13,14:20:13.09,+07:03:19.5,0.95′ × 0.45′,0.01583333,General,,,,0,0,Work in progress
ngc-NGC5565,NGC 5565,Star,Virgo,,14:19:18.50,+06:59:41.8,,,HighMagnification,,,,0,0,Work in progress
ngc-NGC5566,NGC 5566,Galaxy,Virgo,10.51,14:20:19.89,+03:56:01.5,5.36′ × 2.08′,0.08933333,General,,,,0,0,Work in progress
ngc-NGC5567,NGC 5567,Galaxy,Bootes,14.48,14:19:17.64,+35:08:16.6,1.06′ × 0.92′,0.01766667,General,,,,0,0,Work in progress
ngc-NGC5568,NGC 5568,Galaxy,Bootes,15.43,14:19:21.32,+35:05:31.8,0.74′ × 0.57′,0.01233333,General,,,,0,0,Work in progress
ngc-NGC5569,NGC 5569,Galaxy,Virgo,14.89,14:20:32.09,+03:58:59.6,1.11′ × 0.87′,0.0185,General,,,,0,0,Work in progress
ngc-NGC5571,NGC 5571,Unclassified object,Bootes,,14:19:32.03,+35:09:03.4,,,General,,,,0,0,Work in progress
ngc-NGC5572,NGC 5572,Galaxy,Bootes,15.04,14:19:35.30,+36:08:26.4,0.89′ × 0.72′,0.01483333,General,,,,0,0,Work in progress
ngc-NGC5573,NGC 5573,Galaxy,Virgo,15.01,14:20:41.51,+06:54:26.3,1.24′ × 0.37′,0.02066667,General,,,,0,0,Work in progress
ngc-NGC5574,NGC 5574,Galaxy,Virgo,12.45,14:20:55.97,+03:14:16.8,1.32′ × 0.83′,0.022,General,,,,0,0,Work in progress
ngc-NGC5575,NGC 5575,Galaxy,Virgo,14.35,14:20:59.41,+06:12:09.6,0.91′ × 0.75′,0.01516667,General,,,,0,0,Work in progress
ngc-NGC5576,NGC 5576,Galaxy,Virgo,10.9,14:21:03.68,+03:16:15.6,2.83′ × 1.87′,0.04716667,General,,,,0,0,Work in progress
ngc-NGC5577,NGC 5577,Galaxy,Virgo,13.47,14:21:13.11,+03:26:08.8,2.86′ × 0.73′,0.04766667,General,,,,0,0,Work in progress
ngc-NGC5579,NGC 5579,Galaxy,Bootes,14.54,14:20:26.48,+35:11:19.7,1.49′ × 1.12′,0.02483333,General,,,,0,0,Work in progress
ngc-NGC5580,NGC 5580,Galaxy,Bootes,13.55,14:21:38.41,+35:12:17.5,1.54′ × 1.38′,0.02566667,General,,,,0,0,Work in progress
ngc-NGC5581,NGC 5581,Galaxy,Bootes,14.67,14:21:16.31,+23:28:48.1,0.6′ × 0.48′,0.01,General,,,,0,0,Work in progress
ngc-NGC5582,NGC 5582,Galaxy,Bootes,11.62,14:20:43.12,+39:41:36.9,2.2′ × 1.4′,0.03666667,General,,,,0,0,Work in progress
ngc-NGC5583,NGC 5583,Galaxy,Bootes,14.2,14:21:40.50,+13:13:56.6,0.84′ × 0.64′,0.014,General,,,,0,0,Work in progress
ngc-NGC5584,NGC 5584,Galaxy,Virgo,12.77,14:22:23.77,-00:23:15.6,3.13′ × 2.34′,0.05216667,General,,,,0,0,Work in progress
ngc-NGC5585,NGC 5585,Galaxy,Ursa Major,11.02,14:19:48.20,+56:43:44.6,4.27′ × 2.62′,0.07116667,General,,,,0,0,Work in progress
ngc-NGC5586,NGC 5586,Unclassified object,Bootes,,14:22:07.66,+13:11:03.4,,,General,,,,0,0,Work in progress
ngc-NGC5587,NGC 5587,Galaxy,Bootes,13.79,14:22:10.71,+13:55:05.0,2.13′ × 0.67′,0.0355,General,,,,0,0,Work in progress
ngc-NGC5588,NGC 5588,Galaxy,Bootes,14.2,14:21:25.11,+35:16:14.3,0.95′ × 0.8′,0.01583333,General,,,,0,0,Work in progress
ngc-NGC5591,NGC 5591,Galaxy pair,Bootes,,14:22:34.00,+13:43:00.0,1.4′,0.02333333,General,,,,0,0,Work in progress
ngc-NGC5592,NGC 5592,Galaxy,Hydra,12.73,14:23:55.05,-28:41:17.0,1.63′ × 0.75′,0.02716667,General,,,,0,0,Work in progress
ngc-NGC5593,NGC 5593,Open cluster,Lupus,,14:25:39.18,-54:47:55.3,4.5′,0.075,WideField,,,,0,0,Work in progress
ngc-NGC5594,NGC 5594,Galaxy,Bootes,14.8,14:23:10.31,+26:15:56.9,1.47′ × 0.7′,0.0245,General,,,,0,0,Work in progress
ngc-NGC5595,NGC 5595,Galaxy,Libra,12.02,14:24:13.24,-16:43:22.8,2.12′ × 1.01′,0.03533333,General,,,,0,0,Work in progress
ngc-NGC5596,NGC 5596,Galaxy,Bootes,13.5,14:22:28.74,+37:07:19.9,1.04′ × 0.72′,0.01733333,General,,,,0,0,Work in progress
ngc-NGC5597,NGC 5597,Galaxy,Libra,12.89,14:24:27.44,-16:45:45.9,2′ × 1.55′,0.03333333,General,,,,0,0,Work in progress
ngc-NGC5598,NGC 5598,Galaxy,Bootes,14.1,14:22:28.28,+40:19:11.3,1.55′ × 0.99′,0.02583333,General,,,,0,0,Work in progress
ngc-NGC5599,NGC 5599,Galaxy,Virgo,14.56,14:23:50.61,+06:34:34.0,1.34′ × 0.51′,0.02233333,General,,,,0,0,Work in progress
ngc-NGC5600,NGC 5600,Galaxy,Bootes,12.39,14:23:49.52,+14:38:19.6,1.6′ × 1.57′,0.02666667,General,,,,0,0,Work in progress
ngc-NGC5601,NGC 5601,Galaxy,Bootes,15.47,14:22:53.28,+40:18:34.5,0.83′ × 0.33′,0.01383333,General,,,,0,0,Work in progress
ngc-NGC5602,NGC 5602,Galaxy,Bootes,12.53,14:22:18.83,+50:30:05.0,1.31′ × 0.68′,0.02183333,General,,,,0,0,Work in progress
ngc-NGC5603,NGC 5603,Galaxy,Bootes,13.01,14:23:01.53,+40:22:38.7,1.11′ × 1.04′,0.0185,General,,,,0,0,Work in progress
ngc-NGC5604,NGC 5604,Galaxy,Virgo,12.87,14:24:42.80,-03:12:43.8,1.8′ × 0.92′,0.03,General,,,,0,0,Work in progress
ngc-NGC5605,NGC 5605,Galaxy,Libra,12.5,14:25:07.57,-13:09:46.8,1.5′ × 1.23′,0.025,General,,,,0,0,Work in progress
ngc-NGC5606,NGC 5606,Open cluster,Centaurus,7.7,14:27:47.28,-59:37:56.1,3.6′,0.06,WideField,,,,0,0,Work in progress
ngc-NGC5607,NGC 5607,Galaxy,Ursa Minor,13.5,14:19:26.70,+71:35:17.6,0.87′ × 0.73′,0.0145,General,,,,0,0,Work in progress
ngc-NGC5608,NGC 5608,Galaxy,Bootes,13.36,14:23:17.89,+41:46:33.2,1.66′ × 0.74′,0.02766667,General,,,,0,0,Work in progress
ngc-NGC5609,NGC 5609,Galaxy,Bootes,16.18,14:23:48.30,+34:50:34.0,0.48′ × 0.39′,0.008,General,,,,0,0,Work in progress
ngc-NGC5610,NGC 5610,Galaxy,Bootes,14.29,14:24:22.94,+24:36:50.9,1.73′ × 0.6′,0.02883333,General,,,,0,0,Work in progress
ngc-NGC5611,NGC 5611,Galaxy,Bootes,13.46,14:24:04.78,+33:02:50.6,1.36′ × 0.59′,0.02266667,General,,,,0,0,Work in progress
ngc-NGC5612,NGC 5612,Galaxy,Apus,12.08,14:34:01.25,-78:23:15.0,1.94′ × 1.15′,0.03233333,General,,,,0,0,Work in progress
ngc-NGC5613,NGC 5613,Galaxy,Bootes,15.6,14:24:05.96,+34:53:31.6,0.56′ × 0.37′,0.00933333,General,,,,0,0,Work in progress
ngc-NGC5614,NGC 5614,Galaxy,Bootes,11.71,14:24:07.59,+34:51:31.9,2.43′ × 2′,0.0405,General,,,,0,0,Work in progress
ngc-NGC5615,NGC 5615,Galaxy,Bootes,15.29,14:24:06.50,+34:51:54.0,0.16′ × 0.16′,0.00266667,General,,,,0,0,Work in progress
ngc-NGC5616,NGC 5616,Galaxy,Bootes,14.55,14:24:20.70,+36:27:41.1,2.13′ × 0.41′,0.0355,General,,,,0,0,Work in progress
ngc-NGC5617,NGC 5617,Open cluster,Centaurus,6.3,14:29:44.07,-60:42:39.0,5.1′,0.085,WideField,,,,0,0,Work in progress
ngc-NGC5618,NGC 5618,Galaxy,Virgo,13.4,14:27:11.81,-02:15:44.7,1.45′ × 0.78′,0.02416667,General,,,,0,0,Work in progress
ngc-NGC5619,NGC 5619,Galaxy,Virgo,13.89,14:27:18.23,+04:48:10.2,2.29′ × 0.93′,0.03816667,General,,,,0,0,Work in progress
ngc-NGC5621,NGC 5621,Unclassified object,Bootes,,14:27:49.81,+08:14:24.9,,,General,,,,0,0,Work in progress
ngc-NGC5622,NGC 5622,Galaxy,Bootes,13.44,14:26:12.19,+48:33:50.4,1.34′ × 0.76′,0.02233333,General,,,,0,0,Work in progress
ngc-NGC5623,NGC 5623,Galaxy,Bootes,12.53,14:27:08.68,+33:15:09.2,1.65′ × 1.08′,0.0275,General,,,,0,0,Work in progress
ngc-NGC5624,NGC 5624,Galaxy,Bootes,13.69,14:26:35.21,+51:35:07.3,1.02′ × 0.68′,0.017,General,,,,0,0,Work in progress
ngc-NGC5625,NGC 5625,Galaxy pair,Bootes,,14:27:01.50,+39:57:25.0,1.2′,0.02,General,,,,0,0,Work in progress
ngc-NGC5626,NGC 5626,Galaxy,Hydra,14.02,14:29:49.09,-29:44:54.5,1.37′ × 1.05′,0.02283333,General,,,,0,0,Work in progress
ngc-NGC5627,NGC 5627,Galaxy,Bootes,14.55,14:28:34.28,+11:22:41.7,1.28′ × 0.78′,0.02133333,General,,,,0,0,Work in progress
ngc-NGC5628,NGC 5628,Galaxy,Bootes,14.45,14:28:25.79,+17:55:27.7,0.97′ × 0.63′,0.01616667,General,,,,0,0,Work in progress
ngc-NGC5629,NGC 5629,Galaxy,Bootes,12.19,14:28:16.37,+25:50:55.6,1.71′ × 1.58′,0.0285,General,,,,0,0,Work in progress
ngc-NGC5630,NGC 5630,Galaxy,Bootes,13.61,14:27:36.61,+41:15:27.9,1.48′ × 0.52′,0.02466667,General,,,,0,0,Work in progress
ngc-NGC5631,NGC 5631,Galaxy,Ursa Major,11.56,14:26:33.30,+56:34:57.5,1.95′ × 1.95′,0.0325,General,,,,0,0,Work in progress
ngc-NGC5691,NGC 5691,Galaxy,Virgo,12.38,14:37:53.34,-00:23:56.0,1.86′ × 1.4′,0.031,General,,,,0,0,Work in progress
ngc-NGC5633,NGC 5633,Galaxy,Bootes,12.46,14:27:28.38,+46:08:47.5,1.09′ × 0.72′,0.01816667,General,,,,0,0,Work in progress
ngc-NGC5634,NGC 5634,Globular cluster,Virgo,10.05,14:29:37.28,-05:58:35.1,4.5′,0.075,General,,,,0,0,Work in progress
ngc-NGC5635,NGC 5635,Galaxy,Bootes,13.9,14:28:31.76,+27:24:32.2,2.62′ × 1′,0.04366667,General,,,,0,0,Work in progress
ngc-NGC5636,NGC 5636,Galaxy,Virgo,13.85,14:29:39.02,+03:15:58.7,1.36′ × 0.89′,0.02266667,General,,,,0,0,Work in progress
ngc-NGC5637,NGC 5637,Galaxy,Bootes,14.5,14:28:59.60,+23:11:29.4,0.84′ × 0.44′,0.014,General,,,,0,0,Work in progress
ngc-NGC5638,NGC 5638,Galaxy,Virgo,11.21,14:29:40.38,+03:13:59.9,1.94′ × 1.71′,0.03233333,General,,,,0,0,Work in progress
ngc-NGC5639,NGC 5639,Galaxy,Bootes,14.53,14:28:46.55,+30:24:46.6,1.26′ × 0.81′,0.021,General,,,,0,0,Work in progress
ngc-NGC5640,NGC 5640,Galaxy,Camelopardalis,15.5,14:20:40.81,+80:07:23.2,0.78′ × 0.47′,0.013,General,,,,0,0,Work in progress
ngc-NGC5641,NGC 5641,Galaxy,Bootes,13.29,14:29:16.62,+28:49:18.8,2.07′ × 1.03′,0.0345,General,,,,0,0,Work in progress
ngc-NGC5642,NGC 5642,Galaxy,Bootes,14.2,14:29:13.49,+30:01:35.2,1.77′ × 1.13′,0.0295,General,,,,0,0,Work in progress
ngc-NGC5643,NGC 5643,Galaxy,Lupus,11.49,14:32:40.74,-44:10:27.9,5.27′ × 4.6′,0.08783333,General,,,,0,0,Work in progress
ngc-NGC5644,NGC 5644,Galaxy,Bootes,13.93,14:30:25.58,+11:55:40.8,1.24′ × 1.14′,0.02066667,General,,,,0,0,Work in progress
ngc-NGC5645,NGC 5645,Galaxy,Virgo,12.41,14:30:39.35,+07:16:30.3,2.02′ × 1.09′,0.03366667,General,,,,0,0,Work in progress
ngc-NGC5646,NGC 5646,Galaxy,Bootes,15.03,14:29:34.01,+35:27:43.0,1.19′ × 0.45′,0.01983333,General,,,,0,0,Work in progress
ngc-NGC5647,NGC 5647,Galaxy,Bootes,15.41,14:30:36.10,+11:52:36.1,1.02′ × 0.24′,0.017,General,,,,0,0,Work in progress
ngc-NGC5648,NGC 5648,Galaxy,Bootes,14.29,14:30:32.60,+14:01:23.0,0.77′ × 0.63′,0.01283333,General,,,,0,0,Work in progress
ngc-NGC5650,NGC 5650,Galaxy,Virgo,13.8,14:31:01.08,+05:58:42.3,1.05′ × 0.24′,0.0175,General,,,,0,0,Work in progress
ngc-NGC5713,NGC 5713,Galaxy,Virgo,11.32,14:40:11.51,-00:17:20.3,2.47′ × 1.7′,0.04116667,General,,,,0,0,Work in progress
ngc-NGC5653,NGC 5653,Galaxy,Bootes,12.22,14:30:10.42,+31:12:55.8,1.6′ × 1.33′,0.02666667,General,,,,0,0,Work in progress
ngc-NGC5654,NGC 5654,Galaxy,Bootes,14.12,14:30:01.33,+36:21:39.3,1.25′ × 0.73′,0.02083333,General,,,,0,0,Work in progress
ngc-NGC5655,NGC 5655,Galaxy,Bootes,14.06,14:30:50.93,+13:58:07.5,0.73′ × 0.47′,0.01216667,General,,,,0,0,Work in progress
ngc-NGC5656,NGC 5656,Galaxy,Bootes,12.43,14:30:25.51,+35:19:15.7,1.26′ × 0.89′,0.021,General,,,,0,0,Work in progress
ngc-NGC5657,NGC 5657,Galaxy,Bootes,14.34,14:30:43.60,+29:10:51.0,1.75′ × 0.71′,0.02916667,General,,,,0,0,Work in progress
ngc-NGC5719,NGC 5719,Galaxy,Virgo,13.37,14:40:56.36,-00:19:05.6,3.08′ × 1.29′,0.05133333,General,,,,0,0,Work in progress
ngc-NGC5659,NGC 5659,Galaxy,Bootes,14.75,14:31:06.14,+25:21:18.4,1.79′ × 0.51′,0.02983333,General,,,,0,0,Work in progress
ngc-NGC5660,NGC 5660,Galaxy,Bootes,11.91,14:29:49.81,+49:37:21.6,2.64′ × 2.43′,0.044,General,,,,0,0,Work in progress
ngc-NGC5661,NGC 5661,Galaxy,Virgo,14.24,14:31:57.39,+06:15:01.5,1.14′ × 0.61′,0.019,General,,,,0,0,Work in progress
ngc-NGC5662,NGC 5662,Open cluster,Centaurus,5.5,14:35:37.58,-56:37:05.1,8.1′,0.135,WideField,,,,0,0,Work in progress
ngc-NGC5663,NGC 5663,Galaxy,Libra,15.1,14:33:56.30,-16:34:51.8,0.92′ × 0.87′,0.01533333,General,,,,0,0,Work in progress
ngc-NGC5664,NGC 5664,Galaxy,Libra,14.52,14:33:43.62,-14:37:10.9,0.85′ × 0.39′,0.01416667,General,,,,0,0,Work in progress
ngc-NGC5665,NGC 5665,Galaxy,Bootes,12.61,14:32:25.74,+08:04:43.1,1.88′ × 1.17′,0.03133333,General,,,,0,0,Work in progress
ngc-NGC5666,NGC 5666,Galaxy,Bootes,13.52,14:33:09.21,+10:30:38.9,0.97′ × 0.75′,0.01616667,General,,,,0,0,Work in progress
ngc-NGC5667,NGC 5667,Galaxy,Draco,12.95,14:30:22.91,+59:28:11.2,1.62′ × 0.82′,0.027,General,,,,0,0,Work in progress
ngc-NGC5668,NGC 5668,Galaxy,Virgo,11.71,14:33:24.34,+04:27:01.6,1.91′ × 1.61′,0.03183333,General,,,,0,0,Work in progress
ngc-NGC5669,NGC 5669,Galaxy,Bootes,12.97,14:32:43.49,+09:53:25.6,2.57′ × 1.46′,0.04283333,General,,,,0,0,Work in progress
ngc-NGC5670,NGC 5670,Galaxy,Lupus,11.96,14:35:36.03,-45:58:01.1,2.59′ × 1.18′,0.04316667,General,,,,0,0,Work in progress
ngc-NGC5671,NGC 5671,Galaxy,Ursa Minor,14.32,14:27:42.00,+69:41:39.0,1.41′ × 1.02′,0.0235,General,,,,0,0,Work in progress
ngc-NGC5672,NGC 5672,Galaxy,Bootes,13.52,14:32:38.34,+31:40:12.6,0.91′ × 0.75′,0.01516667,General,,,,0,0,Work in progress
ngc-NGC5673,NGC 5673,Galaxy,Bootes,12.17,14:31:30.91,+49:57:31.4,2.33′ × 0.45′,0.03883333,General,,,,0,0,Work in progress
ngc-NGC5674,NGC 5674,Galaxy,Virgo,13.7,14:33:52.24,+05:27:29.6,1.15′ × 0.3′,0.01916667,General,,,,0,0,Work in progress
ngc-NGC5675,NGC 5675,Galaxy,Bootes,14,14:32:39.83,+36:18:07.9,2.27′ × 0.72′,0.03783333,General,,,,0,0,Work in progress
ngc-NGC5676,NGC 5676,Galaxy,Bootes,11.22,14:32:46.85,+49:27:28.4,3.59′ × 1.61′,0.05983333,General,,,,0,0,Work in progress
ngc-NGC5677,NGC 5677,Galaxy,Bootes,14.7,14:34:12.74,+25:28:04.9,0.94′ × 0.7′,0.01566667,General,,,,0,0,Work in progress
ngc-NGC5678,NGC 5678,Galaxy,Draco,11.43,14:32:05.61,+57:55:17.2,2.96′ × 1.55′,0.04933333,General,,,,0,0,Work in progress
ngc-NGC5679,NGC 5679,Galaxy triplet,Virgo,,14:35:08.70,+05:21:23.0,1.6′,0.02666667,General,,,,0,0,Work in progress
ngc-NGC5680,NGC 5680,Galaxy,Virgo,15.32,14:35:44.53,-00:00:48.1,0.96′ × 0.67′,0.016,General,,,,0,0,Work in progress
ngc-NGC5681,NGC 5681,Galaxy,Bootes,14.3,14:35:42.87,+08:18:02.2,0.86′ × 0.61′,0.01433333,General,,,,0,0,Work in progress
ngc-NGC5682,NGC 5682,Galaxy,Bootes,14.34,14:34:44.98,+48:40:12.9,0.65′ × 0.24′,0.01083333,General,,,,0,0,Work in progress
ngc-NGC5683,NGC 5683,Galaxy,Bootes,15.04,14:34:52.45,+48:39:42.9,0.57′ × 0.49′,0.0095,General,,,,0,0,Work in progress
ngc-NGC5684,NGC 5684,Galaxy,Bootes,12.72,14:35:50.16,+36:32:35.6,1.41′ × 1.12′,0.0235,General,,,,0,0,Work in progress
ngc-NGC5685,NGC 5685,Galaxy,Bootes,14.72,14:36:15.37,+29:54:30.2,1.05′ × 0.94′,0.0175,General,,,,0,0,Work in progress
ngc-NGC5686,NGC 5686,Galaxy,Bootes,14.92,14:36:02.59,+36:30:11.5,0.77′ × 0.73′,0.01283333,General,,,,0,0,Work in progress
ngc-NGC5687,NGC 5687,Galaxy,Bootes,11.74,14:34:52.40,+54:28:33.1,2.41′ × 1.37′,0.04016667,General,,,,0,0,Work in progress
ngc-NGC5688,NGC 5688,Galaxy,Lupus,11.81,14:39:35.15,-45:01:08.4,4.13′ × 1.91′,0.06883333,General,,,,0,0,Work in progress
ngc-NGC5689,NGC 5689,Galaxy,Bootes,11.8,14:35:29.69,+48:44:29.9,3.66′ × 0.91′,0.061,General,,,,0,0,Work in progress
ngc-NGC5690,NGC 5690,Galaxy,Virgo,12.48,14:37:41.07,+02:17:27.0,3.2′ × 0.99′,0.05333333,General,,,,0,0,Work in progress
ngc-NGC5692,NGC 5692,Galaxy,Virgo,13.41,14:38:18.11,+03:24:37.2,0.95′ × 0.6′,0.01583333,General,,,,0,0,Work in progress
ngc-NGC5693,NGC 5693,Galaxy,Bootes,14.26,14:36:11.19,+48:35:06.1,1.57′ × 1.07′,0.02616667,General,,,,0,0,Work in progress
ngc-NGC5695,NGC 5695,Galaxy,Bootes,12.93,14:37:22.12,+36:34:04.1,0.99′ × 0.49′,0.0165,General,,,,0,0,Work in progress
ngc-NGC5696,NGC 5696,Galaxy,Bootes,13.95,14:36:57.08,+41:49:41.2,1.21′ × 0.84′,0.02016667,General,,,,0,0,Work in progress
ngc-NGC5697,NGC 5697,Galaxy,Bootes,14.66,14:36:32.06,+41:41:09.2,1′ × 0.64′,0.01666667,General,,,,0,0,Work in progress
ngc-NGC5698,NGC 5698,Galaxy,Bootes,14.01,14:37:14.70,+38:27:15.4,1.73′ × 0.74′,0.02883333,General,,,,0,0,Work in progress
ngc-NGC5699,NGC 5699,Galaxy,Bootes,15.66,14:38:42.36,+30:27:57.3,0.61′ × 0.56′,0.01016667,General,,,,0,0,Work in progress
ngc-NGC5700,NGC 5700,Galaxy,Bootes,15.09,14:37:01.56,+48:32:41.4,0.99′ × 0.55′,0.0165,General,,,,0,0,Work in progress
ngc-NGC5701,NGC 5701,Galaxy,Virgo,11.2,14:39:11.08,+05:21:48.5,2′ × 1.6′,0.03333333,General,,,,0,0,Work in progress
ngc-NGC5702,NGC 5702,Galaxy,Bootes,14.31,14:38:55.08,+20:30:24.2,1.19′ × 0.91′,0.01983333,General,,,,0,0,Work in progress
ngc-NGC5703,NGC 5703,Galaxy,Bootes,14.38,14:38:50.02,+30:26:33.1,1.51′ × 0.44′,0.02516667,General,,,,0,0,Work in progress
ngc-NGC5704,NGC 5704,Galaxy,Bootes,13.81,14:38:16.28,+40:27:24.3,1.56′ × 0.57′,0.026,General,,,,0,0,Work in progress
ngc-NGC5705,NGC 5705,Galaxy,Virgo,14.03,14:39:49.69,-00:43:06.5,1.35′ × 0.6′,0.0225,General,,,,0,0,Work in progress
ngc-NGC5707,NGC 5707,Galaxy,Bootes,13.21,14:37:30.77,+51:33:42.7,2.38′ × 0.6′,0.03966667,General,,,,0,0,Work in progress
ngc-NGC5710,NGC 5710,Galaxy,Bootes,12.99,14:39:16.19,+20:02:37.3,1.42′ × 1.03′,0.02366667,General,,,,0,0,Work in progress
ngc-NGC5711,NGC 5711,Galaxy,Bootes,15.14,14:39:22.56,+19:59:27.2,1.03′ × 0.46′,0.01716667,General,,,,0,0,Work in progress
ngc-NGC5712,NGC 5712,Galaxy,Ursa Minor,15.22,14:29:41.72,+78:51:51.3,0.72′ × 0.68′,0.012,General,,,,0,0,Work in progress
ngc-NGC5714,NGC 5714,Galaxy,Bootes,14.1,14:38:11.52,+46:38:17.7,2.84′ × 0.5′,0.04733333,General,,,,0,0,Work in progress
ngc-NGC5715,NGC 5715,Open cluster,Circinus,9.8,14:43:29.69,-57:34:37.3,3.6′,0.06,WideField,,,,0,0,Work in progress
ngc-NGC5716,NGC 5716,Galaxy,Libra,13.53,14:41:05.52,-17:28:37.1,1.57′ × 1.19′,0.02616667,General,,,,0,0,Work in progress
ngc-NGC5717,NGC 5717,Galaxy,Bootes,15.23,14:38:37.69,+46:39:47.3,1.02′ × 0.63′,0.017,General,,,,0,0,Work in progress
ngc-NGC5718,NGC 5718,Galaxy,Virgo,14.27,14:40:42.84,+03:27:55.5,1.54′ × 1.09′,0.02566667,General,,,,0,0,Work in progress
ngc-NGC5720,NGC 5720,Galaxy,Bootes,14.45,14:38:33.29,+50:48:54.8,1.9′ × 1.23′,0.03166667,General,,,,0,0,Work in progress
ngc-NGC5721,NGC 5721,Galaxy,Bootes,14.4,14:38:52.96,+46:40:28.0,0.35′ × 0.28′,0.00583333,General,,,,0,0,Work in progress
ngc-NGC5722,NGC 5722,Galaxy,Bootes,15.38,14:38:54.41,+46:39:56.2,0.72′ × 0.63′,0.012,General,,,,0,0,Work in progress
ngc-NGC5723,NGC 5723,Galaxy,Bootes,16.55,14:38:57.92,+46:41:22.6,0.64′ × 0.23′,0.01066667,General,,,,0,0,Work in progress
ngc-NGC5724,NGC 5724,Star,Bootes,18,14:39:02.13,+46:41:31.3,,,HighMagnification,,,,0,0,Work in progress
ngc-NGC5725,NGC 5725,Galaxy,Virgo,14.45,14:40:58.32,+02:11:11.6,0.95′ × 0.57′,0.01583333,General,,,,0,0,Work in progress
ngc-NGC5726,NGC 5726,Galaxy,Libra,13.97,14:42:56.05,-18:26:41.6,1.2′ × 0.93′,0.02,General,,,,0,0,Work in progress
ngc-NGC5727,NGC 5727,Galaxy,Bootes,13.65,14:40:26.12,+33:59:20.8,0.78′ × 0.31′,0.013,General,,,,0,0,Work in progress
ngc-NGC5728,NGC 5728,Galaxy,Libra,11.51,14:42:23.90,-17:15:11.1,3.2′ × 1.87′,0.05333333,General,,,,0,0,Work in progress
ngc-NGC5729,NGC 5729,Galaxy,Libra,12.98,14:42:06.88,-09:00:34.0,2.47′ × 0.62′,0.04116667,General,,,,0,0,Work in progress
ngc-NGC5730,NGC 5730,Galaxy,Bootes,14.45,14:39:52.16,+42:44:32.5,2.01′ × 0.38′,0.0335,General,,,,0,0,Work in progress
ngc-NGC5731,NGC 5731,Galaxy,Bootes,14.1,14:40:09.21,+42:46:46.4,1.5′ × 0.37′,0.025,General,,,,0,0,Work in progress
ngc-NGC5732,NGC 5732,Galaxy,Bootes,14.34,14:40:38.95,+38:38:16.1,1.23′ × 0.65′,0.0205,General,,,,0,0,Work in progress
ngc-NGC5733,NGC 5733,Galaxy,Virgo,14.68,14:42:45.93,-00:21:03.9,0.99′ × 0.34′,0.0165,General,,,,0,0,Work in progress
ngc-NGC5734,NGC 5734,Galaxy,Libra,13.77,14:45:09.05,-20:52:13.7,1.4′ × 0.92′,0.02333333,General,,,,0,0,Work in progress
ngc-NGC5735,NGC 5735,Galaxy,Bootes,13.36,14:42:33.24,+28:43:35.2,2′ × 1.47′,0.03333333,General,,,,0,0,Work in progress
ngc-NGC5736,NGC 5736,Galaxy,Bootes,14.69,14:43:30.81,+11:12:09.7,0.96′ × 0.62′,0.016,General,,,,0,0,Work in progress
ngc-NGC5737,NGC 5737,Galaxy,Bootes,14.58,14:43:11.82,+18:52:47.8,1.14′ × 0.78′,0.019,General,,,,0,0,Work in progress
ngc-NGC5738,NGC 5738,Galaxy,Virgo,14.64,14:43:56.37,+01:36:15.0,0.94′ × 0.48′,0.01566667,General,,,,0,0,Work in progress
ngc-NGC5739,NGC 5739,Galaxy,Bootes,13.27,14:42:28.91,+41:50:32.4,1.75′ × 1.26′,0.02916667,General,,,,0,0,Work in progress
ngc-NGC5740,NGC 5740,Galaxy,Virgo,11.9,14:44:24.45,+01:40:47.2,2.7′ × 1.34′,0.045,General,,,,0,0,Work in progress
ngc-NGC5741,NGC 5741,Galaxy,Libra,14.58,14:45:51.72,-11:54:51.4,1.05′ × 0.99′,0.0175,General,,,,0,0,Work in progress
ngc-NGC5742,NGC 5742,Galaxy,Libra,13.86,14:45:36.88,-11:48:34.7,1.17′ × 0.87′,0.0195,General,,,,0,0,Work in progress
ngc-NGC5743,NGC 5743,Galaxy,Libra,13.89,14:45:10.99,-20:54:48.6,1.29′ × 0.47′,0.0215,General,,,,0,0,Work in progress
ngc-NGC5744,NGC 5744,Galaxy,Libra,14.28,14:46:38.65,-18:30:47.8,1.05′ × 0.69′,0.0175,General,,,,0,0,Work in progress
ngc-NGC5745,NGC 5745,Galaxy triplet,Libra,14,14:45:02.16,-13:56:46.4,1.62′ × 0.81′,0.027,General,,,,0,0,Work in progress
ngc-NGC5746,NGC 5746,Galaxy,Virgo,10.55,14:44:55.92,+01:57:18.0,7.24′ × 1.08′,0.12066667,General,,,,0,0,Work in progress
ngc-NGC5747,NGC 5747,Galaxy pair,Bootes,,14:44:20.80,+12:07:47.0,1.3′,0.02166667,General,,,,0,0,Work in progress
ngc-NGC5748,NGC 5748,Galaxy,Bootes,15.28,14:45:05.11,+21:54:58.4,0.96′ × 0.63′,0.016,General,,,,0,0,Work in progress
ngc-NGC5749,NGC 5749,Open cluster,Lupus,8.8,14:48:53.94,-54:29:51.7,7.2′,0.12,WideField,,,,0,0,Work in progress
ngc-NGC5750,NGC 5750,Galaxy,Virgo,11.69,14:46:11.12,-00:13:22.6,2.65′ × 1.37′,0.04416667,General,,,,0,0,Work in progress
ngc-NGC5751,NGC 5751,Galaxy,Bootes,13.8,14:43:49.18,+53:24:02.4,1.3′ × 0.68′,0.02166667,General,,,,0,0,Work in progress
ngc-NGC5752,NGC 5752,Galaxy,Bootes,15.16,14:45:14.16,+38:43:43.9,0.77′ × 0.24′,0.01283333,General,,,,0,0,Work in progress
ngc-NGC5753,NGC 5753,Galaxy,Bootes,15.96,14:45:18.88,+38:48:21.2,0.54′ × 0.43′,0.009,General,,,,0,0,Work in progress
ngc-NGC5754,NGC 5754,Galaxy,Bootes,13.99,14:45:19.65,+38:43:52.4,1.28′ × 1.1′,0.02133333,General,,,,0,0,Work in progress
ngc-NGC5755,NGC 5755,Galaxy,Bootes,14.89,14:45:24.52,+38:46:47.6,0.46′ × 0.31′,0.00766667,General,,,,0,0,Work in progress
ngc-NGC5756,NGC 5756,Galaxy,Libra,12.28,14:47:33.73,-14:51:12.9,2.95′ × 1.13′,0.04916667,General,,,,0,0,Work in progress
ngc-NGC5757,NGC 5757,Galaxy,Libra,13.6,14:47:46.38,-19:04:42.8,2.09′ × 1.39′,0.03483333,General,,,,0,0,Work in progress
ngc-NGC5758,NGC 5758,Galaxy,Bootes,13.65,14:47:02.08,+13:40:06.2,1.11′ × 0.81′,0.0185,General,,,,0,0,Work in progress
ngc-NGC5759,NGC 5759,Galaxy pair,Bootes,14.9,14:47:14.61,+13:27:28.6,1.1′ × 0.51′,0.01833333,General,,,,0,0,Work in progress
ngc-NGC5760,NGC 5760,Galaxy,Bootes,14.19,14:47:42.26,+18:30:07.3,1.57′ × 0.65′,0.02616667,General,,,,0,0,Work in progress
ngc-NGC5761,NGC 5761,Galaxy,Libra,12.49,14:49:08.48,-20:22:33.7,1.79′ × 1.41′,0.02983333,General,,,,0,0,Work in progress
ngc-NGC5762,NGC 5762,Galaxy,Bootes,14.17,14:48:42.57,+12:27:26.0,1.34′ × 0.97′,0.02233333,General,,,,0,0,Work in progress
ngc-NGC5763,NGC 5763,Galaxy,Bootes,15.44,14:48:58.72,+12:29:24.5,0.64′ × 0.55′,0.01066667,General,,,,0,0,Work in progress
ngc-NGC5764,NGC 5764,Open cluster,Lupus,12.6,14:53:32.24,-52:40:13.9,4.2′,0.07,WideField,,,,0,0,Work in progress
ngc-NGC5765,NGC 5765,Galaxy pair,Virgo,,14:50:51.00,+05:07:01.0,1.2′,0.02,General,,,,0,0,Work in progress
ngc-NGC5766,NGC 5766,Galaxy,Libra,14.21,14:53:09.56,-21:23:38.8,0.96′ × 0.63′,0.016,General,,,,0,0,Work in progress
ngc-NGC5767,NGC 5767,Galaxy,Bootes,14.81,14:49:34.43,+47:22:34.2,0.95′ × 0.68′,0.01583333,General,,,,0,0,Work in progress
ngc-NGC5768,NGC 5768,Galaxy,Libra,13.57,14:52:07.95,-02:31:47.1,1.28′ × 0.97′,0.02133333,General,,,,0,0,Work in progress
ngc-NGC5769,NGC 5769,Galaxy,Bootes,14.88,14:52:41.53,+07:55:54.5,0.98′ × 0.79′,0.01633333,General,,,,0,0,Work in progress
ngc-NGC5770,NGC 5770,Galaxy,Virgo,12.27,14:53:15.02,+03:57:35.0,1.1′ × 0.9′,0.01833333,General,,,,0,0,Work in progress
ngc-NGC5771,NGC 5771,Galaxy,Bootes,14.78,14:52:14.33,+29:50:43.5,0.86′ × 0.75′,0.01433333,General,,,,0,0,Work in progress
ngc-NGC5772,NGC 5772,Galaxy,Bootes,13.71,14:51:38.88,+40:35:57.0,1.38′ × 0.52′,0.023,General,,,,0,0,Work in progress
ngc-NGC5773,NGC 5773,Galaxy,Bootes,14.62,14:52:30.42,+29:48:26.6,0.89′ × 0.89′,0.01483333,General,,,,0,0,Work in progress
ngc-NGC5774,NGC 5774,Galaxy,Virgo,12.24,14:53:42.46,+03:34:57.0,1.7′ × 1.06′,0.02833333,General,,,,0,0,Work in progress
ngc-NGC5775,NGC 5775,Galaxy,Virgo,11.43,14:53:57.60,+03:32:40.0,3.7′ × 0.85′,0.06166667,General,,,,0,0,Work in progress
ngc-NGC5776,NGC 5776,Galaxy,Virgo,14.56,14:54:32.75,+02:57:59.2,1.21′ × 0.8′,0.02016667,General,,,,0,0,Work in progress
ngc-NGC5777,NGC 5777,Galaxy,Draco,14.03,14:51:17.85,+58:58:40.6,2.96′ × 0.42′,0.04933333,General,,,,0,0,Work in progress
ngc-NGC5778,NGC 5778,Galaxy,Bootes,13.93,14:54:31.49,+18:38:32.3,1.23′ × 0.79′,0.0205,General,,,,0,0,Work in progress
ngc-NGC5779,NGC 5779,Galaxy,Draco,15.53,14:52:09.56,+55:53:58.0,0.73′ × 0.69′,0.01216667,General,,,,0,0,Work in progress
ngc-NGC5780,NGC 5780,Galaxy,Bootes,13.96,14:54:22.67,+28:56:22.8,0.69′ × 0.45′,0.0115,General,,,,0,0,Work in progress
ngc-NGC5781,NGC 5781,Galaxy,Libra,13.82,14:56:41.22,-17:14:38.2,1.29′ × 0.7′,0.0215,General,,,,0,0,Work in progress
ngc-NGC5782,NGC 5782,Galaxy,Bootes,14.76,14:55:55.27,+11:51:41.5,0.95′ × 0.84′,0.01583333,General,,,,0,0,Work in progress
ngc-NGC5783,NGC 5783,Galaxy,Bootes,13.84,14:53:28.31,+52:04:34.0,2.45′ × 1.49′,0.04083333,General,,,,0,0,Work in progress
ngc-NGC5784,NGC 5784,Galaxy,Bootes,13.65,14:54:16.45,+42:33:28.5,1.48′ × 1.36′,0.02466667,General,,,,0,0,Work in progress
ngc-NGC5786,NGC 5786,Galaxy,Centaurus,11.89,14:58:56.26,-42:00:48.1,2.4′ × 1.32′,0.04,General,,,,0,0,Work in progress
ngc-NGC5787,NGC 5787,Galaxy,Bootes,13.95,14:55:15.58,+42:30:24.7,1.15′ × 1.04′,0.01916667,General,,,,0,0,Work in progress
ngc-NGC5788,NGC 5788,Galaxy,Bootes,15.6,14:53:16.99,+52:02:39.3,0.73′ × 0.59′,0.01216667,General,,,,0,0,Work in progress
ngc-NGC5789,NGC 5789,Galaxy,Bootes,13.84,14:56:35.52,+30:14:02.5,1.15′ × 1.03′,0.01916667,General,,,,0,0,Work in progress
ngc-NGC5790,NGC 5790,Galaxy,Bootes,14.79,14:57:35.81,+08:17:07.0,1.18′ × 0.78′,0.01966667,General,,,,0,0,Work in progress
ngc-NGC5791,NGC 5791,Galaxy,Libra,11.85,14:58:46.22,-19:16:00.7,2.71′ × 1.43′,0.04516667,General,,,,0,0,Work in progress
ngc-NGC5792,NGC 5792,Galaxy,Libra,11.26,14:58:22.71,-01:05:27.9,3.55′ × 1.38′,0.05916667,General,,,,0,0,Work in progress
ngc-NGC5793,NGC 5793,Galaxy,Libra,13.23,14:59:24.76,-16:41:36.1,1.94′ × 0.65′,0.03233333,General,,,,0,0,Work in progress
ngc-NGC5794,NGC 5794,Galaxy,Bootes,14.32,14:55:53.63,+49:43:33.9,1.07′ × 0.91′,0.01783333,General,,,,0,0,Work in progress
ngc-NGC5795,NGC 5795,Galaxy,Bootes,14.67,14:56:19.88,+49:24:00.2,0.78′ × 0.33′,0.013,General,,,,0,0,Work in progress
ngc-NGC5796,NGC 5796,Galaxy,Libra,11.58,14:59:24.11,-16:37:25.9,2.65′ × 2.18′,0.04416667,General,,,,0,0,Work in progress
ngc-NGC5797,NGC 5797,Galaxy,Bootes,13.51,14:56:24.05,+49:41:46.2,1.58′ × 1.01′,0.02633333,General,,,,0,0,Work in progress
ngc-NGC5798,NGC 5798,Galaxy,Bootes,13.43,14:57:37.97,+29:58:06.6,1.24′ × 0.83′,0.02066667,General,,,,0,0,Work in progress
ngc-NGC5799,NGC 5799,Galaxy,Apus,14.02,15:05:35.21,-72:25:58.2,1.2′ × 1.09′,0.02,General,,,,0,0,Work in progress
ngc-NGC5800,NGC 5800,Open cluster,Lupus,,15:01:47.87,-51:55:06.9,4.5′,0.075,WideField,,,,0,0,Work in progress
ngc-NGC5801,NGC 5801,Galaxy,Libra,15.86,15:00:25.94,-13:54:15.5,0.71′ × 0.53′,0.01183333,General,,,,0,0,Work in progress
ngc-NGC5802,NGC 5802,Galaxy,Libra,15.3,15:00:30.00,-13:55:08.5,1.29′ × 0.81′,0.0215,General,,,,0,0,Work in progress
ngc-NGC5803,NGC 5803,Galaxy,Libra,15.78,15:00:34.54,-13:53:40.3,0.67′ × 0.5′,0.01116667,General,,,,0,0,Work in progress
ngc-NGC5804,NGC 5804,Galaxy,Bootes,15.94,14:57:06.80,+49:40:08.5,1.17′ × 1.05′,0.0195,General,,,,0,0,Work in progress
ngc-NGC5805,NGC 5805,Galaxy pair,Bootes,,14:57:11.90,+49:37:40.0,0.7′,0.01166667,General,,,,0,0,Work in progress
ngc-NGC5806,NGC 5806,Galaxy,Virgo,11.65,15:00:00.40,+01:53:28.7,3.03′ × 1.63′,0.0505,General,,,,0,0,Work in progress
ngc-NGC5807,NGC 5807,Galaxy,Draco,15.25,14:55:48.67,+63:54:12.5,0.78′ × 0.65′,0.013,General,,,,0,0,Work in progress
ngc-NGC5808,NGC 5808,Galaxy,Ursa Minor,14.25,14:54:02.81,+73:07:54.1,0.95′ × 0.78′,0.01583333,General,,,,0,0,Work in progress
ngc-NGC5809,NGC 5809,Galaxy,Libra,14.42,15:00:52.33,-14:09:54.7,1.65′ × 0.6′,0.0275,General,,,,0,0,Work in progress
ngc-NGC5810,NGC 5810,Galaxy,Libra,14.02,15:02:42.73,-17:52:04.8,0.98′ × 0.52′,0.01633333,General,,,,0,0,Work in progress
ngc-NGC5811,NGC 5811,Galaxy pair,Virgo,14.8,15:00:26.90,+01:37:26.0,1.02′ × 0.91′,0.017,General,,,,0,0,Work in progress
ngc-NGC5812,NGC 5812,Galaxy,Libra,11.23,15:00:55.70,-07:27:26.5,2.66′ × 2.29′,0.04433333,General,,,,0,0,Work in progress
ngc-NGC5813,NGC 5813,Galaxy,Virgo,10.53,15:01:11.23,+01:42:07.1,4.13′ × 2.7′,0.06883333,General,,,,0,0,Work in progress
ngc-NGC5814,NGC 5814,Galaxy,Virgo,14.51,15:01:21.15,+01:38:13.5,0.82′ × 0.56′,0.01366667,General,,,,0,0,Work in progress
ngc-NGC5815,NGC 5815,Galaxy,Libra,14.43,15:00:29.29,-16:50:03.5,0.78′ × 0.26′,0.013,General,,,,0,0,Work in progress
ngc-NGC5816,NGC 5816,Galaxy,Libra,15.62,15:00:04.86,-16:05:37.1,0.95′ × 0.66′,0.01583333,General,,,,0,0,Work in progress
ngc-NGC5817,NGC 5817,Galaxy,Libra,15.4,14:59:40.85,-16:10:49.3,1.04′ × 0.85′,0.01733333,General,,,,0,0,Work in progress
ngc-NGC5818,NGC 5818,Galaxy,Bootes,14.76,14:58:58.39,+49:49:17.1,0.99′ × 0.77′,0.0165,General,,,,0,0,Work in progress
ngc-NGC5820,NGC 5820,Galaxy,Bootes,12.24,14:58:39.82,+53:53:09.9,1.66′ × 1.13′,0.02766667,General,,,,0,0,Work in progress
ngc-NGC5821,NGC 5821,Galaxy,Bootes,14.71,14:58:59.66,+53:55:23.8,1.49′ × 0.79′,0.02483333,General,,,,0,0,Work in progress
ngc-NGC5822,NGC 5822,Open cluster,Lupus,6.5,15:04:21.25,-54:23:47.1,18′,0.3,WideField,,,,0,0,Work in progress
ngc-NGC5824,NGC 5824,Globular cluster,Lupus,9.56,15:03:58.64,-33:04:05.3,5.1′,0.085,General,,,,0,0,Work in progress
ngc-NGC5826,NGC 5826,Galaxy,Draco,15.11,15:06:33.84,+55:28:44.8,1.39′ × 1.04′,0.02316667,General,,,,0,0,Work in progress
ngc-NGC5827,NGC 5827,Galaxy,Bootes,13.72,15:01:53.73,+25:57:52.3,1.04′ × 0.75′,0.01733333,General,,,,0,0,Work in progress
ngc-NGC5828,NGC 5828,Galaxy,Bootes,14.35,15:00:46.11,+49:59:37.2,0.84′ × 0.29′,0.014,General,,,,0,0,Work in progress
ngc-NGC5829,NGC 5829,Galaxy,Bootes,13.47,15:02:42.01,+23:20:01.0,1.42′ × 1.08′,0.02366667,General,,,,0,0,Work in progress
ngc-NGC5830,NGC 5830,Galaxy,Bootes,14.99,15:01:50.91,+47:52:31.4,0.9′ × 0.48′,0.015,General,,,,0,0,Work in progress
ngc-NGC5831,NGC 5831,Galaxy,Virgo,11.46,15:04:07.00,+01:13:11.7,2.24′ × 1.98′,0.03733333,General,,,,0,0,Work in progress
ngc-NGC5832,NGC 5832,Galaxy,Ursa Minor,12.26,14:57:45.71,+71:40:56.4,1.86′ × 0.78′,0.031,General,,,,0,0,Work in progress
ngc-NGC5833,NGC 5833,Galaxy,Apus,11.93,15:11:53.65,-72:51:33.9,3.1′ × 0.98′,0.05166667,General,,,,0,0,Work in progress
ngc-NGC5835,NGC 5835,Galaxy,Bootes,15.48,15:02:25.37,+48:52:39.7,1.13′ × 0.78′,0.01883333,General,,,,0,0,Work in progress
ngc-NGC5836,NGC 5836,Galaxy,Ursa Minor,14.84,14:59:30.99,+73:53:35.6,1.16′ × 0.93′,0.01933333,General,,,,0,0,Work in progress
ngc-NGC5837,NGC 5837,Galaxy,Bootes,14.4,15:04:40.58,+12:38:00.4,1′ × 0.62′,0.01666667,General,,,,0,0,Work in progress
ngc-NGC5838,NGC 5838,Galaxy,Virgo,10.81,15:05:26.26,+02:05:57.6,3.86′ × 1.29′,0.06433333,General,,,,0,0,Work in progress
ngc-NGC5839,NGC 5839,Galaxy,Virgo,12.19,15:05:27.49,+01:38:05.3,1.44′ × 1.29′,0.024,General,,,,0,0,Work in progress
ngc-NGC5840,NGC 5840,Unclassified object,Bootes,,15:04:20.55,+29:30:21.7,,,General,,,,0,0,Work in progress
ngc-NGC5841,NGC 5841,Galaxy,Virgo,14.5,15:06:35.04,+02:00:17.3,1.19′ × 0.49′,0.01983333,General,,,,0,0,Work in progress
ngc-NGC5842,NGC 5842,Galaxy,Bootes,15.26,15:04:51.99,+21:04:10.0,0.52′ × 0.5′,0.00866667,General,,,,0,0,Work in progress
ngc-NGC5843,NGC 5843,Galaxy,Lupus,13.13,15:07:27.89,-36:19:38.7,1.96′ × 1.24′,0.03266667,General,,,,0,0,Work in progress
ngc-NGC5844,NGC 5844,Planetary nebula,Triangulum Australe,13.2,15:10:40.95,-64:40:25.2,0.88′,0.01466667,HighMagnification,,,,0,0,Work in progress
ngc-NGC5845,NGC 5845,Galaxy,Virgo,11.4,15:06:00.81,+01:38:01.7,1′ × 0.71′,0.01666667,General,,,,0,0,Work in progress
ngc-NGC5846,NGC 5846,Galaxy,Virgo,10.18,15:06:29.28,+01:36:20.2,4.27′ × 4.05′,0.07116667,General,,,,0,0,Work in progress
ngc-NGC5847,NGC 5847,Galaxy,Virgo,15.17,15:06:22.27,+06:22:47.6,0.7′ × 0.47′,0.01166667,General,,,,0,0,Work in progress
ngc-NGC5849,NGC 5849,Galaxy,Libra,15.74,15:06:50.69,-14:34:18.6,1.05′ × 0.78′,0.0175,General,,,,0,0,Work in progress
ngc-NGC5850,NGC 5850,Galaxy,Virgo,11,15:07:07.69,+01:32:39.3,3.35′ × 2.37′,0.05583333,General,,,,0,0,Work in progress
ngc-NGC5851,NGC 5851,Galaxy,Bootes,15,15:06:53.42,+12:51:31.9,1.07′ × 0.38′,0.01783333,General,,,,0,0,Work in progress
ngc-NGC5852,NGC 5852,Galaxy,Bootes,14.59,15:06:56.41,+12:50:48.6,1.1′ × 0.71′,0.01833333,General,,,,0,0,Work in progress
ngc-NGC5853,NGC 5853,Galaxy,Bootes,14.59,15:05:53.29,+39:31:19.9,1.1′ × 0.65′,0.01833333,General,,,,0,0,Work in progress
ngc-NGC5854,NGC 5854,Galaxy,Virgo,11.8,15:07:47.70,+02:34:07.1,3.02′ × 0.71′,0.05033333,General,,,,0,0,Work in progress
ngc-NGC5855,NGC 5855,Galaxy,Virgo,15.34,15:07:49.04,+03:59:03.0,0.83′ × 0.61′,0.01383333,General,,,,0,0,Work in progress
ngc-NGC5856,NGC 5856,Optical double,Bootes,6.03,15:07:20.23,+18:26:32.8,,,HighMagnification,,,,0,0,Work in progress
ngc-NGC5857,NGC 5857,Galaxy,Bootes,13.09,15:07:27.31,+19:35:51.5,1.14′ × 0.57′,0.019,General,,,,0,0,Work in progress
ngc-NGC5858,NGC 5858,Galaxy,Libra,14.12,15:08:49.14,-11:12:28.2,2.16′ × 1.19′,0.036,General,,,,0,0,Work in progress
ngc-NGC5859,NGC 5859,Galaxy,Bootes,12.43,15:07:34.74,+19:34:56.3,2.55′ × 0.63′,0.0425,General,,,,0,0,Work in progress
ngc-NGC5860,NGC 5860,Galaxy pair,Bootes,,15:06:33.80,+42:38:29.0,0.8′,0.01333333,General,,,,0,0,Work in progress
ngc-NGC5861,NGC 5861,Galaxy,Libra,11.69,15:09:16.09,-11:19:18.0,2.78′ × 1.11′,0.04633333,General,,,,0,0,Work in progress
ngc-NGC5862,NGC 5862,Galaxy,Draco,15.56,15:06:03.31,+55:34:25.9,0.77′ × 0.51′,0.01283333,General,,,,0,0,Work in progress
ngc-NGC5863,NGC 5863,Galaxy,Libra,13.23,15:10:48.36,-18:25:51.7,1.45′ × 1.16′,0.02416667,General,,,,0,0,Work in progress
ngc-NGC5864,NGC 5864,Galaxy,Virgo,12.72,15:09:33.56,+03:03:09.9,2.49′ × 0.77′,0.0415,General,,,,0,0,Work in progress
ngc-NGC5865,NGC 5865,Galaxy,Virgo,14.77,15:09:49.18,+00:31:47.4,1.25′ × 1.03′,0.02083333,General,,,,0,0,Work in progress
ngc-NGC5867,NGC 5867,Galaxy,Draco,16.77,15:06:24.32,+55:43:53.7,0.44′ × 0.36′,0.00733333,General,,,,0,0,Work in progress
ngc-NGC5869,NGC 5869,Galaxy,Virgo,12.19,15:09:49.44,+00:28:12.1,2.17′ × 1.39′,0.03616667,General,,,,0,0,Work in progress
ngc-NGC5871,NGC 5871,Star,Virgo,,15:10:04.79,+00:29:52.8,,,HighMagnification,,,,0,0,Work in progress
ngc-NGC5872,NGC 5872,Galaxy,Libra,14.21,15:10:55.66,-11:28:48.5,1.77′ × 0.96′,0.0295,General,,,,0,0,Work in progress
ngc-NGC5873,NGC 5873,Planetary nebula,Lupus,11,15:12:50.80,-38:07:32.0,0.12′,0.002,HighMagnification,,,,0,0,Work in progress
ngc-NGC5874,NGC 5874,Galaxy,Bootes,12.49,15:07:51.83,+54:45:10.0,2.38′ × 1.56′,0.03966667,General,,,,0,0,Work in progress
ngc-NGC5875,NGC 5875,Galaxy,Bootes,13.34,15:09:13.16,+52:31:42.4,2.42′ × 1.08′,0.04033333,General,,,,0,0,Work in progress
ngc-NGC5876,NGC 5876,Galaxy,Bootes,13.71,15:09:31.56,+54:30:23.4,2.46′ × 1.16′,0.041,General,,,,0,0,Work in progress
ngc-NGC5877,NGC 5877,Optical double,Libra,,15:12:53.07,-04:55:38.0,,,HighMagnification,,,,0,0,Work in progress
ngc-NGC5878,NGC 5878,Galaxy,Libra,11.67,15:13:45.71,-14:16:11.4,3.27′ × 1.21′,0.0545,General,,,,0,0,Work in progress
ngc-NGC5879,NGC 5879,Galaxy,Draco,11.47,15:09:46.73,+57:00:00.7,3.79′ × 1.42′,0.06316667,General,,,,0,0,Work in progress
ngc-NGC5880,NGC 5880,Galaxy,Libra,15.04,15:15:01.14,-14:34:44.5,0.87′ × 0.67′,0.0145,General,,,,0,0,Work in progress
ngc-NGC5881,NGC 5881,Galaxy,Draco,14.06,15:06:20.82,+62:58:51.5,0.81′ × 0.58′,0.0135,General,,,,0,0,Work in progress
ngc-NGC5882,NGC 5882,Planetary nebula,Lupus,10.18,15:16:50.00,-45:38:57.5,0.23′,0.00383333,HighMagnification,,,,0,0,Work in progress
ngc-NGC5883,NGC 5883,Galaxy,Libra,14.54,15:15:10.18,-14:37:01.4,1.29′ × 0.85′,0.0215,General,,,,0,0,Work in progress
ngc-NGC5884,NGC 5884,Optical double,Bootes,,15:13:09.13,+31:51:39.8,,,HighMagnification,,,,0,0,Work in progress
ngc-NGC5885,NGC 5885,Galaxy,Libra,11.7,15:15:04.16,-10:05:09.6,3.07′ × 2.59′,0.05116667,General,,,,0,0,Work in progress
ngc-NGC5886,NGC 5886,Galaxy,Bootes,14.87,15:12:45.44,+41:14:00.9,0.86′ × 0.6′,0.01433333,General,,,,0,0,Work in progress
ngc-NGC5887,NGC 5887,Galaxy,Serpens,14.87,15:14:43.98,+01:09:15.3,1.38′ × 1.08′,0.023,General,,,,0,0,Work in progress
ngc-NGC5888,NGC 5888,Galaxy,Bootes,14.17,15:13:07.37,+41:15:52.7,1.33′ × 0.81′,0.02216667,General,,,,0,0,Work in progress
ngc-NGC5889,NGC 5889,Galaxy,Bootes,15.93,15:13:15.75,+41:19:40.7,0.7′ × 0.27′,0.01166667,General,,,,0,0,Work in progress
ngc-NGC5890,NGC 5890,Galaxy,Libra,14.22,15:17:51.17,-17:35:21.1,1.56′ × 1.08′,0.026,General,,,,0,0,Work in progress
ngc-NGC5891,NGC 5891,Galaxy,Libra,14.59,15:16:13.40,-11:29:39.3,0.83′ × 0.54′,0.01383333,General,,,,0,0,Work in progress
ngc-NGC5892,NGC 5892,Galaxy,Libra,12.17,15:13:48.21,-15:27:50.0,3.05′ × 2.39′,0.05083333,General,,,,0,0,Work in progress
ngc-NGC5893,NGC 5893,Galaxy,Bootes,14.07,15:13:34.17,+41:57:31.7,1.05′ × 0.97′,0.0175,General,,,,0,0,Work in progress
ngc-NGC5894,NGC 5894,Galaxy,Draco,13.22,15:11:40.98,+59:48:32.2,2.98′ × 0.47′,0.04966667,General,,,,0,0,Work in progress
ngc-NGC5895,NGC 5895,Galaxy,Bootes,15.2,15:13:50.00,+42:00:29.1,0.87′ × 0.23′,0.0145,General,,,,0,0,Work in progress
ngc-NGC5896,NGC 5896,Galaxy,Bootes,15.38,15:13:50.68,+42:01:27.4,0.29′ × 0.26′,0.00483333,General,,,,0,0,Work in progress
ngc-NGC5897,NGC 5897,Globular cluster,Libra,8.52,15:17:24.40,-21:00:36.4,9.9′,0.165,General,,,,0,0,Work in progress
ngc-NGC5898,NGC 5898,Galaxy,Libra,11.38,15:18:13.56,-24:05:52.6,2.66′ × 2.37′,0.04433333,General,,,,0,0,Work in progress
ngc-NGC5899,NGC 5899,Galaxy,Bootes,12.28,15:15:03.22,+42:02:59.4,2.1′ × 0.85′,0.035,General,,,,0,0,Work in progress
ngc-NGC5900,NGC 5900,Galaxy,Bootes,13.39,15:15:05.16,+42:12:33.9,1.49′ × 0.54′,0.02483333,General,,,,0,0,Work in progress
ngc-NGC5901,NGC 5901,Star,Bootes,,15:15:02.60,+42:13:41.0,,,HighMagnification,,,,0,0,Work in progress
ngc-NGC5902,NGC 5902,Galaxy,Bootes,14.72,15:14:22.40,+50:19:46.8,1.26′ × 1.11′,0.021,General,,,,0,0,Work in progress
ngc-NGC5903,NGC 5903,Galaxy,Libra,11.27,15:18:36.53,-24:04:06.9,3′ × 2.23′,0.05,General,,,,0,0,Work in progress
ngc-NGC5905,NGC 5905,Galaxy,Draco,12.5,15:15:23.32,+55:31:02.5,3.22′ × 2.6′,0.05366667,General,,,,0,0,Work in progress
ngc-NGC5907,NGC 5907,Galaxy,Draco,10.37,15:15:53.77,+56:19:43.6,11.3′ × 1.75′,0.18833333,General,,,,0,0,Work in progress
ngc-NGC5908,NGC 5908,Galaxy,Draco,11.89,15:16:43.22,+55:24:33.3,3.37′ × 1.61′,0.05616667,General,,,,0,0,Work in progress
ngc-NGC5909,NGC 5909,Galaxy,Ursa Minor,13.58,15:11:28.03,+75:23:01.7,1′ × 0.56′,0.01666667,General,,,,0,0,Work in progress
ngc-NGC5910,NGC 5910,Galaxy triplet,Serpens,,15:19:25.10,+20:53:42.0,1.1′,0.01833333,General,,,,0,0,Work in progress
ngc-NGC5911,NGC 5911,Galaxy,Serpens,14.59,15:20:18.22,+03:31:06.0,1.09′ × 0.69′,0.01816667,General,,,,0,0,Work in progress
ngc-NGC5912,NGC 5912,Galaxy,Ursa Minor,12.98,15:11:40.90,+75:23:05.3,1.04′ × 0.91′,0.01733333,General,,,,0,0,Work in progress
ngc-NGC5913,NGC 5913,Galaxy,Serpens,14.18,15:20:55.44,-02:34:40.6,1.85′ × 0.75′,0.03083333,General,,,,0,0,Work in progress
ngc-NGC5914,NGC 5914,Galaxy,Bootes,14.51,15:18:43.82,+41:51:55.7,0.92′ × 0.36′,0.01533333,General,,,,0,0,Work in progress
ngc-NGC5915,NGC 5915,Galaxy,Libra,12.41,15:21:33.08,-13:05:30.3,1.67′ × 1.23′,0.02783333,General,,,,0,0,Work in progress
ngc-NGC5916,NGC 5916,Galaxy,Libra,13.48,15:21:37.92,-13:10:09.4,3.09′ × 0.7′,0.0515,General,,,,0,0,Work in progress
ngc-NGC5917,NGC 5917,Galaxy,Libra,13.81,15:21:32.57,-07:22:37.8,1.68′ × 1.05′,0.028,General,,,,0,0,Work in progress
ngc-NGC5918,NGC 5918,Galaxy,Bootes,13.91,15:19:25.26,+45:52:48.9,2.01′ × 0.84′,0.0335,General,,,,0,0,Work in progress
ngc-NGC5919,NGC 5919,Galaxy,Serpens,14.44,15:21:36.88,+07:43:09.5,1′ × 0.59′,0.01666667,General,,,,0,0,Work in progress
ngc-NGC5920,NGC 5920,Galaxy,Serpens,13.77,15:21:51.85,+07:42:31.7,1.28′ × 0.7′,0.02133333,General,,,,0,0,Work in progress
ngc-NGC5921,NGC 5921,Galaxy,Serpens,11.02,15:21:56.56,+05:04:13.9,3.02′ × 2.03′,0.05033333,General,,,,0,0,Work in progress
ngc-NGC5923,NGC 5923,Galaxy,Bootes,13.13,15:21:14.24,+41:43:33.4,1.33′ × 1.22′,0.02216667,General,,,,0,0,Work in progress
ngc-NGC5924,NGC 5924,Galaxy,Corona Borealis,15.34,15:22:01.98,+31:13:59.1,0.65′ × 0.33′,0.01083333,General,,,,0,0,Work in progress
ngc-NGC5925,NGC 5925,Open cluster,Norma,8.4,15:27:26.82,-54:31:43.6,4.8′,0.08,WideField,,,,0,0,Work in progress
ngc-NGC5926,NGC 5926,Galaxy,Serpens,14.71,15:23:24.90,+12:42:55.0,0.91′ × 0.91′,0.01516667,General,,,,0,0,Work in progress
ngc-NGC5927,NGC 5927,Globular cluster,Lupus,8.86,15:28:00.43,-50:40:22.0,6.6′,0.11,General,,,,0,0,Work in progress
ngc-NGC5928,NGC 5928,Galaxy,Serpens,13.68,15:26:02.88,+18:04:25.1,1.64′ × 1.08′,0.02733333,General,,,,0,0,Work in progress
ngc-NGC5929,NGC 5929,Galaxy,Bootes,14,15:26:06.16,+41:40:14.4,0.9′ × 0.83′,0.015,General,,,,0,0,Work in progress
ngc-NGC5930,NGC 5930,Galaxy,Bootes,12.53,15:26:07.94,+41:40:33.8,1.85′ × 0.79′,0.03083333,General,,,,0,0,Work in progress
ngc-NGC5931,NGC 5931,Galaxy,Serpens,14.49,15:29:29.63,+07:34:23.7,1.58′ × 0.93′,0.02633333,General,,,,0,0,Work in progress
ngc-NGC5932,NGC 5932,Galaxy,Bootes,14.82,15:26:48.21,+48:36:53.9,1.1′ × 1.06′,0.01833333,General,,,,0,0,Work in progress
ngc-NGC5933,NGC 5933,Galaxy,Bootes,15.6,15:27:01.57,+48:36:47.9,0.82′ × 0.59′,0.01366667,General,,,,0,0,Work in progress
ngc-NGC5934,NGC 5934,Galaxy,Bootes,14.44,15:28:12.78,+42:55:47.7,0.61′ × 0.29′,0.01016667,General,,,,0,0,Work in progress
ngc-NGC5935,NGC 5935,Galaxy,Bootes,14.85,15:28:16.71,+42:56:38.8,0.85′ × 0.4′,0.01416667,General,,,,0,0,Work in progress
ngc-NGC5936,NGC 5936,Galaxy,Serpens,12.46,15:30:00.83,+12:59:21.6,1.18′ × 1.12′,0.01966667,General,,,,0,0,Work in progress
ngc-NGC5937,NGC 5937,Galaxy,Serpens,13.08,15:30:46.13,-02:49:46.2,1.89′ × 1.08′,0.0315,General,,,,0,0,Work in progress
ngc-NGC5938,NGC 5938,Galaxy,Triangulum Australe,11.49,15:36:26.27,-66:51:35.1,2.31′ × 1.59′,0.0385,General,,,,0,0,Work in progress
ngc-NGC5939,NGC 5939,Galaxy,Ursa Minor,13.66,15:24:46.03,+68:43:50.3,0.82′ × 0.43′,0.01366667,General,,,,0,0,Work in progress
ngc-NGC5940,NGC 5940,Galaxy,Serpens,14.9,15:31:18.07,+07:27:27.9,0.78′ × 0.74′,0.013,General,,,,0,0,Work in progress
ngc-NGC5941,NGC 5941,Galaxy,Serpens,14.91,15:31:40.24,+07:20:20.4,0.9′ × 0.71′,0.015,General,,,,0,0,Work in progress
ngc-NGC5942,NGC 5942,Galaxy,Serpens,15.27,15:31:36.82,+07:18:44.7,0.71′ × 0.67′,0.01183333,General,,,,0,0,Work in progress
ngc-NGC5943,NGC 5943,Galaxy,Bootes,14.45,15:29:44.12,+42:46:40.7,1.24′ × 1.11′,0.02066667,General,,,,0,0,Work in progress
ngc-NGC5944,NGC 5944,Galaxy,Serpens,15.87,15:31:47.60,+07:18:29.3,0.86′ × 0.21′,0.01433333,General,,,,0,0,Work in progress
ngc-NGC5945,NGC 5945,Galaxy,Bootes,14.16,15:29:45.02,+42:55:07.2,1.66′ × 0.72′,0.02766667,General,,,,0,0,Work in progress
ngc-NGC5946,NGC 5946,Globular cluster,Norma,10.72,15:35:28.57,-50:39:35.0,3.6′,0.06,General,,,,0,0,Work in progress
ngc-NGC5947,NGC 5947,Galaxy,Bootes,14.58,15:30:36.60,+42:43:01.7,1.17′ × 0.82′,0.0195,General,,,,0,0,Work in progress
ngc-NGC5948,NGC 5948,Optical double,Serpens,,15:32:58.64,+03:58:58.2,,,HighMagnification,,,,0,0,Work in progress
ngc-NGC5949,NGC 5949,Galaxy,Draco,12.75,15:28:00.67,+64:45:47.5,1.84′ × 0.76′,0.03066667,General,,,,0,0,Work in progress
ngc-NGC5950,NGC 5950,Galaxy,Bootes,14.55,15:31:30.79,+40:25:48.1,1.25′ × 0.63′,0.02083333,General,,,,0,0,Work in progress
ngc-NGC5951,NGC 5951,Galaxy,Serpens,13.67,15:33:43.06,+15:00:26.2,3.03′ × 0.66′,0.0505,General,,,,0,0,Work in progress
ngc-NGC5952,NGC 5952,Galaxy,Serpens,15.77,15:34:56.44,+04:57:31.8,0.56′ × 0.43′,0.00933333,General,,,,0,0,Work in progress
ngc-NGC5953,NGC 5953,Galaxy,Serpens,12.45,15:34:32.38,+15:11:37.6,1.47′ × 1.12′,0.0245,General,,,,0,0,Work in progress
ngc-NGC5954,NGC 5954,Galaxy,Serpens,12.81,15:34:35.02,+15:12:00.2,1.02′ × 0.48′,0.017,General,,,,0,0,Work in progress
ngc-NGC5955,NGC 5955,Galaxy,Serpens,15.24,15:35:12.48,+05:03:46.8,0.72′ × 0.5′,0.012,General,,,,0,0,Work in progress
ngc-NGC5956,NGC 5956,Galaxy,Serpens,13.27,15:34:58.54,+11:45:01.0,1.49′ × 1.49′,0.02483333,General,,,,0,0,Work in progress
ngc-NGC5957,NGC 5957,Galaxy,Serpens,12.25,15:35:23.21,+12:02:51.4,2.44′ × 2.34′,0.04066667,General,,,,0,0,Work in progress
ngc-NGC5958,NGC 5958,Galaxy,Corona Borealis,13.25,15:34:49.15,+28:39:18.9,1.07′ × 1′,0.01783333,General,,,,0,0,Work in progress
ngc-NGC5959,NGC 5959,Galaxy,Libra,14.79,15:37:22.43,-16:35:44.8,2.09′ × 1.44′,0.03483333,General,,,,0,0,Work in progress
ngc-NGC5960,NGC 5960,Galaxy,Serpens,14.88,15:36:18.43,+05:39:55.3,0.88′ × 0.71′,0.01466667,General,,,,0,0,Work in progress
ngc-NGC5961,NGC 5961,Galaxy,Corona Borealis,13.78,15:35:16.32,+30:51:51.0,0.81′ × 0.33′,0.0135,General,,,,0,0,Work in progress
ngc-NGC5962,NGC 5962,Galaxy,Serpens,11.5,15:36:31.68,+16:36:28.0,2.48′ × 1.61′,0.04133333,General,,,,0,0,Work in progress
ngc-NGC5963,NGC 5963,Galaxy,Draco,12.12,15:33:27.86,+56:33:34.9,3.14′ × 2.47′,0.05233333,General,,,,0,0,Work in progress
ngc-NGC5964,NGC 5964,Galaxy,Serpens,11.82,15:37:36.22,+05:58:26.5,3.42′ × 2.56′,0.057,General,,,,0,0,Work in progress
ngc-NGC5965,NGC 5965,Galaxy,Draco,11.78,15:34:02.46,+56:41:08.2,5.08′ × 0.78′,0.08466667,General,,,,0,0,Work in progress
ngc-NGC5966,NGC 5966,Galaxy,Bootes,12.22,15:35:52.14,+39:46:08.2,1.53′ × 0.98′,0.0255,General,,,,0,0,Work in progress
ngc-NGC5967,NGC 5967,Galaxy,Apus,12.2,15:48:15.93,-75:40:22.6,2.37′ × 1.55′,0.0395,General,,,,0,0,Work in progress
ngc-NGC5968,NGC 5968,Galaxy,Lupus,12.23,15:39:57.17,-30:33:10.0,2.29′ × 2.13′,0.03816667,General,,,,0,0,Work in progress
ngc-NGC5969,NGC 5969,Galaxy,Draco,15.15,15:34:51.02,+56:27:03.9,0.79′ × 0.65′,0.01316667,General,,,,0,0,Work in progress
ngc-NGC5970,NGC 5970,Galaxy,Serpens,11.61,15:38:29.97,+12:11:11.8,2.77′ × 1.91′,0.04616667,General,,,,0,0,Work in progress
ngc-NGC5971,NGC 5971,Galaxy,Draco,14.72,15:35:36.89,+56:27:42.1,1.25′ × 0.53′,0.02083333,General,,,,0,0,Work in progress
ngc-NGC5972,NGC 5972,Galaxy,Serpens,14.27,15:38:54.17,+17:01:34.3,0.7′ × 0.57′,0.01166667,General,,,,0,0,Work in progress
ngc-NGC5973,NGC 5973,Galaxy,Libra,15.16,15:40:15.47,-08:36:03.4,0.92′ × 0.26′,0.01533333,General,,,,0,0,Work in progress
ngc-NGC5974,NGC 5974,Galaxy,Corona Borealis,14.16,15:39:02.42,+31:45:35.7,0.58′ × 0.33′,0.00966667,General,,,,0,0,Work in progress
ngc-NGC5975,NGC 5975,Galaxy,Serpens,14.56,15:39:57.97,+21:28:14.9,0.93′ × 0.24′,0.0155,General,,,,0,0,Work in progress
ngc-NGC5976,NGC 5976,Galaxy,Draco,14.77,15:36:47.97,+59:23:51.9,0.98′ × 0.33′,0.01633333,General,,,,0,0,Work in progress
ngc-NGC5977,NGC 5977,Galaxy,Serpens,15.24,15:40:33.45,+17:07:40.7,0.91′ × 0.82′,0.01516667,General,,,,0,0,Work in progress
ngc-NGC5978,NGC 5978,Galaxy,Libra,15.55,15:42:27.22,-13:14:04.0,0.81′ × 0.74′,0.0135,General,,,,0,0,Work in progress
ngc-NGC5979,NGC 5979,Planetary nebula,Triangulum Australe,11.5,15:47:41.06,-61:13:04.3,0.13′,0.00216667,HighMagnification,,,,0,0,Work in progress
ngc-NGC5980,NGC 5980,Galaxy,Serpens,13.21,15:41:30.40,+15:47:15.6,1.63′ × 0.52′,0.02716667,General,,,,0,0,Work in progress
ngc-NGC5981,NGC 5981,Galaxy,Draco,12.93,15:37:53.45,+59:23:30.3,2.73′ × 0.37′,0.0455,General,,,,0,0,Work in progress
ngc-NGC5982,NGC 5982,Galaxy,Draco,11.07,15:38:39.83,+59:21:21.0,3.07′ × 2′,0.05116667,General,,,,0,0,Work in progress
ngc-NGC5983,NGC 5983,Galaxy,Serpens,15.03,15:42:45.63,+08:14:28.0,0.97′ × 0.92′,0.01616667,General,,,,0,0,Work in progress
ngc-NGC5984,NGC 5984,Galaxy,Serpens,13.28,15:42:53.17,+14:13:53.3,2.48′ × 0.57′,0.04133333,General,,,,0,0,Work in progress
ngc-NGC5985,NGC 5985,Galaxy,Draco,11.81,15:39:37.09,+59:19:55.0,3.98′ × 2.01′,0.06633333,General,,,,0,0,Work in progress
ngc-NGC5986,NGC 5986,Globular cluster,Lupus,6.92,15:46:03.44,-37:47:10.1,5.4′,0.09,General,,,,0,0,Work in progress
ngc-NGC5987,NGC 5987,Galaxy,Draco,11.72,15:39:57.37,+58:04:46.3,3.84′ × 1.32′,0.064,General,,,,0,0,Work in progress
ngc-NGC5988,NGC 5988,Galaxy,Serpens,15.01,15:44:33.86,+10:17:35.3,1.12′ × 0.77′,0.01866667,General,,,,0,0,Work in progress
ngc-NGC5989,NGC 5989,Galaxy,Draco,13.56,15:41:32.80,+59:45:18.8,0.88′ × 0.82′,0.01466667,General,,,,0,0,Work in progress
ngc-NGC5990,NGC 5990,Galaxy,Serpens,13.3,15:46:16.36,+02:24:55.5,1.59′ × 0.95′,0.0265,General,,,,0,0,Work in progress
ngc-NGC5991,NGC 5991,Galaxy,Serpens,14.42,15:45:16.78,+24:37:49.9,1′ × 0.78′,0.01666667,General,,,,0,0,Work in progress
ngc-NGC5992,NGC 5992,Galaxy,Bootes,13.97,15:44:21.51,+41:05:10.9,0.69′ × 0.47′,0.0115,General,,,,0,0,Work in progress
ngc-NGC5993,NGC 5993,Galaxy,Bootes,13.51,15:44:27.62,+41:07:14.9,0.95′ × 0.6′,0.01583333,General,,,,0,0,Work in progress
ngc-NGC5994,NGC 5994,Galaxy,Serpens,15.6,15:46:53.26,+17:52:21.4,0.6′ × 0.3′,0.01,General,,,,0,0,Work in progress
ngc-NGC5995,NGC 5995,Galaxy,Libra,13.69,15:48:24.95,-13:45:28.0,1.02′ × 0.79′,0.017,General,,,,0,0,Work in progress
ngc-NGC5996,NGC 5996,Galaxy,Serpens,12.79,15:46:58.88,+17:53:03.1,1.5′ × 0.68′,0.025,General,,,,0,0,Work in progress
ngc-NGC5997,NGC 5997,Galaxy,Serpens,15.61,15:47:27.67,+08:19:16.3,0.68′ × 0.3′,0.01133333,General,,,,0,0,Work in progress
ngc-NGC5998,NGC 5998,Open cluster,Scorpius,,15:49:38.21,-28:34:41.6,5.4′,0.09,WideField,,,,0,0,Work in progress
ngc-NGC5999,NGC 5999,Open cluster,Norma,9,15:52:08.63,-56:28:22.1,3.3′,0.055,WideField,,,,0,0,Work in progress
ngc-NGC6000,NGC 6000,Galaxy,Scorpius,13,15:49:49.55,-29:23:12.6,1.91′ × 1.66′,0.03183333,General,,,,0,0,Work in progress
ngc-NGC6001,NGC 6001,Galaxy,Corona Borealis,14.26,15:47:45.96,+28:38:30.1,1.06′ × 0.95′,0.01766667,General,,,,0,0,Work in progress
ngc-NGC6002,NGC 6002,Star,Corona Borealis,,15:47:44.39,+28:36:34.9,,,HighMagnification,,,,0,0,Work in progress
ngc-NGC6003,NGC 6003,Galaxy,Serpens,13.36,15:49:25.64,+19:01:55.5,0.97′ × 0.87′,0.01616667,General,,,,0,0,Work in progress
ngc-NGC6004,NGC 6004,Galaxy,Serpens,13.37,15:50:22.72,+18:56:21.4,1.89′ × 1.49′,0.0315,General,,,,0,0,Work in progress
ngc-NGC6005,NGC 6005,Open cluster,Norma,10.7,15:55:48.70,-57:26:14.6,4.2′,0.07,WideField,,,,0,0,Work in progress
ngc-NGC6006,NGC 6006,Galaxy,Serpens,15.51,15:53:02.57,+12:00:19.3,0.71′ × 0.42′,0.01183333,General,,,,0,0,Work in progress
ngc-NGC6007,NGC 6007,Galaxy,Serpens,13.2,15:53:23.18,+11:57:33.1,1.55′ × 1.19′,0.02583333,General,,,,0,0,Work in progress
ngc-NGC6008,NGC 6008,Galaxy,Serpens,14.09,15:52:56.03,+21:06:01.8,1.16′ × 0.89′,0.01933333,General,,,,0,0,Work in progress
ngc-NGC6009,NGC 6009,Galaxy,Serpens,15.63,15:53:24.08,+12:03:31.2,0.66′ × 0.26′,0.011,General,,,,0,0,Work in progress
ngc-NGC6010,NGC 6010,Galaxy,Serpens,13.17,15:54:19.15,+00:32:35.0,1.82′ × 0.4′,0.03033333,General,,,,0,0,Work in progress
ngc-NGC6011,NGC 6011,Galaxy,Ursa Minor,14.4,15:46:32.89,+72:10:09.2,1.77′ × 0.48′,0.0295,General,,,,0,0,Work in progress
ngc-NGC6012,NGC 6012,Galaxy,Serpens,11.96,15:54:13.94,+14:36:04.5,1.77′ × 1.27′,0.0295,General,,,,0,0,Work in progress
ngc-NGC6013,NGC 6013,Galaxy,Hercules,13.63,15:52:52.84,+40:38:48.2,1.44′ × 0.76′,0.024,General,,,,0,0,Work in progress
ngc-NGC6014,NGC 6014,Galaxy,Serpens,13.71,15:55:57.40,+05:55:54.8,1.75′ × 1.42′,0.02916667,General,,,,0,0,Work in progress
ngc-NGC6015,NGC 6015,Galaxy,Draco,11.17,15:51:25.23,+62:18:36.1,5.81′ × 2.57′,0.09683333,General,,,,0,0,Work in progress
ngc-NGC6016,NGC 6016,Galaxy,Corona Borealis,15,15:55:54.87,+26:57:59.4,0.98′ × 0.48′,0.01633333,General,,,,0,0,Work in progress
ngc-NGC6017,NGC 6017,Galaxy,Serpens,13.8,15:57:15.44,+05:59:54.2,0.8′ × 0.75′,0.01333333,General,,,,0,0,Work in progress
ngc-NGC6018,NGC 6018,Galaxy,Serpens,13.44,15:57:29.77,+15:52:21.4,1.32′ × 0.62′,0.022,General,,,,0,0,Work in progress
ngc-NGC6019,NGC 6019,Galaxy,Draco,15.72,15:52:09.14,+64:50:26.4,0.43′ × 0.39′,0.00716667,General,,,,0,0,Work in progress
ngc-NGC6020,NGC 6020,Galaxy,Serpens,12.73,15:57:08.14,+22:24:16.5,1.74′ × 1.1′,0.029,General,,,,0,0,Work in progress
ngc-NGC6021,NGC 6021,Galaxy,Serpens,13.03,15:57:30.69,+15:57:21.8,1.55′ × 0.91′,0.02583333,General,,,,0,0,Work in progress
ngc-NGC6022,NGC 6022,Galaxy,Serpens,14.72,15:57:47.77,+16:16:56.3,0.8′ × 0.57′,0.01333333,General,,,,0,0,Work in progress
ngc-NGC6023,NGC 6023,Galaxy,Serpens,13.13,15:57:49.62,+16:18:36.7,1.61′ × 1.16′,0.02683333,General,,,,0,0,Work in progress
ngc-NGC6024,NGC 6024,Galaxy,Draco,15.02,15:53:07.87,+64:55:05.0,0.98′ × 0.73′,0.01633333,General,,,,0,0,Work in progress
ngc-NGC6026,NGC 6026,Planetary nebula,Lupus,12.9,16:01:20.91,-34:32:39.2,0.67′,0.01116667,HighMagnification,,,,0,0,Work in progress
ngc-NGC6027,NGC 6027,Galaxy,Serpens,15.28,15:59:12.54,+20:45:48.1,1.64′ × 1.02′,0.02733333,General,,,,0,0,Work in progress
ngc-NGC6028,NGC 6028,Galaxy,Hercules,13.48,16:01:28.96,+19:21:35.6,1.31′ × 1.18′,0.02183333,General,,,,0,0,Work in progress
ngc-NGC6029,NGC 6029,Galaxy,Serpens,15.75,16:01:58.87,+12:34:26.4,0.8′ × 0.45′,0.01333333,General,,,,0,0,Work in progress
ngc-NGC6030,NGC 6030,Galaxy,Hercules,12.93,16:01:51.42,+17:57:27.0,1.29′ × 0.94′,0.0215,General,,,,0,0,Work in progress
ngc-NGC6031,NGC 6031,Open cluster,Norma,8.5,16:07:35.38,-54:00:53.8,4.8′,0.08,WideField,,,,0,0,Work in progress
ngc-NGC6032,NGC 6032,Galaxy,Hercules,13.56,16:03:01.12,+20:57:21.4,0.83′ × 0.51′,0.01383333,General,,,,0,0,Work in progress
ngc-NGC6033,NGC 6033,Galaxy,Serpens,14.93,16:04:27.98,-02:07:15.5,1′ × 0.91′,0.01666667,General,,,,0,0,Work in progress
ngc-NGC6034,NGC 6034,Galaxy,Hercules,13.53,16:03:32.08,+17:11:55.3,1.15′ × 0.83′,0.01916667,General,,,,0,0,Work in progress
ngc-NGC6035,NGC 6035,Galaxy,Hercules,13.5,16:03:24.18,+20:53:28.5,0.97′ × 0.85′,0.01616667,General,,,,0,0,Work in progress
ngc-NGC6036,NGC 6036,Galaxy,Serpens,13.87,16:04:30.75,+03:52:06.5,1.04′ × 0.39′,0.01733333,General,,,,0,0,Work in progress
ngc-NGC6037,NGC 6037,Galaxy,Serpens,15.34,16:04:29.90,+03:48:54.5,0.75′ × 0.67′,0.0125,General,,,,0,0,Work in progress
ngc-NGC6038,NGC 6038,Galaxy,Corona Borealis,14.32,16:02:40.55,+37:21:34.2,1.21′ × 1.05′,0.02016667,General,,,,0,0,Work in progress
ngc-NGC6039,NGC 6039,Galaxy,Hercules,14.1,16:04:39.57,+17:42:03.1,1′ × 0.81′,0.01666667,General,,,,0,0,Work in progress
ngc-NGC6040,NGC 6040,Galaxy pair,Hercules,14.6,16:04:26.63,+17:44:42.5,1.41′ × 0.44′,0.0235,General,,,,0,0,Work in progress
ngc-NGC6041,NGC 6041,Galaxy pair,Hercules,14.9,16:04:35.28,+17:43:09.3,1.48′ × 1.17′,0.02466667,General,,,,0,0,Work in progress
ngc-NGC6043,NGC 6043,Galaxy pair,Hercules,15.4,16:05:01.20,+17:46:26.0,0.74′ × 0.5′,0.01233333,General,,,,0,0,Work in progress
ngc-NGC6044,NGC 6044,Galaxy,Hercules,14.3,16:04:59.68,+17:52:13.3,0.65′ × 0.6′,0.01083333,General,,,,0,0,Work in progress
ngc-NGC6045,NGC 6045,Galaxy,Hercules,13.97,16:05:07.89,+17:45:27.6,1.4′ × 0.32′,0.02333333,General,,,,0,0,Work in progress
ngc-NGC6047,NGC 6047,Galaxy,Hercules,13.49,16:05:08.99,+17:43:47.6,1.18′ × 0.73′,0.01966667,General,,,,0,0,Work in progress
ngc-NGC6048,NGC 6048,Galaxy,Ursa Minor,13.54,15:57:30.25,+70:41:20.8,1.95′ × 1.32′,0.0325,General,,,,0,0,Work in progress
ngc-NGC6049,NGC 6049,Star,Serpens,6.27,16:05:37.93,+08:05:46.5,,,HighMagnification,,,,0,0,Work in progress
ngc-NGC6050,NGC 6050,Galaxy,Hercules,14.71,16:05:23.37,+17:45:25.8,0.86′ × 0.57′,0.01433333,General,,,,0,0,Work in progress
ngc-NGC6051,NGC 6051,Galaxy,Serpens,13.02,16:04:56.67,+23:55:57.7,2.69′ × 0.79′,0.04483333,General,,,,0,0,Work in progress
ngc-NGC6052,NGC 6052,Galaxy pair,Hercules,,16:05:12.99,+20:32:32.5,1.2′,0.02,General,,,,0,0,Work in progress
ngc-NGC6057,NGC 6057,Galaxy,Hercules,13.84,16:05:32.56,+18:09:34.5,1.22′ × 0.69′,0.02033333,General,,,,0,0,Work in progress
ngc-NGC6054,NGC 6054,Galaxy,Hercules,14.18,16:05:38.15,+17:46:04.4,0.83′ × 0.48′,0.01383333,General,,,,0,0,Work in progress
ngc-NGC6055,NGC 6055,Galaxy,Hercules,14.62,16:05:39.65,+18:09:51.7,0.68′ × 0.52′,0.01133333,General,,,,0,0,Work in progress
ngc-NGC6056,NGC 6056,Galaxy,Hercules,13.89,16:05:31.28,+17:57:49.1,0.98′ × 0.59′,0.01633333,General,,,,0,0,Work in progress
ngc-NGC6058,NGC 6058,Planetary nebula,Hercules,12.9,16:04:26.54,+40:40:59.0,0.38′,0.00633333,HighMagnification,,,,0,0,Work in progress
ngc-NGC6059,NGC 6059,Optical double,Ophiuchus,,16:06:48.00,-06:23:35.0,,,HighMagnification,,,,0,0,Work in progress
ngc-NGC6060,NGC 6060,Galaxy,Hercules,14.08,16:05:51.98,+21:29:05.9,1.89′ × 1.02′,0.0315,General,,,,0,0,Work in progress
ngc-NGC6061,NGC 6061,Galaxy,Hercules,13.64,16:06:16.03,+18:14:59.8,1.13′ × 0.95′,0.01883333,General,,,,0,0,Work in progress
ngc-NGC6062,NGC 6062,Galaxy,Hercules,13.7,16:06:22.82,+19:46:40.7,1.19′ × 0.79′,0.01983333,General,,,,0,0,Work in progress
ngc-NGC6063,NGC 6063,Galaxy,Serpens,13.95,16:07:12.99,+07:58:44.4,1.63′ × 0.85′,0.02716667,General,,,,0,0,Work in progress
ngc-NGC6065,NGC 6065,Galaxy,Serpens,14.86,16:07:22.96,+13:53:16.5,0.98′ × 0.94′,0.01633333,General,,,,0,0,Work in progress
ngc-NGC6066,NGC 6066,Galaxy,Serpens,15.05,16:07:35.35,+13:56:37.4,1′ × 0.77′,0.01666667,General,,,,0,0,Work in progress
ngc-NGC6067,NGC 6067,Open cluster,Norma,5.6,16:13:11.05,-54:13:08.2,8.1′,0.135,WideField,,,,0,0,Work in progress
ngc-NGC6068,NGC 6068,Galaxy,Ursa Minor,12.34,15:55:25.99,+78:59:48.4,1.29′ × 0.79′,0.0215,General,,,,0,0,Work in progress
ngc-NGC6069,NGC 6069,Galaxy,Corona Borealis,15.06,16:07:41.64,+38:55:50.7,1.09′ × 1.02′,0.01816667,General,,,,0,0,Work in progress
ngc-NGC6070,NGC 6070,Galaxy,Serpens,11.75,16:09:58.69,+00:42:33.5,3.49′ × 1.84′,0.05816667,General,,,,0,0,Work in progress
ngc-NGC6071,NGC 6071,Galaxy,Ursa Minor,14.72,16:02:07.03,+70:25:01.3,0.75′ × 0.56′,0.0125,General,,,,0,0,Work in progress
ngc-NGC6072,NGC 6072,Planetary nebula,Scorpius,11.7,16:12:58.20,-36:13:48.0,1.17′,0.0195,HighMagnification,,,,0,0,Work in progress
ngc-NGC6073,NGC 6073,Galaxy,Hercules,13.55,16:10:10.85,+16:41:58.6,1.31′ × 0.65′,0.02183333,General,,,,0,0,Work in progress
ngc-NGC6074,NGC 6074,Galaxy pair,Hercules,,16:11:17.00,+14:15:25.0,0.8′,0.01333333,General,,,,0,0,Work in progress
ngc-NGC6075,NGC 6075,Galaxy,Hercules,14.95,16:11:22.59,+23:57:54.0,1.03′ × 0.8′,0.01716667,General,,,,0,0,Work in progress
ngc-NGC6076,NGC 6076,Galaxy pair,Corona Borealis,,16:11:13.40,+26:52:21.0,0.8′,0.01333333,General,,,,0,0,Work in progress
ngc-NGC6077,NGC 6077,Galaxy,Corona Borealis,14.84,16:11:14.12,+26:55:24.3,1.16′ × 1.09′,0.01933333,General,,,,0,0,Work in progress
ngc-NGC6078,NGC 6078,Galaxy,Hercules,14.43,16:12:05.45,+14:12:31.6,0.93′ × 0.48′,0.0155,General,,,,0,0,Work in progress
ngc-NGC6079,NGC 6079,Galaxy,Ursa Minor,13.86,16:04:29.21,+69:39:56.8,1.37′ × 0.94′,0.02283333,General,,,,0,0,Work in progress
ngc-NGC6080,NGC 6080,Galaxy pair,Serpens,,16:12:59.00,+02:10:45.0,1.3′,0.02166667,General,,,,0,0,Work in progress
ngc-NGC6081,NGC 6081,Galaxy,Hercules,14.33,16:12:56.86,+09:52:01.6,1.55′ × 0.56′,0.02583333,General,,,,0,0,Work in progress
ngc-NGC6082,NGC 6082,Unclassified object,Scorpius,,16:15:27.56,-34:13:57.9,,,General,,,,0,0,Work in progress
ngc-NGC6083,NGC 6083,Galaxy,Hercules,15.44,16:13:12.66,+14:11:07.5,0.79′ × 0.56′,0.01316667,General,,,,0,0,Work in progress
ngc-NGC6084,NGC 6084,Galaxy,Hercules,13.89,16:14:16.72,+17:45:26.8,1.24′ × 0.79′,0.02066667,General,,,,0,0,Work in progress
ngc-NGC6085,NGC 6085,Galaxy,Corona Borealis,14.48,16:12:35.22,+29:21:54.3,1.31′ × 1.09′,0.02183333,General,,,,0,0,Work in progress
ngc-NGC6086,NGC 6086,Galaxy,Corona Borealis,12.8,16:12:35.53,+29:29:05.2,1.9′ × 1.23′,0.03166667,General,,,,0,0,Work in progress
ngc-NGC6088,NGC 6088,Galaxy pair,Draco,,16:10:43.50,+57:27:51.0,1.1′,0.01833333,General,,,,0,0,Work in progress
ngc-NGC6089,NGC 6089,Galaxy pair,Corona Borealis,,16:12:40.70,+33:02:11.0,1.1′,0.01833333,General,,,,0,0,Work in progress
ngc-NGC6090,NGC 6090,Galaxy pair,Draco,,16:11:40.70,+52:27:24.0,0.8′,0.01333333,General,,,,0,0,Work in progress
ngc-NGC6091,NGC 6091,Galaxy,Ursa Minor,14.77,16:07:52.99,+69:54:17.2,0.93′ × 0.66′,0.0155,General,,,,0,0,Work in progress
ngc-NGC6092,NGC 6092,Optical double,Corona Borealis,,16:14:04.60,+28:07:32.2,,,HighMagnification,,,,0,0,Work in progress
ngc-NGC6094,NGC 6094,Galaxy,Ursa Minor,14.42,16:06:33.90,+72:29:39.8,1.85′ × 1.38′,0.03083333,General,,,,0,0,Work in progress
ngc-NGC6095,NGC 6095,Galaxy,Draco,12.65,16:11:10.97,+61:16:04.7,1.9′ × 1.25′,0.03166667,General,,,,0,0,Work in progress
ngc-NGC6096,NGC 6096,Galaxy,Corona Borealis,15.4,16:14:46.70,+26:33:31.8,0.99′ × 0.5′,0.0165,General,,,,0,0,Work in progress
ngc-NGC6097,NGC 6097,Galaxy,Corona Borealis,14.65,16:14:26.17,+35:06:33.0,1.12′ × 0.59′,0.01866667,General,,,,0,0,Work in progress
ngc-NGC6098,NGC 6098,Galaxy,Hercules,14.41,16:15:34.18,+19:27:43.1,1.56′ × 1.1′,0.026,General,,,,0,0,Work in progress
ngc-NGC6099,NGC 6099,Galaxy,Hercules,14.94,16:15:35.56,+19:27:12.2,1.42′ × 0.97′,0.02366667,General,,,,0,0,Work in progress
ngc-NGC6100,NGC 6100,Galaxy,Serpens,14.62,16:16:52.37,+00:50:28.7,1.42′ × 0.99′,0.02366667,General,,,,0,0,Work in progress
ngc-NGC6102,NGC 6102,Galaxy,Corona Borealis,15.3,16:15:36.92,+28:09:30.9,0.78′ × 0.57′,0.013,General,,,,0,0,Work in progress
ngc-NGC6103,NGC 6103,Galaxy,Corona Borealis,14.44,16:15:44.62,+31:57:50.2,0.72′ × 0.45′,0.012,General,,,,0,0,Work in progress
ngc-NGC6104,NGC 6104,Galaxy,Corona Borealis,13.62,16:16:30.69,+35:42:29.0,0.87′ × 0.69′,0.0145,General,,,,0,0,Work in progress
ngc-NGC6105,NGC 6105,Galaxy,Corona Borealis,15.47,16:17:09.31,+34:52:44.0,0.71′ × 0.57′,0.01183333,General,,,,0,0,Work in progress
ngc-NGC6106,NGC 6106,Galaxy,Hercules,12.2,16:18:47.17,+07:24:39.2,2.19′ × 1.18′,0.0365,General,,,,0,0,Work in progress
ngc-NGC6107,NGC 6107,Galaxy,Corona Borealis,13.76,16:17:20.13,+34:54:07.0,1.59′ × 1.02′,0.0265,General,,,,0,0,Work in progress
ngc-NGC6108,NGC 6108,Galaxy,Corona Borealis,15.05,16:17:25.63,+35:08:08.6,0.95′ × 0.64′,0.01583333,General,,,,0,0,Work in progress
ngc-NGC6109,NGC 6109,Galaxy,Corona Borealis,12.81,16:17:40.52,+35:00:15.4,1.02′ × 0.97′,0.017,General,,,,0,0,Work in progress
ngc-NGC6110,NGC 6110,Galaxy,Corona Borealis,15.57,16:17:43.97,+35:05:13.1,0.69′ × 0.33′,0.0115,General,,,,0,0,Work in progress
ngc-NGC6111,NGC 6111,Galaxy pair,Draco,15.2,16:14:22.80,+63:15:40.0,0.85′ × 0.72′,0.01416667,General,,,,0,0,Work in progress
ngc-NGC6112,NGC 6112,Galaxy,Corona Borealis,14.87,16:18:00.56,+35:06:37.0,0.78′ × 0.73′,0.013,General,,,,0,0,Work in progress
ngc-NGC6113,NGC 6113,Galaxy,Hercules,14.6,16:19:10.54,+14:08:01.1,1.23′ × 0.58′,0.0205,General,,,,0,0,Work in progress
ngc-NGC6114,NGC 6114,Galaxy,Corona Borealis,15.1,16:18:23.63,+35:10:27.5,0.93′ × 0.53′,0.0155,General,,,,0,0,Work in progress
ngc-NGC6115,NGC 6115,Open cluster,Norma,9.8,16:24:26.38,-51:56:53.7,4.5′,0.075,WideField,,,,0,0,Work in progress
ngc-NGC6116,NGC 6116,Galaxy,Corona Borealis,15.08,16:18:54.60,+35:09:14.3,0.94′ × 0.58′,0.01566667,General,,,,0,0,Work in progress
ngc-NGC6117,NGC 6117,Galaxy,Corona Borealis,14.57,16:19:18.16,+37:05:42.8,1.05′ × 0.87′,0.0175,General,,,,0,0,Work in progress
ngc-NGC6118,NGC 6118,Galaxy,Serpens,11.71,16:21:48.62,-02:17:00.4,4.45′ × 1.78′,0.07416667,General,,,,0,0,Work in progress
ngc-NGC6119,NGC 6119,Galaxy,Corona Borealis,15.39,16:19:41.97,+37:48:22.7,0.6′ × 0.46′,0.01,General,,,,0,0,Work in progress
ngc-NGC6120,NGC 6120,Galaxy,Corona Borealis,14.31,16:19:48.10,+37:46:28.1,0.48′ × 0.37′,0.008,General,,,,0,0,Work in progress
ngc-NGC6122,NGC 6122,Galaxy,Corona Borealis,15.54,16:20:09.53,+37:47:53.6,1.1′ × 0.25′,0.01833333,General,,,,0,0,Work in progress
ngc-NGC6123,NGC 6123,Galaxy,Draco,14.36,16:17:19.74,+61:56:20.8,0.91′ × 0.32′,0.01516667,General,,,,0,0,Work in progress
ngc-NGC6125,NGC 6125,Galaxy,Draco,12,16:19:11.55,+57:59:03.2,1.38′ × 1.38′,0.023,General,,,,0,0,Work in progress
ngc-NGC6126,NGC 6126,Galaxy,Corona Borealis,13.62,16:21:27.93,+36:22:35.9,0.93′ × 0.77′,0.0155,General,,,,0,0,Work in progress
ngc-NGC6129,NGC 6129,Galaxy,Corona Borealis,14.69,16:21:43.27,+37:59:45.7,0.93′ × 0.84′,0.0155,General,,,,0,0,Work in progress
ngc-NGC6130,NGC 6130,Galaxy,Draco,14.25,16:19:33.44,+57:36:53.9,1.22′ × 0.78′,0.02033333,General,,,,0,0,Work in progress
ngc-NGC6131,NGC 6131,Galaxy,Corona Borealis,13.28,16:21:52.25,+38:55:56.8,1.08′ × 1.04′,0.018,General,,,,0,0,Work in progress
ngc-NGC6132,NGC 6132,Galaxy,Hercules,14.71,16:23:38.84,+11:47:10.5,1.28′ × 0.43′,0.02133333,General,,,,0,0,Work in progress
ngc-NGC6133,NGC 6133,Unclassified object,Draco,,16:20:17.21,+56:39:08.7,,,General,,,,0,0,Work in progress
ngc-NGC6134,NGC 6134,Open cluster,Norma,7.2,16:27:46.50,-49:09:04.2,6.9′,0.115,WideField,,,,0,0,Work in progress
ngc-NGC6135,NGC 6135,Galaxy,Draco,14.71,16:14:24.88,+64:58:57.9,1.01′ × 0.35′,0.01683333,General,,,,0,0,Work in progress
ngc-NGC6136,NGC 6136,Galaxy,Draco,15.37,16:20:59.42,+55:58:13.8,0.91′ × 0.49′,0.01516667,General,,,,0,0,Work in progress
ngc-NGC6137,NGC 6137,Galaxy,Corona Borealis,12.45,16:23:03.10,+37:55:20.5,1.78′ × 0.92′,0.02966667,General,,,,0,0,Work in progress
ngc-NGC6363,NGC 6363,Galaxy,Hercules,14.61,17:22:40.02,+41:06:06.1,1.02′ × 0.84′,0.017,General,,,,0,0,Work in progress
ngc-NGC6139,NGC 6139,Globular cluster,Scorpius,9.68,16:27:40.51,-38:50:59.1,4.5′,0.075,General,,,,0,0,Work in progress
ngc-NGC6140,NGC 6140,Galaxy,Draco,11.66,16:20:58.16,+65:23:26.0,2.09′ × 1.78′,0.03483333,General,,,,0,0,Work in progress
ngc-NGC6141,NGC 6141,Galaxy,Hercules,15.59,16:23:06.41,+40:51:29.9,0.43′ × 0.35′,0.00716667,General,,,,0,0,Work in progress
ngc-NGC6142,NGC 6142,Galaxy,Corona Borealis,14.65,16:23:21.07,+37:15:30.2,1.49′ × 0.48′,0.02483333,General,,,,0,0,Work in progress
ngc-NGC6143,NGC 6143,Galaxy,Draco,13.92,16:21:42.29,+55:05:09.8,1.1′ × 0.99′,0.01833333,General,,,,0,0,Work in progress
ngc-NGC6144,NGC 6144,Globular cluster,Scorpius,9.63,16:27:14.14,-26:01:29.0,5.4′,0.09,General,,,,0,0,Work in progress
ngc-NGC6145,NGC 6145,Galaxy,Hercules,14.89,16:25:02.36,+40:56:47.9,0.98′ × 0.51′,0.01633333,General,,,,0,0,Work in progress
ngc-NGC6146,NGC 6146,Galaxy,Hercules,12.52,16:25:10.36,+40:53:34.3,1.66′ × 1.26′,0.02766667,General,,,,0,0,Work in progress
ngc-NGC6147,NGC 6147,Galaxy,Hercules,15.44,16:25:05.84,+40:55:43.6,0.57′ × 0.48′,0.0095,General,,,,0,0,Work in progress
ngc-NGC6148,NGC 6148,Galaxy,Hercules,16.75,16:27:04.03,+24:05:35.8,0.42′ × 0.24′,0.007,General,,,,0,0,Work in progress
ngc-NGC6149,NGC 6149,Galaxy,Hercules,14.55,16:27:24.23,+19:35:49.9,1.24′ × 0.43′,0.02066667,General,,,,0,0,Work in progress
ngc-NGC6150,NGC 6150,Galaxy,Hercules,14.48,16:25:50.03,+40:29:18.8,1.61′ × 0.85′,0.02683333,General,,,,0,0,Work in progress
ngc-NGC6151,NGC 6151,Unclassified object,Apus,,16:38:24.22,-73:15:08.8,,,General,,,,0,0,Work in progress
ngc-NGC6152,NGC 6152,Open cluster,Norma,8.1,16:32:45.62,-52:38:38.4,6.6′,0.11,WideField,,,,0,0,Work in progress
ngc-NGC6153,NGC 6153,Planetary nebula,Scorpius,10.9,16:31:30.64,-40:15:12.4,0.4′,0.00666667,HighMagnification,,,,0,0,Work in progress
ngc-NGC6154,NGC 6154,Galaxy,Hercules,13.87,16:25:30.48,+49:50:24.9,1.4′ × 1′,0.02333333,General,,,,0,0,Work in progress
ngc-NGC6155,NGC 6155,Galaxy,Hercules,13.06,16:26:08.34,+48:22:00.5,1.33′ × 0.85′,0.02216667,General,,,,0,0,Work in progress
ngc-NGC6156,NGC 6156,Galaxy,Triangulum Australe,11.98,16:34:52.55,-60:37:07.7,1.87′ × 1.6′,0.03116667,General,,,,0,0,Work in progress
ngc-NGC6157,NGC 6157,Galaxy,Draco,15.35,16:25:48.39,+55:21:38.1,0.9′ × 0.74′,0.015,General,,,,0,0,Work in progress
ngc-NGC6158,NGC 6158,Galaxy,Hercules,13.69,16:27:40.89,+39:22:58.8,1.22′ × 0.99′,0.02033333,General,,,,0,0,Work in progress
ngc-NGC6159,NGC 6159,Galaxy,Hercules,14.3,16:27:25.23,+42:40:47.0,1.5′ × 1.02′,0.025,General,,,,0,0,Work in progress
ngc-NGC6160,NGC 6160,Galaxy,Hercules,14.23,16:27:41.13,+40:55:37.2,1.79′ × 1.22′,0.02983333,General,,,,0,0,Work in progress
ngc-NGC6161,NGC 6161,Galaxy,Hercules,15.62,16:28:20.63,+32:48:38.3,0.72′ × 0.26′,0.012,General,,,,0,0,Work in progress
ngc-NGC6162,NGC 6162,Galaxy,Hercules,14.63,16:28:22.37,+32:50:57.6,1.11′ × 0.72′,0.0185,General,,,,0,0,Work in progress
ngc-NGC6163,NGC 6163,Galaxy,Hercules,15.26,16:28:27.91,+32:50:47.0,0.9′ × 0.61′,0.015,General,,,,0,0,Work in progress
ngc-NGC6164,NGC 6164,Nebula,Norma,6.71,16:33:41.84,-48:04:48.2,1.41′ × 0.6′,0.0235,General,,,,0,0,Work in progress
ngc-NGC6165,NGC 6165,Nebula,Norma,6.71,16:34:03.45,-48:09:01.8,2.5′ × 0.5′,0.04166667,General,,,,0,0,Work in progress
ngc-NGC6166,NGC 6166,Galaxy,Hercules,11.91,16:28:38.48,+39:33:05.6,2.14′ × 1.54′,0.03566667,General,,,,0,0,Work in progress
ngc-NGC6167,NGC 6167,Open cluster,Norma,6.7,16:34:34.98,-49:46:18.8,7.2′,0.12,WideField,,,,0,0,Work in progress
ngc-NGC6168,NGC 6168,Galaxy,Hercules,14.61,16:31:21.30,+20:11:05.8,1.65′ × 0.48′,0.0275,General,,,,0,0,Work in progress
ngc-NGC6169,NGC 6169,Open cluster,Norma,6.6,16:34:04.63,-44:02:44.3,4.2′,0.07,WideField,,,,0,0,Work in progress
ngc-NGC6170,NGC 6170,Galaxy,Draco,14.84,16:27:36.50,+59:33:45.0,0.8′ × 0.67′,0.01333333,General,,,,0,0,Work in progress
ngc-NGC6172,NGC 6172,Galaxy,Serpens,14.15,16:22:10.30,-01:30:53.5,0.9′ × 0.89′,0.015,General,,,,0,0,Work in progress
ngc-NGC6173,NGC 6173,Galaxy,Hercules,12.14,16:29:44.90,+40:48:41.8,2.03′ × 1.4′,0.03383333,General,,,,0,0,Work in progress
ngc-NGC6174,NGC 6174,Galaxy pair,Hercules,,16:29:47.68,+40:52:19.1,0.9′,0.015,General,,,,0,0,Work in progress
ngc-NGC6175,NGC 6175,Galaxy pair,Hercules,,16:29:57.90,+40:37:45.0,1.5′,0.025,General,,,,0,0,Work in progress
ngc-NGC6177,NGC 6177,Galaxy,Hercules,14.61,16:30:38.88,+35:03:23.2,1.62′ × 1.09′,0.027,General,,,,0,0,Work in progress
ngc-NGC6178,NGC 6178,Open cluster,Scorpius,7.2,16:35:47.25,-45:38:37.5,6.9′,0.115,WideField,,,,0,0,Work in progress
ngc-NGC6179,NGC 6179,Galaxy,Hercules,15.97,16:30:47.05,+35:06:08.1,0.36′ × 0.31′,0.006,General,,,,0,0,Work in progress
ngc-NGC6180,NGC 6180,Galaxy,Hercules,14.72,16:30:33.92,+40:32:22.0,1.09′ × 0.85′,0.01816667,General,,,,0,0,Work in progress
ngc-NGC6181,NGC 6181,Galaxy,Hercules,11.82,16:32:20.96,+19:49:35.6,2.39′ × 0.99′,0.03983333,General,,,,0,0,Work in progress
ngc-NGC6182,NGC 6182,Galaxy,Draco,14.46,16:29:34.00,+55:31:04.0,1.51′ × 0.56′,0.02516667,General,,,,0,0,Work in progress
ngc-NGC6183,NGC 6183,Galaxy,Triangulum Australe,14.09,16:41:41.90,-69:22:19.8,2.36′ × 0.8′,0.03933333,General,,,,0,0,Work in progress
ngc-NGC6184,NGC 6184,Galaxy,Hercules,14.91,16:31:34.53,+40:33:56.2,0.93′ × 0.56′,0.0155,General,,,,0,0,Work in progress
ngc-NGC6185,NGC 6185,Galaxy,Hercules,14.42,16:33:17.83,+35:20:32.4,1.47′ × 0.8′,0.0245,General,,,,0,0,Work in progress
ngc-NGC6186,NGC 6186,Galaxy,Hercules,14.23,16:34:25.48,+21:32:27.2,1.57′ × 0.7′,0.02616667,General,,,,0,0,Work in progress
ngc-NGC6187,NGC 6187,Galaxy,Draco,15.34,16:31:36.70,+57:42:24.0,0.75′ × 0.62′,0.0125,General,,,,0,0,Work in progress
ngc-NGC6188,Rim Nebula,Nebula,Ara,,16:40:05.84,-48:39:44.2,20′ × 12′,0.33333333,General,,,,0,0,Work in progress
ngc-NGC6189,NGC 6189,Galaxy,Draco,13.22,16:31:40.90,+59:37:34.0,1.49′ × 0.75′,0.02483333,General,,,,0,0,Work in progress
ngc-NGC6190,NGC 6190,Galaxy,Draco,13.12,16:32:06.70,+58:26:20.3,1.42′ × 1.04′,0.02366667,General,,,,0,0,Work in progress
ngc-NGC6191,NGC 6191,Galaxy,Draco,14.85,16:11:30.49,+58:47:09.0,1.3′ × 0.49′,0.02166667,General,,,,0,0,Work in progress
ngc-NGC6192,NGC 6192,Open cluster,Scorpius,8.5,16:40:23.87,-43:22:00.5,7.5′,0.125,WideField,,,,0,0,Work in progress
ngc-NGC6194,NGC 6194,Galaxy,Hercules,14.41,16:36:37.15,+36:12:01.6,0.9′ × 0.7′,0.015,General,,,,0,0,Work in progress
ngc-NGC6195,NGC 6195,Galaxy,Hercules,13.22,16:36:32.57,+39:01:40.4,1.44′ × 0.97′,0.024,General,,,,0,0,Work in progress
ngc-NGC6196,NGC 6196,Galaxy,Hercules,12.91,16:37:53.92,+36:04:23.0,1.14′ × 0.82′,0.019,General,,,,0,0,Work in progress
ngc-NGC6197,NGC 6197,Galaxy,Hercules,15.2,16:37:59.88,+35:59:43.8,0.75′ × 0.38′,0.0125,General,,,,0,0,Work in progress
ngc-NGC6198,NGC 6198,Galaxy,Draco,14.97,16:35:30.65,+57:29:12.4,0.88′ × 0.6′,0.01466667,General,,,,0,0,Work in progress
ngc-NGC6199,NGC 6199,Star,Hercules,15,16:39:28.97,+36:03:32.3,,,HighMagnification,,,,0,0,Work in progress
ngc-NGC6200,NGC 6200,Open cluster,Ara,7.4,16:44:07.35,-47:27:45.6,8.1′,0.135,WideField,,,,0,0,Work in progress
ngc-NGC6201,NGC 6201,Galaxy,Hercules,15.3,16:40:14.41,+23:45:55.2,0.56′ × 0.48′,0.00933333,General,,,,0,0,Work in progress
ngc-NGC6202,NGC 6202,Galaxy,Draco,13.77,16:43:23.23,+61:59:02.2,0.72′ × 0.4′,0.012,General,,,,0,0,Work in progress
ngc-NGC6203,NGC 6203,Galaxy,Hercules,15.29,16:40:27.41,+23:46:29.4,1.07′ × 1.07′,0.01783333,General,,,,0,0,Work in progress
ngc-NGC6204,NGC 6204,Open cluster,Ara,8.2,16:46:09.50,-47:01:01.1,4.5′,0.075,WideField,,,,0,0,Work in progress
ngc-NGC6206,NGC 6206,Galaxy,Draco,14.49,16:40:07.90,+58:37:02.5,0.72′ × 0.63′,0.012,General,,,,0,0,Work in progress
ngc-NGC6207,NGC 6207,Galaxy,Hercules,11.64,16:43:03.75,+36:49:56.7,3.46′ × 1.61′,0.05766667,General,,,,0,0,Work in progress
ngc-NGC6208,NGC 6208,Open cluster,Ara,7.2,16:49:28.19,-53:43:42.0,8.4′,0.14,WideField,,,,0,0,Work in progress
ngc-NGC6209,NGC 6209,Galaxy,Apus,13.16,16:54:57.66,-72:35:11.9,2.11′ × 1.54′,0.03516667,General,,,,0,0,Work in progress
ngc-NGC6210,NGC 6210,Planetary nebula,Hercules,9.65,16:44:29.52,+23:47:59.4,0.5′,0.00833333,HighMagnification,,,,0,0,Work in progress
ngc-NGC6211,NGC 6211,Galaxy,Draco,14.3,16:41:27.64,+57:47:01.1,1.3′ × 0.95′,0.02166667,General,,,,0,0,Work in progress
ngc-NGC6212,NGC 6212,Galaxy,Hercules,15,16:43:23.14,+39:48:23.2,0.91′ × 0.81′,0.01516667,General,,,,0,0,Work in progress
ngc-NGC6213,NGC 6213,Galaxy,Draco,15.66,16:41:37.19,+57:48:53.5,0.69′ × 0.31′,0.0115,General,,,,0,0,Work in progress
ngc-NGC6214,NGC 6214,Galaxy,Draco,14.25,16:39:31.93,+66:02:22.3,0.96′ × 0.82′,0.016,General,,,,0,0,Work in progress
ngc-NGC6215,NGC 6215,Galaxy,Ara,11.16,16:51:06.81,-58:59:36.5,2.64′ × 2.34′,0.044,General,,,,0,0,Work in progress
ngc-NGC6216,NGC 6216,Open cluster,Scorpius,10.1,16:49:23.61,-44:43:53.5,4.2′,0.07,WideField,,,,0,0,Work in progress
ngc-NGC6217,NGC 6217,Galaxy,Ursa Minor,12.82,16:32:39.20,+78:11:53.4,2.24′ × 1.63′,0.03733333,General,,,,0,0,Work in progress
ngc-NGC6219,NGC 6219,Galaxy,Hercules,15.14,16:46:22.51,+09:02:16.3,0.8′ × 0.65′,0.01333333,General,,,,0,0,Work in progress
ngc-NGC6220,NGC 6220,Galaxy,Ophiuchus,15.2,16:47:13.28,-00:16:31.7,1.53′ × 0.97′,0.0255,General,,,,0,0,Work in progress
ngc-NGC6221,NGC 6221,Galaxy,Ara,10.54,16:52:46.08,-59:13:07.0,4.84′ × 3.15′,0.08066667,General,,,,0,0,Work in progress
ngc-NGC6259,NGC 6259,Open cluster,Scorpius,8,17:00:45.40,-44:39:17.9,6′,0.1,WideField,,,,0,0,Work in progress
ngc-NGC6223,NGC 6223,Galaxy,Draco,12.96,16:43:04.31,+61:34:44.1,3.16′ × 2.33′,0.05266667,General,,,,0,0,Work in progress
ngc-NGC6224,NGC 6224,Galaxy,Hercules,14.94,16:48:18.54,+06:18:44.0,1.1′ × 1.01′,0.01833333,General,,,,0,0,Work in progress
ngc-NGC6225,NGC 6225,Galaxy,Hercules,14.94,16:48:21.58,+06:13:22.0,1.18′ × 0.79′,0.01966667,General,,,,0,0,Work in progress
ngc-NGC6227,NGC 6227,Star,Scorpius,5.22,16:51:33.72,-41:13:49.9,,,HighMagnification,,,,0,0,Work in progress
ngc-NGC6228,NGC 6228,Galaxy,Hercules,15.35,16:48:02.66,+26:12:48.8,0.93′ × 0.39′,0.0155,General,,,,0,0,Work in progress
ngc-NGC6229,NGC 6229,Globular cluster,Hercules,9.86,16:46:58.86,+47:31:40.1,4.8′,0.08,General,,,,0,0,Work in progress
ngc-NGC6230,NGC 6230,Galaxy pair,Hercules,,16:50:44.70,+04:36:18.0,1.7′,0.02833333,General,,,,0,0,Work in progress
ngc-NGC6232,NGC 6232,Galaxy,Draco,13.42,16:43:20.24,+70:37:57.1,1.47′ × 1.16′,0.0245,General,,,,0,0,Work in progress
ngc-NGC6233,NGC 6233,Galaxy,Hercules,14.61,16:50:15.70,+23:34:47.4,1.46′ × 0.73′,0.02433333,General,,,,0,0,Work in progress
ngc-NGC6234,NGC 6234,Galaxy,Ophiuchus,15.33,16:51:57.34,+04:23:00.7,0.74′ × 0.67′,0.01233333,General,,,,0,0,Work in progress
ngc-NGC6235,NGC 6235,Globular cluster,Ophiuchus,7.2,16:53:25.36,-22:10:38.8,4.2′,0.07,General,,,,0,0,Work in progress
ngc-NGC6236,NGC 6236,Galaxy,Draco,13.93,16:44:34.65,+70:46:48.8,1.82′ × 1.07′,0.03033333,General,,,,0,0,Work in progress
ngc-NGC6237,NGC 6237,Unclassified object,Draco,,16:44:07.54,+70:38:05.3,,,General,,,,0,0,Work in progress
ngc-NGC6238,NGC 6238,Galaxy,Draco,14.47,16:47:16.63,+62:08:49.3,0.68′ × 0.41′,0.01133333,General,,,,0,0,Work in progress
ngc-NGC6239,NGC 6239,Galaxy,Hercules,12.4,16:50:04.98,+42:44:22.9,2.3′ × 1.07′,0.03833333,General,,,,0,0,Work in progress
ngc-NGC6240,NGC 6240,Galaxy,Ophiuchus,13.27,16:52:58.87,+02:24:03.3,2.2′ × 1.03′,0.03666667,General,,,,0,0,Work in progress
ngc-NGC6241,NGC 6241,Galaxy,Hercules,14.8,16:50:10.95,+45:25:14.2,0.52′ × 0.36′,0.00866667,General,,,,0,0,Work in progress
ngc-NGC6242,NGC 6242,Open cluster,Scorpius,6.4,16:55:33.44,-39:27:39.4,6.6′,0.11,WideField,,,,0,0,Work in progress
ngc-NGC6243,NGC 6243,Galaxy,Hercules,14.85,16:52:26.29,+23:19:57.3,1.21′ × 0.6′,0.02016667,General,,,,0,0,Work in progress
ngc-NGC6244,NGC 6244,Galaxy,Draco,14.21,16:48:03.91,+62:12:01.6,1.54′ × 0.34′,0.02566667,General,,,,0,0,Work in progress
ngc-NGC6245,NGC 6245,Unclassified object,Draco,,16:45:22.48,+70:48:16.5,,,General,,,,0,0,Work in progress
ngc-NGC6246,NGC 6246,Galaxy,Draco,13.63,16:49:52.72,+55:32:31.4,1.38′ × 0.73′,0.023,General,,,,0,0,Work in progress
ngc-NGC6247,NGC 6247,Galaxy,Draco,13.81,16:48:20.24,+62:58:35.1,0.89′ × 0.28′,0.01483333,General,,,,0,0,Work in progress
ngc-NGC6248,NGC 6248,Galaxy,Draco,14.03,16:46:21.99,+70:21:31.7,1.23′ × 0.76′,0.0205,General,,,,0,0,Work in progress
ngc-NGC6249,NGC 6249,Open cluster,Scorpius,8.2,16:57:41.50,-44:48:42.8,7.6′,0.12666667,WideField,,,,0,0,Work in progress
ngc-NGC6250,NGC 6250,Nebula with cluster,Ara,5.9,16:57:56.07,-45:56:11.9,9.6′,0.16,General,,,,0,0,Work in progress
ngc-NGC6251,NGC 6251,Galaxy,Ursa Minor,14,16:32:31.97,+82:32:16.4,1.67′ × 1.44′,0.02783333,General,,,,0,0,Work in progress
ngc-NGC6252,NGC 6252,Galaxy,Ursa Minor,15.27,16:32:40.57,+82:34:36.4,0.76′ × 0.36′,0.01266667,General,,,,0,0,Work in progress
ngc-NGC6253,NGC 6253,Open cluster,Ara,10.2,16:59:05.13,-52:42:31.7,6′,0.1,WideField,,,,0,0,Work in progress
ngc-NGC6255,NGC 6255,Galaxy,Hercules,12.87,16:54:47.95,+36:30:04.0,3.1′ × 1.37′,0.05166667,General,,,,0,0,Work in progress
ngc-NGC6256,NGC 6256,Globular cluster,Scorpius,,16:59:32.69,-37:07:17.1,4.2′,0.07,General,,,,0,0,Work in progress
ngc-NGC6257,NGC 6257,Galaxy,Hercules,15.61,16:56:03.51,+39:38:43.8,0.87′ × 0.27′,0.0145,General,,,,0,0,Work in progress
ngc-NGC6258,NGC 6258,Galaxy,Draco,14.48,16:52:29.79,+60:30:52.3,0.87′ × 0.67′,0.0145,General,,,,0,0,Work in progress
ngc-NGC6260,NGC 6260,Galaxy,Draco,14.66,16:51:50.61,+63:42:52.5,0.93′ × 0.77′,0.0155,General,,,,0,0,Work in progress
ngc-NGC6261,NGC 6261,Galaxy,Hercules,15.15,16:56:30.52,+27:58:39.0,1.09′ × 0.44′,0.01816667,General,,,,0,0,Work in progress
ngc-NGC6262,NGC 6262,Galaxy,Draco,14.55,16:58:42.80,+57:05:54.2,0.78′ × 0.32′,0.013,General,,,,0,0,Work in progress
ngc-NGC6263,NGC 6263,Galaxy,Hercules,14.74,16:56:43.20,+27:49:19.5,1.05′ × 0.31′,0.0175,General,,,,0,0,Work in progress
ngc-NGC6264,NGC 6264,Galaxy,Hercules,15.4,16:57:16.13,+27:50:58.6,0.82′ × 0.52′,0.01366667,General,,,,0,0,Work in progress
ngc-NGC6265,NGC 6265,Galaxy,Hercules,15.21,16:57:29.10,+27:50:39.2,0.88′ × 0.57′,0.01466667,General,,,,0,0,Work in progress
ngc-NGC6267,NGC 6267,Galaxy,Hercules,13.93,16:58:08.66,+22:59:06.4,1.3′ × 0.99′,0.02166667,General,,,,0,0,Work in progress
ngc-NGC6268,NGC 6268,Open cluster,Scorpius,9.5,17:02:10.39,-39:43:41.6,6′,0.1,WideField,,,,0,0,Work in progress
ngc-NGC6269,NGC 6269,Galaxy,Hercules,12.31,16:57:58.09,+27:51:15.6,1.84′ × 1.32′,0.03066667,General,,,,0,0,Work in progress
ngc-NGC6270,NGC 6270,Galaxy,Hercules,15.55,16:58:44.05,+27:51:32.8,0.72′ × 0.47′,0.012,General,,,,0,0,Work in progress
ngc-NGC6271,NGC 6271,Galaxy,Hercules,15.65,16:58:50.77,+27:57:52.7,0.67′ × 0.54′,0.01116667,General,,,,0,0,Work in progress
ngc-NGC6272,NGC 6272,Galaxy,Hercules,15.49,16:58:58.26,+27:55:51.3,0.56′ × 0.29′,0.00933333,General,,,,0,0,Work in progress
ngc-NGC6274,NGC 6274,Galaxy pair,Hercules,,16:59:20.92,+29:56:37.8,1.2′,0.02,General,,,,0,0,Work in progress
ngc-NGC6275,NGC 6275,Galaxy,Draco,17.37,16:55:33.37,+63:14:31.9,0.76′ × 0.47′,0.01266667,General,,,,0,0,Work in progress
ngc-NGC6276,NGC 6276,Galaxy,Hercules,15.08,17:00:45.09,+23:02:38.4,0.64′ × 0.55′,0.01066667,General,,,,0,0,Work in progress
ngc-NGC6277,NGC 6277,Star,Hercules,,17:00:48.89,+23:02:21.7,,,HighMagnification,,,,0,0,Work in progress
ngc-NGC6278,NGC 6278,Galaxy,Hercules,13.75,17:00:50.33,+23:00:39.7,1.73′ × 0.86′,0.02883333,General,,,,0,0,Work in progress
ngc-NGC6279,NGC 6279,Galaxy,Hercules,14.78,16:59:01.43,+47:14:13.8,1.04′ × 0.87′,0.01733333,General,,,,0,0,Work in progress
ngc-NGC6280,NGC 6280,Galaxy pair,Ophiuchus,15.5,17:01:57.49,+06:39:56.7,0.71′ × 0.62′,0.01183333,General,,,,0,0,Work in progress
ngc-NGC6281,NGC 6281,Open cluster,Scorpius,5.4,17:04:41.30,-37:59:06.8,10.2′,0.17,WideField,,,,0,0,Work in progress
ngc-NGC6282,NGC 6282,Galaxy,Hercules,15.15,17:00:47.11,+29:49:14.2,0.73′ × 0.54′,0.01216667,General,,,,0,0,Work in progress
ngc-NGC6283,NGC 6283,Galaxy,Hercules,13.64,16:59:26.57,+49:55:19.1,1.11′ × 0.98′,0.0185,General,,,,0,0,Work in progress
ngc-NGC6284,NGC 6284,Globular cluster,Ophiuchus,7.43,17:04:28.75,-24:45:51.6,6.6′,0.11,General,,,,0,0,Work in progress
ngc-NGC6285,NGC 6285,Galaxy,Draco,14.5,16:58:24.01,+58:57:21.5,1.08′ × 0.57′,0.018,General,,,,0,0,Work in progress
ngc-NGC6286,NGC 6286,Galaxy,Draco,14.13,16:58:31.38,+58:56:10.5,1.22′ × 1.12′,0.02033333,General,,,,0,0,Work in progress
ngc-NGC6287,NGC 6287,Globular cluster,Ophiuchus,10.3,17:05:09.34,-22:42:28.8,5.4′,0.09,General,,,,0,0,Work in progress
ngc-NGC6288,NGC 6288,Galaxy,Draco,15.24,16:57:24.45,+68:27:25.3,0.72′ × 0.52′,0.012,General,,,,0,0,Work in progress
ngc-NGC6289,NGC 6289,Galaxy,Draco,15.4,16:57:44.99,+68:30:53.0,1.1′ × 0.76′,0.01833333,General,,,,0,0,Work in progress
ngc-NGC6290,NGC 6290,Galaxy,Draco,13.56,17:00:56.43,+58:58:13.8,0.99′ × 0.9′,0.0165,General,,,,0,0,Work in progress
ngc-NGC6291,NGC 6291,Galaxy,Draco,14.78,17:00:55.92,+58:56:15.2,0.62′ × 0.5′,0.01033333,General,,,,0,0,Work in progress
ngc-NGC6292,NGC 6292,Galaxy,Draco,14.32,17:03:03.47,+61:02:38.0,1.32′ × 0.63′,0.022,General,,,,0,0,Work in progress
ngc-NGC6293,NGC 6293,Globular cluster,Ophiuchus,9.02,17:10:10.41,-26:34:54.3,4.5′,0.075,General,,,,0,0,Work in progress
ngc-NGC6294,NGC 6294,Optical double,Ophiuchus,,17:10:16.23,-26:34:28.4,,,HighMagnification,,,,0,0,Work in progress
ngc-NGC6295,NGC 6295,Galaxy,Draco,15.38,17:03:15.35,+60:20:15.9,0.98′ × 0.42′,0.01633333,General,,,,0,0,Work in progress
ngc-NGC6296,NGC 6296,Galaxy,Ophiuchus,14.16,17:08:44.47,+03:53:38.7,0.89′ × 0.7′,0.01483333,General,,,,0,0,Work in progress
ngc-NGC6297,NGC 6297,Galaxy,Draco,14.42,17:03:36.55,+62:01:32.2,0.64′ × 0.45′,0.01066667,General,,,,0,0,Work in progress
ngc-NGC6299,NGC 6299,Galaxy,Draco,14.9,17:05:04.41,+62:27:28.2,0.95′ × 0.59′,0.01583333,General,,,,0,0,Work in progress
ngc-NGC6300,NGC 6300,Galaxy,Ara,10.27,17:16:59.47,-62:49:14.0,5.33′ × 3.37′,0.08883333,General,,,,0,0,Work in progress
ngc-NGC6301,NGC 6301,Galaxy,Hercules,14.5,17:08:32.74,+42:20:20.8,1.77′ × 1′,0.0295,General,,,,0,0,Work in progress
ngc-NGC6303,NGC 6303,Galaxy,Draco,15.02,17:05:02.77,+68:49:39.3,1.47′ × 0.67′,0.0245,General,,,,0,0,Work in progress
ngc-NGC6304,NGC 6304,Globular cluster,Ophiuchus,9.03,17:14:32.51,-29:27:44.2,3.6′,0.06,General,,,,0,0,Work in progress
ngc-NGC6305,NGC 6305,Galaxy,Ara,12.15,17:18:00.92,-59:10:19.5,1.69′ × 1.32′,0.02816667,General,,,,0,0,Work in progress
ngc-NGC6306,NGC 6306,Galaxy,Draco,13.86,17:07:36.98,+60:43:44.0,1.32′ × 0.49′,0.022,General,,,,0,0,Work in progress
ngc-NGC6307,NGC 6307,Galaxy,Draco,13.61,17:07:40.47,+60:45:02.8,1.36′ × 1.03′,0.02266667,General,,,,0,0,Work in progress
ngc-NGC6308,NGC 6308,Galaxy,Hercules,14.24,17:11:59.71,+23:22:47.8,1.19′ × 0.95′,0.01983333,General,,,,0,0,Work in progress
ngc-NGC6309,Box Nebula,Planetary nebula,Ophiuchus,11.5,17:14:04.30,-12:54:38.0,0.26′,0.00433333,HighMagnification,,,,0,0,Work in progress
ngc-NGC6310,NGC 6310,Galaxy,Draco,13.79,17:07:57.47,+60:59:24.6,1.68′ × 0.35′,0.028,General,,,,0,0,Work in progress
ngc-NGC6311,NGC 6311,Galaxy,Hercules,14.57,17:10:43.57,+41:39:04.0,1.23′ × 1.17′,0.0205,General,,,,0,0,Work in progress
ngc-NGC6312,NGC 6312,Galaxy,Hercules,14.98,17:10:48.16,+42:17:15.7,0.87′ × 0.74′,0.0145,General,,,,0,0,Work in progress
ngc-NGC6313,NGC 6313,Galaxy,Hercules,14.72,17:10:20.80,+48:19:54.3,1.45′ × 0.52′,0.02416667,General,,,,0,0,Work in progress
ngc-NGC6314,NGC 6314,Galaxy,Hercules,13.1,17:12:38.71,+23:16:12.2,1.37′ × 0.7′,0.02283333,General,,,,0,0,Work in progress
ngc-NGC6315,NGC 6315,Galaxy,Hercules,13.31,17:12:46.15,+23:13:24.8,0.76′ × 0.59′,0.01266667,General,,,,0,0,Work in progress
ngc-NGC6316,NGC 6316,Globular cluster,Ophiuchus,9.03,17:16:37.41,-28:08:24.1,4.8′,0.08,General,,,,0,0,Work in progress
ngc-NGC6317,NGC 6317,Galaxy,Draco,15.01,17:08:59.51,+62:53:52.8,0.96′ × 0.61′,0.016,General,,,,0,0,Work in progress
ngc-NGC6318,NGC 6318,Open cluster,Scorpius,11.8,17:16:11.59,-39:25:29.9,3.3′,0.055,WideField,,,,0,0,Work in progress
ngc-NGC6319,NGC 6319,Galaxy,Draco,14.33,17:09:44.08,+62:58:23.0,1.17′ × 1.14′,0.0195,General,,,,0,0,Work in progress
ngc-NGC6320,NGC 6320,Galaxy,Hercules,14.83,17:12:55.74,+40:15:59.4,1.26′ × 0.82′,0.021,General,,,,0,0,Work in progress
ngc-NGC6321,NGC 6321,Galaxy,Hercules,14.45,17:14:24.22,+20:18:50.1,1′ × 0.91′,0.01666667,General,,,,0,0,Work in progress
ngc-NGC6322,NGC 6322,Open cluster,Scorpius,6,17:18:25.79,-42:56:02.5,6.3′,0.105,WideField,,,,0,0,Work in progress
ngc-NGC6323,NGC 6323,Galaxy,Hercules,14.73,17:13:18.08,+43:46:56.8,1.2′ × 0.55′,0.02,General,,,,0,0,Work in progress
ngc-NGC6324,NGC 6324,Galaxy,Ursa Minor,13.45,17:05:25.32,+75:24:25.3,0.98′ × 0.52′,0.01633333,General,,,,0,0,Work in progress
ngc-NGC6325,NGC 6325,Globular cluster,Ophiuchus,11.49,17:17:59.27,-23:45:57.7,4.02′,0.067,General,,,,0,0,Work in progress
ngc-NGC6326,NGC 6326,Planetary nebula,Ara,12.2,17:20:46.36,-51:45:15.8,0.21′,0.0035,HighMagnification,,,,0,0,Work in progress
ngc-NGC6327,NGC 6327,Galaxy,Hercules,15.72,17:14:02.29,+43:38:58.1,0.58′ × 0.56′,0.00966667,General,,,,0,0,Work in progress
ngc-NGC6328,NGC 6328,Galaxy,Ara,15.5,17:23:41.03,-65:00:36.6,1.61′ × 1.56′,0.02683333,General,,,,0,0,Work in progress
ngc-NGC6329,NGC 6329,Galaxy,Hercules,14.22,17:14:15.03,+43:41:04.9,1.18′ × 1.15′,0.01966667,General,,,,0,0,Work in progress
ngc-NGC6330,NGC 6330,Galaxy,Hercules,15.16,17:15:44.42,+29:24:15.5,1.19′ × 0.55′,0.01983333,General,,,,0,0,Work in progress
ngc-NGC6331,NGC 6331,Galaxy,Ursa Minor,15.2,17:03:35.97,+78:37:44.4,1.04′ × 1′,0.01733333,General,,,,0,0,Work in progress
ngc-NGC6332,NGC 6332,Galaxy,Hercules,14.51,17:15:02.90,+43:39:36.7,1.74′ × 0.89′,0.029,General,,,,0,0,Work in progress
ngc-NGC6334,NGC 6334,Supernova remnant,Scorpius,,17:20:49.70,-36:06:09.8,8.4′,0.14,General,,,,0,0,Work in progress
ngc-NGC6335,NGC 6335,Asterism,Scorpius,,17:19:31.92,-30:09:51.0,,,WideField,,,,0,0,Work in progress
ngc-NGC6336,NGC 6336,Galaxy,Hercules,14.45,17:16:16.57,+43:49:13.7,1.05′ × 0.73′,0.0175,General,,,,0,0,Work in progress
ngc-NGC6337,NGC 6337,Planetary nebula,Scorpius,12.3,17:22:15.61,-38:29:01.4,0.85′,0.01416667,HighMagnification,,,,0,0,Work in progress
ngc-NGC6338,NGC 6338,Galaxy,Draco,12.42,17:15:22.99,+57:24:40.3,1.73′ × 1.04′,0.02883333,General,,,,0,0,Work in progress
ngc-NGC6339,NGC 6339,Galaxy,Hercules,13.76,17:17:06.50,+40:50:41.9,1.86′ × 1.17′,0.031,General,,,,0,0,Work in progress
ngc-NGC6340,NGC 6340,Galaxy,Draco,11.11,17:10:24.85,+72:18:16.0,3.04′ × 2.88′,0.05066667,General,,,,0,0,Work in progress
ngc-NGC6342,NGC 6342,Globular cluster,Ophiuchus,10.01,17:21:10.14,-19:35:14.7,6.6′,0.11,General,,,,0,0,Work in progress
ngc-NGC6343,NGC 6343,Galaxy,Hercules,14.51,17:17:16.27,+41:03:09.8,1.24′ × 0.94′,0.02066667,General,,,,0,0,Work in progress
ngc-NGC6344,NGC 6344,Optical double,Hercules,,17:17:18.15,+42:26:03.1,,,HighMagnification,,,,0,0,Work in progress
ngc-NGC6345,NGC 6345,Galaxy,Draco,15.12,17:15:24.28,+57:21:01.1,0.95′ × 0.39′,0.01583333,General,,,,0,0,Work in progress
ngc-NGC6346,NGC 6346,Galaxy,Draco,14.97,17:15:24.49,+57:19:21.1,0.91′ × 0.58′,0.01516667,General,,,,0,0,Work in progress
ngc-NGC6347,NGC 6347,Galaxy,Hercules,13.45,17:19:54.67,+16:39:38.5,1.22′ × 0.57′,0.02033333,General,,,,0,0,Work in progress
ngc-NGC6348,NGC 6348,Galaxy,Hercules,15.31,17:18:21.19,+41:38:51.4,0.85′ × 0.57′,0.01416667,General,,,,0,0,Work in progress
ngc-NGC6349,NGC 6349,Galaxy,Hercules,15.2,17:19:06.55,+36:03:39.3,1.07′ × 0.25′,0.01783333,General,,,,0,0,Work in progress
ngc-NGC6350,NGC 6350,Galaxy,Hercules,14.23,17:18:42.25,+41:41:39.6,1.24′ × 1.04′,0.02066667,General,,,,0,0,Work in progress
ngc-NGC6351,NGC 6351,Galaxy pair,Hercules,,17:19:11.40,+36:03:38.0,0.4′,0.00666667,General,,,,0,0,Work in progress
ngc-NGC6353,NGC 6353,Unclassified object,Hercules,,17:21:12.47,+15:41:18.8,,,General,,,,0,0,Work in progress
ngc-NGC6354,NGC 6354,Unclassified object,Scorpius,,17:24:34.28,-38:32:29.8,,,General,,,,0,0,Work in progress
ngc-NGC6355,NGC 6355,Globular cluster,Ophiuchus,11.05,17:23:58.65,-26:21:12.3,2.7′,0.045,General,,,,0,0,Work in progress
ngc-NGC6356,NGC 6356,Globular cluster,Ophiuchus,7.42,17:23:34.99,-17:48:46.9,5.4′,0.09,General,,,,0,0,Work in progress
ngc-NGC6357,the War and Peace Nebula,Nebula with cluster,Scorpius,,17:24:43.57,-34:12:04.8,3.9′,0.065,General,,,,0,0,Work in progress
ngc-NGC6358,NGC 6358,Galaxy,Draco,15.05,17:18:53.01,+52:36:55.0,1′ × 0.4′,0.01666667,General,,,,0,0,Work in progress
ngc-NGC6359,NGC 6359,Galaxy,Draco,12.62,17:17:52.99,+61:46:50.9,1.06′ × 0.75′,0.01766667,General,,,,0,0,Work in progress
ngc-NGC6360,NGC 6360,Asterism,Ophiuchus,,17:24:27.62,-29:52:17.7,5.1′,0.085,WideField,,,,0,0,Work in progress
ngc-NGC6361,NGC 6361,Galaxy,Draco,13.8,17:18:41.09,+60:36:29.4,2.06′ × 0.56′,0.03433333,General,,,,0,0,Work in progress
ngc-NGC6362,NGC 6362,Globular cluster,Ara,8.86,17:31:54.84,-67:02:52.3,8.4′,0.14,General,,,,0,0,Work in progress
ngc-NGC6364,NGC 6364,Galaxy,Hercules,14.36,17:24:27.33,+29:23:24.6,1.38′ × 1.08′,0.023,General,,,,0,0,Work in progress
ngc-NGC6365,NGC 6365,Galaxy pair,Draco,,17:22:43.70,+62:10:12.0,1.5′,0.025,General,,,,0,0,Work in progress
ngc-NGC6366,NGC 6366,Globular cluster,Ophiuchus,,17:27:44.33,-05:04:35.9,13.8′,0.23,General,,,,0,0,Work in progress
ngc-NGC6367,NGC 6367,Galaxy,Hercules,14.91,17:25:09.01,+37:45:35.6,0.99′ × 0.79′,0.0165,General,,,,0,0,Work in progress
ngc-NGC6368,NGC 6368,Galaxy,Ophiuchus,13.55,17:27:11.54,+11:32:37.0,3.44′ × 0.8′,0.05733333,General,,,,0,0,Work in progress
ngc-NGC6369,Little Ghost Nebula,Planetary nebula,Ophiuchus,11.4,17:29:20.50,-23:45:34.0,0.63′,0.0105,HighMagnification,,,,0,0,Work in progress
ngc-NGC6370,NGC 6370,Galaxy,Draco,14.2,17:23:25.18,+56:58:28.3,1.31′ × 1.08′,0.02183333,General,,,,0,0,Work in progress
ngc-NGC6371,NGC 6371,Galaxy,Hercules,15.12,17:27:20.59,+26:30:18.2,0.72′ × 0.55′,0.012,General,,,,0,0,Work in progress
ngc-NGC6372,NGC 6372,Galaxy,Hercules,12.92,17:27:31.85,+26:28:30.5,1.61′ × 0.94′,0.02683333,General,,,,0,0,Work in progress
ngc-NGC6373,NGC 6373,Galaxy,Draco,14.56,17:24:08.09,+58:59:42.3,1.04′ × 0.7′,0.01733333,General,,,,0,0,Work in progress
ngc-NGC6374,NGC 6374,Open cluster,Scorpius,5.5,17:34:42.54,-32:34:52.9,6.9′,0.115,WideField,,,,0,0,Work in progress
ngc-NGC6375,NGC 6375,Galaxy,Hercules,14.53,17:29:21.89,+16:12:24.0,1.53′ × 1.48′,0.0255,General,,,,0,0,Work in progress
ngc-NGC6376,NGC 6376,Galaxy,Draco,14.1,17:25:19.18,+58:49:02.8,0.52′ × 0.29′,0.00866667,General,,,,0,0,Work in progress
ngc-NGC6377,NGC 6377,Galaxy,Draco,14.84,17:25:23.21,+58:49:21.9,0.64′ × 0.27′,0.01066667,General,,,,0,0,Work in progress
ngc-NGC6378,NGC 6378,Galaxy,Ophiuchus,15.04,17:30:41.98,+06:16:56.2,1.13′ × 0.77′,0.01883333,General,,,,0,0,Work in progress
ngc-NGC6379,NGC 6379,Galaxy,Hercules,12.89,17:30:34.91,+16:17:19.5,1.04′ × 0.85′,0.01733333,General,,,,0,0,Work in progress
ngc-NGC6380,NGC 6380,Globular cluster,Scorpius,,17:34:28.42,-39:04:10.8,3.9′,0.065,General,,,,0,0,Work in progress
ngc-NGC6381,NGC 6381,Galaxy,Draco,13.68,17:27:16.85,+60:00:50.6,1.22′ × 0.85′,0.02033333,General,,,,0,0,Work in progress
ngc-NGC6382,NGC 6382,Galaxy,Draco,14.87,17:27:55.18,+56:52:07.4,1.16′ × 0.71′,0.01933333,General,,,,0,0,Work in progress
ngc-NGC6384,NGC 6384,Galaxy,Ophiuchus,10.63,17:32:24.30,+07:03:37.0,2.45′ × 1.11′,0.04083333,General,,,,0,0,Work in progress
ngc-NGC6385,NGC 6385,Galaxy,Draco,14.09,17:28:01.41,+57:31:18.5,1.14′ × 1.08′,0.019,General,,,,0,0,Work in progress
ngc-NGC6386,NGC 6386,Galaxy,Draco,15.23,17:28:51.78,+52:43:24.1,0.97′ × 0.97′,0.01616667,General,,,,0,0,Work in progress
ngc-NGC6387,NGC 6387,Galaxy,Draco,16.81,17:28:23.83,+57:32:43.4,0.31′ × 0.15′,0.00516667,General,,,,0,0,Work in progress
ngc-NGC6388,NGC 6388,Globular cluster,Scorpius,7.4,17:36:17.43,-44:44:08.2,8.4′,0.14,General,,,,0,0,Work in progress
ngc-NGC6389,NGC 6389,Galaxy,Hercules,12.1,17:32:39.77,+16:24:06.4,1.2′ × 0.92′,0.02,General,,,,0,0,Work in progress
ngc-NGC6390,NGC 6390,Galaxy,Draco,14.48,17:28:28.09,+60:05:39.0,0.88′ × 0.45′,0.01466667,General,,,,0,0,Work in progress
ngc-NGC6391,NGC 6391,Galaxy,Draco,14.85,17:28:48.99,+58:51:03.2,0.75′ × 0.52′,0.0125,General,,,,0,0,Work in progress
ngc-NGC6392,NGC 6392,Galaxy,Apus,12.27,17:43:30.37,-69:47:06.7,1.94′ × 1.71′,0.03233333,General,,,,0,0,Work in progress
ngc-NGC6393,NGC 6393,Galaxy,Draco,15.84,17:30:08.45,+59:31:54.5,0.43′ × 0.4′,0.00716667,General,,,,0,0,Work in progress
ngc-NGC6394,NGC 6394,Galaxy,Draco,15.4,17:30:21.42,+59:38:23.6,1.14′ × 0.43′,0.019,General,,,,0,0,Work in progress
ngc-NGC6395,NGC 6395,Galaxy,Draco,12.69,17:26:31.27,+71:05:46.6,2.25′ × 0.73′,0.0375,General,,,,0,0,Work in progress
ngc-NGC6396,NGC 6396,Open cluster,Scorpius,8.5,17:37:36.34,-35:01:33.1,3.3′,0.055,WideField,,,,0,0,Work in progress
ngc-NGC6398,NGC 6398,Galaxy,Pavo,13.46,17:42:43.74,-61:41:39.4,2.44′ × 0.85′,0.04066667,General,,,,0,0,Work in progress
ngc-NGC6399,NGC 6399,Galaxy,Draco,14.6,17:31:50.30,+59:36:55.9,1.21′ × 0.58′,0.02016667,General,,,,0,0,Work in progress
ngc-NGC6400,NGC 6400,Open cluster,Scorpius,8.8,17:40:12.80,-36:56:51.8,6′,0.1,WideField,,,,0,0,Work in progress
ngc-NGC6401,NGC 6401,Globular cluster,Ophiuchus,10.71,17:38:36.93,-23:54:31.6,4.5′,0.075,General,,,,0,0,Work in progress
ngc-NGC6403,NGC 6403,Galaxy,Pavo,14.34,17:43:23.56,-61:40:55.6,1.15′ × 0.89′,0.01916667,General,,,,0,0,Work in progress
ngc-NGC6404,NGC 6404,Open cluster,Scorpius,10.6,17:39:37.36,-33:14:48.2,4.2′,0.07,WideField,,,,0,0,Work in progress
ngc-NGC6406,NGC 6406,Optical double,Hercules,,17:38:19.05,+18:49:59.0,,,HighMagnification,,,,0,0,Work in progress
ngc-NGC6407,NGC 6407,Galaxy,Pavo,12.99,17:44:57.69,-60:44:23.3,2.47′ × 1.93′,0.04116667,General,,,,0,0,Work in progress
ngc-NGC6408,NGC 6408,Galaxy,Hercules,14.4,17:38:47.36,+18:52:40.3,1.55′ × 1.26′,0.02583333,General,,,,0,0,Work in progress
ngc-NGC6409,NGC 6409,Galaxy,Draco,14.6,17:36:35.40,+50:45:57.2,0.72′ × 0.61′,0.012,General,,,,0,0,Work in progress
ngc-NGC6410,NGC 6410,Optical double,Draco,,17:35:20.48,+60:47:35.0,,,HighMagnification,,,,0,0,Work in progress
ngc-NGC6411,NGC 6411,Galaxy,Draco,11.86,17:35:32.85,+60:48:48.2,1.76′ × 1.15′,0.02933333,General,,,,0,0,Work in progress
ngc-NGC6412,NGC 6412,Galaxy,Draco,11.83,17:29:37.51,+75:42:15.9,2.13′ × 1.84′,0.0355,General,,,,0,0,Work in progress
ngc-NGC6413,NGC 6413,Unclassified object,Ophiuchus,,17:40:40.72,+12:37:26.2,,,General,,,,0,0,Work in progress
ngc-NGC6414,NGC 6414,Galaxy,Draco,15.71,17:30:36.86,+74:22:34.1,1′ × 0.47′,0.01666667,General,,,,0,0,Work in progress
ngc-NGC6415,NGC 6415,Asterism,Scorpius,,17:44:20.55,-35:04:15.7,,,WideField,,,,0,0,Work in progress
ngc-NGC6416,NGC 6416,Open cluster,Scorpius,,17:44:19.99,-32:21:39.6,6.9′,0.115,WideField,,,,0,0,Work in progress
ngc-NGC6417,NGC 6417,Galaxy,Hercules,14.32,17:41:47.82,+23:40:19.9,1.42′ × 1.17′,0.02366667,General,,,,0,0,Work in progress
ngc-NGC6418,NGC 6418,Galaxy,Draco,14.5,17:38:09.32,+58:42:53.7,0.65′ × 0.52′,0.01083333,General,,,,0,0,Work in progress
ngc-NGC6419,NGC 6419,Galaxy,Draco,15.26,17:36:05.90,+68:09:20.8,0.97′ × 0.25′,0.01616667,General,,,,0,0,Work in progress
ngc-NGC6420,NGC 6420,Galaxy,Draco,15.41,17:36:16.30,+68:03:08.5,1.02′ × 0.56′,0.017,General,,,,0,0,Work in progress
ngc-NGC6421,NGC 6421,Asterism,Scorpius,,17:45:44.21,-33:41:33.5,,,WideField,,,,0,0,Work in progress
ngc-NGC6422,NGC 6422,Galaxy,Draco,14.99,17:36:30.01,+68:03:31.0,1.17′ × 0.93′,0.0195,General,,,,0,0,Work in progress
ngc-NGC6423,NGC 6423,Galaxy,Draco,15.6,17:36:53.33,+68:10:17.3,0.63′ × 0.59′,0.0105,General,,,,0,0,Work in progress
ngc-NGC6424,NGC 6424,Galaxy,Draco,14.66,17:36:12.07,+69:59:20.0,0.81′ × 0.78′,0.0135,General,,,,0,0,Work in progress
ngc-NGC6425,NGC 6425,Open cluster,Scorpius,7.2,17:47:01.68,-31:31:45.8,4.8′,0.08,WideField,,,,0,0,Work in progress
ngc-NGC6426,NGC 6426,Globular cluster,Ophiuchus,,17:44:54.71,+03:10:12.5,5.7′,0.095,General,,,,0,0,Work in progress
ngc-NGC6427,NGC 6427,Galaxy,Hercules,14.52,17:43:38.59,+25:29:38.1,1.55′ × 0.52′,0.02583333,General,,,,0,0,Work in progress
ngc-NGC6428,NGC 6428,Optical double,Hercules,,17:43:52.81,+25:33:17.2,,,HighMagnification,,,,0,0,Work in progress
ngc-NGC6429,NGC 6429,Galaxy,Hercules,14.2,17:44:05.35,+25:21:02.6,1.82′ × 0.7′,0.03033333,General,,,,0,0,Work in progress
ngc-NGC6430,NGC 6430,Galaxy,Hercules,14.71,17:45:14.27,+18:08:20.2,1.68′ × 0.58′,0.028,General,,,,0,0,Work in progress
ngc-NGC6432,NGC 6432,Unclassified object,Sagittarius,,17:47:22.41,-24:53:14.9,,,General,,,,0,0,Work in progress
ngc-NGC6433,NGC 6433,Galaxy,Hercules,14,17:43:56.21,+36:48:00.4,1.91′ × 0.5′,0.03183333,General,,,,0,0,Work in progress
ngc-NGC6434,NGC 6434,Galaxy,Draco,13.2,17:36:48.82,+72:05:20.3,2.09′ × 0.86′,0.03483333,General,,,,0,0,Work in progress
ngc-NGC6435,NGC 6435,Galaxy,Draco,14.86,17:40:11.08,+62:38:30.3,0.87′ × 0.58′,0.0145,General,,,,0,0,Work in progress
ngc-NGC6436,NGC 6436,Galaxy,Draco,14.85,17:41:13.24,+60:26:58.9,1.04′ × 0.6′,0.01733333,General,,,,0,0,Work in progress
ngc-NGC6437,NGC 6437,Asterism,Scorpius,,17:48:21.12,-35:21:58.3,,,WideField,,,,0,0,Work in progress
ngc-NGC6438,NGC 6438,Galaxy,Octans,11.61,18:22:17.48,-85:24:07.4,1.76′ × 1.49′,0.02933333,General,,,,0,0,Work in progress
ngc-NGC6439,NGC 6439,Planetary nebula,Sagittarius,12.6,17:48:19.80,-16:28:44.0,0.08′,0.00133333,HighMagnification,,,,0,0,Work in progress
ngc-NGC6440,NGC 6440,Globular cluster,Sagittarius,10.1,17:48:52.67,-20:21:34.5,5.1′,0.085,General,,,,0,0,Work in progress
ngc-NGC6441,NGC 6441,Globular cluster,Scorpius,8,17:50:12.84,-37:03:03.9,4.8′,0.08,General,,,,0,0,Work in progress
ngc-NGC6442,NGC 6442,Galaxy,Hercules,14.44,17:46:51.34,+20:45:39.9,1.42′ × 0.97′,0.02366667,General,,,,0,0,Work in progress
ngc-NGC6443,NGC 6443,Galaxy,Hercules,14.74,17:44:33.85,+48:06:50.6,1.13′ × 0.5′,0.01883333,General,,,,0,0,Work in progress
ngc-NGC6444,NGC 6444,Open cluster,Scorpius,,17:49:35.18,-34:49:10.8,6.9′,0.115,WideField,,,,0,0,Work in progress
ngc-NGC6445,Little Gem,Planetary nebula,Sagittarius,11.2,17:49:15.06,-20:00:34.2,0.55′,0.00916667,HighMagnification,,,,0,0,Work in progress
ngc-NGC6446,NGC 6446,Galaxy,Hercules,15.03,17:46:07.51,+35:34:09.8,0.58′ × 0.42′,0.00966667,General,,,,0,0,Work in progress
ngc-NGC6447,NGC 6447,Galaxy,Hercules,12.99,17:46:17.23,+35:34:19.1,1.35′ × 0.73′,0.0225,General,,,,0,0,Work in progress
ngc-NGC6448,NGC 6448,Unclassified object,Draco,,17:43:42.80,+53:32:46.0,,,General,,,,0,0,Work in progress
ngc-NGC6449,NGC 6449,Galaxy,Draco,14.56,17:43:46.34,+56:48:14.9,0.9′ × 0.75′,0.015,General,,,,0,0,Work in progress
ngc-NGC6450,NGC 6450,Unclassified object,Hercules,,17:47:32.36,+18:34:30.8,,,General,,,,0,0,Work in progress
ngc-NGC6451,NGC 6451,Open cluster,Scorpius,8.2,17:50:40.64,-30:12:41.8,7.2′,0.12,WideField,,,,0,0,Work in progress
ngc-NGC6452,NGC 6452,Galaxy,Hercules,15.1,17:47:58.53,+20:50:16.1,0.7′ × 0.55′,0.01166667,General,,,,0,0,Work in progress
ngc-NGC6453,NGC 6453,Globular cluster,Scorpius,10.49,17:50:51.71,-34:35:59.6,5.4′,0.09,General,,,,0,0,Work in progress
ngc-NGC6454,NGC 6454,Galaxy,Draco,13.5,17:44:56.61,+55:42:17.2,1.41′ × 1.07′,0.0235,General,,,,0,0,Work in progress
ngc-NGC6455,NGC 6455,Asterism,Scorpius,,17:51:08.10,-35:20:16.1,7.8′,0.13,WideField,,,,0,0,Work in progress
ngc-NGC6456,NGC 6456,Galaxy,Draco,15.5,17:42:31.85,+67:35:32.3,0.51′ × 0.41′,0.0085,General,,,,0,0,Work in progress
ngc-NGC6457,NGC 6457,Galaxy,Draco,15.24,17:42:52.84,+66:28:33.6,1.08′ × 0.72′,0.018,General,,,,0,0,Work in progress
ngc-NGC6458,NGC 6458,Galaxy,Hercules,14.91,17:49:11.01,+20:48:15.4,1.08′ × 0.72′,0.018,General,,,,0,0,Work in progress
ngc-NGC6459,NGC 6459,Galaxy,Draco,15.23,17:45:47.19,+55:46:36.3,0.86′ × 0.46′,0.01433333,General,,,,0,0,Work in progress
ngc-NGC6460,NGC 6460,Galaxy,Hercules,14.66,17:49:30.36,+20:45:49.2,1.72′ × 0.98′,0.02866667,General,,,,0,0,Work in progress
ngc-NGC6461,NGC 6461,Galaxy,Draco,15.56,17:39:56.51,+74:02:03.2,0.82′ × 0.47′,0.01366667,General,,,,0,0,Work in progress
ngc-NGC6462,NGC 6462,Galaxy,Draco,14.9,17:44:48.86,+61:54:38.1,0.55′ × 0.52′,0.00916667,General,,,,0,0,Work in progress
ngc-NGC6463,NGC 6463,Galaxy,Draco,15.12,17:43:34.32,+67:36:12.6,0.95′ × 0.81′,0.01583333,General,,,,0,0,Work in progress
ngc-NGC6464,NGC 6464,Galaxy,Draco,15.29,17:45:47.53,+60:53:50.9,0.56′ × 0.53′,0.00933333,General,,,,0,0,Work in progress
ngc-NGC6465,NGC 6465,Unclassified object,Sagittarius,,17:52:55.58,-25:23:51.7,,,General,,,,0,0,Work in progress
ngc-NGC6466,NGC 6466,Galaxy,Draco,14.8,17:48:08.10,+51:23:57.2,0.7′ × 0.41′,0.01166667,General,,,,0,0,Work in progress
ngc-NGC6467,NGC 6467,Galaxy,Hercules,14.83,17:50:40.16,+17:32:16.0,1.41′ × 0.75′,0.0235,General,,,,0,0,Work in progress
ngc-NGC6469,NGC 6469,Open cluster,Sagittarius,8.2,17:53:12.13,-22:16:30.4,9′,0.15,WideField,,,,0,0,Work in progress
ngc-NGC6470,NGC 6470,Galaxy,Draco,15.14,17:44:14.87,+67:37:09.8,1.08′ × 0.69′,0.018,General,,,,0,0,Work in progress
ngc-NGC6471,NGC 6471,Galaxy pair,Draco,,17:44:15.60,+67:35:31.0,1.2′,0.02,General,,,,0,0,Work in progress
ngc-NGC6472,NGC 6472,Galaxy,Draco,16.27,17:44:03.10,+67:37:49.2,0.65′ × 0.45′,0.01083333,General,,,,0,0,Work in progress
ngc-NGC6473,NGC 6473,Galaxy,Draco,15.26,17:45:57.84,+57:15:25.6,0.91′ × 0.71′,0.01516667,General,,,,0,0,Work in progress
ngc-NGC6474,NGC 6474,Galaxy,Draco,14.96,17:47:05.56,+57:18:04.2,0.87′ × 0.42′,0.0145,General,,,,0,0,Work in progress
ngc-NGC6476,NGC 6476,Asterism,Sagittarius,,17:54:02.01,-29:08:39.0,,,WideField,,,,0,0,Work in progress
ngc-NGC6477,NGC 6477,Galaxy,Draco,16.65,17:44:30.02,+67:36:38.1,0.55′ × 0.35′,0.00916667,General,,,,0,0,Work in progress
ngc-NGC6478,NGC 6478,Galaxy,Draco,14.02,17:48:38.35,+51:09:26.1,1.45′ × 0.44′,0.02416667,General,,,,0,0,Work in progress
ngc-NGC6479,NGC 6479,Galaxy,Draco,14.45,17:48:21.59,+54:08:56.4,0.94′ × 0.83′,0.01566667,General,,,,0,0,Work in progress
ngc-NGC6480,NGC 6480,Asterism,Scorpius,,17:54:26.04,-30:27:07.4,2.7′,0.045,WideField,,,,0,0,Work in progress
ngc-NGC6481,NGC 6481,Unclassified object,Ophiuchus,,17:52:48.91,+04:10:04.2,3.9′,0.065,General,,,,0,0,Work in progress
ngc-NGC6482,NGC 6482,Galaxy,Hercules,11.33,17:51:48.81,+23:04:19.0,2.03′ × 1.71′,0.03383333,General,,,,0,0,Work in progress
ngc-NGC6483,NGC 6483,Galaxy,Pavo,11.96,17:59:30.81,-63:40:07.4,1.83′ × 1.49′,0.0305,General,,,,0,0,Work in progress
ngc-NGC6484,NGC 6484,Galaxy,Hercules,13.35,17:51:46.98,+24:29:00.5,1.74′ × 0.91′,0.029,General,,,,0,0,Work in progress
ngc-NGC6485,NGC 6485,Galaxy,Hercules,14.13,17:51:52.74,+31:27:42.4,1.23′ × 1.16′,0.0205,General,,,,0,0,Work in progress
ngc-NGC6486,NGC 6486,Galaxy,Hercules,15.04,17:52:35.30,+29:49:04.8,0.61′ × 0.56′,0.01016667,General,,,,0,0,Work in progress
ngc-NGC6487,NGC 6487,Galaxy,Hercules,11.97,17:52:41.85,+29:50:19.1,1.8′ × 1.57′,0.03,General,,,,0,0,Work in progress
ngc-NGC6488,NGC 6488,Galaxy,Draco,14.81,17:49:20.97,+62:13:22.5,0.65′ × 0.25′,0.01083333,General,,,,0,0,Work in progress
ngc-NGC6489,NGC 6489,Galaxy,Draco,16.24,17:50:01.31,+60:05:32.0,0.51′ × 0.4′,0.0085,General,,,,0,0,Work in progress
ngc-NGC6490,NGC 6490,Galaxy,Hercules,14.73,17:54:30.47,+18:22:33.0,1.01′ × 0.78′,0.01683333,General,,,,0,0,Work in progress
ngc-NGC6491,NGC 6491,Galaxy,Draco,14.43,17:50:00.70,+61:31:54.4,1.25′ × 0.46′,0.02083333,General,,,,0,0,Work in progress
ngc-NGC6492,NGC 6492,Galaxy,Pavo,11.94,18:02:48.35,-66:25:50.3,2.38′ × 1.38′,0.03966667,General,,,,0,0,Work in progress
ngc-NGC6493,NGC 6493,Galaxy,Draco,15.44,17:50:22.66,+61:33:33.9,1.07′ × 1.02′,0.01783333,General,,,,0,0,Work in progress
ngc-NGC6495,NGC 6495,Galaxy,Hercules,13.86,17:54:50.76,+18:19:36.9,1.44′ × 1.07′,0.024,General,,,,0,0,Work in progress
ngc-NGC6496,NGC 6496,Globular cluster,Scorpius,9.96,17:59:03.70,-44:15:58.7,4.62′,0.077,General,,,,0,0,Work in progress
ngc-NGC6497,NGC 6497,Galaxy,Draco,14.22,17:51:17.97,+59:28:15.2,1.45′ × 0.66′,0.02416667,General,,,,0,0,Work in progress
ngc-NGC6499,NGC 6499,Optical double,Hercules,,17:55:20.01,+18:21:35.1,,,HighMagnification,,,,0,0,Work in progress
ngc-NGC6500,NGC 6500,Galaxy,Hercules,12.54,17:55:59.78,+18:20:17.7,2.08′ × 1.65′,0.03466667,General,,,,0,0,Work in progress
ngc-NGC6501,NGC 6501,Galaxy,Hercules,13.11,17:56:03.74,+18:22:23.1,1.73′ × 1.52′,0.02883333,General,,,,0,0,Work in progress
ngc-NGC6502,NGC 6502,Galaxy,Pavo,13.63,18:04:13.72,-65:24:35.8,1.4′ × 1.23′,0.02333333,General,,,,0,0,Work in progress
ngc-NGC6503,NGC 6503,Galaxy,Draco,10.12,17:49:26.43,+70:08:39.7,5.94′ × 1.98′,0.099,General,,,,0,0,Work in progress
ngc-NGC6504,NGC 6504,Galaxy,Hercules,13.3,17:56:05.71,+33:12:30.2,1.94′ × 0.41′,0.03233333,General,,,,0,0,Work in progress
ngc-NGC6505,NGC 6505,Galaxy,Draco,15.28,17:51:07.44,+65:31:50.8,1.15′ × 0.84′,0.01916667,General,,,,0,0,Work in progress
ngc-NGC6506,NGC 6506,Open cluster,Sagittarius,,17:59:53.49,-24:41:07.2,,,WideField,,,,0,0,Work in progress
ngc-NGC6507,NGC 6507,Open cluster,Sagittarius,9.6,17:59:50.79,-17:27:01.0,4.8′,0.08,WideField,,,,0,0,Work in progress
ngc-NGC6508,NGC 6508,Galaxy,Draco,14.03,17:49:46.44,+72:01:16.0,1.29′ × 1.09′,0.0215,General,,,,0,0,Work in progress
ngc-NGC6509,NGC 6509,Galaxy,Ophiuchus,13.32,17:59:25.27,+06:17:13.3,1.45′ × 1.24′,0.02416667,General,,,,0,0,Work in progress
ngc-NGC6510,NGC 6510,Galaxy,Draco,14.26,17:54:39.30,+60:49:04.5,0.83′ × 0.48′,0.01383333,General,,,,0,0,Work in progress
ngc-NGC6512,NGC 6512,Galaxy,Draco,14.74,17:54:50.31,+62:38:42.3,0.81′ × 0.66′,0.0135,General,,,,0,0,Work in progress
ngc-NGC6513,NGC 6513,Galaxy,Hercules,14.64,17:59:34.53,+24:52:49.9,1.08′ × 0.77′,0.018,General,,,,0,0,Work in progress
ngc-NGC6515,NGC 6515,Galaxy,Draco,14.25,17:57:25.19,+50:43:41.2,1.53′ × 1.14′,0.0255,General,,,,0,0,Work in progress
ngc-NGC6516,NGC 6516,Galaxy,Draco,15.65,17:55:16.78,+62:40:11.5,0.74′ × 0.32′,0.01233333,General,,,,0,0,Work in progress
ngc-NGC6517,NGC 6517,Globular cluster,Ophiuchus,11.08,18:01:50.39,-08:57:34.2,4.8′,0.08,General,,,,0,0,Work in progress
ngc-NGC6518,NGC 6518,Galaxy,Hercules,14.94,17:59:43.74,+28:52:00.0,0.8′ × 0.64′,0.01333333,General,,,,0,0,Work in progress
ngc-NGC6519,NGC 6519,Optical double,Sagittarius,,18:03:20.13,-29:48:15.3,,,HighMagnification,,,,0,0,Work in progress
ngc-NGC6520,NGC 6520,Open cluster,Sagittarius,7.6,18:03:24.14,-27:53:10.0,5.4′,0.09,WideField,,,,0,0,Work in progress
ngc-NGC6521,NGC 6521,Galaxy,Draco,13.9,17:55:48.44,+62:36:44.1,1.55′ × 1.01′,0.02583333,General,,,,0,0,Work in progress
ngc-NGC6522,NGC 6522,Globular cluster,Sagittarius,9.48,18:03:34.07,-30:02:02.3,3.9′,0.065,General,,,,0,0,Work in progress
ngc-NGC6524,NGC 6524,Galaxy,Hercules,13.91,17:59:14.71,+45:53:13.5,1.63′ × 0.99′,0.02716667,General,,,,0,0,Work in progress
ngc-NGC6525,NGC 6525,Open cluster,Ophiuchus,,18:02:04.75,+11:02:18.0,5.4′,0.09,WideField,,,,0,0,Work in progress
ngc-NGC6526,NGC 6526,Nebula,Sagittarius,,18:04:06.15,-24:26:30.8,40′ × 40′,0.66666667,General,,,,0,0,Work in progress
ngc-NGC6527,NGC 6527,Galaxy,Hercules,14.89,18:01:46.33,+19:43:43.4,1.48′ × 1.13′,0.02466667,General,,,,0,0,Work in progress
ngc-NGC6528,NGC 6528,Globular cluster,Sagittarius,10.65,18:04:49.61,-30:03:20.8,3.6′,0.06,General,,,,0,0,Work in progress
ngc-NGC6529,NGC 6529,Asterism,Sagittarius,,18:05:28.86,-36:17:43.4,,,WideField,,,,0,0,Work in progress
ngc-NGC6530,NGC 6530,Nebula with cluster,Sagittarius,4.6,18:04:31.03,-24:21:29.0,6′,0.1,General,,,,0,0,Work in progress
ngc-NGC6532,NGC 6532,Galaxy,Draco,14.91,17:59:13.95,+56:13:54.4,1.69′ × 0.66′,0.02816667,General,,,,0,0,Work in progress
ngc-NGC6534,NGC 6534,Galaxy,Draco,15.42,17:56:08.56,+64:17:01.3,0.93′ × 0.49′,0.0155,General,,,,0,0,Work in progress
ngc-NGC6535,NGC 6535,Globular cluster,Serpens,9.85,18:03:50.69,-00:17:48.9,3.6′,0.06,General,,,,0,0,Work in progress
ngc-NGC6536,NGC 6536,Galaxy,Draco,14.24,17:57:16.35,+64:56:17.1,1.14′ × 0.92′,0.019,General,,,,0,0,Work in progress
ngc-NGC6537,Red Spider Nebula,Planetary nebula,Sagittarius,11.6,18:05:13.10,-19:50:34.7,0.17′,0.00283333,HighMagnification,,,,0,0,Work in progress
ngc-NGC6538,NGC 6538,Galaxy,Draco,14.05,17:54:16.61,+73:25:26.2,0.94′ × 0.52′,0.01566667,General,,,,0,0,Work in progress
ngc-NGC6539,NGC 6539,Globular cluster,Serpens,,18:04:49.75,-07:35:09.1,6′,0.1,General,,,,0,0,Work in progress
ngc-NGC6540,NGC 6540,Globular cluster,Sagittarius,,18:06:07.95,-27:45:46.1,4.08′,0.068,General,,,,0,0,Work in progress
ngc-NGC6542,NGC 6542,Galaxy,Draco,13.92,17:59:38.62,+61:21:33.8,1.38′ × 0.4′,0.023,General,,,,0,0,Work in progress
ngc-NGC6544,NGC 6544,Globular cluster,Sagittarius,9.9,18:07:20.00,-24:59:54.1,6′,0.1,General,,,,0,0,Work in progress
ngc-NGC6545,NGC 6545,Galaxy,Pavo,14.24,18:12:14.77,-63:46:34.1,1.11′ × 0.97′,0.0185,General,,,,0,0,Work in progress
ngc-NGC6546,NGC 6546,Open cluster,Sagittarius,8,18:07:22.55,-23:17:46.4,6.9′,0.115,WideField,,,,0,0,Work in progress
ngc-NGC6547,NGC 6547,Galaxy,Hercules,14.21,18:05:10.02,+25:13:57.4,1.63′ × 0.58′,0.02716667,General,,,,0,0,Work in progress
ngc-NGC6548,NGC 6548,Galaxy,Hercules,11.73,18:05:59.24,+18:35:14.1,2.65′ × 2.37′,0.04416667,General,,,,0,0,Work in progress
ngc-NGC6549,NGC 6549,Galaxy,Hercules,14.73,18:05:49.50,+18:32:16.9,1.22′ × 0.3′,0.02033333,General,,,,0,0,Work in progress
ngc-NGC6551,NGC 6551,Unclassified object,Sagittarius,,18:08:59.66,-29:33:27.6,,,General,,,,0,0,Work in progress
ngc-NGC6552,NGC 6552,Galaxy,Draco,14.6,18:00:07.23,+66:36:54.4,1.06′ × 0.73′,0.01766667,General,,,,0,0,Work in progress
ngc-NGC6553,NGC 6553,Globular cluster,Sagittarius,9.08,18:09:17.48,-25:54:28.3,5.4′,0.09,General,,,,0,0,Work in progress
ngc-NGC6554,NGC 6554,Open cluster,Sagittarius,,18:09:23.98,-18:22:43.3,8.7′,0.145,WideField,,,,0,0,Work in progress
ngc-NGC6555,NGC 6555,Galaxy,Hercules,12.39,18:07:49.17,+17:36:17.6,1.96′ × 1.61′,0.03266667,General,,,,0,0,Work in progress
ngc-NGC6556,NGC 6556,Asterism,Sagittarius,,18:09:57.59,-27:31:29.3,,,WideField,,,,0,0,Work in progress
ngc-NGC6557,NGC 6557,Galaxy,Octans,13.99,18:21:24.82,-76:34:58.7,1.38′ × 0.92′,0.023,General,,,,0,0,Work in progress
ngc-NGC6558,NGC 6558,Globular cluster,Sagittarius,11.29,18:10:18.38,-31:45:48.5,5.4′,0.09,General,,,,0,0,Work in progress
ngc-NGC6559,NGC 6559,Nebula,Sagittarius,,18:09:56.85,-24:06:23.0,15′ × 10′,0.25,General,,,,0,0,Work in progress
ngc-NGC6560,NGC 6560,Galaxy,Hercules,13.61,18:05:13.98,+46:52:53.7,1.12′ × 0.61′,0.01866667,General,,,,0,0,Work in progress
ngc-NGC6561,NGC 6561,Open cluster,Sagittarius,,18:10:30.86,-16:43:32.4,6′,0.1,WideField,,,,0,0,Work in progress
ngc-NGC6562,NGC 6562,Galaxy,Draco,14.7,18:05:00.91,+56:15:47.2,1′ × 0.95′,0.01666667,General,,,,0,0,Work in progress
ngc-NGC6563,NGC 6563,Planetary nebula,Sagittarius,11,18:12:02.50,-33:52:06.0,0.79′,0.01316667,HighMagnification,,,,0,0,Work in progress
ngc-NGC6564,NGC 6564,Unclassified object,Hercules,,18:09:02.37,+17:23:40.7,,,General,,,,0,0,Work in progress
ngc-NGC6565,NGC 6565,Planetary nebula,Sagittarius,11.6,18:11:52.60,-28:10:42.0,0.23′,0.00383333,HighMagnification,,,,0,0,Work in progress
ngc-NGC6566,NGC 6566,Galaxy,Draco,15.47,18:07:00.67,+52:15:36.4,0.67′ × 0.6′,0.01116667,General,,,,0,0,Work in progress
ngc-NGC6567,NGC 6567,Planetary nebula,Sagittarius,11,18:13:45.20,-19:04:33.0,0.13′,0.00216667,HighMagnification,,,,0,0,Work in progress
ngc-NGC6568,NGC 6568,Open cluster,Sagittarius,8.6,18:12:44.25,-21:37:40.9,7.8′,0.13,WideField,,,,0,0,Work in progress
ngc-NGC6569,NGC 6569,Globular cluster,Sagittarius,9.47,18:13:38.67,-31:49:39.6,4.5′,0.075,General,,,,0,0,Work in progress
ngc-NGC6570,NGC 6570,Galaxy,Ophiuchus,12.7,18:11:07.30,+14:05:35.1,1.59′ × 0.86′,0.0265,General,,,,0,0,Work in progress
ngc-NGC6571,NGC 6571,Galaxy,Hercules,15.2,18:10:49.36,+21:14:18.6,0.79′ × 0.58′,0.01316667,General,,,,0,0,Work in progress
ngc-NGC6572,NGC 6572,Planetary nebula,Ophiuchus,8.1,18:12:06.21,+06:51:13.4,0.18′,0.003,HighMagnification,,,,0,0,Work in progress
ngc-NGC6573,NGC 6573,Asterism,Sagittarius,,18:14:22.98,-22:10:27.7,3.18′,0.053,WideField,,,,0,0,Work in progress
ngc-NGC6574,NGC 6574,Galaxy,Hercules,11.96,18:11:51.23,+14:58:54.4,1.57′ × 1.2′,0.02616667,General,,,,0,0,Work in progress
ngc-NGC6575,NGC 6575,Galaxy,Hercules,14.35,18:10:57.49,+31:06:58.3,1.5′ × 1.08′,0.025,General,,,,0,0,Work in progress
ngc-NGC6576,NGC 6576,Galaxy,Hercules,15.68,18:11:48.02,+21:25:41.7,0.76′ × 0.65′,0.01266667,General,,,,0,0,Work in progress
ngc-NGC6577,NGC 6577,Galaxy,Hercules,12.68,18:12:01.23,+21:27:48.2,1.23′ × 1.06′,0.0205,General,,,,0,0,Work in progress
ngc-NGC6578,NGC 6578,Planetary nebula,Sagittarius,12.9,18:16:16.50,-20:27:03.3,0.14′,0.00233333,HighMagnification,,,,0,0,Work in progress
ngc-NGC6579,NGC 6579,Galaxy,Hercules,14.28,18:12:31.81,+21:25:14.5,1.15′ × 0.78′,0.01916667,General,,,,0,0,Work in progress
ngc-NGC6580,NGC 6580,Galaxy,Hercules,13.9,18:12:33.70,+21:25:34.1,1.39′ × 0.82′,0.02316667,General,,,,0,0,Work in progress
ngc-NGC6581,NGC 6581,Galaxy,Hercules,15.35,18:12:18.42,+25:39:44.5,0.6′ × 0.44′,0.01,General,,,,0,0,Work in progress
ngc-NGC6582,NGC 6582,Galaxy pair,Hercules,,18:11:03.50,+49:54:38.0,1.4′,0.02333333,General,,,,0,0,Work in progress
ngc-NGC6583,NGC 6583,Open cluster,Sagittarius,10,18:15:48.93,-22:08:15.5,3.6′,0.06,WideField,,,,0,0,Work in progress
ngc-NGC6584,NGC 6584,Globular cluster,Telescopium,8.17,18:18:37.65,-52:12:54.6,5.1′,0.085,General,,,,0,0,Work in progress
ngc-NGC6585,NGC 6585,Galaxy,Hercules,13.49,18:12:21.79,+39:37:58.8,2.01′ × 0.45′,0.0335,General,,,,0,0,Work in progress
ngc-NGC6586,NGC 6586,Galaxy,Hercules,14.54,18:13:38.50,+21:05:24.3,1.15′ × 0.59′,0.01916667,General,,,,0,0,Work in progress
ngc-NGC6587,NGC 6587,Galaxy,Hercules,13.74,18:13:50.89,+18:49:30.7,1.82′ × 1.82′,0.03033333,General,,,,0,0,Work in progress
ngc-NGC6588,NGC 6588,Unclassified object,Pavo,,18:20:58.86,-63:48:35.9,5.4′,0.09,General,,,,0,0,Work in progress
ngc-NGC6589,NGC 6589,Nebula,Sagittarius,10.5,18:16:55.37,-19:46:37.5,4′ × 3′,0.06666667,General,,,,0,0,Work in progress
ngc-NGC6590,NGC 6590,Reflection nebula,Sagittarius,9.8,18:17:04.99,-19:51:57.8,4′ × 3′,0.06666667,General,,,,0,0,Work in progress
ngc-NGC6591,NGC 6591,Galaxy,Hercules,16.39,18:14:03.90,+21:03:50.0,0.54′ × 0.21′,0.009,General,,,,0,0,Work in progress
ngc-NGC6592,NGC 6592,Galaxy,Draco,15.12,18:09:50.68,+61:25:19.1,0.81′ × 0.65′,0.0135,General,,,,0,0,Work in progress
ngc-NGC6593,NGC 6593,Galaxy,Hercules,15.1,18:14:03.55,+22:17:02.1,0.81′ × 0.67′,0.0135,General,,,,0,0,Work in progress
ngc-NGC6594,NGC 6594,Galaxy,Draco,15.33,18:10:05.52,+61:08:00.5,0.86′ × 0.5′,0.01433333,General,,,,0,0,Work in progress
ngc-NGC6596,NGC 6596,Open cluster,Sagittarius,,18:17:33.73,-16:39:01.6,6.6′,0.11,WideField,,,,0,0,Work in progress
ngc-NGC6597,NGC 6597,Galaxy,Draco,15.44,18:11:13.45,+61:10:50.4,0.89′ × 0.5′,0.01483333,General,,,,0,0,Work in progress
ngc-NGC6598,NGC 6598,Galaxy,Draco,14.14,18:08:56.00,+69:04:04.4,1.18′ × 0.87′,0.01966667,General,,,,0,0,Work in progress
ngc-NGC6599,NGC 6599,Galaxy,Hercules,12.82,18:15:42.98,+24:54:44.6,1.23′ × 1.14′,0.0205,General,,,,0,0,Work in progress
ngc-NGC6601,NGC 6601,Galaxy,Draco,15.54,18:11:44.35,+61:27:11.9,0.79′ × 0.49′,0.01316667,General,,,,0,0,Work in progress
ngc-NGC6602,NGC 6602,Galaxy,Hercules,14.57,18:16:34.29,+25:02:38.5,0.77′ × 0.57′,0.01283333,General,,,,0,0,Work in progress
ngc-NGC6603,NGC 6603,Open cluster,Sagittarius,11.1,18:18:26.97,-18:24:21.8,4.2′,0.07,WideField,,,,0,0,Work in progress
ngc-NGC6604,NGC 6604,Open cluster,Serpens,6.5,18:18:02.96,-12:14:35.2,9.6′,0.16,WideField,,,,0,0,Work in progress
ngc-NGC6605,NGC 6605,Open cluster,Serpens,6,18:16:21.68,-15:00:54.7,6.3′,0.105,WideField,,,,0,0,Work in progress
ngc-NGC6606,NGC 6606,Galaxy,Lyra,14.36,18:14:41.59,+43:16:07.1,0.91′ × 0.71′,0.01516667,General,,,,0,0,Work in progress
ngc-NGC6607,NGC 6607,Galaxy,Draco,15.59,18:12:14.74,+61:19:58.5,0.55′ × 0.48′,0.00916667,General,,,,0,0,Work in progress
ngc-NGC6608,NGC 6608,Galaxy,Draco,16.6,18:12:28.88,+61:17:53.4,0.86′ × 0.19′,0.01433333,General,,,,0,0,Work in progress
ngc-NGC6609,NGC 6609,Galaxy,Draco,15.24,18:12:33.57,+61:19:54.9,0.83′ × 0.72′,0.01383333,General,,,,0,0,Work in progress
ngc-NGC6612,NGC 6612,Galaxy,Lyra,15.51,18:16:10.85,+36:04:42.8,1.02′ × 0.66′,0.017,General,,,,0,0,Work in progress
ngc-NGC6614,NGC 6614,Galaxy,Pavo,13.8,18:25:07.21,-63:14:54.1,1.64′ × 1.26′,0.02733333,General,,,,0,0,Work in progress
ngc-NGC6615,NGC 6615,Galaxy,Ophiuchus,14.47,18:18:33.47,+13:15:54.1,1.37′ × 0.87′,0.02283333,General,,,,0,0,Work in progress
ngc-NGC6616,NGC 6616,Galaxy,Hercules,15.12,18:17:41.08,+22:14:18.4,1.35′ × 0.57′,0.0225,General,,,,0,0,Work in progress
ngc-NGC6617,NGC 6617,Galaxy,Draco,15.56,18:14:02.52,+61:19:10.4,0.9′ × 0.52′,0.015,General,,,,0,0,Work in progress
ngc-NGC6619,NGC 6619,Galaxy,Hercules,14.26,18:18:55.54,+23:39:20.2,1.38′ × 0.89′,0.023,General,,,,0,0,Work in progress
ngc-NGC6620,NGC 6620,Planetary nebula,Sagittarius,12.7,18:22:54.15,-26:49:18.1,0.13′,0.00216667,HighMagnification,,,,0,0,Work in progress
ngc-NGC6621,NGC 6621,Galaxy,Draco,13.41,18:12:55.31,+68:21:48.4,2.15′ × 0.87′,0.03583333,General,,,,0,0,Work in progress
ngc-NGC6622,NGC 6622,Galaxy,Draco,14.08,18:12:59.80,+68:21:14.0,0.97′ × 0.87′,0.01616667,General,,,,0,0,Work in progress
ngc-NGC6623,NGC 6623,Galaxy pair,Hercules,,18:19:42.90,+23:42:20.0,1.3′,0.02166667,General,,,,0,0,Work in progress
ngc-NGC6624,NGC 6624,Globular cluster,Sagittarius,,18:23:40.57,-30:21:40.6,3.3′,0.055,General,,,,0,0,Work in progress
ngc-NGC6625,NGC 6625,Open cluster,Scutum,9,18:22:47.30,-11:57:18.0,6′,0.1,WideField,,,,0,0,Work in progress
ngc-NGC6627,NGC 6627,Galaxy,Hercules,13.32,18:22:38.92,+15:41:52.8,1.07′ × 0.96′,0.01783333,General,,,,0,0,Work in progress
ngc-NGC6628,NGC 6628,Galaxy,Hercules,14.72,18:22:21.91,+23:28:42.8,1.52′ × 0.91′,0.02533333,General,,,,0,0,Work in progress
ngc-NGC6629,NGC 6629,Planetary nebula,Sagittarius,11.3,18:25:42.46,-23:12:10.4,0.26′,0.00433333,HighMagnification,,,,0,0,Work in progress
ngc-NGC6630,NGC 6630,Galaxy,Pavo,13.91,18:32:35.14,-63:17:35.7,0.81′ × 0.68′,0.0135,General,,,,0,0,Work in progress
ngc-NGC6631,NGC 6631,Open cluster,Scutum,11.7,18:27:11.36,-12:01:52.4,5.7′,0.095,WideField,,,,0,0,Work in progress
ngc-NGC6632,NGC 6632,Galaxy,Hercules,12.15,18:25:03.09,+27:32:07.1,2.4′ × 1.16′,0.04,General,,,,0,0,Work in progress
ngc-NGC6633,NGC 6633,Open cluster,Ophiuchus,4.6,18:27:15.23,+06:30:29.6,12′,0.2,WideField,,,,0,0,Work in progress
ngc-NGC6635,NGC 6635,Galaxy,Hercules,13.4,18:27:37.11,+14:49:08.6,1.14′ × 1.03′,0.019,General,,,,0,0,Work in progress
ngc-NGC6636,NGC 6636,Galaxy pair,Draco,,18:22:03.50,+66:37:12.8,2.2′,0.03666667,General,,,,0,0,Work in progress
ngc-NGC6638,NGC 6638,Globular cluster,Sagittarius,9.68,18:30:56.25,-25:29:47.1,4.2′,0.07,General,,,,0,0,Work in progress
ngc-NGC6639,NGC 6639,Open cluster,Scutum,,18:30:59.30,-13:09:21.0,6′,0.1,WideField,,,,0,0,Work in progress
ngc-NGC6640,NGC 6640,Galaxy,Lyra,14.16,18:28:08.27,+34:18:09.6,0.83′ × 0.18′,0.01383333,General,,,,0,0,Work in progress
ngc-NGC6641,NGC 6641,Galaxy,Hercules,14.25,18:28:57.37,+22:54:10.8,0.93′ × 0.81′,0.0155,General,,,,0,0,Work in progress
ngc-NGC6642,NGC 6642,Globular cluster,Sagittarius,10.24,18:31:54.22,-23:28:34.1,3.9′,0.065,General,,,,0,0,Work in progress
ngc-NGC6643,NGC 6643,Galaxy,Draco,11.11,18:19:46.41,+74:34:06.1,3.32′ × 1.63′,0.05533333,General,,,,0,0,Work in progress
ngc-NGC6644,NGC 6644,Planetary nebula,Sagittarius,10.7,18:32:34.73,-25:07:45.7,0.04′,0.00066667,HighMagnification,,,,0,0,Work in progress
ngc-NGC6645,NGC 6645,Open cluster,Sagittarius,8.5,18:32:37.90,-16:53:02.0,5.4′,0.09,WideField,,,,0,0,Work in progress
ngc-NGC6646,NGC 6646,Galaxy,Lyra,12.64,18:29:38.74,+39:51:54.5,1.49′ × 1.25′,0.02483333,General,,,,0,0,Work in progress
ngc-NGC6647,NGC 6647,Open cluster,Sagittarius,8,18:32:49.34,-17:13:43.2,3.6′,0.06,WideField,,,,0,0,Work in progress
ngc-NGC6648,NGC 6648,Unclassified object,Draco,,18:25:37.80,+64:58:34.2,,,General,,,,0,0,Work in progress
ngc-NGC6649,NGC 6649,Open cluster,Scutum,8.9,18:33:27.96,-10:24:10.1,5.58′,0.093,WideField,,,,0,0,Work in progress
ngc-NGC6650,NGC 6650,Galaxy,Draco,14.6,18:25:27.99,+68:00:21.0,0.73′ × 0.66′,0.01216667,General,,,,0,0,Work in progress
ngc-NGC6651,NGC 6651,Galaxy,Draco,13.63,18:24:19.71,+71:36:06.9,1.34′ × 0.71′,0.02233333,General,,,,0,0,Work in progress
ngc-NGC6652,NGC 6652,Globular cluster,Sagittarius,9.75,18:35:45.75,-32:59:25.1,5.1′,0.085,General,,,,0,0,Work in progress
ngc-NGC6653,NGC 6653,Galaxy,Pavo,13.39,18:44:38.37,-73:15:48.3,1.64′ × 1.41′,0.02733333,General,,,,0,0,Work in progress
ngc-NGC6654,NGC 6654,Galaxy,Draco,11.84,18:24:07.57,+73:10:59.6,2.91′ × 2.23′,0.0485,General,,,,0,0,Work in progress
ngc-NGC6655,NGC 6655,Optical double,Scutum,,18:34:30.90,-05:55:15.1,,,HighMagnification,,,,0,0,Work in progress
ngc-NGC6657,NGC 6657,Galaxy,Lyra,14.17,18:33:01.46,+34:03:37.7,0.77′ × 0.44′,0.01283333,General,,,,0,0,Work in progress
ngc-NGC6658,NGC 6658,Galaxy,Hercules,11.8,18:33:55.65,+22:53:17.8,1.5′ × 0.25′,0.025,General,,,,0,0,Work in progress
ngc-NGC6659,NGC 6659,Open cluster,Hercules,,18:33:59.93,+23:35:41.6,5.4′,0.09,WideField,,,,0,0,Work in progress
ngc-NGC6660,NGC 6660,Galaxy,Hercules,12.36,18:34:36.67,+22:54:34.8,1.95′ × 1.13′,0.0325,General,,,,0,0,Work in progress
ngc-NGC6662,NGC 6662,Galaxy,Lyra,14.81,18:34:11.18,+32:03:52.5,1.65′ × 0.51′,0.0275,General,,,,0,0,Work in progress
ngc-NGC6663,NGC 6663,Galaxy,Lyra,14.76,18:33:33.68,+40:02:56.2,0.86′ × 0.74′,0.01433333,General,,,,0,0,Work in progress
ngc-NGC6664,NGC 6664,Open cluster,Scutum,7.8,18:36:33.35,-08:13:14.7,6′,0.1,WideField,,,,0,0,Work in progress
ngc-NGC6665,NGC 6665,Galaxy,Lyra,14.52,18:34:30.01,+30:43:14.0,0.95′ × 0.47′,0.01583333,General,,,,0,0,Work in progress
ngc-NGC6666,NGC 6666,Unclassified object,Lyra,,18:34:44.93,+33:35:15.5,,,General,,,,0,0,Work in progress
ngc-NGC6667,NGC 6667,Galaxy,Draco,12.63,18:30:39.79,+67:59:13.3,1.88′ × 1.05′,0.03133333,General,,,,0,0,Work in progress
ngc-NGC6669,NGC 6669,Unclassified object,Hercules,,18:37:15.09,+22:11:44.6,,,General,,,,0,0,Work in progress
ngc-NGC6670,NGC 6670,Galaxy triplet,Draco,,18:33:35.45,+59:53:19.7,1.2′,0.02,General,,,,0,0,Work in progress
ngc-NGC6671,NGC 6671,Galaxy,Lyra,13.72,18:37:26.16,+26:25:01.9,1.39′ × 1.39′,0.02316667,General,,,,0,0,Work in progress
ngc-NGC6672,NGC 6672,Optical double,Lyra,,18:36:14.39,+42:56:51.5,,,HighMagnification,,,,0,0,Work in progress
ngc-NGC6673,NGC 6673,Galaxy,Pavo,11.72,18:45:06.32,-62:17:50.0,2.6′ × 1.44′,0.04333333,General,,,,0,0,Work in progress
ngc-NGC6674,NGC 6674,Galaxy,Hercules,12.07,18:38:33.87,+25:22:30.5,4.01′ × 2.04′,0.06683333,General,,,,0,0,Work in progress
ngc-NGC6675,NGC 6675,Galaxy,Lyra,13.33,18:37:26.48,+40:03:27.8,1.31′ × 0.94′,0.02183333,General,,,,0,0,Work in progress
ngc-NGC6676,NGC 6676,Galaxy,Draco,15.22,18:33:09.96,+66:57:32.6,1.5′ × 0.37′,0.025,General,,,,0,0,Work in progress
ngc-NGC6677,NGC 6677,Galaxy,Draco,13.86,18:33:36.13,+67:06:38.7,0.84′ × 0.35′,0.014,General,,,,0,0,Work in progress
ngc-NGC6679,NGC 6679,Galaxy,Draco,13.6,18:33:30.50,+67:08:14.3,0.6′ × 0.35′,0.01,General,,,,0,0,Work in progress
ngc-NGC6680,NGC 6680,Galaxy,Hercules,15.38,18:39:43.97,+22:18:59.1,0.63′ × 0.41′,0.0105,General,,,,0,0,Work in progress
ngc-NGC6682,NGC 6682,Open cluster,Scutum,,18:39:37.36,-04:48:49.3,4.5′,0.075,WideField,,,,0,0,Work in progress
ngc-NGC6683,NGC 6683,Open cluster,Scutum,9.4,18:42:13.97,-06:12:44.1,3′,0.05,WideField,,,,0,0,Work in progress
ngc-NGC6684,NGC 6684,Galaxy,Pavo,10.5,18:48:57.88,-65:10:24.4,4.19′ × 2.96′,0.06983333,General,,,,0,0,Work in progress
ngc-NGC6685,NGC 6685,Galaxy,Lyra,14.59,18:39:58.64,+39:58:54.4,0.95′ × 0.7′,0.01583333,General,,,,0,0,Work in progress
ngc-NGC6686,NGC 6686,Galaxy,Lyra,14.75,18:40:07.02,+40:08:15.5,0.63′ × 0.56′,0.0105,General,,,,0,0,Work in progress
ngc-NGC6687,NGC 6687,Galaxy,Draco,14.83,18:37:22.11,+59:38:34.7,1.25′ × 0.94′,0.02083333,General,,,,0,0,Work in progress
ngc-NGC6688,NGC 6688,Galaxy,Lyra,13.85,18:40:40.13,+36:17:22.7,1.64′ × 1.59′,0.02733333,General,,,,0,0,Work in progress
ngc-NGC6689,NGC 6689,Galaxy,Draco,12.28,18:34:50.25,+70:31:26.1,3.29′ × 0.91′,0.05483333,General,,,,0,0,Work in progress
ngc-NGC6691,NGC 6691,Galaxy,Draco,12.9,18:39:12.25,+55:38:30.5,1.47′ × 1.37′,0.0245,General,,,,0,0,Work in progress
ngc-NGC6692,NGC 6692,Galaxy pair,Lyra,14.3,18:41:41.50,+34:50:37.0,1.05′ × 0.55′,0.0175,General,,,,0,0,Work in progress
ngc-NGC6695,NGC 6695,Galaxy,Lyra,13.49,18:42:42.74,+40:22:00.8,1.21′ × 0.67′,0.02016667,General,,,,0,0,Work in progress
ngc-NGC6696,NGC 6696,Galaxy,Draco,16.01,18:40:05.04,+59:20:02.3,0.91′ × 0.23′,0.01516667,General,,,,0,0,Work in progress
ngc-NGC6697,NGC 6697,Galaxy,Hercules,14.46,18:45:14.96,+25:30:45.3,1.19′ × 0.95′,0.01983333,General,,,,0,0,Work in progress
ngc-NGC6698,NGC 6698,Open cluster,Sagittarius,,18:48:05.01,-25:28:37.8,4.98′,0.083,WideField,,,,0,0,Work in progress
ngc-NGC6699,NGC 6699,Galaxy,Pavo,12.21,18:52:02.04,-57:19:14.7,1.74′ × 1.71′,0.029,General,,,,0,0,Work in progress
ngc-NGC6700,NGC 6700,Galaxy,Lyra,14.12,18:46:04.39,+32:16:46.6,1.52′ × 1.01′,0.02533333,General,,,,0,0,Work in progress
ngc-NGC6701,NGC 6701,Galaxy,Draco,12.82,18:43:12.46,+60:39:12.0,1.42′ × 1.36′,0.02366667,General,,,,0,0,Work in progress
ngc-NGC6702,NGC 6702,Galaxy,Lyra,12.24,18:46:57.58,+45:42:20.4,1.64′ × 1.42′,0.02733333,General,,,,0,0,Work in progress
ngc-NGC6703,NGC 6703,Galaxy,Lyra,11.38,18:47:18.83,+45:33:02.3,2.43′ × 2.38′,0.0405,General,,,,0,0,Work in progress
ngc-NGC6704,NGC 6704,Open cluster,Scutum,9.2,18:50:45.77,-05:12:19.5,3.3′,0.055,WideField,,,,0,0,Work in progress
ngc-NGC6706,NGC 6706,Galaxy,Pavo,14.03,18:56:51.04,-63:09:58.4,1.7′ × 0.77′,0.02833333,General,,,,0,0,Work in progress
ngc-NGC6707,NGC 6707,Galaxy,Telescopium,12.62,18:55:22.06,-53:49:06.4,2.62′ × 1.05′,0.04366667,General,,,,0,0,Work in progress
ngc-NGC6708,NGC 6708,Galaxy,Telescopium,12.93,18:55:35.64,-53:43:24.4,1.16′ × 0.86′,0.01933333,General,,,,0,0,Work in progress
ngc-NGC6709,NGC 6709,Open cluster,Aquila,6.7,18:51:18.94,+10:19:07.5,8.7′,0.145,WideField,,,,0,0,Work in progress
ngc-NGC6710,NGC 6710,Galaxy,Lyra,13.06,18:50:34.15,+26:50:18.2,1.68′ × 0.93′,0.028,General,,,,0,0,Work in progress
ngc-NGC6711,NGC 6711,Galaxy,Draco,12.94,18:49:00.88,+47:39:29.2,1.03′ × 0.94′,0.01716667,General,,,,0,0,Work in progress
ngc-NGC6712,NGC 6712,Globular cluster,Scutum,8.69,18:53:04.89,-08:42:19.7,5.7′,0.095,General,,,,0,0,Work in progress
ngc-NGC6713,NGC 6713,Galaxy,Lyra,14.21,18:50:44.56,+33:57:35.2,0.48′ × 0.44′,0.008,General,,,,0,0,Work in progress
ngc-NGC6714,NGC 6714,Asterism,Draco,,18:46:50.00,+66:44:42.0,,,WideField,,,,0,0,Work in progress
ngc-NGC6716,NGC 6716,Open cluster,Sagittarius,7.5,18:54:34.37,-19:54:03.9,7.2′,0.12,WideField,,,,0,0,Work in progress
ngc-NGC6717,NGC 6717,Globular cluster,Sagittarius,10.35,18:55:06.04,-22:42:05.8,3.9′,0.065,General,,,,0,0,Work in progress
ngc-NGC6718,NGC 6718,Galaxy,Pavo,14.17,19:01:28.63,-66:06:36.7,1.48′ × 0.74′,0.02466667,General,,,,0,0,Work in progress
ngc-NGC6719,NGC 6719,Galaxy,Pavo,13.5,19:03:07.49,-68:35:18.1,1.66′ × 0.84′,0.02766667,General,,,,0,0,Work in progress
ngc-NGC6721,NGC 6721,Galaxy,Pavo,12.04,19:00:50.81,-57:45:34.0,1.9′ × 1.58′,0.03166667,General,,,,0,0,Work in progress
ngc-NGC6722,NGC 6722,Galaxy,Pavo,13.57,19:03:40.37,-64:53:40.1,2.93′ × 0.51′,0.04883333,General,,,,0,0,Work in progress
ngc-NGC6723,NGC 6723,Globular cluster,Sagittarius,,18:59:33.15,-36:37:53.3,9.3′,0.155,General,,,,0,0,Work in progress
ngc-NGC6724,NGC 6724,Open cluster,Aquila,,18:56:46.88,+10:25:42.8,3.18′,0.053,WideField,,,,0,0,Work in progress
ngc-NGC6725,NGC 6725,Galaxy,Telescopium,12.45,19:01:56.62,-53:51:47.1,2.65′ × 0.52′,0.04416667,General,,,,0,0,Work in progress
ngc-NGC6726,NGC 6726,Reflection nebula,Corona Australis,,19:01:39.30,-36:53:28.7,9′ × 7′,0.15,General,,,,0,0,Work in progress
ngc-NGC6727,NGC 6727,Reflection nebula,Corona Australis,,19:01:42.27,-36:52:34.5,80′ × 80′,1.33333333,WideField,,,,0,0,Work in progress
ngc-NGC6728,NGC 6728,Open cluster,Scutum,,18:58:45.04,-08:57:57.6,4.5′,0.075,WideField,,,,0,0,Work in progress
ngc-NGC6730,NGC 6730,Galaxy,Pavo,12.06,19:07:33.65,-68:54:46.1,2.2′ × 1.83′,0.03666667,General,,,,0,0,Work in progress
ngc-NGC6731,NGC 6731,Optical double,Lyra,,18:57:13.47,+43:04:36.4,,,HighMagnification,,,,0,0,Work in progress
ngc-NGC6732,NGC 6732,Galaxy,Draco,14.37,18:56:24.02,+52:22:39.4,0.94′ × 0.68′,0.01566667,General,,,,0,0,Work in progress
ngc-NGC6733,NGC 6733,Galaxy,Pavo,13.44,19:06:10.63,-62:11:48.9,1.96′ × 1.39′,0.03266667,General,,,,0,0,Work in progress
ngc-NGC6734,NGC 6734,Galaxy,Pavo,13.76,19:07:14.33,-65:27:42.7,1.38′ × 0.9′,0.023,General,,,,0,0,Work in progress
ngc-NGC6735,NGC 6735,Open cluster,Aquila,,19:00:37.36,-00:28:31.4,5.1′,0.085,WideField,,,,0,0,Work in progress
ngc-NGC6736,NGC 6736,Galaxy,Pavo,14.32,19:07:29.25,-65:25:43.0,1.11′ × 0.88′,0.0185,General,,,,0,0,Work in progress
ngc-NGC6737,NGC 6737,Open cluster,Sagittarius,,19:02:17.47,-18:32:49.1,6.6′,0.11,WideField,,,,0,0,Work in progress
ngc-NGC6738,NGC 6738,Asterism,Aquila,8.3,19:01:21.56,+11:36:56.2,5.4′,0.09,WideField,,,,0,0,Work in progress
ngc-NGC6739,NGC 6739,Galaxy,Pavo,12.14,19:07:48.76,-61:22:05.2,2.65′ × 0.89′,0.04416667,General,,,,0,0,Work in progress
ngc-NGC6740,NGC 6740,Galaxy,Lyra,15.5,19:00:50.51,+28:46:16.4,1.09′ × 0.76′,0.01816667,General,,,,0,0,Work in progress
ngc-NGC6741,Phantom Streak Nebula,Planetary nebula,Aquila,11.5,19:02:37.00,-00:26:57.8,0.13′,0.00216667,HighMagnification,,,,0,0,Work in progress
ngc-NGC6742,NGC 6742,Planetary nebula,Draco,13.4,18:59:19.90,+48:27:55.0,0.55′,0.00916667,HighMagnification,,,,0,0,Work in progress
ngc-NGC6743,NGC 6743,Open cluster,Lyra,8.2,19:01:20.67,+29:16:38.9,6.9′,0.115,WideField,,,,0,0,Work in progress
ngc-NGC6745,NGC 6745,Galaxy triplet,Lyra,,19:01:41.70,+40:45:11.0,2.3′,0.03833333,General,,,,0,0,Work in progress
ngc-NGC6746,NGC 6746,Galaxy,Pavo,13.69,19:10:22.01,-61:58:12.6,1.56′ × 1.09′,0.026,General,,,,0,0,Work in progress
ngc-NGC6747,NGC 6747,Galaxy,Draco,14.97,18:55:21.65,+72:46:17.5,0.65′ × 0.5′,0.01083333,General,,,,0,0,Work in progress
ngc-NGC6751,NGC 6751,Planetary nebula,Aquila,11.9,19:05:55.55,-05:59:32.3,0.34′,0.00566667,HighMagnification,,,,0,0,Work in progress
ngc-NGC6749,NGC 6749,Globular cluster,Aquila,12.4,19:05:15.60,+01:54:02.2,5.1′,0.085,General,,,,0,0,Work in progress
ngc-NGC6750,NGC 6750,Galaxy,Draco,13.64,19:00:36.11,+59:10:00.3,1.08′ × 0.69′,0.018,General,,,,0,0,Work in progress
ngc-NGC6753,NGC 6753,Galaxy,Pavo,11.04,19:11:23.64,-57:02:58.4,2.97′ × 2.6′,0.0495,General,,,,0,0,Work in progress
ngc-NGC6754,NGC 6754,Galaxy,Telescopium,12.22,19:11:25.72,-50:38:30.5,2.02′ × 1.08′,0.03366667,General,,,,0,0,Work in progress
ngc-NGC6755,NGC 6755,Open cluster,Aquila,7.5,19:07:49.05,+04:15:59.1,6′,0.1,WideField,,,,0,0,Work in progress
ngc-NGC6756,NGC 6756,Open cluster,Aquila,10.6,19:08:42.57,+04:42:20.8,3.6′,0.06,WideField,,,,0,0,Work in progress
ngc-NGC6757,NGC 6757,Galaxy,Draco,13.91,19:05:03.38,+55:42:54.6,1.71′ × 1.15′,0.0285,General,,,,0,0,Work in progress
ngc-NGC6758,NGC 6758,Galaxy,Telescopium,11.39,19:13:52.34,-56:18:35.8,2.75′ × 2.14′,0.04583333,General,,,,0,0,Work in progress
ngc-NGC6759,NGC 6759,Galaxy,Draco,15.12,19:06:56.84,+50:20:39.2,0.97′ × 0.67′,0.01616667,General,,,,0,0,Work in progress
ngc-NGC6760,NGC 6760,Globular cluster,Aquila,9.78,19:11:12.06,+01:01:49.7,5.4′,0.09,General,,,,0,0,Work in progress
ngc-NGC6761,NGC 6761,Galaxy,Telescopium,13.36,19:15:04.80,-50:39:24.6,1.63′ × 1.42′,0.02716667,General,,,,0,0,Work in progress
ngc-NGC6762,NGC 6762,Galaxy,Draco,14.12,19:05:37.08,+63:56:02.5,1.55′ × 0.34′,0.02583333,General,,,,0,0,Work in progress
ngc-NGC6764,NGC 6764,Galaxy,Cygnus,13.63,19:08:16.37,+50:55:59.6,2.49′ × 1.22′,0.0415,General,,,,0,0,Work in progress
ngc-NGC6765,NGC 6765,Planetary nebula,Lyra,12.9,19:11:06.50,+30:32:44.0,0.67′,0.01116667,HighMagnification,,,,0,0,Work in progress
ngc-NGC6884,NGC 6884,Planetary nebula,Cygnus,10.9,20:10:23.70,+46:27:39.0,0.1′,0.00166667,HighMagnification,,,,0,0,Work in progress
ngc-NGC6767,NGC 6767,Optical double,Lyra,,19:11:33.91,+37:43:31.6,,,HighMagnification,,,,0,0,Work in progress
ngc-NGC6768,NGC 6768,Galaxy,Corona Australis,13.7,19:16:32.60,-40:12:33.0,1.26′ × 1′,0.021,General,,,,0,0,Work in progress
ngc-NGC6769,NGC 6769,Galaxy,Pavo,11.77,19:18:22.68,-60:30:03.9,2.86′ × 2.19′,0.04766667,General,,,,0,0,Work in progress
ngc-NGC6770,NGC 6770,Galaxy,Pavo,11.86,19:18:37.32,-60:29:47.3,2.39′ × 1.72′,0.03983333,General,,,,0,0,Work in progress
ngc-NGC6771,NGC 6771,Galaxy,Pavo,12.52,19:18:39.51,-60:32:45.6,2.38′ × 0.54′,0.03966667,General,,,,0,0,Work in progress
ngc-NGC6772,NGC 6772,Planetary nebula,Aquila,12.7,19:14:36.30,-02:42:24.5,1.07′,0.01783333,HighMagnification,,,,0,0,Work in progress
ngc-NGC6773,NGC 6773,Open cluster,Aquila,,19:15:08.45,+04:51:23.6,,,WideField,,,,0,0,Work in progress
ngc-NGC6774,NGC 6774,Open cluster,Sagittarius,,19:16:16.30,-16:15:38.5,30′,0.5,WideField,,,,0,0,Work in progress
ngc-NGC6775,NGC 6775,Open cluster,Aquila,,19:16:42.86,-00:56:00.1,4.8′,0.08,WideField,,,,0,0,Work in progress
ngc-NGC6776,NGC 6776,Galaxy,Pavo,12.07,19:25:19.15,-63:51:36.6,2′ × 1.62′,0.03333333,General,,,,0,0,Work in progress
ngc-NGC6778,NGC 6778,Planetary nebula,Aquila,12.3,19:18:24.85,-01:35:46.9,0.26′,0.00433333,HighMagnification,,,,0,0,Work in progress
ngc-NGC6780,NGC 6780,Galaxy,Telescopium,12.73,19:22:50.88,-55:46:33.0,2.01′ × 1.55′,0.0335,General,,,,0,0,Work in progress
ngc-NGC6781,NGC 6781,Planetary nebula,Aquila,11.4,19:18:28.26,+06:32:23.0,1.8′,0.03,HighMagnification,,,,0,0,Work in progress
ngc-NGC6782,NGC 6782,Galaxy,Pavo,11.98,19:23:57.90,-59:55:20.9,2.45′ × 1.49′,0.04083333,General,,,,0,0,Work in progress
ngc-NGC6783,NGC 6783,Galaxy,Cygnus,15.2,19:16:47.62,+46:01:02.0,0.66′ × 0.62′,0.011,General,,,,0,0,Work in progress
ngc-NGC6784,NGC 6784,Galaxy,Pavo,14.85,19:26:35.99,-65:37:03.7,1.04′ × 0.56′,0.01733333,General,,,,0,0,Work in progress
ngc-NGC6786,NGC 6786,Galaxy,Draco,13.8,19:10:53.91,+73:24:36.6,0.81′ × 0.48′,0.0135,General,,,,0,0,Work in progress
ngc-NGC6787,NGC 6787,Galaxy,Draco,14.87,19:16:10.58,+60:25:03.1,0.8′ × 0.74′,0.01333333,General,,,,0,0,Work in progress
ngc-NGC6788,NGC 6788,Galaxy,Telescopium,12.05,19:26:49.75,-54:57:04.7,3.2′ × 1.05′,0.05333333,General,,,,0,0,Work in progress
ngc-NGC6789,NGC 6789,Galaxy,Draco,13.54,19:16:42.16,+63:58:17.3,0.97′ × 0.84′,0.01616667,General,,,,0,0,Work in progress
ngc-NGC6790,NGC 6790,Planetary nebula,Aquila,10.5,19:22:56.90,+01:30:48.0,0.12′,0.002,HighMagnification,,,,0,0,Work in progress
ngc-NGC6791,NGC 6791,Open cluster,Lyra,9.5,19:20:53.22,+37:46:18.8,6.3′,0.105,WideField,,,,0,0,Work in progress
ngc-NGC6792,NGC 6792,Galaxy,Lyra,13.29,19:20:57.41,+43:07:57.0,2.08′ × 1.11′,0.03466667,General,,,,0,0,Work in progress
ngc-NGC6793,NGC 6793,Open cluster,Vulpecula,,19:23:14.39,+22:08:27.7,8.1′,0.135,WideField,,,,0,0,Work in progress
ngc-NGC6794,NGC 6794,Galaxy,Sagittarius,12.88,19:28:03.88,-38:55:07.5,1.51′ × 1.26′,0.02516667,General,,,,0,0,Work in progress
ngc-NGC6795,NGC 6795,Open cluster,Aquila,,19:26:22.02,+03:30:51.7,,,WideField,,,,0,0,Work in progress
ngc-NGC6796,NGC 6796,Galaxy,Draco,12.65,19:21:30.87,+61:08:41.6,1.73′ × 0.4′,0.02883333,General,,,,0,0,Work in progress
ngc-NGC6797,NGC 6797,Unclassified object,Sagittarius,,19:29:00.75,-25:39:59.6,,,General,,,,0,0,Work in progress
ngc-NGC6798,NGC 6798,Galaxy,Cygnus,14.45,19:24:03.17,+53:37:29.2,1.78′ × 0.8′,0.02966667,General,,,,0,0,Work in progress
ngc-NGC6799,NGC 6799,Galaxy,Telescopium,13.51,19:32:16.53,-55:54:28.5,1.83′ × 1.36′,0.0305,General,,,,0,0,Work in progress
ngc-NGC6800,NGC 6800,Open cluster,Vulpecula,,19:27:07.68,+25:08:25.7,6′,0.1,WideField,,,,0,0,Work in progress
ngc-NGC6801,NGC 6801,Galaxy,Cygnus,14.72,19:27:35.81,+54:22:22.4,1.36′ × 0.71′,0.02266667,General,,,,0,0,Work in progress
ngc-NGC6802,NGC 6802,Open cluster,Vulpecula,8.8,19:30:35.04,+20:15:39.5,4.5′,0.075,WideField,,,,0,0,Work in progress
ngc-NGC6803,NGC 6803,Planetary nebula,Aquila,11.4,19:31:16.45,+10:03:21.7,0.09′,0.0015,HighMagnification,,,,0,0,Work in progress
ngc-NGC6804,NGC 6804,Planetary nebula,Aquila,12,19:31:35.39,+09:13:30.6,0.58′,0.00966667,HighMagnification,,,,0,0,Work in progress
ngc-NGC6805,NGC 6805,Galaxy,Sagittarius,14.31,19:36:45.71,-37:33:15.7,1.16′ × 1.03′,0.01933333,General,,,,0,0,Work in progress
ngc-NGC6806,NGC 6806,Galaxy,Sagittarius,13.19,19:37:05.05,-42:17:46.6,1.22′ × 0.96′,0.02033333,General,,,,0,0,Work in progress
ngc-NGC6807,NGC 6807,Planetary nebula,Aquila,12,19:34:33.50,+05:41:03.0,0.03′,0.0005,HighMagnification,,,,0,0,Work in progress
ngc-NGC6808,NGC 6808,Galaxy,Pavo,12.9,19:43:54.00,-70:38:00.2,0.8′ × 0.25′,0.01333333,General,,,,0,0,Work in progress
ngc-NGC6810,NGC 6810,Galaxy,Pavo,11.42,19:43:34.25,-58:39:20.1,3.79′ × 1.05′,0.06316667,General,,,,0,0,Work in progress
ngc-NGC6811,NGC 6811,Open cluster,Cygnus,6.8,19:37:17.91,+46:23:19.8,7.2′,0.12,WideField,,,,0,0,Work in progress
ngc-NGC6812,NGC 6812,Galaxy,Telescopium,13.57,19:45:24.22,-55:20:48.5,1.75′ × 1.12′,0.02916667,General,,,,0,0,Work in progress
ngc-NGC6813,NGC 6813,Planetary nebula,Vulpecula,,19:40:22.44,+27:18:34.4,3′,0.05,HighMagnification,,,,0,0,Work in progress
ngc-NGC6814,NGC 6814,Galaxy,Aquila,11.32,19:42:40.64,-10:19:24.6,3.08′ × 0.74′,0.05133333,General,,,,0,0,Work in progress
ngc-NGC6815,NGC 6815,Asterism,Vulpecula,,19:40:44.31,+26:45:32.4,,,WideField,,,,0,0,Work in progress
ngc-NGC6816,NGC 6816,Galaxy,Sagittarius,12.87,19:44:02.23,-28:24:03.0,1.72′ × 1.4′,0.02866667,General,,,,0,0,Work in progress
ngc-NGC6817,NGC 6817,Galaxy pair,Draco,,19:37:22.40,+62:22:59.0,0.9′,0.015,General,,,,0,0,Work in progress
ngc-NGC6818,Little Gem Nebula,Planetary nebula,Sagittarius,9.3,19:43:57.73,-14:09:11.4,0.77′,0.01283333,HighMagnification,,,,0,0,Work in progress
ngc-NGC6819,Foxhead Cluster,Open cluster,Cygnus,7.3,19:41:18.09,+40:11:12.3,6.9′,0.115,WideField,,,,0,0,Work in progress
ngc-NGC6820,NGC 6820,Nebula,Vulpecula,15,19:42:28.02,+23:05:17.1,0.5′ × 0.5′,0.00833333,General,,,,0,0,Work in progress
ngc-NGC6821,NGC 6821,Galaxy,Aquila,13.07,19:44:24.06,-06:50:00.4,1.03′ × 0.93′,0.01716667,General,,,,0,0,Work in progress
ngc-NGC6823,NGC 6823,Nebula with cluster,Vulpecula,7.1,19:43:09.89,+23:17:59.8,6′,0.1,General,,,,0,0,Work in progress
ngc-NGC6824,NGC 6824,Galaxy,Cygnus,11.76,19:43:40.70,+56:06:34.1,1.91′ × 1.39′,0.03183333,General,,,,0,0,Work in progress
ngc-NGC6825,NGC 6825,Galaxy pair,Draco,15.3,19:41:54.80,+64:04:23.0,0.72′ × 0.32′,0.012,General,,,,0,0,Work in progress
ngc-NGC6827,NGC 6827,Open cluster,Vulpecula,,19:48:53.44,+21:12:54.2,2.1′,0.035,WideField,,,,0,0,Work in progress
ngc-NGC6828,NGC 6828,Open cluster,Aquila,,19:50:17.61,+07:54:09.2,6′,0.1,WideField,,,,0,0,Work in progress
ngc-NGC6829,NGC 6829,Galaxy,Draco,14.92,19:47:07.56,+59:54:25.5,1.49′ × 0.35′,0.02483333,General,,,,0,0,Work in progress
ngc-NGC6830,NGC 6830,Open cluster,Vulpecula,7.9,19:50:59.58,+23:06:00.5,4.2′,0.07,WideField,,,,0,0,Work in progress
ngc-NGC6831,NGC 6831,Galaxy,Draco,14.55,19:47:57.30,+59:53:33.1,1.29′ × 1.17′,0.0215,General,,,,0,0,Work in progress
ngc-NGC6832,NGC 6832,Open cluster,Cygnus,,19:48:15.26,+59:25:16.2,3.3′,0.055,WideField,,,,0,0,Work in progress
ngc-NGC6833,NGC 6833,Planetary nebula,Cygnus,12.1,19:49:46.60,+48:57:40.0,0.03′,0.0005,HighMagnification,,,,0,0,Work in progress
ngc-NGC6834,NGC 6834,Open cluster,Cygnus,7.8,19:52:12.56,+29:24:29.4,4.5′,0.075,WideField,,,,0,0,Work in progress
ngc-NGC6835,NGC 6835,Galaxy,Sagittarius,12.46,19:54:32.95,-12:34:03.3,2.74′ × 0.61′,0.04566667,General,,,,0,0,Work in progress
ngc-NGC6836,NGC 6836,Galaxy,Sagittarius,13.01,19:54:40.06,-12:41:16.6,1.42′ × 1.11′,0.02366667,General,,,,0,0,Work in progress
ngc-NGC6837,NGC 6837,Open cluster,Aquila,,19:53:08.63,+11:41:56.4,3′,0.05,WideField,,,,0,0,Work in progress
ngc-NGC6839,NGC 6839,Unclassified object,Sagitta,,19:54:00.00,+18:00:12.0,,,General,,,,0,0,Work in progress
ngc-NGC6840,NGC 6840,Open cluster,Aquila,,19:55:16.25,+12:06:52.6,4.5′,0.075,WideField,,,,0,0,Work in progress
ngc-NGC6841,NGC 6841,Galaxy,Sagittarius,12.59,19:57:49.06,-31:48:38.5,1.63′ × 1.46′,0.02716667,General,,,,0,0,Work in progress
ngc-NGC6842,NGC 6842,Planetary nebula,Vulpecula,13.1,19:55:02.26,+29:17:21.0,0.95′,0.01583333,HighMagnification,,,,0,0,Work in progress
ngc-NGC6843,NGC 6843,Open cluster,Aquila,,19:56:06.22,+12:09:49.8,3.6′,0.06,WideField,,,,0,0,Work in progress
ngc-NGC6844,NGC 6844,Galaxy,Pavo,13.58,20:02:50.13,-65:13:47.5,1.26′ × 0.97′,0.021,General,,,,0,0,Work in progress
ngc-NGC6845,NGC 6845,Galaxy group,Telescopium,,20:00:58.28,-47:04:11.9,4.1′,0.06833333,General,,,,0,0,Work in progress
ngc-NGC6846,NGC 6846,Open cluster,Cygnus,14.2,19:56:28.12,+32:20:58.9,2.4′,0.04,WideField,,,,0,0,Work in progress
ngc-NGC6847,NGC 6847,Nebula with cluster,Cygnus,,19:56:37.82,+30:12:46.5,10′ × 10′,0.16666667,General,,,,0,0,Work in progress
ngc-NGC6848,NGC 6848,Galaxy,Telescopium,13.35,20:02:47.25,-56:05:25.1,2.34′ × 1.38′,0.039,General,,,,0,0,Work in progress
ngc-NGC6849,NGC 6849,Galaxy,Sagittarius,12.12,20:06:15.62,-40:11:53.9,2.15′ × 1.42′,0.03583333,General,,,,0,0,Work in progress
ngc-NGC6850,NGC 6850,Galaxy,Telescopium,13.07,20:03:30.10,-54:50:41.2,2.03′ × 1.09′,0.03383333,General,,,,0,0,Work in progress
ngc-NGC6851,NGC 6851,Galaxy,Telescopium,11.84,20:03:34.37,-48:17:04.2,2.18′ × 1.7′,0.03633333,General,,,,0,0,Work in progress
ngc-NGC6852,NGC 6852,Planetary nebula,Aquila,12.6,20:00:39.16,+01:43:41.2,0.47′,0.00783333,HighMagnification,,,,0,0,Work in progress
ngc-NGC6854,NGC 6854,Galaxy,Telescopium,12.35,20:05:38.80,-54:22:32.2,2.28′ × 1.62′,0.038,General,,,,0,0,Work in progress
ngc-NGC6855,NGC 6855,Galaxy,Telescopium,13.85,20:06:49.91,-56:23:23.7,1.27′ × 0.95′,0.02116667,General,,,,0,0,Work in progress
ngc-NGC6856,NGC 6856,Open cluster,Cygnus,,19:59:17.13,+56:07:51.2,3′,0.05,WideField,,,,0,0,Work in progress
ngc-NGC6857,NGC 6857,H II region nebula,Cygnus,11.4,20:01:48.13,+33:31:33.3,0.63′ × 0.63′,0.0105,General,,,,0,0,Work in progress
ngc-NGC6858,NGC 6858,Open cluster,Aquila,,20:02:59.39,+11:15:33.9,4.2′,0.07,WideField,,,,0,0,Work in progress
ngc-NGC6859,NGC 6859,Unclassified object,Aquila,,20:03:49.51,+00:26:40.7,,,General,,,,0,0,Work in progress
ngc-NGC6860,NGC 6860,Galaxy,Pavo,13.53,20:08:46.89,-61:06:00.7,1.31′ × 0.75′,0.02183333,General,,,,0,0,Work in progress
ngc-NGC6861,NGC 6861,Galaxy,Telescopium,11.04,20:07:19.48,-48:22:12.8,3.18′ × 2.36′,0.053,General,,,,0,0,Work in progress
ngc-NGC6862,NGC 6862,Galaxy,Telescopium,12.74,20:08:54.58,-56:23:30.3,1.43′ × 1.32′,0.02383333,General,,,,0,0,Work in progress
ngc-NGC6863,NGC 6863,Unclassified object,Aquila,,20:05:07.32,-03:33:18.5,,,General,,,,0,0,Work in progress
ngc-NGC6865,NGC 6865,Galaxy,Aquila,14.74,20:05:56.48,-09:02:27.3,0.63′ × 0.48′,0.0105,General,,,,0,0,Work in progress
ngc-NGC6866,NGC 6866,Open cluster,Cygnus,7.6,20:03:55.18,+44:09:32.8,5.1′,0.085,WideField,,,,0,0,Work in progress
ngc-NGC6867,NGC 6867,Galaxy,Telescopium,13.93,20:10:29.66,-54:46:59.7,1.61′ × 0.55′,0.02683333,General,,,,0,0,Work in progress
ngc-NGC6868,NGC 6868,Galaxy,Telescopium,10.59,20:09:54.07,-48:22:46.4,3.58′ × 3.13′,0.05966667,General,,,,0,0,Work in progress
ngc-NGC6869,NGC 6869,Galaxy,Draco,12.23,20:00:42.41,+66:13:39.1,1.44′ × 1.44′,0.024,General,,,,0,0,Work in progress
ngc-NGC6870,NGC 6870,Galaxy,Telescopium,11.94,20:10:10.86,-48:17:13.5,2.56′ × 1.08′,0.04266667,General,,,,0,0,Work in progress
ngc-NGC6871,NGC 6871,Open cluster,Cygnus,5.2,20:05:59.44,+35:46:38.1,9.3′,0.155,WideField,,,,0,0,Work in progress
ngc-NGC6872,NGC 6872,Galaxy,Pavo,11.64,20:16:56.56,-70:46:04.6,4.7′ × 1.8′,0.07833333,General,,,,0,0,Work in progress
ngc-NGC6873,NGC 6873,Open cluster,Sagitta,,20:07:13.89,+21:06:08.1,3′,0.05,WideField,,,,0,0,Work in progress
ngc-NGC6874,NGC 6874,Asterism,Cygnus,,20:07:33.08,+38:14:46.0,,,WideField,,,,0,0,Work in progress
ngc-NGC6875,NGC 6875,Galaxy,Telescopium,12.03,20:13:12.47,-46:09:41.9,2.15′ × 1.3′,0.03583333,General,,,,0,0,Work in progress
ngc-NGC6876,NGC 6876,Galaxy,Pavo,10.83,20:18:19.15,-70:51:31.7,3.46′ × 3′,0.05766667,General,,,,0,0,Work in progress
ngc-NGC6877,NGC 6877,Galaxy,Pavo,12.23,20:18:36.20,-70:51:11.0,2.38′ × 1.14′,0.03966667,General,,,,0,0,Work in progress
ngc-NGC6878,NGC 6878,Galaxy,Sagittarius,12.42,20:13:53.24,-44:31:36.3,1.61′ × 1.26′,0.02683333,General,,,,0,0,Work in progress
ngc-NGC6879,NGC 6879,Planetary nebula,Sagitta,12.5,20:10:26.60,+16:55:22.1,0.08′,0.00133333,HighMagnification,,,,0,0,Work in progress
ngc-NGC6880,NGC 6880,Galaxy,Pavo,13.35,20:19:29.63,-70:51:35.5,2.46′ × 1.06′,0.041,General,,,,0,0,Work in progress
ngc-NGC6881,NGC 6881,Planetary nebula,Cygnus,13.9,20:10:52.50,+37:24:41.0,0.07′,0.00116667,HighMagnification,,,,0,0,Work in progress
ngc-NGC6882,NGC 6882,Open cluster,Vulpecula,14.1,20:11:55.86,+26:29:19.7,7.5′,0.125,WideField,,,,0,0,Work in progress
ngc-NGC6883,NGC 6883,Open cluster,Cygnus,8,20:11:19.75,+35:49:55.9,4.5′,0.075,WideField,,,,0,0,Work in progress
ngc-NGC6886,NGC 6886,Planetary nebula,Sagitta,11.4,20:12:42.90,+19:59:23.0,0.09′,0.0015,HighMagnification,,,,0,0,Work in progress
ngc-NGC6887,NGC 6887,Galaxy,Telescopium,12.08,20:17:17.29,-52:47:48.3,3.44′ × 1.18′,0.05733333,General,,,,0,0,Work in progress
ngc-NGC6889,NGC 6889,Galaxy,Telescopium,13.71,20:18:53.23,-53:57:25.5,1.71′ × 1.08′,0.0285,General,,,,0,0,Work in progress
ngc-NGC6890,NGC 6890,Galaxy,Sagittarius,12.65,20:18:18.10,-44:48:24.2,1.59′ × 1.27′,0.0265,General,,,,0,0,Work in progress
ngc-NGC6891,NGC 6891,Planetary nebula,Delphinus,10.5,20:15:08.84,+12:42:15.7,0.25′,0.00416667,HighMagnification,,,,0,0,Work in progress
ngc-NGC6892,NGC 6892,Unclassified object,Sagitta,,20:16:57.24,+18:01:10.8,,,General,,,,0,0,Work in progress
ngc-NGC6893,NGC 6893,Galaxy,Telescopium,11.71,20:20:49.64,-48:14:20.7,2.87′ × 1.78′,0.04783333,General,,,,0,0,Work in progress
ngc-NGC6894,NGC 6894,Planetary nebula,Cygnus,12.3,20:16:24.05,+30:33:54.3,0.67′,0.01116667,HighMagnification,,,,0,0,Work in progress
ngc-NGC6895,NGC 6895,Open cluster,Cygnus,,20:16:32.36,+50:14:25.7,5.1′,0.085,WideField,,,,0,0,Work in progress
ngc-NGC6896,NGC 6896,Optical double,Cygnus,,20:18:03.58,+30:38:24.2,,,HighMagnification,,,,0,0,Work in progress
ngc-NGC6897,NGC 6897,Galaxy,Capricornus,14.57,20:21:01.27,-12:15:16.9,0.94′ × 0.6′,0.01566667,General,,,,0,0,Work in progress
ngc-NGC6898,NGC 6898,Galaxy,Capricornus,14.04,20:21:08.03,-12:21:32.0,1.03′ × 0.94′,0.01716667,General,,,,0,0,Work in progress
ngc-NGC6899,NGC 6899,Galaxy,Telescopium,12.85,20:24:22.24,-50:26:02.2,1.79′ × 0.89′,0.02983333,General,,,,0,0,Work in progress
ngc-NGC6900,NGC 6900,Galaxy,Aquila,14.67,20:21:35.11,-02:34:09.2,0.94′ × 0.74′,0.01566667,General,,,,0,0,Work in progress
ngc-NGC6901,NGC 6901,Galaxy,Aquila,14.83,20:22:21.51,+06:25:47.5,1.25′ × 0.49′,0.02083333,General,,,,0,0,Work in progress
ngc-NGC6902,NGC 6902,Galaxy,Sagittarius,11.48,20:24:28.14,-43:39:12.7,2.69′ × 2.11′,0.04483333,General,,,,0,0,Work in progress
ngc-NGC6903,NGC 6903,Galaxy,Capricornus,12.9,20:23:44.86,-19:19:31.5,2.24′ × 2.04′,0.03733333,General,,,,0,0,Work in progress
ngc-NGC6904,NGC 6904,Open cluster,Vulpecula,,20:21:48.15,+25:44:29.4,4.2′,0.07,WideField,,,,0,0,Work in progress
ngc-NGC6905,Blue Flash Nebula,Planetary nebula,Delphinus,11.1,20:22:22.99,+20:06:16.3,0.67′,0.01116667,HighMagnification,,,,0,0,Work in progress
ngc-NGC6906,NGC 6906,Galaxy,Aquila,12.56,20:23:33.91,+06:26:37.2,1.12′ × 0.48′,0.01866667,General,,,,0,0,Work in progress
ngc-NGC6907,NGC 6907,Galaxy,Capricornus,11.16,20:25:06.63,-24:48:33.0,3.33′ × 2.68′,0.0555,General,,,,0,0,Work in progress
ngc-NGC6908,NGC 6908,Galaxy,Capricornus,12.31,20:25:08.97,-24:48:04.1,1.87′ × 1.01′,0.03116667,General,,,,0,0,Work in progress
ngc-NGC6909,NGC 6909,Galaxy,Telescopium,11.99,20:27:38.89,-47:01:37.3,2.36′ × 1.29′,0.03933333,General,,,,0,0,Work in progress
ngc-NGC6910,NGC 6910,Open cluster,Cygnus,7.4,20:23:12.05,+40:46:43.0,6.3′,0.105,WideField,,,,0,0,Work in progress
ngc-NGC6911,NGC 6911,Galaxy,Draco,15.6,20:19:38.33,+66:43:42.0,1.84′ × 1.01′,0.03066667,General,,,,0,0,Work in progress
ngc-NGC6912,NGC 6912,Galaxy,Capricornus,13.22,20:26:52.08,-18:37:02.2,1.3′ × 1.03′,0.02166667,General,,,,0,0,Work in progress
ngc-NGC6914,NGC 6914,Reflection nebula,Cygnus,,20:24:43.30,+42:28:57.5,3′ × 3′,0.05,General,,,,0,0,Work in progress
ngc-NGC6915,NGC 6915,Galaxy,Aquila,13.77,20:27:46.06,-03:04:37.4,1.65′ × 1.15′,0.0275,General,,,,0,0,Work in progress
ngc-NGC6916,NGC 6916,Galaxy,Cygnus,15.21,20:23:33.08,+58:20:38.6,1.64′ × 1.11′,0.02733333,General,,,,0,0,Work in progress
ngc-NGC6917,NGC 6917,Galaxy,Delphinus,14.24,20:27:28.36,+08:05:53.1,1.11′ × 0.45′,0.0185,General,,,,0,0,Work in progress
ngc-NGC6918,NGC 6918,Galaxy,Indus,14.47,20:30:47.12,-47:28:25.4,0.99′ × 0.76′,0.0165,General,,,,0,0,Work in progress
ngc-NGC6919,NGC 6919,Galaxy,Microscopium,13.11,20:31:38.12,-44:12:59.1,1.39′ × 1.11′,0.02316667,General,,,,0,0,Work in progress
ngc-NGC6920,NGC 6920,Galaxy,Octans,11.97,20:43:57.40,-80:00:03.0,2.3′ × 1.86′,0.03833333,General,,,,0,0,Work in progress
ngc-NGC6921,NGC 6921,Galaxy,Vulpecula,13.44,20:28:28.86,+25:43:24.3,1.08′ × 0.35′,0.018,General,,,,0,0,Work in progress
ngc-NGC6922,NGC 6922,Galaxy,Aquila,13.6,20:29:52.90,-02:11:28.3,1.17′ × 0.92′,0.0195,General,,,,0,0,Work in progress
ngc-NGC6923,NGC 6923,Galaxy,Microscopium,12.01,20:31:39.07,-30:49:54.8,2.54′ × 1.24′,0.04233333,General,,,,0,0,Work in progress
ngc-NGC6924,NGC 6924,Galaxy,Capricornus,12.79,20:33:19.23,-25:28:28.0,1.7′ × 1.45′,0.02833333,General,,,,0,0,Work in progress
ngc-NGC6925,NGC 6925,Galaxy,Microscopium,11.35,20:34:20.57,-31:58:51.2,4.68′ × 1.16′,0.078,General,,,,0,0,Work in progress
ngc-NGC6926,NGC 6926,Galaxy,Aquila,13.43,20:33:06.11,-02:01:39.0,1.33′ × 0.37′,0.02216667,General,,,,0,0,Work in progress
ngc-NGC6927,NGC 6927,Galaxy,Delphinus,14.46,20:32:38.21,+09:54:59.0,0.6′ × 0.2′,0.01,General,,,,0,0,Work in progress
ngc-NGC6928,NGC 6928,Galaxy,Delphinus,12.61,20:32:50.22,+09:55:35.1,2.08′ × 0.51′,0.03466667,General,,,,0,0,Work in progress
ngc-NGC6929,NGC 6929,Galaxy,Aquila,13.71,20:33:21.68,-02:02:13.9,0.43′ × 0.33′,0.00716667,General,,,,0,0,Work in progress
ngc-NGC6930,NGC 6930,Galaxy,Delphinus,12.9,20:32:58.80,+09:52:28.0,1.43′ × 0.46′,0.02383333,General,,,,0,0,Work in progress
ngc-NGC6931,NGC 6931,Galaxy,Capricornus,14,20:33:41.35,-11:22:07.9,1.27′ × 0.46′,0.02116667,General,,,,0,0,Work in progress
ngc-NGC6932,NGC 6932,Galaxy,Pavo,13.3,20:42:08.58,-73:37:09.7,2.45′ × 1.44′,0.04083333,General,,,,0,0,Work in progress
ngc-NGC6933,NGC 6933,Star,Delphinus,11.61,20:33:38.18,+07:23:14.4,,,HighMagnification,,,,0,0,Work in progress
ngc-NGC6935,NGC 6935,Galaxy,Indus,12,20:38:20.22,-52:06:37.6,2.18′ × 1.91′,0.03633333,General,,,,0,0,Work in progress
ngc-NGC6936,NGC 6936,Galaxy,Capricornus,13.96,20:35:56.30,-25:16:47.9,1.82′ × 0.91′,0.03033333,General,,,,0,0,Work in progress
ngc-NGC6937,NGC 6937,Galaxy,Indus,12.87,20:38:45.83,-52:08:35.7,2.55′ × 1.69′,0.0425,General,,,,0,0,Work in progress
ngc-NGC6938,NGC 6938,Open cluster,Vulpecula,,20:34:42.49,+22:12:52.5,5.4′,0.09,WideField,,,,0,0,Work in progress
ngc-NGC6939,NGC 6939,Open cluster,Cepheus,7.8,20:31:30.13,+60:39:43.5,12′,0.2,WideField,,,,0,0,Work in progress
ngc-NGC6940,NGC 6940,Open cluster,Vulpecula,6.3,20:34:26.69,+28:16:57.8,10.8′,0.18,WideField,,,,0,0,Work in progress
ngc-NGC6941,NGC 6941,Galaxy,Aquila,14.17,20:36:23.47,-04:37:07.5,1.73′ × 1.2′,0.02883333,General,,,,0,0,Work in progress
ngc-NGC6942,NGC 6942,Galaxy,Indus,11.97,20:40:37.85,-54:18:11.0,2.24′ × 1.71′,0.03733333,General,,,,0,0,Work in progress
ngc-NGC6943,NGC 6943,Galaxy,Pavo,11.39,20:44:33.74,-68:44:51.8,3.75′ × 2.22′,0.0625,General,,,,0,0,Work in progress
ngc-NGC6944,NGC 6944,Galaxy,Delphinus,13.68,20:38:23.86,+06:59:47.2,1.12′ × 0.79′,0.01866667,General,,,,0,0,Work in progress
ngc-NGC6945,NGC 6945,Galaxy,Aquarius,15.2,20:39:00.62,-04:58:21.3,1.58′ × 1.01′,0.02633333,General,,,,0,0,Work in progress
ngc-NGC6947,NGC 6947,Galaxy,Microscopium,13.43,20:41:15.12,-32:29:11.1,1.74′ × 0.69′,0.029,General,,,,0,0,Work in progress
ngc-NGC6948,NGC 6948,Galaxy,Indus,13.8,20:43:29.14,-53:21:24.2,2′ × 0.95′,0.03333333,General,,,,0,0,Work in progress
ngc-NGC6949,NGC 6949,Galaxy,Cepheus,14.5,20:35:06.92,+64:48:10.1,1.31′ × 1.05′,0.02183333,General,,,,0,0,Work in progress
ngc-NGC6950,NGC 6950,Open cluster,Delphinus,,20:41:05.58,+16:37:20.0,4.5′,0.075,WideField,,,,0,0,Work in progress
ngc-NGC6951,NGC 6951,Galaxy,Cepheus,12.41,20:37:14.09,+66:06:20.3,3.19′ × 2.09′,0.05316667,General,,,,0,0,Work in progress
ngc-NGC6953,NGC 6953,Unclassified object,Cepheus,,20:37:46.22,+65:45:53.5,,,General,,,,0,0,Work in progress
ngc-NGC6954,NGC 6954,Galaxy,Delphinus,13.17,20:44:03.18,+03:12:34.0,1.27′ × 0.8′,0.02116667,General,,,,0,0,Work in progress
ngc-NGC6955,NGC 6955,Galaxy,Delphinus,15.27,20:44:17.98,+02:35:41.4,1.27′ × 0.98′,0.02116667,General,,,,0,0,Work in progress
ngc-NGC6956,NGC 6956,Galaxy,Delphinus,13.4,20:43:53.71,+12:30:42.9,1.75′ × 1.37′,0.02916667,General,,,,0,0,Work in progress
ngc-NGC6957,NGC 6957,Galaxy,Delphinus,15.28,20:44:47.56,+02:34:52.4,0.62′ × 0.57′,0.01033333,General,,,,0,0,Work in progress
ngc-NGC6958,NGC 6958,Galaxy,Microscopium,11.4,20:48:42.59,-37:59:50.7,2.44′ × 1.88′,0.04066667,General,,,,0,0,Work in progress
ngc-NGC6959,NGC 6959,Galaxy,Aquarius,14.74,20:47:07.24,+00:25:48.7,0.5′ × 0.34′,0.00833333,General,,,,0,0,Work in progress
ngc-NGC6961,NGC 6961,Galaxy,Aquarius,15.12,20:47:10.51,+00:21:47.8,0.76′ × 0.73′,0.01266667,General,,,,0,0,Work in progress
ngc-NGC6962,NGC 6962,Galaxy,Aquarius,11.89,20:47:19.06,+00:19:14.9,2.7′ × 2′,0.045,General,,,,0,0,Work in progress
ngc-NGC6963,NGC 6963,Optical double,Aquarius,15.2,20:47:19.47,+00:30:38.3,,,HighMagnification,,,,0,0,Work in progress
ngc-NGC6964,NGC 6964,Galaxy,Aquarius,12.95,20:47:24.30,+00:18:03.0,1.68′ × 1.26′,0.028,General,,,,0,0,Work in progress
ngc-NGC6965,NGC 6965,Galaxy,Aquarius,13.68,20:47:20.37,+00:29:02.6,0.73′ × 0.63′,0.01216667,General,,,,0,0,Work in progress
ngc-NGC6966,NGC 6966,Optical double,Aquarius,,20:47:26.76,+00:22:03.7,,,HighMagnification,,,,0,0,Work in progress
ngc-NGC6967,NGC 6967,Galaxy,Aquarius,13.01,20:47:34.10,+00:24:41.8,1.19′ × 0.71′,0.01983333,General,,,,0,0,Work in progress
ngc-NGC6968,NGC 6968,Galaxy,Aquarius,13.97,20:48:32.48,-08:21:37.1,1.97′ × 1.18′,0.03283333,General,,,,0,0,Work in progress
ngc-NGC6969,NGC 6969,Galaxy,Delphinus,13.52,20:48:27.63,+07:44:23.9,1.21′ × 0.37′,0.02016667,General,,,,0,0,Work in progress
ngc-NGC6970,NGC 6970,Galaxy,Indus,12.62,20:52:09.46,-48:46:40.0,1.54′ × 0.87′,0.02566667,General,,,,0,0,Work in progress
ngc-NGC6971,NGC 6971,Galaxy,Delphinus,14.74,20:49:23.76,+05:59:44.1,1.05′ × 0.87′,0.0175,General,,,,0,0,Work in progress
ngc-NGC6972,NGC 6972,Galaxy,Delphinus,14.02,20:49:58.94,+09:53:56.9,1.23′ × 0.49′,0.0205,General,,,,0,0,Work in progress
ngc-NGC6973,NGC 6973,Star,Aquarius,,20:52:05.92,-05:53:42.7,,,HighMagnification,,,,0,0,Work in progress
ngc-NGC6974,NGC 6974,Supernova remnant,Cygnus,,20:51:04.32,+31:49:41.2,,,General,,,,0,0,Work in progress
ngc-NGC6975,NGC 6975,Galaxy,Aquarius,14.8,20:52:26.03,-05:46:20.3,1.02′ × 0.92′,0.017,General,,,,0,0,Work in progress
ngc-NGC6977,NGC 6977,Galaxy,Aquarius,14.12,20:52:29.71,-05:44:46.0,1.25′ × 0.93′,0.02083333,General,,,,0,0,Work in progress
ngc-NGC6978,NGC 6978,Galaxy,Aquarius,14.08,20:52:35.43,-05:42:40.1,1.51′ × 0.57′,0.02516667,General,,,,0,0,Work in progress
ngc-NGC6979,NGC 6979,Supernova remnant,Cygnus,,20:50:28.01,+32:01:33.2,7′ × 3′,0.11666667,General,,,,0,0,Work in progress
ngc-NGC6980,NGC 6980,Star,Aquarius,,20:52:48.94,-05:50:16.4,,,HighMagnification,,,,0,0,Work in progress
ngc-NGC6982,NGC 6982,Galaxy,Indus,13.66,20:57:18.38,-51:51:44.2,1′ × 0.49′,0.01666667,General,,,,0,0,Work in progress
ngc-NGC6983,NGC 6983,Galaxy,Microscopium,14.25,20:56:43.43,-43:59:09.7,0.85′ × 0.66′,0.01416667,General,,,,0,0,Work in progress
ngc-NGC6984,NGC 6984,Galaxy,Indus,12.73,20:57:53.98,-51:52:15.0,1.8′ × 1.16′,0.03,General,,,,0,0,Work in progress
ngc-NGC6985,NGC 6985,Galaxy,Aquarius,14.78,20:45:02.98,-11:06:15.1,1.25′ × 0.51′,0.02083333,General,,,,0,0,Work in progress
ngc-NGC6986,NGC 6986,Galaxy,Capricornus,14.72,20:56:30.66,-18:33:59.6,0.98′ × 0.64′,0.01633333,General,,,,0,0,Work in progress
ngc-NGC6987,NGC 6987,Galaxy,Indus,12.45,20:58:10.36,-48:37:49.1,2.03′ × 1.63′,0.03383333,General,,,,0,0,Work in progress
ngc-NGC6988,NGC 6988,Galaxy,Delphinus,14.81,20:55:48.96,+10:30:28.3,0.68′ × 0.59′,0.01133333,General,,,,0,0,Work in progress
ngc-NGC6989,NGC 6989,Open cluster,Cygnus,,20:54:06.92,+45:14:21.4,5.4′,0.09,WideField,,,,0,0,Work in progress
ngc-NGC6990,NGC 6990,Galaxy,Indus,14,20:59:56.92,-55:33:43.1,1.24′ × 0.56′,0.02066667,General,,,,0,0,Work in progress
ngc-NGC6991,NGC 6991,Open cluster,Cygnus,,20:54:52.00,+47:27:42.0,23′,0.38333333,WideField,,,,0,0,Work in progress
ngc-NGC6993,NGC 6993,Galaxy,Capricornus,14.03,20:53:54.05,-25:28:21.1,1.47′ × 1.17′,0.0245,General,,,,0,0,Work in progress
ngc-NGC6996,NGC 6996,Asterism,Cygnus,,20:56:30.01,+45:28:22.9,,,WideField,,,,0,0,Work in progress
ngc-NGC6997,NGC 6997,Nebula with cluster,Cygnus,10,20:56:39.45,+44:37:53.4,6.9′,0.115,General,,,,0,0,Work in progress
ngc-NGC6998,NGC 6998,Galaxy,Microscopium,14.06,21:01:37.68,-28:01:54.9,0.94′ × 0.89′,0.01566667,General,,,,0,0,Work in progress
ngc-NGC6999,NGC 6999,Galaxy,Microscopium,14.91,21:01:59.54,-28:03:32.1,1.21′ × 0.99′,0.02016667,General,,,,0,0,Work in progress
ngc-NGC7001,NGC 7001,Galaxy,Aquarius,12.93,21:01:07.75,-00:11:42.6,1.38′ × 1.03′,0.023,General,,,,0,0,Work in progress
ngc-NGC7002,NGC 7002,Galaxy,Indus,12.38,21:03:44.80,-49:01:47.1,2.1′ × 1.66′,0.035,General,,,,0,0,Work in progress
ngc-NGC7003,NGC 7003,Galaxy,Delphinus,13.75,21:00:42.42,+17:48:17.6,0.99′ × 0.66′,0.0165,General,,,,0,0,Work in progress
ngc-NGC7004,NGC 7004,Galaxy,Indus,13.75,21:04:02.18,-49:06:51.3,1.26′ × 0.48′,0.021,General,,,,0,0,Work in progress
ngc-NGC7005,NGC 7005,Unclassified object,Aquarius,,21:01:57.65,-12:52:57.4,,,General,,,,0,0,Work in progress
ngc-NGC7007,NGC 7007,Galaxy,Indus,11.95,21:05:27.92,-52:33:07.1,3.39′ × 1.23′,0.0565,General,,,,0,0,Work in progress
ngc-NGC7008,NGC 7008,Planetary nebula,Cygnus,10.7,21:00:32.80,+54:32:35.5,1.43′,0.02383333,HighMagnification,,,,0,0,Work in progress
ngc-NGC7010,NGC 7010,Galaxy,Aquarius,14.77,21:04:39.50,-12:20:18.2,2.18′ × 1.12′,0.03633333,General,,,,0,0,Work in progress
ngc-NGC7011,NGC 7011,Open cluster,Cygnus,,21:01:49.38,+47:21:15.5,,,WideField,,,,0,0,Work in progress
ngc-NGC7012,NGC 7012,Galaxy,Microscopium,13.68,21:06:45.52,-44:48:53.0,1.65′ × 0.81′,0.0275,General,,,,0,0,Work in progress
ngc-NGC7013,NGC 7013,Galaxy,Cygnus,11.3,21:03:33.58,+29:53:50.9,4.16′ × 1.33′,0.06933333,General,,,,0,0,Work in progress
ngc-NGC7014,NGC 7014,Galaxy,Indus,12.31,21:07:52.17,-47:10:44.4,2.03′ × 1.77′,0.03383333,General,,,,0,0,Work in progress
ngc-NGC7015,NGC 7015,Galaxy,Equuleus,12.53,21:05:37.38,+11:24:51.0,1.7′ × 1.51′,0.02833333,General,,,,0,0,Work in progress
ngc-NGC7016,NGC 7016,Galaxy,Capricornus,14.85,21:07:16.28,-25:28:08.2,1.02′ × 0.86′,0.017,General,,,,0,0,Work in progress
ngc-NGC7017,NGC 7017,Galaxy pair,Capricornus,14.93,21:07:20.53,-25:29:12.7,0.85′ × 0.6′,0.01416667,General,,,,0,0,Work in progress
ngc-NGC7018,NGC 7018,Galaxy triplet,Capricornus,16.8,21:07:25.35,-25:25:39.9,0.93′ × 0.59′,0.0155,General,,,,0,0,Work in progress
ngc-NGC7019,NGC 7019,Galaxy,Capricornus,15.09,21:06:25.73,-24:24:45.6,0.74′ × 0.39′,0.01233333,General,,,,0,0,Work in progress
ngc-NGC7020,NGC 7020,Galaxy,Pavo,11.74,21:11:20.09,-64:01:31.2,4.1′ × 1.67′,0.06833333,General,,,,0,0,Work in progress
ngc-NGC7022,NGC 7022,Galaxy,Indus,14.06,21:09:35.24,-49:18:13.2,1.52′ × 1.08′,0.02533333,General,,,,0,0,Work in progress
ngc-NGC7024,NGC 7024,Open cluster,Cygnus,,21:06:08.11,+41:29:04.5,4.92′,0.082,WideField,,,,0,0,Work in progress
ngc-NGC7025,NGC 7025,Galaxy,Delphinus,13.99,21:07:47.34,+16:20:09.1,2.02′ × 1.32′,0.03366667,General,,,,0,0,Work in progress
ngc-NGC7026,NGC 7026,Planetary nebula,Cygnus,10.9,21:06:18.48,+47:51:07.9,0.33′,0.0055,HighMagnification,,,,0,0,Work in progress
ngc-NGC7027,NGC 7027,Planetary nebula,Cygnus,8.5,21:07:01.53,+42:14:11.5,0.23′,0.00383333,HighMagnification,,,,0,0,Work in progress
ngc-NGC7028,NGC 7028,Galaxy,Delphinus,14.78,21:05:50.04,+18:28:05.5,0.64′ × 0.27′,0.01066667,General,,,,0,0,Work in progress
ngc-NGC7029,NGC 7029,Galaxy,Indus,11.67,21:11:52.05,-49:17:01.4,2.75′ × 1.57′,0.04583333,General,,,,0,0,Work in progress
ngc-NGC7030,NGC 7030,Galaxy,Capricornus,14.58,21:11:13.33,-20:29:09.1,0.86′ × 0.65′,0.01433333,General,,,,0,0,Work in progress
ngc-NGC7031,NGC 7031,Open cluster,Cygnus,9.1,21:07:12.55,+50:52:32.0,3.9′,0.065,WideField,,,,0,0,Work in progress
ngc-NGC7032,NGC 7032,Galaxy,Pavo,13.63,21:15:22.88,-68:17:16.4,1.17′ × 0.99′,0.0195,General,,,,0,0,Work in progress
ngc-NGC7033,NGC 7033,Galaxy,Pegasus,15.2,21:09:36.26,+15:07:29.6,0.88′ × 0.6′,0.01466667,General,,,,0,0,Work in progress
ngc-NGC7034,NGC 7034,Galaxy,Pegasus,15.19,21:09:38.18,+15:09:02.4,0.96′ × 0.7′,0.016,General,,,,0,0,Work in progress
ngc-NGC7035,NGC 7035,Galaxy pair,Capricornus,15.41,21:10:46.40,-23:08:09.0,1.2′,0.02,General,,,,0,0,Work in progress
ngc-NGC7036,NGC 7036,Open cluster,Pegasus,,21:10:12.39,+15:22:34.0,4.5′,0.075,WideField,,,,0,0,Work in progress
ngc-NGC7037,NGC 7037,Open cluster,Cygnus,,21:10:45.72,+33:43:42.0,6′,0.1,WideField,,,,0,0,Work in progress
ngc-NGC7038,NGC 7038,Galaxy,Indus,12.14,21:15:07.51,-47:13:13.8,3.22′ × 1.69′,0.05366667,General,,,,0,0,Work in progress
ngc-NGC7039,NGC 7039,Open cluster,Cygnus,7.6,21:10:47.80,+45:37:18.5,7.8′,0.13,WideField,,,,0,0,Work in progress
ngc-NGC7040,NGC 7040,Galaxy,Equuleus,14.85,21:13:16.50,+08:51:53.9,1.04′ × 0.74′,0.01733333,General,,,,0,0,Work in progress
ngc-NGC7041,NGC 7041,Galaxy,Indus,11.3,21:16:32.38,-48:21:48.8,3.46′ × 1.47′,0.05766667,General,,,,0,0,Work in progress
ngc-NGC7042,NGC 7042,Galaxy,Pegasus,12.9,21:13:45.86,+13:34:29.7,1.78′ × 1.56′,0.02966667,General,,,,0,0,Work in progress
ngc-NGC7043,NGC 7043,Galaxy,Pegasus,14.86,21:14:04.17,+13:37:33.7,0.82′ × 0.64′,0.01366667,General,,,,0,0,Work in progress
ngc-NGC7044,NGC 7044,Open cluster,Cygnus,12,21:13:09.41,+42:29:46.3,6′,0.1,WideField,,,,0,0,Work in progress
ngc-NGC7045,NGC 7045,Optical double,Equuleus,,21:14:50.06,+04:30:24.4,,,HighMagnification,,,,0,0,Work in progress
ngc-NGC7046,NGC 7046,Galaxy,Equuleus,12.68,21:14:56.04,+02:50:05.4,1.1′ × 0.77′,0.01833333,General,,,,0,0,Work in progress
ngc-NGC7047,NGC 7047,Galaxy,Aquarius,14.82,21:16:27.65,-00:49:35.4,1.34′ × 0.65′,0.02233333,General,,,,0,0,Work in progress
ngc-NGC7048,NGC 7048,Planetary nebula,Cygnus,12.1,21:14:15.20,+46:17:19.0,1.02′,0.017,HighMagnification,,,,0,0,Work in progress
ngc-NGC7049,NGC 7049,Galaxy,Indus,10.55,21:19:00.30,-48:33:43.8,3.94′ × 2.69′,0.06566667,General,,,,0,0,Work in progress
ngc-NGC7050,NGC 7050,Open cluster,Cygnus,,21:15:08.55,+36:10:30.9,3.6′,0.06,WideField,,,,0,0,Work in progress
ngc-NGC7051,NGC 7051,Galaxy,Aquarius,13.68,21:19:51.33,-08:46:58.6,1.25′ × 0.92′,0.02083333,General,,,,0,0,Work in progress
ngc-NGC7052,NGC 7052,Galaxy,Vulpecula,13.09,21:18:33.05,+26:26:49.3,1.82′ × 0.9′,0.03033333,General,,,,0,0,Work in progress
ngc-NGC7053,NGC 7053,Galaxy,Pegasus,14.17,21:21:07.61,+23:05:05.3,1.57′ × 1.47′,0.02616667,General,,,,0,0,Work in progress
ngc-NGC7080,NGC 7080,Galaxy,Vulpecula,12.38,21:30:01.95,+26:43:04.1,1.63′ × 1.54′,0.02716667,General,,,,0,0,Work in progress
ngc-NGC7055,NGC 7055,Open cluster,Cepheus,,21:19:30.11,+57:32:44.2,3′,0.05,WideField,,,,0,0,Work in progress
ngc-NGC7056,NGC 7056,Galaxy,Pegasus,13.09,21:22:07.56,+18:39:56.4,1.1′ × 1.03′,0.01833333,General,,,,0,0,Work in progress
ngc-NGC7057,NGC 7057,Galaxy,Microscopium,13.83,21:24:58.70,-42:27:37.6,1.36′ × 0.81′,0.02266667,General,,,,0,0,Work in progress
ngc-NGC7058,NGC 7058,Open cluster,Cygnus,,21:21:53.58,+50:49:08.5,5.1′,0.085,WideField,,,,0,0,Work in progress
ngc-NGC7059,NGC 7059,Galaxy,Pavo,12.08,21:27:21.47,-60:00:52.5,3.69′ × 1.31′,0.0615,General,,,,0,0,Work in progress
ngc-NGC7060,NGC 7060,Galaxy,Microscopium,12.82,21:25:53.58,-42:24:40.6,2.02′ × 1.09′,0.03366667,General,,,,0,0,Work in progress
ngc-NGC7061,NGC 7061,Galaxy,Indus,14.16,21:27:26.85,-49:03:48.6,1.63′ × 0.94′,0.02716667,General,,,,0,0,Work in progress
ngc-NGC7062,NGC 7062,Open cluster,Cygnus,8.3,21:23:27.48,+46:22:42.7,3.6′,0.06,WideField,,,,0,0,Work in progress
ngc-NGC7063,NGC 7063,Open cluster,Cygnus,7,21:24:21.70,+36:29:15.0,6.3′,0.105,WideField,,,,0,0,Work in progress
ngc-NGC7064,NGC 7064,Galaxy,Indus,12.11,21:29:02.98,-52:46:03.4,3.74′ × 0.7′,0.06233333,General,,,,0,0,Work in progress
ngc-NGC7065,NGC 7065,Galaxy,Aquarius,14.27,21:26:42.51,-06:59:41.7,1′ × 0.79′,0.01666667,General,,,,0,0,Work in progress
ngc-NGC7066,NGC 7066,Galaxy pair,Pegasus,15.2,21:26:14.00,+14:10:55.0,0.83′ × 0.81′,0.01383333,General,,,,0,0,Work in progress
ngc-NGC7067,NGC 7067,Open cluster,Cygnus,9.7,21:24:23.12,+48:00:33.3,2.4′,0.04,WideField,,,,0,0,Work in progress
ngc-NGC7068,NGC 7068,Galaxy,Pegasus,14.76,21:26:32.37,+12:11:03.5,0.76′ × 0.33′,0.01266667,General,,,,0,0,Work in progress
ngc-NGC7069,NGC 7069,Galaxy,Aquarius,14.62,21:28:05.87,-01:38:48.7,1.15′ × 0.7′,0.01916667,General,,,,0,0,Work in progress
ngc-NGC7070,NGC 7070,Galaxy,Grus,12.31,21:30:25.35,-43:05:13.6,2.5′ × 2.16′,0.04166667,General,,,,0,0,Work in progress
ngc-NGC7071,NGC 7071,Asterism,Cygnus,,21:26:39.33,+47:55:10.5,,,WideField,,,,0,0,Work in progress
ngc-NGC7072,NGC 7072,Galaxy,Grus,12.81,21:30:36.92,-43:09:12.7,0.82′ × 0.63′,0.01366667,General,,,,0,0,Work in progress
ngc-NGC7073,NGC 7073,Galaxy,Capricornus,14.49,21:29:26.02,-11:29:17.3,0.92′ × 0.81′,0.01533333,General,,,,0,0,Work in progress
ngc-NGC7074,NGC 7074,Galaxy,Pegasus,14.94,21:29:38.84,+06:40:57.2,0.83′ × 0.48′,0.01383333,General,,,,0,0,Work in progress
ngc-NGC7075,NGC 7075,Galaxy,Grus,12.73,21:31:32.98,-38:37:04.5,1.45′ × 1.09′,0.02416667,General,,,,0,0,Work in progress
ngc-NGC7076,NGC 7076,Planetary nebula,Cepheus,13.5,21:26:23.50,+62:53:33.0,0.93′,0.0155,HighMagnification,,,,0,0,Work in progress
ngc-NGC7077,NGC 7077,Galaxy,Aquarius,13.67,21:29:59.61,+02:24:51.0,0.9′ × 0.56′,0.015,General,,,,0,0,Work in progress
ngc-NGC7079,NGC 7079,Galaxy,Grus,11.65,21:32:35.25,-44:04:03.2,2.3′ × 1.44′,0.03833333,General,,,,0,0,Work in progress
ngc-NGC7081,NGC 7081,Galaxy,Aquarius,13.67,21:31:24.12,+02:29:28.6,0.77′ × 0.65′,0.01283333,General,,,,0,0,Work in progress
ngc-NGC7082,NGC 7082,Open cluster,Cygnus,7.2,21:29:17.74,+47:07:34.6,9′,0.15,WideField,,,,0,0,Work in progress
ngc-NGC7083,NGC 7083,Galaxy,Indus,11.24,21:35:44.69,-63:54:10.2,3.56′ × 1.98′,0.05933333,General,,,,0,0,Work in progress
ngc-NGC7084,NGC 7084,Open cluster,Pegasus,,21:32:33.13,+17:30:30.7,6′,0.1,WideField,,,,0,0,Work in progress
ngc-NGC7085,NGC 7085,Galaxy,Pegasus,15.26,21:32:25.23,+06:34:52.5,0.99′ × 0.42′,0.0165,General,,,,0,0,Work in progress
ngc-NGC7086,NGC 7086,Open cluster,Cygnus,8.4,21:30:27.55,+51:36:01.9,4.8′,0.08,WideField,,,,0,0,Work in progress
ngc-NGC7087,NGC 7087,Galaxy,Grus,13.01,21:34:33.47,-40:49:07.1,0.86′ × 0.62′,0.01433333,General,,,,0,0,Work in progress
ngc-NGC7088,NGC 7088,Unclassified object,Aquarius,,21:33:22.12,-00:22:57.4,,,General,,,,0,0,Work in progress
ngc-NGC7090,NGC 7090,Galaxy,Indus,10.87,21:36:28.86,-54:33:26.4,8.15′ × 1.63′,0.13583333,General,,,,0,0,Work in progress
ngc-NGC7091,NGC 7091,Galaxy,Grus,13.51,21:34:07.94,-36:39:13.4,1.86′ × 1.31′,0.031,General,,,,0,0,Work in progress
ngc-NGC7093,NGC 7093,Open cluster,Cygnus,,21:34:21.70,+45:57:54.0,3.6′,0.06,WideField,,,,0,0,Work in progress
ngc-NGC7094,NGC 7094,Planetary nebula,Pegasus,13.4,21:36:52.97,+12:47:19.1,1.65′,0.0275,HighMagnification,,,,0,0,Work in progress
ngc-NGC7095,NGC 7095,Galaxy,Octans,11.92,21:52:26.44,-81:31:51.0,2.71′ × 2.21′,0.04516667,General,,,,0,0,Work in progress
ngc-NGC7096,NGC 7096,Galaxy,Indus,11.97,21:41:19.28,-63:54:31.3,2.1′ × 1.98′,0.035,General,,,,0,0,Work in progress
ngc-NGC7097,NGC 7097,Galaxy,Grus,11.7,21:40:12.91,-42:32:21.8,1.89′ × 1.36′,0.0315,General,,,,0,0,Work in progress
ngc-NGC7098,NGC 7098,Galaxy,Octans,11.53,21:44:16.12,-75:06:40.8,1.78′ × 0.91′,0.02966667,General,,,,0,0,Work in progress
ngc-NGC7100,NGC 7100,Star,Pegasus,,21:39:07.04,+08:57:05.5,,,HighMagnification,,,,0,0,Work in progress
ngc-NGC7101,NGC 7101,Galaxy,Pegasus,14.86,21:39:34.61,+08:52:37.0,0.82′ × 0.75′,0.01366667,General,,,,0,0,Work in progress
ngc-NGC7102,NGC 7102,Galaxy,Pegasus,14.07,21:39:44.49,+06:17:10.7,1.48′ × 0.89′,0.02466667,General,,,,0,0,Work in progress
ngc-NGC7103,NGC 7103,Galaxy,Capricornus,15.33,21:39:51.50,-22:28:26.0,1.42′ × 0.92′,0.02366667,General,,,,0,0,Work in progress
ngc-NGC7104,NGC 7104,Galaxy,Capricornus,15.36,21:40:03.18,-22:25:29.3,0.79′ × 0.73′,0.01316667,General,,,,0,0,Work in progress
ngc-NGC7105,NGC 7105,Galaxy,Capricornus,14.25,21:41:41.35,-10:38:07.8,1.51′ × 0.74′,0.02516667,General,,,,0,0,Work in progress
ngc-NGC7106,NGC 7106,Galaxy,Indus,13.34,21:42:36.59,-52:41:58.3,1.66′ × 1.12′,0.02766667,General,,,,0,0,Work in progress
ngc-NGC7107,NGC 7107,Galaxy,Grus,13.34,21:42:26.48,-44:47:25.0,1.91′ × 0.94′,0.03183333,General,,,,0,0,Work in progress
ngc-NGC7108,NGC 7108,Galaxy,Aquarius,14.88,21:41:53.75,-06:42:31.8,1.17′ × 0.79′,0.0195,General,,,,0,0,Work in progress
ngc-NGC7109,NGC 7109,Galaxy,Piscis Austrinus,14.47,21:41:58.53,-34:26:45.2,0.87′ × 0.81′,0.0145,General,,,,0,0,Work in progress
ngc-NGC7110,NGC 7110,Galaxy,Piscis Austrinus,14.26,21:42:12.15,-34:09:44.0,1.4′ × 0.73′,0.02333333,General,,,,0,0,Work in progress
ngc-NGC7112,NGC 7112,Galaxy,Pegasus,15.12,21:42:26.64,+12:34:09.3,0.99′ × 0.99′,0.0165,General,,,,0,0,Work in progress
ngc-NGC7114,Schmidt's Nova Cygni,Star,Cygnus,3,21:41:44.03,+42:50:30.5,,,HighMagnification,,,,0,0,Work in progress
ngc-NGC7115,NGC 7115,Galaxy,Piscis Austrinus,14.15,21:43:38.53,-25:21:05.8,1.91′ × 0.59′,0.03183333,General,,,,0,0,Work in progress
ngc-NGC7116,NGC 7116,Galaxy,Cygnus,14.13,21:42:40.22,+28:56:47.7,1.22′ × 0.5′,0.02033333,General,,,,0,0,Work in progress
ngc-NGC7117,NGC 7117,Galaxy,Grus,12.8,21:45:47.04,-48:25:13.5,1.71′ × 1′,0.0285,General,,,,0,0,Work in progress
ngc-NGC7118,NGC 7118,Galaxy,Grus,12.57,21:46:09.74,-48:21:13.7,1.7′ × 1.36′,0.02833333,General,,,,0,0,Work in progress
ngc-NGC7119,NGC 7119,Galaxy pair,Grus,,21:46:15.50,-46:31:05.0,1′,0.01666667,General,,,,0,0,Work in progress
ngc-NGC7120,NGC 7120,Galaxy,Aquarius,14.88,21:44:33.22,-06:31:23.4,0.84′ × 0.46′,0.014,General,,,,0,0,Work in progress
ngc-NGC7121,NGC 7121,Galaxy,Aquarius,14.39,21:44:52.58,-03:37:11.0,1.17′ × 0.62′,0.0195,General,,,,0,0,Work in progress
ngc-NGC7122,NGC 7122,Optical double,Capricornus,,21:45:47.82,-08:49:46.6,,,HighMagnification,,,,0,0,Work in progress
ngc-NGC7123,NGC 7123,Galaxy,Indus,13.3,21:50:46.63,-70:20:02.9,2.63′ × 1.12′,0.04383333,General,,,,0,0,Work in progress
ngc-NGC7124,NGC 7124,Galaxy,Indus,12.22,21:48:05.39,-50:33:54.8,2.56′ × 1.06′,0.04266667,General,,,,0,0,Work in progress
ngc-NGC7125,NGC 7125,Galaxy,Indus,12.46,21:49:15.98,-60:42:47.4,2.94′ × 1.84′,0.049,General,,,,0,0,Work in progress
ngc-NGC7126,NGC 7126,Galaxy,Indus,12.28,21:49:18.13,-60:36:33.2,2.55′ × 1.09′,0.0425,General,,,,0,0,Work in progress
ngc-NGC7127,NGC 7127,Open cluster,Cygnus,,21:43:41.99,+54:37:47.9,2.7′,0.045,WideField,,,,0,0,Work in progress
ngc-NGC7128,NGC 7128,Open cluster,Cygnus,9.7,21:43:57.81,+53:42:54.5,3′,0.05,WideField,,,,0,0,Work in progress
ngc-NGC7129,NGC 7129,Nebula with cluster,Cepheus,11.5,21:42:59.03,+66:06:46.7,2.1′,0.035,General,,,,0,0,Work in progress
ngc-NGC7130,NGC 7130,Galaxy,Piscis Austrinus,12.72,21:48:19.52,-34:57:04.5,1.56′ × 1.33′,0.026,General,,,,0,0,Work in progress
ngc-NGC7131,NGC 7131,Galaxy,Capricornus,14.91,21:47:36.11,-13:10:57.4,1.13′ × 0.87′,0.01883333,General,,,,0,0,Work in progress
ngc-NGC7132,NGC 7132,Galaxy,Pegasus,14.53,21:47:16.58,+10:14:28.2,0.9′ × 0.72′,0.015,General,,,,0,0,Work in progress
ngc-NGC7133,NGC 7133,Unclassified object,Cepheus,,21:44:26.70,+66:10:06.3,,,General,,,,0,0,Work in progress
ngc-NGC7134,NGC 7134,Unclassified object,Capricornus,,21:48:56.26,-12:58:23.3,,,General,,,,0,0,Work in progress
ngc-NGC7135,NGC 7135,Galaxy,Piscis Austrinus,12.19,21:49:46.01,-34:52:34.6,2.6′ × 2.03′,0.04333333,General,,,,0,0,Work in progress
ngc-NGC7136,NGC 7136,Optical double,Capricornus,,21:49:43.13,-11:47:35.9,,,HighMagnification,,,,0,0,Work in progress
ngc-NGC7137,NGC 7137,Galaxy,Pegasus,12.38,21:48:13.04,+22:09:34.5,1.84′ × 1.65′,0.03066667,General,,,,0,0,Work in progress
ngc-NGC7138,NGC 7138,Galaxy,Pegasus,15.34,21:49:01.09,+12:30:51.2,1.2′ × 0.62′,0.02,General,,,,0,0,Work in progress
ngc-NGC7139,NGC 7139,Planetary nebula,Cepheus,13.3,21:46:08.60,+63:47:31.0,1.28′,0.02133333,HighMagnification,,,,0,0,Work in progress
ngc-NGC7140,NGC 7140,Galaxy,Indus,11.68,21:52:15.31,-55:34:10.8,3.04′ × 2.07′,0.05066667,General,,,,0,0,Work in progress
ngc-NGC7142,NGC 7142,Open cluster,Cepheus,9.3,21:45:09.51,+65:46:28.0,9.6′,0.16,WideField,,,,0,0,Work in progress
ngc-NGC7143,NGC 7143,Unclassified object,Cygnus,,21:48:53.67,+29:57:17.9,,,General,,,,0,0,Work in progress
ngc-NGC7144,NGC 7144,Galaxy,Grus,11,21:52:42.43,-48:15:13.5,3.41′ × 3.2′,0.05683333,General,,,,0,0,Work in progress
ngc-NGC7145,NGC 7145,Galaxy,Grus,11.12,21:53:20.24,-47:52:56.8,2.95′ × 0.76′,0.04916667,General,,,,0,0,Work in progress
ngc-NGC7146,NGC 7146,Galaxy,Pegasus,15.46,21:51:47.37,+03:01:01.3,0.73′ × 0.42′,0.01216667,General,,,,0,0,Work in progress
ngc-NGC7147,NGC 7147,Galaxy,Pegasus,14.97,21:51:58.43,+03:04:18.1,0.99′ × 0.76′,0.0165,General,,,,0,0,Work in progress
ngc-NGC7148,NGC 7148,Optical double,Pegasus,,21:52:08.47,+03:20:29.3,,,HighMagnification,,,,0,0,Work in progress
ngc-NGC7149,NGC 7149,Galaxy,Pegasus,14.53,21:52:11.68,+03:18:04.1,1.3′ × 0.86′,0.02166667,General,,,,0,0,Work in progress
ngc-NGC7150,NGC 7150,Unclassified object,Cygnus,,21:50:23.99,+49:45:21.9,,,General,,,,0,0,Work in progress
ngc-NGC7151,NGC 7151,Galaxy,Indus,13.49,21:55:04.14,-50:39:28.4,2.66′ × 0.89′,0.04433333,General,,,,0,0,Work in progress
ngc-NGC7152,NGC 7152,Galaxy,Piscis Austrinus,14.46,21:53:59.04,-29:17:20.7,1.27′ × 0.31′,0.02116667,General,,,,0,0,Work in progress
ngc-NGC7153,NGC 7153,Galaxy,Piscis Austrinus,14.43,21:54:35.41,-29:03:49.0,1.91′ × 0.28′,0.03183333,General,,,,0,0,Work in progress
ngc-NGC7154,NGC 7154,Galaxy,Piscis Austrinus,12.48,21:55:21.04,-34:48:50.9,2.26′ × 1.91′,0.03766667,General,,,,0,0,Work in progress
ngc-NGC7155,NGC 7155,Galaxy,Indus,12.13,21:56:09.73,-49:31:19.0,2.15′ × 1.91′,0.03583333,General,,,,0,0,Work in progress
ngc-NGC7156,NGC 7156,Galaxy,Pegasus,12.71,21:54:33.63,+02:56:34.9,1.4′ × 1.22′,0.02333333,General,,,,0,0,Work in progress
ngc-NGC7157,NGC 7157,Galaxy,Piscis Austrinus,14.86,21:56:56.70,-25:21:01.9,1.17′ × 0.55′,0.0195,General,,,,0,0,Work in progress
ngc-NGC7158,NGC 7158,Unclassified object,Capricornus,,21:57:28.12,-11:35:33.1,,,General,,,,0,0,Work in progress
ngc-NGC7159,NGC 7159,Galaxy,Pegasus,15,21:56:25.61,+13:33:45.5,0.71′ × 0.56′,0.01183333,General,,,,0,0,Work in progress
ngc-NGC7160,NGC 7160,Open cluster,Cepheus,6.1,21:53:40.27,+62:36:11.9,4.2′,0.07,WideField,,,,0,0,Work in progress
ngc-NGC7161,NGC 7161,Unclassified object,Pegasus,,21:56:57.89,+02:54:58.4,,,General,,,,0,0,Work in progress
ngc-NGC7162,NGC 7162,Galaxy,Grus,12.68,21:59:39.13,-43:18:21.5,3.04′ × 1.1′,0.05066667,General,,,,0,0,Work in progress
ngc-NGC7163,NGC 7163,Galaxy,Piscis Austrinus,13.23,21:59:20.44,-31:52:59.4,2.17′ × 1.04′,0.03616667,General,,,,0,0,Work in progress
ngc-NGC7164,NGC 7164,Galaxy,Aquarius,15.57,21:56:23.64,+01:21:50.2,0.72′ × 0.4′,0.012,General,,,,0,0,Work in progress
ngc-NGC7165,NGC 7165,Galaxy,Aquarius,13.54,21:59:26.10,-16:30:44.4,1.12′ × 0.92′,0.01866667,General,,,,0,0,Work in progress
ngc-NGC7166,NGC 7166,Galaxy,Grus,12.04,22:00:32.92,-43:23:23.0,0.81′ × 0.52′,0.0135,General,,,,0,0,Work in progress
ngc-NGC7167,NGC 7167,Galaxy,Aquarius,12.66,22:00:30.64,-24:37:57.4,1.83′ × 1.3′,0.0305,General,,,,0,0,Work in progress
ngc-NGC7168,NGC 7168,Galaxy,Indus,11.9,22:02:07.40,-51:44:35.1,2.23′ × 1.64′,0.03716667,General,,,,0,0,Work in progress
ngc-NGC7169,NGC 7169,Galaxy,Grus,14.56,22:02:48.64,-47:41:52.2,1.08′ × 0.56′,0.018,General,,,,0,0,Work in progress
ngc-NGC7170,NGC 7170,Galaxy,Aquarius,14.77,22:01:26.26,-05:25:58.0,1.12′ × 0.74′,0.01866667,General,,,,0,0,Work in progress
ngc-NGC7171,NGC 7171,Galaxy,Aquarius,12.35,22:01:02.01,-13:16:11.1,2.37′ × 1.22′,0.0395,General,,,,0,0,Work in progress
ngc-NGC7172,NGC 7172,Galaxy,Piscis Austrinus,12.24,22:02:01.89,-31:52:10.8,2.75′ × 1.82′,0.04583333,General,,,,0,0,Work in progress
ngc-NGC7173,NGC 7173,Galaxy,Piscis Austrinus,11.98,22:02:03.19,-31:58:25.3,1.88′ × 1.53′,0.03133333,General,,,,0,0,Work in progress
ngc-NGC7174,NGC 7174,Galaxy,Piscis Austrinus,12.15,22:02:06.45,-31:59:34.7,2.51′ × 2.2′,0.04183333,General,,,,0,0,Work in progress
ngc-NGC7175,NGC 7175,Open cluster,Cygnus,,21:58:39.83,+54:48:22.9,4.5′,0.075,WideField,,,,0,0,Work in progress
ngc-NGC7176,NGC 7176,Galaxy,Piscis Austrinus,12.43,22:02:08.44,-31:59:23.1,1.15′ × 0.92′,0.01916667,General,,,,0,0,Work in progress
ngc-NGC7177,NGC 7177,Galaxy,Pegasus,11.13,22:00:41.24,+17:44:17.0,2.85′ × 1.93′,0.0475,General,,,,0,0,Work in progress
ngc-NGC7178,NGC 7178,Galaxy,Piscis Austrinus,14.76,22:02:25.20,-35:47:25.3,1.17′ × 0.45′,0.0195,General,,,,0,0,Work in progress
ngc-NGC7179,NGC 7179,Galaxy,Indus,12.82,22:04:49.32,-64:02:48.6,2.03′ × 1′,0.03383333,General,,,,0,0,Work in progress
ngc-NGC7180,NGC 7180,Galaxy,Aquarius,12.61,22:02:18.46,-20:32:51.9,1.66′ × 0.77′,0.02766667,General,,,,0,0,Work in progress
ngc-NGC7181,NGC 7181,Galaxy,Aquarius,15.37,22:01:43.49,-01:57:38.0,0.73′ × 0.6′,0.01216667,General,,,,0,0,Work in progress
ngc-NGC7182,NGC 7182,Galaxy,Aquarius,15.35,22:01:51.66,-02:11:47.7,0.79′ × 0.43′,0.01316667,General,,,,0,0,Work in progress
ngc-NGC7183,NGC 7183,Galaxy,Aquarius,12.94,22:02:21.62,-18:54:59.4,3.89′ × 1.14′,0.06483333,General,,,,0,0,Work in progress
ngc-NGC7184,NGC 7184,Galaxy,Aquarius,11,22:02:39.82,-20:48:46.2,5.98′ × 1.26′,0.09966667,General,,,,0,0,Work in progress
ngc-NGC7185,NGC 7185,Galaxy,Aquarius,12.58,22:02:56.75,-20:28:16.6,2.31′ × 1.61′,0.0385,General,,,,0,0,Work in progress
ngc-NGC7186,NGC 7186,Unclassified object,Pegasus,,22:01:05.22,+35:04:43.8,,,General,,,,0,0,Work in progress
ngc-NGC7187,NGC 7187,Galaxy,Piscis Austrinus,12.55,22:02:44.56,-32:48:07.8,1.15′ × 1.05′,0.01916667,General,,,,0,0,Work in progress
ngc-NGC7188,NGC 7188,Galaxy,Aquarius,14,22:03:29.00,-20:19:04.7,1.76′ × 0.74′,0.02933333,General,,,,0,0,Work in progress
ngc-NGC7189,NGC 7189,Galaxy,Aquarius,14.38,22:03:16.00,+00:34:16.0,0.99′ × 0.64′,0.0165,General,,,,0,0,Work in progress
ngc-NGC7190,NGC 7190,Galaxy,Pegasus,15.13,22:03:06.68,+11:11:57.5,0.96′ × 0.48′,0.016,General,,,,0,0,Work in progress
ngc-NGC7191,NGC 7191,Galaxy,Indus,13.81,22:06:51.79,-64:38:04.4,1.83′ × 0.73′,0.0305,General,,,,0,0,Work in progress
ngc-NGC7192,NGC 7192,Galaxy,Indus,11.28,22:06:50.16,-64:18:58.5,2.42′ × 2.31′,0.04033333,General,,,,0,0,Work in progress
ngc-NGC7193,NGC 7193,Open cluster,Pegasus,,22:03:01.56,+10:48:13.8,,,WideField,,,,0,0,Work in progress
ngc-NGC7194,NGC 7194,Galaxy,Pegasus,14.32,22:03:30.94,+12:38:12.4,1.31′ × 0.89′,0.02183333,General,,,,0,0,Work in progress
ngc-NGC7195,NGC 7195,Galaxy,Pegasus,15.71,22:03:30.28,+12:39:39.0,0.69′ × 0.53′,0.0115,General,,,,0,0,Work in progress
ngc-NGC7196,NGC 7196,Galaxy,Indus,12.01,22:05:54.81,-50:07:09.6,2.76′ × 2.06′,0.046,General,,,,0,0,Work in progress
ngc-NGC7197,NGC 7197,Galaxy,Lacerta,14.41,22:02:58.05,+41:03:32.4,1.67′ × 0.85′,0.02783333,General,,,,0,0,Work in progress
ngc-NGC7198,NGC 7198,Galaxy,Aquarius,14.44,22:05:14.24,-00:38:53.8,0.98′ × 0.75′,0.01633333,General,,,,0,0,Work in progress
ngc-NGC7199,NGC 7199,Galaxy,Indus,13.08,22:08:29.84,-64:42:22.1,1.21′ × 0.9′,0.02016667,General,,,,0,0,Work in progress
ngc-NGC7200,NGC 7200,Galaxy,Indus,12.86,22:07:09.52,-49:59:43.7,1.28′ × 1′,0.02133333,General,,,,0,0,Work in progress
ngc-NGC7201,NGC 7201,Galaxy,Piscis Austrinus,13.95,22:06:31.93,-31:15:46.8,1.66′ × 0.55′,0.02766667,General,,,,0,0,Work in progress
ngc-NGC7202,NGC 7202,Star,Piscis Austrinus,,22:06:43.24,-31:13:04.4,,,HighMagnification,,,,0,0,Work in progress
ngc-NGC7203,NGC 7203,Galaxy,Piscis Austrinus,13.7,22:06:43.88,-31:09:44.7,1.08′ × 0.58′,0.018,General,,,,0,0,Work in progress
ngc-NGC7204,NGC 7204,Galaxy pair,Piscis Austrinus,,22:06:54.20,-31:03:05.0,1.6′,0.02666667,General,,,,0,0,Work in progress
ngc-NGC7205,NGC 7205,Galaxy,Tucana,10.97,22:08:34.29,-57:26:33.3,3.7′ × 1.71′,0.06166667,General,,,,0,0,Work in progress
ngc-NGC7206,NGC 7206,Galaxy,Pegasus,14.73,22:05:40.89,+16:47:06.9,1.19′ × 0.92′,0.01983333,General,,,,0,0,Work in progress
ngc-NGC7207,NGC 7207,Galaxy,Pegasus,15.6,22:05:45.68,+16:46:03.9,0.66′ × 0.26′,0.011,General,,,,0,0,Work in progress
ngc-NGC7208,NGC 7208,Galaxy,Piscis Austrinus,13.36,22:08:24.42,-29:03:04.2,0.91′ × 0.6′,0.01516667,General,,,,0,0,Work in progress
ngc-NGC7209,NGC 7209,Open cluster,Lacerta,7.7,22:05:07.84,+46:29:00.7,6′,0.1,WideField,,,,0,0,Work in progress
ngc-NGC7487,NGC 7487,Galaxy,Pegasus,14.72,23:06:50.54,+28:10:44.5,1.8′ × 1.14′,0.03,General,,,,0,0,Work in progress
ngc-NGC7211,NGC 7211,Galaxy,Aquarius,15.11,22:06:21.87,-08:05:23.9,0.77′ × 0.63′,0.01283333,General,,,,0,0,Work in progress
ngc-NGC7212,NGC 7212,Galaxy triplet,Pegasus,15.1,22:07:01.30,+10:13:52.0,1.35′ × 0.46′,0.0225,General,,,,0,0,Work in progress
ngc-NGC7213,NGC 7213,Galaxy,Grus,11.15,22:09:16.31,-47:09:59.8,4.84′ × 3.89′,0.08066667,General,,,,0,0,Work in progress
ngc-NGC7214,NGC 7214,Galaxy,Piscis Austrinus,13.86,22:09:07.68,-27:48:34.1,1.94′ × 1.35′,0.03233333,General,,,,0,0,Work in progress
ngc-NGC7215,NGC 7215,Galaxy,Aquarius,15.01,22:08:34.48,+00:30:42.1,0.91′ × 0.37′,0.01516667,General,,,,0,0,Work in progress
ngc-NGC7216,NGC 7216,Galaxy,Indus,12.59,22:12:35.84,-68:39:42.7,1.61′ × 1.1′,0.02683333,General,,,,0,0,Work in progress
ngc-NGC7217,NGC 7217,Galaxy,Pegasus,10.47,22:07:52.39,+31:21:33.6,4.52′ × 3.84′,0.07533333,General,,,,0,0,Work in progress
ngc-NGC7218,NGC 7218,Galaxy,Aquarius,11.91,22:10:11.71,-16:39:39.6,2.55′ × 1.07′,0.0425,General,,,,0,0,Work in progress
ngc-NGC7219,NGC 7219,Galaxy,Tucana,12.59,22:13:09.02,-64:50:56.3,1.83′ × 1.1′,0.0305,General,,,,0,0,Work in progress
ngc-NGC7220,NGC 7220,Galaxy,Aquarius,13.37,22:11:31.00,-22:57:10.3,0.9′ × 0.72′,0.015,General,,,,0,0,Work in progress
ngc-NGC7221,NGC 7221,Galaxy,Piscis Austrinus,12.16,22:11:15.25,-30:33:47.4,2.29′ × 1.46′,0.03816667,General,,,,0,0,Work in progress
ngc-NGC7222,NGC 7222,Galaxy,Aquarius,15.43,22:10:51.76,+02:06:20.9,1.07′ × 1.06′,0.01783333,General,,,,0,0,Work in progress
ngc-NGC7223,NGC 7223,Galaxy,Lacerta,13.42,22:10:09.16,+41:01:02.2,1.41′ × 1.13′,0.0235,General,,,,0,0,Work in progress
ngc-NGC7224,NGC 7224,Galaxy,Pegasus,14.94,22:11:35.38,+25:51:52.2,1.51′ × 0.91′,0.02516667,General,,,,0,0,Work in progress
ngc-NGC7225,NGC 7225,Galaxy,Piscis Austrinus,13.37,22:13:08.07,-26:08:54.0,1.96′ × 1.02′,0.03266667,General,,,,0,0,Work in progress
ngc-NGC7226,NGC 7226,Open cluster,Cepheus,9.6,22:10:26.89,+55:23:54.9,3′,0.05,WideField,,,,0,0,Work in progress
ngc-NGC7227,NGC 7227,Galaxy,Lacerta,14.93,22:11:31.33,+38:43:16.9,1.24′ × 0.59′,0.02066667,General,,,,0,0,Work in progress
ngc-NGC7228,NGC 7228,Galaxy,Lacerta,14.92,22:11:48.60,+38:41:57.0,1.38′ × 0.84′,0.023,General,,,,0,0,Work in progress
ngc-NGC7229,NGC 7229,Galaxy,Piscis Austrinus,12.73,22:14:03.22,-29:22:57.9,1.46′ × 1.25′,0.02433333,General,,,,0,0,Work in progress
ngc-NGC7230,NGC 7230,Galaxy,Aquarius,14.44,22:14:13.19,-17:04:26.6,1′ × 0.91′,0.01666667,General,,,,0,0,Work in progress
ngc-NGC7231,NGC 7231,Galaxy,Lacerta,13.91,22:12:30.12,+45:19:42.5,1.69′ × 0.6′,0.02816667,General,,,,0,0,Work in progress
ngc-NGC7232,NGC 7232,Galaxy,Grus,11.89,22:15:38.00,-45:51:00.3,2.86′ × 1.04′,0.04766667,General,,,,0,0,Work in progress
ngc-NGC7233,NGC 7233,Galaxy,Grus,12.53,22:15:48.98,-45:50:47.2,1.74′ × 1.55′,0.029,General,,,,0,0,Work in progress
ngc-NGC7234,NGC 7234,Open cluster,Cepheus,7.7,22:12:25.02,+57:16:16.8,2.4′,0.04,WideField,,,,0,0,Work in progress
ngc-NGC7236,NGC 7236,Galaxy,Pegasus,13.55,22:14:44.99,+13:50:47.5,1.38′ × 0.81′,0.023,General,,,,0,0,Work in progress
ngc-NGC7237,NGC 7237,Galaxy,Pegasus,14.56,22:14:46.88,+13:50:27.1,1.98′ × 0.86′,0.033,General,,,,0,0,Work in progress
ngc-NGC7238,NGC 7238,Unclassified object,Pegasus,,22:15:20.51,+22:31:09.2,,,General,,,,0,0,Work in progress
ngc-NGC7239,NGC 7239,Galaxy,Aquarius,15.52,22:15:01.40,-05:03:12.0,0.97′ × 0.66′,0.01616667,General,,,,0,0,Work in progress
ngc-NGC7240,NGC 7240,Galaxy,Lacerta,14.17,22:15:22.56,+37:16:50.4,0.6′ × 0.6′,0.01,General,,,,0,0,Work in progress
ngc-NGC7241,NGC 7241,Galaxy,Pegasus,13.47,22:15:49.87,+19:13:56.5,2.75′ × 0.72′,0.04583333,General,,,,0,0,Work in progress
ngc-NGC7242,NGC 7242,Galaxy pair,Lacerta,,22:15:40.50,+37:18:02.0,1.4′,0.02333333,General,,,,0,0,Work in progress
ngc-NGC7244,NGC 7244,Galaxy,Pegasus,13.92,22:16:26.83,+16:28:17.2,0.91′ × 0.46′,0.01516667,General,,,,0,0,Work in progress
ngc-NGC7245,NGC 7245,Open cluster,Lacerta,9.2,22:15:11.51,+54:20:33.2,3.9′,0.065,WideField,,,,0,0,Work in progress
ngc-NGC7246,NGC 7246,Galaxy,Aquarius,13.76,22:17:42.68,-15:34:16.6,2.26′ × 0.86′,0.03766667,General,,,,0,0,Work in progress
ngc-NGC7247,NGC 7247,Galaxy,Aquarius,13.41,22:17:41.25,-23:43:51.7,1.28′ × 0.67′,0.02133333,General,,,,0,0,Work in progress
ngc-NGC7248,NGC 7248,Galaxy,Lacerta,12.48,22:16:53.94,+40:30:08.4,1.72′ × 0.78′,0.02866667,General,,,,0,0,Work in progress
ngc-NGC7249,NGC 7249,Galaxy,Grus,13.39,22:20:31.00,-55:07:29.5,0.97′ × 0.69′,0.01616667,General,,,,0,0,Work in progress
ngc-NGC7250,NGC 7250,Galaxy,Lacerta,12.56,22:18:17.80,+40:33:44.6,2.12′ × 0.94′,0.03533333,General,,,,0,0,Work in progress
ngc-NGC7251,NGC 7251,Galaxy,Aquarius,13.5,22:20:27.14,-15:46:24.8,1.67′ × 1.48′,0.02783333,General,,,,0,0,Work in progress
ngc-NGC7252,NGC 7252,Galaxy,Aquarius,12.13,22:20:44.75,-24:40:41.8,1.85′ × 1.71′,0.03083333,General,,,,0,0,Work in progress
ngc-NGC7253,NGC 7253,Galaxy pair,Pegasus,,22:19:28.90,+29:23:30.0,2.6′,0.04333333,General,,,,0,0,Work in progress
ngc-NGC7254,NGC 7254,Galaxy,Aquarius,13.91,22:22:36.23,-21:44:14.0,1.3′ × 0.64′,0.02166667,General,,,,0,0,Work in progress
ngc-NGC7255,NGC 7255,Galaxy,Aquarius,15.15,22:23:08.00,-15:32:29.1,1.47′ × 0.31′,0.0245,General,,,,0,0,Work in progress
ngc-NGC7257,NGC 7257,Galaxy,Aquarius,13.69,22:22:36.44,-04:07:14.7,1.81′ × 1.23′,0.03016667,General,,,,0,0,Work in progress
ngc-NGC7258,NGC 7258,Galaxy,Piscis Austrinus,13.99,22:22:58.07,-28:20:42.5,1.54′ × 0.65′,0.02566667,General,,,,0,0,Work in progress
ngc-NGC7259,NGC 7259,Galaxy,Piscis Austrinus,13.77,22:23:05.52,-28:57:17.4,1.25′ × 0.97′,0.02083333,General,,,,0,0,Work in progress
ngc-NGC7261,NGC 7261,Open cluster,Cepheus,8.4,22:20:06.39,+58:03:06.6,6.9′,0.115,WideField,,,,0,0,Work in progress
ngc-NGC7262,NGC 7262,Galaxy,Piscis Austrinus,15,22:23:28.54,-32:21:51.3,0.86′ × 0.78′,0.01433333,General,,,,0,0,Work in progress
ngc-NGC7263,NGC 7263,Galaxy,Lacerta,15.62,22:21:45.25,+36:21:00.0,0.94′ × 0.76′,0.01566667,General,,,,0,0,Work in progress
ngc-NGC7264,NGC 7264,Galaxy,Lacerta,14.6,22:22:13.78,+36:23:13.2,1.99′ × 0.3′,0.03316667,General,,,,0,0,Work in progress
ngc-NGC7265,NGC 7265,Galaxy,Lacerta,12.22,22:22:27.44,+36:12:34.6,2.48′ × 1.79′,0.04133333,General,,,,0,0,Work in progress
ngc-NGC7266,NGC 7266,Galaxy,Aquarius,14.38,22:23:58.96,-04:04:24.3,0.72′ × 0.58′,0.012,General,,,,0,0,Work in progress
ngc-NGC7267,NGC 7267,Galaxy,Piscis Austrinus,12.23,22:24:21.81,-33:41:38.7,1.73′ × 1.5′,0.02883333,General,,,,0,0,Work in progress
ngc-NGC7268,NGC 7268,Galaxy pair,Piscis Austrinus,,22:25:41.40,-31:12:02.0,1.4′,0.02333333,General,,,,0,0,Work in progress
ngc-NGC7269,NGC 7269,Galaxy,Aquarius,14.61,22:25:46.63,-13:09:59.0,1.02′ × 0.74′,0.017,General,,,,0,0,Work in progress
ngc-NGC7270,NGC 7270,Galaxy,Pegasus,14.95,22:23:47.53,+32:24:10.9,0.93′ × 0.55′,0.0155,General,,,,0,0,Work in progress
ngc-NGC7271,NGC 7271,Galaxy,Pegasus,16.03,22:23:57.59,+32:22:00.7,0.61′ × 0.29′,0.01016667,General,,,,0,0,Work in progress
ngc-NGC7272,NGC 7272,Galaxy,Pegasus,15.3,22:24:31.71,+16:35:17.4,1.09′ × 0.97′,0.01816667,General,,,,0,0,Work in progress
ngc-NGC7273,NGC 7273,Galaxy,Lacerta,14.68,22:24:09.23,+36:11:59.4,0.85′ × 0.54′,0.01416667,General,,,,0,0,Work in progress
ngc-NGC7274,NGC 7274,Galaxy,Lacerta,14.18,22:24:11.11,+36:07:33.1,1.83′ × 1.52′,0.0305,General,,,,0,0,Work in progress
ngc-NGC7275,NGC 7275,Galaxy,Pegasus,14.94,22:24:17.23,+32:26:46.5,1.16′ × 0.26′,0.01933333,General,,,,0,0,Work in progress
ngc-NGC7276,NGC 7276,Galaxy,Lacerta,14.89,22:24:14.37,+36:05:15.2,1′ × 0.85′,0.01666667,General,,,,0,0,Work in progress
ngc-NGC7277,NGC 7277,Galaxy,Piscis Austrinus,14.18,22:26:10.94,-31:08:42.9,1.28′ × 0.54′,0.02133333,General,,,,0,0,Work in progress
ngc-NGC7278,NGC 7278,Galaxy,Tucana,15.2,22:28:22.41,-60:10:11.4,0.76′ × 0.38′,0.01266667,General,,,,0,0,Work in progress
ngc-NGC7279,NGC 7279,Galaxy,Piscis Austrinus,13.8,22:27:12.66,-35:08:25.6,1.24′ × 0.88′,0.02066667,General,,,,0,0,Work in progress
ngc-NGC7280,NGC 7280,Galaxy,Pegasus,12.17,22:26:27.58,+16:08:53.6,2.01′ × 1.29′,0.0335,General,,,,0,0,Work in progress
ngc-NGC7281,NGC 7281,Open cluster,Cepheus,,22:25:20.98,+57:49:16.1,4.8′,0.08,WideField,,,,0,0,Work in progress
ngc-NGC7282,NGC 7282,Galaxy,Lacerta,15.27,22:25:53.86,+40:18:53.5,0.79′ × 0.2′,0.01316667,General,,,,0,0,Work in progress
ngc-NGC7283,NGC 7283,Galaxy,Pegasus,15.81,22:28:32.74,+17:28:13.2,0.87′ × 0.38′,0.0145,General,,,,0,0,Work in progress
ngc-NGC7284,NGC 7284,Galaxy,Aquarius,13.33,22:28:35.93,-24:50:38.9,1.82′ × 1.44′,0.03033333,General,,,,0,0,Work in progress
ngc-NGC7285,NGC 7285,Galaxy,Aquarius,12.83,22:28:38.00,-24:50:26.8,2.68′ × 1.54′,0.04466667,General,,,,0,0,Work in progress
ngc-NGC7286,NGC 7286,Galaxy,Pegasus,13.3,22:27:50.52,+29:05:45.5,1.81′ × 0.56′,0.03016667,General,,,,0,0,Work in progress
ngc-NGC7287,NGC 7287,Galaxy pair,Aquarius,14.75,22:28:48.70,-22:12:09.0,0.7′,0.01166667,General,,,,0,0,Work in progress
ngc-NGC7288,NGC 7288,Galaxy,Aquarius,13.98,22:28:14.97,-02:53:04.4,1.92′ × 1.01′,0.032,General,,,,0,0,Work in progress
ngc-NGC7289,NGC 7289,Galaxy,Piscis Austrinus,14.26,22:29:20.25,-35:28:19.1,1.63′ × 1.21′,0.02716667,General,,,,0,0,Work in progress
ngc-NGC7290,NGC 7290,Galaxy,Pegasus,13.27,22:28:26.43,+17:08:50.8,1.49′ × 0.72′,0.02483333,General,,,,0,0,Work in progress
ngc-NGC7291,NGC 7291,Galaxy,Pegasus,14.83,22:28:29.50,+16:46:59.3,1.62′ × 1.05′,0.027,General,,,,0,0,Work in progress
ngc-NGC7292,NGC 7292,Galaxy,Pegasus,12.56,22:28:25.91,+30:17:32.3,1.82′ × 1.22′,0.03033333,General,,,,0,0,Work in progress
ngc-NGC7294,NGC 7294,Galaxy,Piscis Austrinus,13.57,22:32:08.06,-25:23:52.0,2.1′ × 1.15′,0.035,General,,,,0,0,Work in progress
ngc-NGC7295,NGC 7295,Open cluster,Lacerta,9.7,22:28:02.84,+52:17:20.7,2.7′,0.045,WideField,,,,0,0,Work in progress
ngc-NGC7297,NGC 7297,Galaxy,Grus,14.63,22:31:10.28,-37:49:35.2,0.84′ × 0.49′,0.014,General,,,,0,0,Work in progress
ngc-NGC7298,NGC 7298,Galaxy,Aquarius,13.77,22:30:50.65,-14:11:17.7,1.28′ × 1′,0.02133333,General,,,,0,0,Work in progress
ngc-NGC7299,NGC 7299,Galaxy,Grus,14.79,22:31:33.11,-37:48:34.4,0.67′ × 0.65′,0.01116667,General,,,,0,0,Work in progress
ngc-NGC7300,NGC 7300,Galaxy,Aquarius,12.83,22:30:59.91,-14:00:12.7,2.06′ × 0.8′,0.03433333,General,,,,0,0,Work in progress
ngc-NGC7301,NGC 7301,Galaxy,Aquarius,14.21,22:30:34.72,-17:34:25.6,0.85′ × 0.27′,0.01416667,General,,,,0,0,Work in progress
ngc-NGC7302,NGC 7302,Galaxy,Aquarius,12.18,22:32:23.80,-14:07:13.9,1.73′ × 1.09′,0.02883333,General,,,,0,0,Work in progress
ngc-NGC7303,NGC 7303,Galaxy,Pegasus,13.62,22:31:32.83,+30:57:21.5,1.54′ × 1.19′,0.02566667,General,,,,0,0,Work in progress
ngc-NGC7304,NGC 7304,Unclassified object,Pegasus,,22:31:44.50,+30:58:46.8,,,General,,,,0,0,Work in progress
ngc-NGC7305,NGC 7305,Galaxy,Pegasus,15.13,22:32:13.94,+11:42:43.7,0.86′ × 0.83′,0.01433333,General,,,,0,0,Work in progress
ngc-NGC7306,NGC 7306,Galaxy,Piscis Austrinus,13.5,22:33:16.47,-27:14:47.8,1.81′ × 0.79′,0.03016667,General,,,,0,0,Work in progress
ngc-NGC7307,NGC 7307,Galaxy,Grus,12.63,22:33:52.54,-40:55:57.8,3.83′ × 0.87′,0.06383333,General,,,,0,0,Work in progress
ngc-NGC7308,NGC 7308,Galaxy,Aquarius,14.4,22:34:32.14,-12:56:01.9,1.27′ × 0.92′,0.02116667,General,,,,0,0,Work in progress
ngc-NGC7309,NGC 7309,Galaxy,Aquarius,12.5,22:34:20.59,-10:21:25.2,2.08′ × 1.86′,0.03466667,General,,,,0,0,Work in progress
ngc-NGC7310,NGC 7310,Galaxy,Aquarius,14.2,22:34:36.91,-22:29:06.3,0.95′ × 0.73′,0.01583333,General,,,,0,0,Work in progress
ngc-NGC7311,NGC 7311,Galaxy,Pegasus,13.32,22:34:06.71,+05:34:11.6,1.47′ × 0.68′,0.0245,General,,,,0,0,Work in progress
ngc-NGC7312,NGC 7312,Galaxy,Pegasus,14.45,22:34:34.79,+05:49:02.5,0.93′ × 0.63′,0.0155,General,,,,0,0,Work in progress
ngc-NGC7313,NGC 7313,Galaxy,Piscis Austrinus,15.15,22:35:32.56,-26:06:06.4,0.7′ × 0.42′,0.01166667,General,,,,0,0,Work in progress
ngc-NGC7314,NGC 7314,Galaxy,Piscis Austrinus,11.22,22:35:46.19,-26:03:01.7,4.21′ × 1.71′,0.07016667,General,,,,0,0,Work in progress
ngc-NGC7315,NGC 7315,Galaxy,Pegasus,13.87,22:35:31.71,+34:48:12.2,1.58′ × 1.58′,0.02633333,General,,,,0,0,Work in progress
ngc-NGC7316,NGC 7316,Galaxy,Pegasus,13.04,22:35:56.34,+20:19:20.1,1.19′ × 1.01′,0.01983333,General,,,,0,0,Work in progress
ngc-NGC7317,NGC 7317,Galaxy,Pegasus,13.66,22:35:51.88,+33:56:41.6,0.8′ × 0.77′,0.01333333,General,,,,0,0,Work in progress
ngc-NGC7318,NGC 7318,Galaxy pair,Pegasus,,22:35:57.60,+33:57:56.0,2.5′,0.04166667,General,,,,0,0,Work in progress
ngc-NGC7319,NGC 7319,Galaxy,Pegasus,13.48,22:36:03.55,+33:58:32.6,1.67′ × 1.04′,0.02783333,General,,,,0,0,Work in progress
ngc-NGC7320,NGC 7320,Galaxy,Pegasus,12.96,22:36:03.38,+33:56:53.2,2.55′ × 1.4′,0.0425,General,,,,0,0,Work in progress
ngc-NGC7321,NGC 7321,Galaxy,Pegasus,13.92,22:36:28.02,+21:37:18.5,1.41′ × 0.97′,0.0235,General,,,,0,0,Work in progress
ngc-NGC7322,NGC 7322,Galaxy,Grus,14.54,22:37:51.46,-37:13:52.3,1.04′ × 0.62′,0.01733333,General,,,,0,0,Work in progress
ngc-NGC7323,NGC 7323,Galaxy,Pegasus,14.03,22:36:53.69,+19:08:37.9,1.17′ × 0.87′,0.0195,General,,,,0,0,Work in progress
ngc-NGC7324,NGC 7324,Galaxy,Pegasus,14.61,22:37:00.92,+19:08:46.5,1.14′ × 0.63′,0.019,General,,,,0,0,Work in progress
ngc-NGC7325,NGC 7325,Optical double,Pegasus,14.7,22:36:48.52,+34:22:04.9,,,HighMagnification,,,,0,0,Work in progress
ngc-NGC7326,NGC 7326,Optical double,Pegasus,,22:36:52.09,+34:25:23.2,,,HighMagnification,,,,0,0,Work in progress
ngc-NGC7327,NGC 7327,Galaxy,Pegasus,16.1,22:36:34.04,+34:30:13.0,0.51′ × 0.29′,0.0085,General,,,,0,0,Work in progress
ngc-NGC7328,NGC 7328,Galaxy,Pegasus,12.98,22:37:29.28,+10:31:53.7,1.95′ × 0.67′,0.0325,General,,,,0,0,Work in progress
ngc-NGC7329,NGC 7329,Galaxy,Tucana,11.7,22:40:24.22,-66:28:44.3,3.12′ × 2.37′,0.052,General,,,,0,0,Work in progress
ngc-NGC7330,NGC 7330,Galaxy,Lacerta,13.55,22:36:56.18,+38:32:53.0,1.71′ × 1.59′,0.0285,General,,,,0,0,Work in progress
ngc-NGC7332,NGC 7332,Galaxy,Pegasus,11.05,22:37:24.54,+23:47:54.0,2.95′ × 0.71′,0.04916667,General,,,,0,0,Work in progress
ngc-NGC7333,NGC 7333,Star,Pegasus,15.1,22:37:11.64,+34:26:16.2,,,HighMagnification,,,,0,0,Work in progress
ngc-NGC7335,NGC 7335,Galaxy,Pegasus,13.39,22:37:19.39,+34:26:51.9,1.26′ × 0.54′,0.021,General,,,,0,0,Work in progress
ngc-NGC7336,NGC 7336,Galaxy,Pegasus,15.64,22:37:21.94,+34:28:54.3,0.61′ × 0.47′,0.01016667,General,,,,0,0,Work in progress
ngc-NGC7337,NGC 7337,Galaxy,Pegasus,15.65,22:37:26.62,+34:22:27.5,1.02′ × 0.8′,0.017,General,,,,0,0,Work in progress
ngc-NGC7338,NGC 7338,Optical double,Pegasus,,22:37:31.32,+34:24:52.1,,,HighMagnification,,,,0,0,Work in progress
ngc-NGC7339,NGC 7339,Galaxy,Pegasus,12.24,22:37:47.24,+23:47:12.1,3.21′ × 0.95′,0.0535,General,,,,0,0,Work in progress
ngc-NGC7340,NGC 7340,Galaxy,Pegasus,14.64,22:37:44.22,+34:24:36.0,0.86′ × 0.55′,0.01433333,General,,,,0,0,Work in progress
ngc-NGC7341,NGC 7341,Galaxy,Aquarius,13.42,22:39:05.54,-22:40:00.0,2.39′ × 0.95′,0.03983333,General,,,,0,0,Work in progress
ngc-NGC7342,NGC 7342,Galaxy,Pegasus,15.23,22:38:13.15,+35:29:55.9,1.31′ × 1.25′,0.02183333,General,,,,0,0,Work in progress
ngc-NGC7343,NGC 7343,Galaxy,Pegasus,13.5,22:38:37.86,+34:04:17.2,0.91′ × 0.73′,0.01516667,General,,,,0,0,Work in progress
ngc-NGC7344,NGC 7344,Galaxy,Aquarius,14.61,22:39:36.25,-04:09:32.3,1.23′ × 0.55′,0.0205,General,,,,0,0,Work in progress
ngc-NGC7345,NGC 7345,Galaxy,Pegasus,15.04,22:38:44.86,+35:32:26.1,1.09′ × 0.19′,0.01816667,General,,,,0,0,Work in progress
ngc-NGC7346,NGC 7346,Galaxy,Pegasus,15.66,22:39:35.45,+11:05:00.0,0.38′ × 0.28′,0.00633333,General,,,,0,0,Work in progress
ngc-NGC7347,NGC 7347,Galaxy,Pegasus,14.54,22:39:56.17,+11:01:39.2,1.55′ × 0.34′,0.02583333,General,,,,0,0,Work in progress
ngc-NGC7348,NGC 7348,Galaxy,Pegasus,14.75,22:40:36.28,+11:54:22.4,1.01′ × 0.58′,0.01683333,General,,,,0,0,Work in progress
ngc-NGC7349,NGC 7349,Galaxy,Aquarius,14.51,22:41:14.90,-21:47:54.6,1.2′ × 0.41′,0.02,General,,,,0,0,Work in progress
ngc-NGC7350,NGC 7350,Optical double,Pegasus,,22:40:48.56,+12:00:23.5,,,HighMagnification,,,,0,0,Work in progress
ngc-NGC7351,NGC 7351,Galaxy,Aquarius,13.55,22:41:26.94,-04:26:41.0,1.6′ × 0.84′,0.02666667,General,,,,0,0,Work in progress
ngc-NGC7352,NGC 7352,Unclassified object,Cepheus,,22:39:43.70,+57:23:39.7,,,General,,,,0,0,Work in progress
ngc-NGC7353,NGC 7353,Galaxy,Pegasus,16.67,22:42:12.51,+11:52:38.3,0.65′ × 0.47′,0.01083333,General,,,,0,0,Work in progress
ngc-NGC7354,NGC 7354,Planetary nebula,Cepheus,12.2,22:40:19.61,+61:17:05.4,0.38′,0.00633333,HighMagnification,,,,0,0,Work in progress
ngc-NGC7355,NGC 7355,Galaxy,Grus,15.09,22:43:30.56,-36:51:54.6,1.04′ × 0.44′,0.01733333,General,,,,0,0,Work in progress
ngc-NGC7356,NGC 7356,Galaxy,Pegasus,15.31,22:42:02.35,+30:42:31.7,1.26′ × 0.58′,0.021,General,,,,0,0,Work in progress
ngc-NGC7357,NGC 7357,Galaxy,Pegasus,15.11,22:42:23.94,+30:10:16.9,0.58′ × 0.37′,0.00966667,General,,,,0,0,Work in progress
ngc-NGC7358,NGC 7358,Galaxy,Tucana,12.75,22:45:36.44,-65:07:18.6,2.13′ × 0.69′,0.0355,General,,,,0,0,Work in progress
ngc-NGC7359,NGC 7359,Galaxy,Aquarius,12.45,22:44:48.00,-23:41:17.1,2.18′ × 0.5′,0.03633333,General,,,,0,0,Work in progress
ngc-NGC7360,NGC 7360,Galaxy,Pegasus,14.48,22:43:33.95,+04:09:04.2,0.81′ × 0.42′,0.0135,General,,,,0,0,Work in progress
ngc-NGC7361,NGC 7361,Galaxy,Piscis Austrinus,12.35,22:42:17.91,-30:03:27.6,3.14′ × 0.85′,0.05233333,General,,,,0,0,Work in progress
ngc-NGC7362,NGC 7362,Galaxy,Pegasus,12.74,22:43:49.28,+08:42:19.6,1.3′ × 0.89′,0.02166667,General,,,,0,0,Work in progress
ngc-NGC7363,NGC 7363,Galaxy,Pegasus,14.53,22:43:19.91,+34:00:05.4,0.86′ × 0.86′,0.01433333,General,,,,0,0,Work in progress
ngc-NGC7364,NGC 7364,Galaxy,Aquarius,13.36,22:44:24.37,-00:09:43.5,1.65′ × 1.12′,0.0275,General,,,,0,0,Work in progress
ngc-NGC7365,NGC 7365,Galaxy,Aquarius,12.81,22:45:10.04,-19:57:07.3,1.79′ × 1.08′,0.02983333,General,,,,0,0,Work in progress
ngc-NGC7366,NGC 7366,Galaxy,Pegasus,16.22,22:44:26.63,+10:46:52.9,0.34′ × 0.34′,0.00566667,General,,,,0,0,Work in progress
ngc-NGC7367,NGC 7367,Galaxy,Pegasus,14.82,22:44:34.45,+03:38:47.0,1.43′ × 0.37′,0.02383333,General,,,,0,0,Work in progress
ngc-NGC7368,NGC 7368,Galaxy,Grus,13.17,22:45:31.68,-39:20:30.6,2.85′ × 0.56′,0.0475,General,,,,0,0,Work in progress
ngc-NGC7369,NGC 7369,Galaxy,Pegasus,14.73,22:44:12.30,+34:21:04.4,0.86′ × 0.73′,0.01433333,General,,,,0,0,Work in progress
ngc-NGC7370,NGC 7370,Galaxy,Pegasus,16.38,22:45:37.23,+11:03:28.1,0.65′ × 0.49′,0.01083333,General,,,,0,0,Work in progress
ngc-NGC7371,NGC 7371,Galaxy,Aquarius,12.02,22:46:03.74,-11:00:04.1,2.09′ × 1.92′,0.03483333,General,,,,0,0,Work in progress
ngc-NGC7372,NGC 7372,Galaxy,Pegasus,14.51,22:45:46.00,+11:07:51.0,1.01′ × 0.73′,0.01683333,General,,,,0,0,Work in progress
ngc-NGC7373,NGC 7373,Galaxy,Pegasus,14.71,22:46:19.41,+03:12:36.2,1.04′ × 0.55′,0.01733333,General,,,,0,0,Work in progress
ngc-NGC7374,NGC 7374,Galaxy,Pegasus,14.83,22:46:00.95,+10:51:13.0,0.87′ × 0.71′,0.0145,General,,,,0,0,Work in progress
ngc-NGC7375,NGC 7375,Galaxy,Pegasus,14.67,22:46:32.04,+21:05:01.1,0.92′ × 0.67′,0.01533333,General,,,,0,0,Work in progress
ngc-NGC7376,NGC 7376,Galaxy,Pegasus,15.56,22:47:17.38,+03:38:44.1,0.69′ × 0.44′,0.0115,General,,,,0,0,Work in progress
ngc-NGC7377,NGC 7377,Galaxy,Aquarius,11.19,22:47:47.50,-22:18:43.6,3.92′ × 3.13′,0.06533333,General,,,,0,0,Work in progress
ngc-NGC7378,NGC 7378,Galaxy,Aquarius,13,22:47:47.70,-11:48:59.9,1.52′ × 0.85′,0.02533333,General,,,,0,0,Work in progress
ngc-NGC7379,NGC 7379,Galaxy,Lacerta,14.33,22:47:32.95,+40:14:19.7,1.25′ × 0.92′,0.02083333,General,,,,0,0,Work in progress
ngc-NGC7380,NGC 7380,Nebula with cluster,Cepheus,7.2,22:47:21.01,+58:07:56.7,25′ × 20′,0.41666667,General,,,,0,0,Work in progress
ngc-NGC7381,NGC 7381,Galaxy,Aquarius,14.93,22:50:08.15,-19:43:30.4,0.68′ × 0.47′,0.01133333,General,,,,0,0,Work in progress
ngc-NGC7382,NGC 7382,Galaxy,Grus,14.67,22:50:23.92,-36:51:26.3,0.74′ × 0.3′,0.01233333,General,,,,0,0,Work in progress
ngc-NGC7383,NGC 7383,Galaxy,Pegasus,14.01,22:49:35.62,+11:33:23.0,0.86′ × 0.73′,0.01433333,General,,,,0,0,Work in progress
ngc-NGC7384,NGC 7384,Star,Pegasus,,22:49:42.55,+11:29:14.8,,,HighMagnification,,,,0,0,Work in progress
ngc-NGC7385,NGC 7385,Galaxy,Pegasus,12.13,22:49:54.59,+11:36:30.8,1.93′ × 1.19′,0.03216667,General,,,,0,0,Work in progress
ngc-NGC7386,NGC 7386,Galaxy,Pegasus,12.52,22:50:02.15,+11:41:54.1,2.04′ × 1.3′,0.034,General,,,,0,0,Work in progress
ngc-NGC7387,NGC 7387,Galaxy,Pegasus,13.98,22:50:17.64,+11:38:12.2,1′ × 0.63′,0.01666667,General,,,,0,0,Work in progress
ngc-NGC7388,NGC 7388,Star,Pegasus,,22:50:21.02,+11:42:39.4,,,HighMagnification,,,,0,0,Work in progress
ngc-NGC7389,NGC 7389,Galaxy,Pegasus,14.86,22:50:16.05,+11:33:58.3,1.45′ × 0.71′,0.02416667,General,,,,0,0,Work in progress
ngc-NGC7390,NGC 7390,Galaxy,Pegasus,15.45,22:50:19.62,+11:31:51.7,0.82′ × 0.65′,0.01366667,General,,,,0,0,Work in progress
ngc-NGC7391,NGC 7391,Galaxy,Aquarius,12.05,22:50:36.13,-01:32:41.4,1.49′ × 1.29′,0.02483333,General,,,,0,0,Work in progress
ngc-NGC7392,NGC 7392,Galaxy,Aquarius,11.84,22:51:48.74,-20:36:29.1,2.24′ × 1.19′,0.03733333,General,,,,0,0,Work in progress
ngc-NGC7393,NGC 7393,Galaxy,Aquarius,13.34,22:51:38.09,-05:33:26.3,2.04′ × 0.6′,0.034,General,,,,0,0,Work in progress
ngc-NGC7394,NGC 7394,Open cluster,Lacerta,,22:50:07.68,+52:10:48.4,,,WideField,,,,0,0,Work in progress
ngc-NGC7395,NGC 7395,Galaxy,Lacerta,15.16,22:51:02.93,+37:05:16.1,1.15′ × 1.04′,0.01916667,General,,,,0,0,Work in progress
ngc-NGC7396,NGC 7396,Galaxy,Pisces,13.49,22:52:22.64,+01:05:32.6,1.77′ × 1.03′,0.0295,General,,,,0,0,Work in progress
ngc-NGC7397,NGC 7397,Galaxy,Pisces,15.04,22:52:46.70,+01:07:58.0,0.71′ × 0.47′,0.01183333,General,,,,0,0,Work in progress
ngc-NGC7398,NGC 7398,Galaxy,Pisces,14.64,22:52:49.27,+01:12:04.0,1.05′ × 0.7′,0.0175,General,,,,0,0,Work in progress
ngc-NGC7399,NGC 7399,Galaxy,Aquarius,14.5,22:52:39.26,-09:16:04.0,1.13′ × 0.73′,0.01883333,General,,,,0,0,Work in progress
ngc-NGC7400,NGC 7400,Galaxy,Grus,13.64,22:54:20.82,-45:20:49.3,2.42′ × 0.57′,0.04033333,General,,,,0,0,Work in progress
ngc-NGC7401,NGC 7401,Galaxy,Pisces,15.26,22:52:58.56,+01:08:33.6,0.75′ × 0.47′,0.0125,General,,,,0,0,Work in progress
ngc-NGC7402,NGC 7402,Galaxy,Pisces,16.05,22:53:04.48,+01:08:40.0,0.42′ × 0.29′,0.007,General,,,,0,0,Work in progress
ngc-NGC7403,NGC 7403,Star,Pisces,,22:53:06.40,+01:28:57.8,,,HighMagnification,,,,0,0,Work in progress
ngc-NGC7404,NGC 7404,Galaxy,Grus,12.74,22:54:18.61,-39:18:53.8,1.63′ × 0.93′,0.02716667,General,,,,0,0,Work in progress
ngc-NGC7405,NGC 7405,Galaxy,Pegasus,16.98,22:52:57.17,+12:35:37.0,0.33′ × 0.23′,0.0055,General,,,,0,0,Work in progress
ngc-NGC7406,NGC 7406,Galaxy,Aquarius,14.17,22:53:56.24,-06:34:45.3,0.92′ × 0.65′,0.01533333,General,,,,0,0,Work in progress
ngc-NGC7407,NGC 7407,Galaxy,Pegasus,14.11,22:53:20.88,+32:07:50.4,1.67′ × 0.79′,0.02783333,General,,,,0,0,Work in progress
ngc-NGC7408,NGC 7408,Galaxy,Tucana,15.41,22:55:56.86,-63:41:41.0,1.91′ × 0.7′,0.03183333,General,,,,0,0,Work in progress
ngc-NGC7409,NGC 7409,Galaxy,Pegasus,15.49,22:53:48.12,+20:12:37.4,0.58′ × 0.45′,0.00966667,General,,,,0,0,Work in progress
ngc-NGC7410,NGC 7410,Galaxy,Grus,11.19,22:55:00.95,-39:39:40.8,6.01′ × 1.77′,0.10016667,General,,,,0,0,Work in progress
ngc-NGC7411,NGC 7411,Galaxy,Pegasus,14.64,22:54:34.92,+20:14:10.2,1′ × 0.9′,0.01666667,General,,,,0,0,Work in progress
ngc-NGC7412,NGC 7412,Galaxy,Grus,11.33,22:55:45.75,-42:38:31.3,3.79′ × 2.79′,0.06316667,General,,,,0,0,Work in progress
ngc-NGC7413,NGC 7413,Galaxy,Pegasus,15.16,22:55:03.10,+13:13:13.7,1.14′ × 0.8′,0.019,General,,,,0,0,Work in progress
ngc-NGC7414,NGC 7414,Galaxy,Pegasus,16.77,22:55:24.42,+13:14:53.8,0.62′ × 0.28′,0.01033333,General,,,,0,0,Work in progress
ngc-NGC7415,NGC 7415,Galaxy,Pegasus,14.96,22:54:53.62,+20:15:41.6,0.82′ × 0.21′,0.01366667,General,,,,0,0,Work in progress
ngc-NGC7416,NGC 7416,Galaxy,Aquarius,12.33,22:55:41.70,-05:29:43.2,3.08′ × 0.6′,0.05133333,General,,,,0,0,Work in progress
ngc-NGC7417,NGC 7417,Galaxy,Tucana,12.31,22:57:49.51,-65:02:18.8,2.21′ × 1.45′,0.03683333,General,,,,0,0,Work in progress
ngc-NGC7418,NGC 7418,Galaxy,Grus,11.04,22:56:36.16,-37:01:48.3,3.66′ × 2.83′,0.061,General,,,,0,0,Work in progress
ngc-NGC7419,NGC 7419,Open cluster,Cepheus,13,22:54:20.06,+60:48:55.9,4.08′,0.068,WideField,,,,0,0,Work in progress
ngc-NGC7420,NGC 7420,Galaxy,Pegasus,14.94,22:55:32.05,+29:48:18.0,0.85′ × 0.77′,0.01416667,General,,,,0,0,Work in progress
ngc-NGC7421,NGC 7421,Galaxy,Grus,11.99,22:56:54.33,-37:20:50.1,2.38′ × 1.95′,0.03966667,General,,,,0,0,Work in progress
ngc-NGC7422,NGC 7422,Galaxy,Pisces,14.26,22:56:12.38,+03:55:36.4,0.83′ × 0.63′,0.01383333,General,,,,0,0,Work in progress
ngc-NGC7423,NGC 7423,Open cluster,Cepheus,,22:55:08.54,+57:05:48.9,3.6′,0.06,WideField,,,,0,0,Work in progress
ngc-NGC7424,NGC 7424,Galaxy,Grus,10.18,22:57:18.37,-41:04:14.1,5.01′ × 2.69′,0.0835,General,,,,0,0,Work in progress
ngc-NGC7425,NGC 7425,Galaxy,Aquarius,15.22,22:57:15.54,-10:57:00.0,0.97′ × 0.59′,0.01616667,General,,,,0,0,Work in progress
ngc-NGC7426,NGC 7426,Galaxy,Lacerta,13.51,22:56:02.86,+36:21:40.9,1.57′ × 1.22′,0.02616667,General,,,,0,0,Work in progress
ngc-NGC7427,NGC 7427,Galaxy,Pegasus,15.29,22:57:09.92,+08:30:20.1,0.58′ × 0.5′,0.00966667,General,,,,0,0,Work in progress
ngc-NGC7428,NGC 7428,Galaxy,Pisces,13.76,22:57:19.53,-01:02:56.4,0.91′ × 0.83′,0.01516667,General,,,,0,0,Work in progress
ngc-NGC7429,NGC 7429,Open cluster,Cepheus,,22:56:00.60,+59:58:25.9,4.5′,0.075,WideField,,,,0,0,Work in progress
ngc-NGC7430,NGC 7430,Galaxy,Pegasus,15.08,22:57:29.72,+08:47:39.5,0.6′ × 0.27′,0.01,General,,,,0,0,Work in progress
ngc-NGC7431,NGC 7431,Galaxy,Pegasus,15.45,22:57:38.69,+26:09:51.5,0.26′ × 0.2′,0.00433333,General,,,,0,0,Work in progress
ngc-NGC7432,NGC 7432,Galaxy,Pegasus,14.81,22:58:01.94,+13:08:04.2,1.57′ × 0.92′,0.02616667,General,,,,0,0,Work in progress
ngc-NGC7433,NGC 7433,Galaxy,Pegasus,15.55,22:57:51.71,+26:09:43.8,0.78′ × 0.3′,0.013,General,,,,0,0,Work in progress
ngc-NGC7434,NGC 7434,Galaxy,Pisces,15.19,22:58:21.45,-01:11:02.2,0.61′ × 0.3′,0.01016667,General,,,,0,0,Work in progress
ngc-NGC7435,NGC 7435,Galaxy,Pegasus,15.43,22:57:54.47,+26:08:19.9,1.31′ × 0.42′,0.02183333,General,,,,0,0,Work in progress
ngc-NGC7436,NGC 7436,Galaxy pair,Pegasus,,22:57:56.90,+26:09:00.0,1.2′,0.02,General,,,,0,0,Work in progress
ngc-NGC7437,NGC 7437,Galaxy,Pegasus,13.95,22:58:10.06,+14:18:30.6,1.71′ × 1.64′,0.0285,General,,,,0,0,Work in progress
ngc-NGC7438,NGC 7438,Open cluster,Cassiopeia,,22:57:20.37,+54:18:33.5,5.7′,0.095,WideField,,,,0,0,Work in progress
ngc-NGC7439,NGC 7439,Galaxy,Pegasus,15.08,22:58:09.96,+29:13:42.3,1.03′ × 0.56′,0.01716667,General,,,,0,0,Work in progress
ngc-NGC7440,NGC 7440,Galaxy,Andromeda,13.51,22:58:32.54,+35:48:08.7,1.16′ × 0.93′,0.01933333,General,,,,0,0,Work in progress
ngc-NGC7441,NGC 7441,Galaxy,Aquarius,14.31,22:56:41.38,-07:22:44.6,1.29′ × 0.77′,0.0215,General,,,,0,0,Work in progress
ngc-NGC7442,NGC 7442,Galaxy,Pegasus,14.15,22:59:26.55,+15:32:54.2,1.01′ × 0.95′,0.01683333,General,,,,0,0,Work in progress
ngc-NGC7443,NGC 7443,Galaxy,Aquarius,12.91,23:00:08.85,-12:48:28.4,1.73′ × 0.69′,0.02883333,General,,,,0,0,Work in progress
ngc-NGC7444,NGC 7444,Galaxy,Aquarius,12.82,23:00:08.96,-12:50:03.4,1.45′ × 0.58′,0.02416667,General,,,,0,0,Work in progress
ngc-NGC7445,NGC 7445,Galaxy,Andromeda,15.58,22:59:22.44,+39:06:27.1,0.67′ × 0.17′,0.01116667,General,,,,0,0,Work in progress
ngc-NGC7446,NGC 7446,Galaxy,Andromeda,15.44,22:59:29.00,+39:04:58.4,1.26′ × 1.14′,0.021,General,,,,0,0,Work in progress
ngc-NGC7447,NGC 7447,Unclassified object,Aquarius,,23:00:26.08,-10:31:40.8,,,General,,,,0,0,Work in progress
ngc-NGC7448,NGC 7448,Galaxy,Pegasus,11.69,23:00:03.59,+15:58:49.2,2.07′ × 0.81′,0.0345,General,,,,0,0,Work in progress
ngc-NGC7449,NGC 7449,Galaxy,Andromeda,15.35,22:59:37.64,+39:08:45.1,1.02′ × 0.8′,0.017,General,,,,0,0,Work in progress
ngc-NGC7450,NGC 7450,Galaxy,Aquarius,14.33,23:00:47.82,-12:55:06.7,1.54′ × 1.46′,0.02566667,General,,,,0,0,Work in progress
ngc-NGC7451,NGC 7451,Galaxy,Pegasus,14.94,23:00:40.86,+08:28:04.5,1.11′ × 0.54′,0.0185,General,,,,0,0,Work in progress
ngc-NGC7452,NGC 7452,Galaxy,Pisces,16.52,23:00:47.50,+06:44:43.9,0.51′ × 0.37′,0.0085,General,,,,0,0,Work in progress
ngc-NGC7453,NGC 7453,Unclassified object,Aquarius,,23:01:25.41,-06:21:23.4,,,General,,,,0,0,Work in progress
ngc-NGC7454,NGC 7454,Galaxy,Pegasus,11.86,23:01:06.51,+16:23:18.1,1.54′ × 0.75′,0.02566667,General,,,,0,0,Work in progress
ngc-NGC7455,NGC 7455,Galaxy,Pisces,15.26,23:00:40.97,+07:18:11.0,0.7′ × 0.4′,0.01166667,General,,,,0,0,Work in progress
ngc-NGC7456,NGC 7456,Galaxy,Grus,11.88,23:02:10.42,-39:34:09.8,5.15′ × 1.76′,0.08583333,General,,,,0,0,Work in progress
ngc-NGC7457,NGC 7457,Galaxy,Pegasus,10.98,23:00:59.93,+30:08:41.8,3.95′ × 2.25′,0.06583333,General,,,,0,0,Work in progress
ngc-NGC7458,NGC 7458,Galaxy,Pisces,12.54,23:01:28.64,+01:45:12.2,1.03′ × 0.82′,0.01716667,General,,,,0,0,Work in progress
ngc-NGC7459,NGC 7459,Galaxy pair,Pisces,,23:00:59.90,+06:45:00.0,1′,0.01666667,General,,,,0,0,Work in progress
ngc-NGC7460,NGC 7460,Galaxy,Pisces,12.99,23:01:42.91,+02:15:49.0,1.14′ × 0.81′,0.019,General,,,,0,0,Work in progress
ngc-NGC7461,NGC 7461,Galaxy,Pegasus,14.48,23:01:48.33,+15:34:56.9,0.94′ × 0.83′,0.01566667,General,,,,0,0,Work in progress
ngc-NGC7462,NGC 7462,Galaxy,Grus,12.2,23:02:46.49,-40:50:06.9,4.99′ × 0.84′,0.08316667,General,,,,0,0,Work in progress
ngc-NGC7463,NGC 7463,Galaxy,Pegasus,13.19,23:01:51.98,+15:58:54.7,1.58′ × 0.44′,0.02633333,General,,,,0,0,Work in progress
ngc-NGC7464,NGC 7464,Galaxy,Pegasus,14.43,23:01:53.70,+15:58:25.5,0.52′ × 0.49′,0.00866667,General,,,,0,0,Work in progress
ngc-NGC7465,NGC 7465,Galaxy,Pegasus,13.27,23:02:00.97,+15:57:53.2,1.06′ × 0.64′,0.01766667,General,,,,0,0,Work in progress
ngc-NGC7466,NGC 7466,Galaxy,Pegasus,14.42,23:02:03.43,+27:03:09.5,1.54′ × 0.59′,0.02566667,General,,,,0,0,Work in progress
ngc-NGC7467,NGC 7467,Galaxy,Pegasus,15.38,23:02:27.48,+15:33:14.7,0.81′ × 0.58′,0.0135,General,,,,0,0,Work in progress
ngc-NGC7468,NGC 7468,Galaxy,Pegasus,13.61,23:02:59.26,+16:36:18.9,0.82′ × 0.67′,0.01366667,General,,,,0,0,Work in progress
ngc-NGC7469,NGC 7469,Galaxy,Pegasus,12.59,23:03:15.62,+08:52:26.4,1.38′ × 1.21′,0.023,General,,,,0,0,Work in progress
ngc-NGC7470,NGC 7470,Galaxy,Grus,13.73,23:05:14.06,-50:06:41.7,1.55′ × 1.02′,0.02583333,General,,,,0,0,Work in progress
ngc-NGC7471,NGC 7471,Unclassified object,Aquarius,,23:03:53.82,-22:54:24.9,,,General,,,,0,0,Work in progress
ngc-NGC7472,NGC 7472,Galaxy,Pisces,14.55,23:05:38.61,+03:03:33.3,0.75′ × 0.49′,0.0125,General,,,,0,0,Work in progress
ngc-NGC7473,NGC 7473,Galaxy,Pegasus,14.74,23:03:57.09,+30:09:36.5,1.09′ × 0.49′,0.01816667,General,,,,0,0,Work in progress
ngc-NGC7474,NGC 7474,Galaxy,Pegasus,15.01,23:04:04.43,+20:04:01.9,0.79′ × 0.62′,0.01316667,General,,,,0,0,Work in progress
ngc-NGC7475,NGC 7475,Galaxy pair,Pegasus,,23:04:10.90,+20:04:52.1,1.3′,0.02166667,General,,,,0,0,Work in progress
ngc-NGC7476,NGC 7476,Galaxy,Grus,13.58,23:05:11.87,-43:05:57.7,1.33′ × 1.06′,0.02216667,General,,,,0,0,Work in progress
ngc-NGC7477,NGC 7477,Galaxy,Pisces,16.92,23:04:40.66,+03:07:04.8,0.38′ × 0.17′,0.00633333,General,,,,0,0,Work in progress
ngc-NGC7478,NGC 7478,Galaxy,Pisces,16.4,23:04:56.61,+02:34:40.0,0.43′ × 0.38′,0.00716667,General,,,,0,0,Work in progress
ngc-NGC7480,NGC 7480,Galaxy,Pisces,14.81,23:05:13.62,+02:32:57.9,1.32′ × 0.27′,0.022,General,,,,0,0,Work in progress
ngc-NGC7481,NGC 7481,Unclassified object,Aquarius,,23:05:51.62,-19:56:22.8,,,General,,,,0,0,Work in progress
ngc-NGC7483,NGC 7483,Galaxy,Pisces,14.22,23:05:48.29,+03:32:42.4,1.43′ × 0.83′,0.02383333,General,,,,0,0,Work in progress
ngc-NGC7484,NGC 7484,Galaxy,Sculptor,12.98,23:07:04.91,-36:16:31.3,1.09′ × 1′,0.01816667,General,,,,0,0,Work in progress
ngc-NGC7485,NGC 7485,Galaxy,Pegasus,14.15,23:06:04.86,+34:06:27.7,1.51′ × 0.76′,0.02516667,General,,,,0,0,Work in progress
ngc-NGC7486,NGC 7486,Unclassified object,Pegasus,,23:06:12.98,+34:06:05.4,,,General,,,,0,0,Work in progress
ngc-NGC7488,NGC 7488,Galaxy,Pisces,14.64,23:07:48.95,+00:56:25.9,0.62′ × 0.41′,0.01033333,General,,,,0,0,Work in progress
ngc-NGC7489,NGC 7489,Galaxy,Pegasus,14.23,23:07:32.71,+22:59:52.8,1.22′ × 0.65′,0.02033333,General,,,,0,0,Work in progress
ngc-NGC7490,NGC 7490,Galaxy,Pegasus,12.69,23:07:25.17,+32:22:30.2,1.81′ × 1.76′,0.03016667,General,,,,0,0,Work in progress
ngc-NGC7491,NGC 7491,Galaxy,Aquarius,14.51,23:08:05.98,-05:58:00.0,0.84′ × 0.58′,0.014,General,,,,0,0,Work in progress
ngc-NGC7492,NGC 7492,Globular cluster,Aquarius,10.48,23:08:26.68,-15:36:41.3,3′,0.05,General,,,,0,0,Work in progress
ngc-NGC7493,NGC 7493,Star,Pisces,,23:08:31.63,+00:54:36.0,,,HighMagnification,,,,0,0,Work in progress
ngc-NGC7494,NGC 7494,Galaxy,Aquarius,15.21,23:08:58.58,-24:22:10.5,0.87′ × 0.65′,0.0145,General,,,,0,0,Work in progress
ngc-NGC7495,NGC 7495,Galaxy,Pegasus,13.12,23:08:57.18,+12:02:52.9,1.61′ × 1.44′,0.02683333,General,,,,0,0,Work in progress
ngc-NGC7496,NGC 7496,Galaxy,Grus,12.73,23:09:47.29,-43:25:40.6,3.4′ × 2.17′,0.05666667,General,,,,0,0,Work in progress
ngc-NGC7497,NGC 7497,Galaxy,Pegasus,12.28,23:09:03.41,+18:10:37.9,2.75′ × 0.97′,0.04583333,General,,,,0,0,Work in progress
ngc-NGC7498,NGC 7498,Galaxy,Aquarius,14.98,23:09:56.20,-24:25:30.2,0.95′ × 0.44′,0.01583333,General,,,,0,0,Work in progress
ngc-NGC7499,NGC 7499,Galaxy,Pisces,12.98,23:10:22.39,+07:34:50.4,1.55′ × 0.86′,0.02583333,General,,,,0,0,Work in progress
ngc-NGC7500,NGC 7500,Galaxy,Pegasus,14.94,23:10:29.81,+11:00:44.3,1.51′ × 1.03′,0.02516667,General,,,,0,0,Work in progress
ngc-NGC7501,NGC 7501,Galaxy,Pisces,13.47,23:10:30.42,+07:35:20.5,1.02′ × 0.9′,0.017,General,,,,0,0,Work in progress
ngc-NGC7502,NGC 7502,Unclassified object,Aquarius,,23:10:19.79,-21:44:15.3,,,General,,,,0,0,Work in progress
ngc-NGC7503,NGC 7503,Galaxy,Pisces,13.49,23:10:42.28,+07:34:03.7,0.95′ × 0.84′,0.01583333,General,,,,0,0,Work in progress
ngc-NGC7504,NGC 7504,Star,Pegasus,,23:10:41.17,+14:23:10.7,,,HighMagnification,,,,0,0,Work in progress
ngc-NGC7505,NGC 7505,Galaxy,Pegasus,15.36,23:11:00.65,+13:37:53.6,1′ × 0.39′,0.01666667,General,,,,0,0,Work in progress
ngc-NGC7506,NGC 7506,Galaxy,Pisces,14.23,23:11:40.98,-02:09:36.1,1.25′ × 0.61′,0.02083333,General,,,,0,0,Work in progress
ngc-NGC7507,NGC 7507,Galaxy,Sculptor,10.04,23:12:07.59,-28:32:22.6,3.33′ × 3.2′,0.0555,General,,,,0,0,Work in progress
ngc-NGC7508,NGC 7508,Galaxy,Pegasus,15.66,23:11:49.19,+12:56:25.5,0.81′ × 0.26′,0.0135,General,,,,0,0,Work in progress
ngc-NGC7509,NGC 7509,Galaxy,Pegasus,16.47,23:12:21.41,+14:36:33.7,1.32′ × 1.22′,0.022,General,,,,0,0,Work in progress
ngc-NGC7510,NGC 7510,Open cluster,Cepheus,7.9,23:11:03.78,+60:34:15.2,3.9′,0.065,WideField,,,,0,0,Work in progress
ngc-NGC7511,NGC 7511,Galaxy,Pegasus,15.04,23:12:26.29,+13:43:35.7,1.01′ × 0.51′,0.01683333,General,,,,0,0,Work in progress
ngc-NGC7512,NGC 7512,Galaxy,Pegasus,14.04,23:12:20.93,+31:07:32.2,1.9′ × 1.12′,0.03166667,General,,,,0,0,Work in progress
ngc-NGC7513,NGC 7513,Galaxy,Sculptor,11.8,23:13:14.03,-28:21:27.0,3.19′ × 1.92′,0.05316667,General,,,,0,0,Work in progress
ngc-NGC7514,NGC 7514,Galaxy,Pegasus,13.15,23:12:25.86,+34:52:53.4,1.3′ × 0.89′,0.02166667,General,,,,0,0,Work in progress
ngc-NGC7515,NGC 7515,Galaxy,Pegasus,12.48,23:12:48.67,+12:40:45.4,1.65′ × 1.43′,0.0275,General,,,,0,0,Work in progress
ngc-NGC7516,NGC 7516,Galaxy,Pegasus,14.53,23:12:51.86,+20:14:54.3,1.26′ × 0.91′,0.021,General,,,,0,0,Work in progress
ngc-NGC7517,NGC 7517,Galaxy,Pisces,15.42,23:13:13.83,-02:06:01.5,0.57′ × 0.35′,0.0095,General,,,,0,0,Work in progress
ngc-NGC7518,NGC 7518,Galaxy,Pisces,13.49,23:13:12.73,+06:19:18.0,1.26′ × 0.75′,0.021,General,,,,0,0,Work in progress
ngc-NGC7519,NGC 7519,Galaxy,Pegasus,15.14,23:13:11.24,+10:46:19.8,1.11′ × 0.83′,0.0185,General,,,,0,0,Work in progress
ngc-NGC7520,NGC 7520,Unclassified object,Aquarius,,23:13:44.88,-23:47:39.1,,,General,,,,0,0,Work in progress
ngc-NGC7521,NGC 7521,Galaxy,Pisces,14.9,23:13:35.35,-01:43:53.4,0.52′ × 0.4′,0.00866667,General,,,,0,0,Work in progress
ngc-NGC7522,NGC 7522,Star,Aquarius,,23:15:36.40,-22:53:41.5,,,HighMagnification,,,,0,0,Work in progress
ngc-NGC7523,NGC 7523,Galaxy,Pegasus,15.62,23:13:34.72,+13:59:12.5,1.32′ × 0.29′,0.022,General,,,,0,0,Work in progress
ngc-NGC7524,NGC 7524,Galaxy,Pisces,15.64,23:13:46.55,-01:43:48.3,0.81′ × 0.25′,0.0135,General,,,,0,0,Work in progress
ngc-NGC7525,NGC 7525,Galaxy pair,Pegasus,,23:13:40.36,+14:01:22.7,0.9′,0.015,General,,,,0,0,Work in progress
ngc-NGC7526,NGC 7526,Unclassified object,Aquarius,,23:14:02.33,-09:13:17.9,,,General,,,,0,0,Work in progress
ngc-NGC7527,NGC 7527,Galaxy,Pegasus,14.79,23:13:41.77,+24:54:08.2,1.2′ × 0.79′,0.02,General,,,,0,0,Work in progress
ngc-NGC7528,NGC 7528,Galaxy,Pegasus,15.98,23:14:20.26,+10:13:53.2,0.65′ × 0.48′,0.01083333,General,,,,0,0,Work in progress
ngc-NGC7529,NGC 7529,Galaxy,Pegasus,14.14,23:14:03.19,+08:59:33.0,0.8′ × 0.73′,0.01333333,General,,,,0,0,Work in progress
ngc-NGC7530,NGC 7530,Galaxy,Pisces,14.99,23:14:11.83,-02:46:45.6,0.95′ × 0.38′,0.01583333,General,,,,0,0,Work in progress
ngc-NGC7531,NGC 7531,Galaxy,Grus,11.25,23:14:48.50,-43:35:59.8,4.11′ × 1.72′,0.0685,General,,,,0,0,Work in progress
ngc-NGC7532,NGC 7532,Galaxy,Pisces,14.8,23:14:22.23,-02:43:41.5,1.32′ × 0.42′,0.022,General,,,,0,0,Work in progress
ngc-NGC7533,NGC 7533,Galaxy,Pisces,15.67,23:14:22.08,-02:02:01.4,0.66′ × 0.22′,0.011,General,,,,0,0,Work in progress
ngc-NGC7534,NGC 7534,Galaxy,Pisces,14.22,23:14:26.68,-02:41:53.7,0.99′ × 0.52′,0.0165,General,,,,0,0,Work in progress
ngc-NGC7535,NGC 7535,Galaxy,Pegasus,13.7,23:14:12.77,+13:34:54.8,1.46′ × 1.44′,0.02433333,General,,,,0,0,Work in progress
ngc-NGC7536,NGC 7536,Galaxy,Pegasus,13.45,23:14:13.18,+13:25:35.0,1.59′ × 0.7′,0.0265,General,,,,0,0,Work in progress
ngc-NGC7537,NGC 7537,Galaxy,Pisces,13.2,23:14:34.50,+04:29:54.1,1.84′ × 0.48′,0.03066667,General,,,,0,0,Work in progress
ngc-NGC7538,NGC 7538,Nebula with cluster,Cepheus,,23:13:38.63,+61:30:44.6,8′ × 7′,0.13333333,General,,,,0,0,Work in progress
ngc-NGC7539,NGC 7539,Galaxy,Pegasus,12.95,23:14:29.44,+23:41:05.4,1.16′ × 0.95′,0.01933333,General,,,,0,0,Work in progress
ngc-NGC7540,NGC 7540,Galaxy,Pegasus,15.67,23:14:36.07,+15:57:01.1,0.66′ × 0.48′,0.011,General,,,,0,0,Work in progress
ngc-NGC7541,NGC 7541,Galaxy,Pisces,11.76,23:14:43.89,+04:32:03.7,3.03′ × 1′,0.0505,General,,,,0,0,Work in progress
ngc-NGC7542,NGC 7542,Galaxy,Pegasus,15.62,23:14:41.63,+10:38:35.7,0.95′ × 0.65′,0.01583333,General,,,,0,0,Work in progress
ngc-NGC7543,NGC 7543,Galaxy,Pegasus,14.25,23:14:34.58,+28:19:38.0,1.39′ × 0.95′,0.02316667,General,,,,0,0,Work in progress
ngc-NGC7544,NGC 7544,Galaxy,Pisces,15.93,23:14:56.98,-02:11:57.6,0.75′ × 0.27′,0.0125,General,,,,0,0,Work in progress
ngc-NGC7545,NGC 7545,Galaxy,Grus,13.83,23:15:32.10,-38:32:08.1,1.28′ × 0.78′,0.02133333,General,,,,0,0,Work in progress
ngc-NGC7546,NGC 7546,Galaxy,Pisces,14.93,23:15:05.64,-02:19:29.1,0.66′ × 0.53′,0.011,General,,,,0,0,Work in progress
ngc-NGC7547,NGC 7547,Galaxy,Pegasus,14.72,23:15:03.40,+18:58:24.4,1.06′ × 0.44′,0.01766667,General,,,,0,0,Work in progress
ngc-NGC7548,NGC 7548,Galaxy,Pegasus,14.44,23:15:11.11,+25:16:55.0,1.06′ × 0.88′,0.01766667,General,,,,0,0,Work in progress
ngc-NGC7549,NGC 7549,Galaxy,Pegasus,14.08,23:15:17.23,+19:02:30.1,1.85′ × 0.75′,0.03083333,General,,,,0,0,Work in progress
ngc-NGC7550,NGC 7550,Galaxy,Pegasus,13.17,23:15:16.01,+18:57:42.5,1.45′ × 1.41′,0.02416667,General,,,,0,0,Work in progress
ngc-NGC7551,NGC 7551,Galaxy,Pegasus,15.7,23:15:22.03,+15:56:27.6,0.62′ × 0.47′,0.01033333,General,,,,0,0,Work in progress
ngc-NGC7552,NGC 7552,Galaxy,Grus,11.45,23:16:10.76,-42:35:05.1,3.88′ × 3.58′,0.06466667,General,,,,0,0,Work in progress
ngc-NGC7553,NGC 7553,Galaxy,Pegasus,15.67,23:15:33.09,+19:02:53.4,0.69′ × 0.52′,0.0115,General,,,,0,0,Work in progress
ngc-NGC7554,NGC 7554,Galaxy,Pisces,15.89,23:15:41.34,-02:22:43.0,0.98′ × 0.73′,0.01633333,General,,,,0,0,Work in progress
ngc-NGC7555,NGC 7555,Unclassified object,Pegasus,,23:15:30.85,+12:34:22.3,,,General,,,,0,0,Work in progress
ngc-NGC7556,NGC 7556,Galaxy,Pisces,15.98,23:15:44.47,-02:22:53.4,2.15′ × 1.34′,0.03583333,General,,,,0,0,Work in progress
ngc-NGC7557,NGC 7557,Galaxy,Pisces,14.17,23:15:39.77,+06:42:30.0,0.68′ × 0.62′,0.01133333,General,,,,0,0,Work in progress
ngc-NGC7558,NGC 7558,Galaxy,Pegasus,15.88,23:15:38.23,+18:55:10.9,0.89′ × 0.71′,0.01483333,General,,,,0,0,Work in progress
ngc-NGC7559,NGC 7559,Galaxy pair,Pegasus,,23:15:46.30,+13:17:38.0,1.5′,0.025,General,,,,0,0,Work in progress
ngc-NGC7560,NGC 7560,Optical double,Pisces,,23:15:53.76,+04:29:45.1,,,HighMagnification,,,,0,0,Work in progress
ngc-NGC7561,NGC 7561,Star,Pisces,,23:15:57.42,+04:31:21.8,,,HighMagnification,,,,0,0,Work in progress
ngc-NGC7562,NGC 7562,Galaxy,Pisces,11.55,23:15:57.50,+06:41:15.1,2.18′ × 1.59′,0.03633333,General,,,,0,0,Work in progress
ngc-NGC7563,NGC 7563,Galaxy,Pegasus,12.83,23:15:55.93,+13:11:46.0,1.53′ × 0.92′,0.0255,General,,,,0,0,Work in progress
ngc-NGC7564,NGC 7564,Star,Pisces,,23:16:01.19,+07:20:53.0,,,HighMagnification,,,,0,0,Work in progress
ngc-NGC7565,NGC 7565,Unclassified object,Pisces,,23:16:19.81,-00:03:31.0,,,General,,,,0,0,Work in progress
ngc-NGC7566,NGC 7566,Galaxy,Pisces,14.37,23:16:37.43,-02:19:50.0,1.58′ × 0.65′,0.02633333,General,,,,0,0,Work in progress
ngc-NGC7567,NGC 7567,Galaxy,Pegasus,15.36,23:16:10.28,+15:51:00.1,0.91′ × 0.26′,0.01516667,General,,,,0,0,Work in progress
ngc-NGC7568,NGC 7568,Galaxy,Pegasus,14.46,23:16:24.87,+24:29:49.3,0.9′ × 0.6′,0.015,General,,,,0,0,Work in progress
ngc-NGC7569,NGC 7569,Galaxy,Pegasus,14.47,23:16:44.55,+08:54:19.6,0.96′ × 0.62′,0.016,General,,,,0,0,Work in progress
ngc-NGC7570,NGC 7570,Galaxy,Pegasus,13.21,23:16:44.67,+13:28:58.8,1.58′ × 0.8′,0.02633333,General,,,,0,0,Work in progress
ngc-NGC7571,NGC 7571,Galaxy,Pegasus,14.91,23:18:30.26,+18:41:19.5,1.2′ × 0.91′,0.02,General,,,,0,0,Work in progress
ngc-NGC7572,NGC 7572,Galaxy,Pegasus,14.02,23:16:50.37,+18:28:59.4,1.01′ × 0.5′,0.01683333,General,,,,0,0,Work in progress
ngc-NGC7573,NGC 7573,Galaxy,Aquarius,14.9,23:16:26.35,-22:09:15.8,1.24′ × 0.9′,0.02066667,General,,,,0,0,Work in progress
ngc-NGC7575,NGC 7575,Galaxy,Pisces,14.95,23:17:20.87,+05:39:38.8,0.77′ × 0.4′,0.01283333,General,,,,0,0,Work in progress
ngc-NGC7576,NGC 7576,Galaxy,Aquarius,12.95,23:17:22.74,-04:43:40.3,1′ × 0.69′,0.01666667,General,,,,0,0,Work in progress
ngc-NGC7577,NGC 7577,Galaxy,Pisces,,23:17:17.10,+07:21:55.5,0.38′ × 0.27′,0.00633333,General,,,,0,0,Work in progress
ngc-NGC7578,NGC 7578,Galaxy pair,Pegasus,,23:17:12.70,+18:42:16.0,2′,0.03333333,General,,,,0,0,Work in progress
ngc-NGC7579,NGC 7579,Galaxy,Pegasus,17.06,23:17:38.85,+09:25:59.9,0.45′ × 0.33′,0.0075,General,,,,0,0,Work in progress
ngc-NGC7580,NGC 7580,Galaxy,Pegasus,13.67,23:17:36.40,+14:00:04.3,0.79′ × 0.65′,0.01316667,General,,,,0,0,Work in progress
ngc-NGC7582,NGC 7582,Galaxy,Grus,11.03,23:18:23.50,-42:22:14.0,6.95′ × 3.18′,0.11583333,General,,,,0,0,Work in progress
ngc-NGC7583,NGC 7583,Galaxy,Pisces,14.45,23:17:52.77,+07:22:46.0,0.91′ × 0.91′,0.01516667,General,,,,0,0,Work in progress
ngc-NGC7584,NGC 7584,Galaxy,Pegasus,15.23,23:17:53.00,+09:26:00.0,0.85′ × 0.77′,0.01416667,General,,,,0,0,Work in progress
ngc-NGC7585,NGC 7585,Galaxy,Aquarius,11.52,23:18:01.34,-04:39:01.1,2.55′ × 1.92′,0.0425,General,,,,0,0,Work in progress
ngc-NGC7586,NGC 7586,Galaxy,Pegasus,17.23,23:17:55.60,+08:35:02.7,0.63′ × 0.54′,0.0105,General,,,,0,0,Work in progress
ngc-NGC7587,NGC 7587,Galaxy,Pegasus,12.06,23:17:59.13,+09:40:48.7,1.12′ × 0.27′,0.01866667,General,,,,0,0,Work in progress
ngc-NGC7588,NGC 7588,Galaxy,Pegasus,15,23:17:57.81,+18:45:07.8,0.46′ × 0.21′,0.00766667,General,,,,0,0,Work in progress
ngc-NGC7589,NGC 7589,Galaxy,Pisces,17.01,23:18:15.67,+00:15:40.2,0.96′ × 0.57′,0.016,General,,,,0,0,Work in progress
ngc-NGC7590,NGC 7590,Galaxy,Grus,12.34,23:18:54.81,-42:14:20.6,3.03′ × 1.23′,0.0505,General,,,,0,0,Work in progress
ngc-NGC7591,NGC 7591,Galaxy,Pisces,13.18,23:18:16.28,+06:35:08.9,1.61′ × 0.72′,0.02683333,General,,,,0,0,Work in progress
ngc-NGC7592,NGC 7592,Galaxy triplet,Aquarius,,23:18:22.20,-04:25:01.0,1.2′,0.02,General,,,,0,0,Work in progress
ngc-NGC7593,NGC 7593,Galaxy,Pegasus,13.48,23:17:56.99,+11:20:57.0,1.04′ × 0.6′,0.01733333,General,,,,0,0,Work in progress
ngc-NGC7594,NGC 7594,Galaxy,Pegasus,13.76,23:18:13.92,+10:17:53.9,1.29′ × 0.72′,0.0215,General,,,,0,0,Work in progress
ngc-NGC7595,NGC 7595,Galaxy,Pegasus,,23:18:30.23,+09:55:56.7,0.7′ × 0.6′,0.01166667,General,,,,0,0,Work in progress
ngc-NGC7596,NGC 7596,Galaxy,Aquarius,15.12,23:17:12.00,-06:54:43.2,0.93′ × 0.45′,0.0155,General,,,,0,0,Work in progress
ngc-NGC7598,NGC 7598,Galaxy,Pegasus,15.74,23:18:33.27,+18:44:57.7,0.3′ × 0.3′,0.005,General,,,,0,0,Work in progress
ngc-NGC7599,NGC 7599,Galaxy,Grus,11.35,23:19:21.14,-42:15:24.6,4.81′ × 1.58′,0.08016667,General,,,,0,0,Work in progress
ngc-NGC7600,NGC 7600,Galaxy,Aquarius,11.95,23:18:53.86,-07:34:49.6,2.09′ × 0.99′,0.03483333,General,,,,0,0,Work in progress
ngc-NGC7601,NGC 7601,Galaxy,Pegasus,13.98,23:18:47.05,+09:14:01.0,1.01′ × 0.75′,0.01683333,General,,,,0,0,Work in progress
ngc-NGC7602,NGC 7602,Galaxy,Pegasus,15.47,23:18:43.53,+18:41:54.1,0.62′ × 0.49′,0.01033333,General,,,,0,0,Work in progress
ngc-NGC7603,NGC 7603,Galaxy,Pisces,14.01,23:18:56.62,+00:14:38.2,1.2′ × 0.63′,0.02,General,,,,0,0,Work in progress
ngc-NGC7604,NGC 7604,Galaxy,Pisces,15.23,23:17:51.90,+07:25:47.6,0.42′ × 0.26′,0.007,General,,,,0,0,Work in progress
ngc-NGC7606,NGC 7606,Galaxy,Aquarius,11,23:19:04.78,-08:29:06.3,5.26′ × 4.47′,0.08766667,General,,,,0,0,Work in progress
ngc-NGC7607,NGC 7607,Optical double,Pegasus,,23:18:59.24,+11:20:30.2,,,HighMagnification,,,,0,0,Work in progress
ngc-NGC7608,NGC 7608,Galaxy,Pegasus,14.18,23:19:15.33,+08:21:00.5,1.43′ × 0.39′,0.02383333,General,,,,0,0,Work in progress
ngc-NGC7609,NGC 7609,Galaxy pair,Pegasus,,23:19:30.50,+09:30:19.0,1.1′,0.01833333,General,,,,0,0,Work in progress
ngc-NGC7610,NGC 7610,Galaxy,Pegasus,13.06,23:19:41.37,+10:11:06.0,2.17′ × 0.9′,0.03616667,General,,,,0,0,Work in progress
ngc-NGC7611,NGC 7611,Galaxy,Pisces,12.56,23:19:36.60,+08:03:47.7,1.7′ × 0.79′,0.02833333,General,,,,0,0,Work in progress
ngc-NGC7612,NGC 7612,Galaxy,Pegasus,12.79,23:19:44.20,+08:34:35.0,1.63′ × 0.72′,0.02716667,General,,,,0,0,Work in progress
ngc-NGC7613,NGC 7613,Unclassified object,Pisces,,23:19:51.76,+00:11:55.9,,,General,,,,0,0,Work in progress
ngc-NGC7614,NGC 7614,Unclassified object,Pisces,,23:19:51.76,+00:11:55.9,,,General,,,,0,0,Work in progress
ngc-NGC7615,NGC 7615,Galaxy,Pegasus,14.32,23:19:54.44,+08:23:57.9,0.83′ × 0.29′,0.01383333,General,,,,0,0,Work in progress
ngc-NGC7617,NGC 7617,Galaxy,Pisces,13.88,23:20:08.97,+08:09:56.8,0.94′ × 0.63′,0.01566667,General,,,,0,0,Work in progress
ngc-NGC7618,NGC 7618,Galaxy,Andromeda,14.26,23:19:47.22,+42:51:09.5,1.23′ × 0.99′,0.0205,General,,,,0,0,Work in progress
ngc-NGC7619,NGC 7619,Galaxy,Pegasus,11.06,23:20:14.53,+08:12:22.5,2.53′ × 1.97′,0.04216667,General,,,,0,0,Work in progress
ngc-NGC7620,NGC 7620,Galaxy,Pegasus,13.38,23:20:05.68,+24:13:16.1,0.94′ × 0.91′,0.01566667,General,,,,0,0,Work in progress
ngc-NGC7621,NGC 7621,Galaxy,Pegasus,15.56,23:20:24.62,+08:21:58.7,0.68′ × 0.18′,0.01133333,General,,,,0,0,Work in progress
ngc-NGC7622,NGC 7622,Galaxy,Tucana,14.47,23:21:38.53,-62:07:03.9,1.35′ × 0.43′,0.0225,General,,,,0,0,Work in progress
ngc-NGC7623,NGC 7623,Galaxy,Pegasus,12.82,23:20:30.02,+08:23:44.9,1.34′ × 0.95′,0.02233333,General,,,,0,0,Work in progress
ngc-NGC7624,NGC 7624,Galaxy,Pegasus,13.11,23:20:22.61,+27:18:56.5,1.3′ × 0.88′,0.02166667,General,,,,0,0,Work in progress
ngc-NGC7625,NGC 7625,Galaxy,Pegasus,12.2,23:20:30.13,+17:13:32.0,1.48′ × 1.43′,0.02466667,General,,,,0,0,Work in progress
ngc-NGC7626,NGC 7626,Galaxy,Pegasus,11.12,23:20:42.55,+08:13:01.1,2.5′ × 2.1′,0.04166667,General,,,,0,0,Work in progress
ngc-NGC7627,NGC 7627,Galaxy,Pegasus,15.12,23:22:30.93,+11:53:33.2,1.47′ × 0.46′,0.0245,General,,,,0,0,Work in progress
ngc-NGC7628,NGC 7628,Galaxy,Pegasus,13.76,23:20:54.88,+25:53:54.8,1.36′ × 1.09′,0.02266667,General,,,,0,0,Work in progress
ngc-NGC7629,NGC 7629,Galaxy,Pisces,14.89,23:21:19.37,+01:24:11.3,0.94′ × 0.61′,0.01566667,General,,,,0,0,Work in progress
ngc-NGC7630,NGC 7630,Galaxy,Pegasus,15.46,23:21:16.31,+11:23:50.4,0.89′ × 0.33′,0.01483333,General,,,,0,0,Work in progress
ngc-NGC7631,NGC 7631,Galaxy,Pegasus,13.08,23:21:26.67,+08:13:03.5,1.86′ × 0.83′,0.031,General,,,,0,0,Work in progress
ngc-NGC7632,NGC 7632,Galaxy,Grus,12.15,23:22:00.90,-42:28:49.8,2.56′ × 1.29′,0.04266667,General,,,,0,0,Work in progress
ngc-NGC7633,NGC 7633,Galaxy,Indus,12.67,23:23:03.30,-67:39:13.4,2.2′ × 1.34′,0.03666667,General,,,,0,0,Work in progress
ngc-NGC7634,NGC 7634,Galaxy,Pegasus,12.61,23:21:41.76,+08:53:12.9,1.21′ × 0.88′,0.02016667,General,,,,0,0,Work in progress
ngc-NGC7636,NGC 7636,Galaxy,Sculptor,14.87,23:22:32.96,-29:16:50.5,1.03′ × 0.42′,0.01716667,General,,,,0,0,Work in progress
ngc-NGC7637,NGC 7637,Galaxy,Octans,13.25,23:26:27.66,-81:54:41.7,2.08′ × 1.83′,0.03466667,General,,,,0,0,Work in progress
ngc-NGC7638,NGC 7638,Galaxy pair,Pegasus,15.5,23:22:33.12,+11:19:43.7,0.65′ × 0.46′,0.01083333,General,,,,0,0,Work in progress
ngc-NGC7639,NGC 7639,Galaxy,Pegasus,15.93,23:22:48.23,+11:22:22.3,0.74′ × 0.55′,0.01233333,General,,,,0,0,Work in progress
ngc-NGC7640,NGC 7640,Galaxy,Andromeda,11.01,23:22:06.58,+40:50:43.5,8.09′ × 1.67′,0.13483333,General,,,,0,0,Work in progress
ngc-NGC7642,NGC 7642,Galaxy,Pisces,14.68,23:22:53.40,+01:26:34.0,0.49′ × 0.45′,0.00816667,General,,,,0,0,Work in progress
ngc-NGC7643,NGC 7643,Galaxy,Pegasus,13.21,23:22:50.40,+11:59:19.8,1.47′ × 0.81′,0.0245,General,,,,0,0,Work in progress
ngc-NGC7645,NGC 7645,Galaxy,Sculptor,13.82,23:23:47.29,-29:23:16.9,1.58′ × 1.08′,0.02633333,General,,,,0,0,Work in progress
ngc-NGC7646,NGC 7646,Galaxy,Aquarius,14.01,23:24:06.96,-11:51:38.5,0.97′ × 0.54′,0.01616667,General,,,,0,0,Work in progress
ngc-NGC7647,NGC 7647,Galaxy,Pegasus,12.9,23:23:57.43,+16:46:38.2,1.81′ × 0.91′,0.03016667,General,,,,0,0,Work in progress
ngc-NGC7648,NGC 7648,Galaxy,Pegasus,12.95,23:23:54.02,+09:40:02.9,1.56′ × 0.98′,0.026,General,,,,0,0,Work in progress
ngc-NGC7649,NGC 7649,Galaxy,Pegasus,13.57,23:24:20.09,+14:38:49.7,1.63′ × 1.03′,0.02716667,General,,,,0,0,Work in progress
ngc-NGC7650,NGC 7650,Galaxy,Tucana,12.75,23:25:21.45,-57:47:28.9,1.44′ × 0.58′,0.024,General,,,,0,0,Work in progress
ngc-NGC7651,NGC 7651,Galaxy pair,Pegasus,,23:24:25.80,+13:58:12.0,1.1′,0.01833333,General,,,,0,0,Work in progress
ngc-NGC7652,NGC 7652,Galaxy,Tucana,14.52,23:25:37.43,-57:53:14.6,1.2′ × 0.77′,0.02,General,,,,0,0,Work in progress
ngc-NGC7653,NGC 7653,Galaxy,Pegasus,12.74,23:24:49.36,+15:16:32.1,1.62′ × 1.4′,0.027,General,,,,0,0,Work in progress
ngc-NGC7655,NGC 7655,Galaxy,Indus,14.21,23:26:45.94,-68:01:39.1,0.76′ × 0.66′,0.01266667,General,,,,0,0,Work in progress
ngc-NGC7656,NGC 7656,Galaxy,Aquarius,14.47,23:24:31.41,-19:03:32.6,0.97′ × 0.33′,0.01616667,General,,,,0,0,Work in progress
ngc-NGC7657,NGC 7657,Galaxy,Tucana,15.03,23:26:47.51,-57:48:20.7,1.46′ × 0.37′,0.02433333,General,,,,0,0,Work in progress
ngc-NGC7658,NGC 7658,Galaxy pair,Grus,,23:26:24.70,-39:13:18.5,1.5′,0.025,General,,,,0,0,Work in progress
ngc-NGC7659,NGC 7659,Galaxy,Pegasus,14.76,23:25:55.68,+14:12:35.4,0.99′ × 0.37′,0.0165,General,,,,0,0,Work in progress
ngc-NGC7660,NGC 7660,Galaxy,Pegasus,12.65,23:25:48.66,+27:01:47.6,1.94′ × 0.66′,0.03233333,General,,,,0,0,Work in progress
ngc-NGC7661,NGC 7661,Galaxy,Tucana,14.12,23:27:14.29,-65:16:13.5,1.84′ × 1.18′,0.03066667,General,,,,0,0,Work in progress
ngc-NGC7663,NGC 7663,Galaxy,Aquarius,17.4,23:26:45.22,-04:58:00.0,0.39′ × 0.27′,0.0065,General,,,,0,0,Work in progress
ngc-NGC7664,NGC 7664,Galaxy,Pegasus,12.7,23:26:39.76,+25:04:48.5,1.52′ × 0.95′,0.02533333,General,,,,0,0,Work in progress
ngc-NGC7665,NGC 7665,Galaxy,Aquarius,14.23,23:27:14.80,-09:23:13.2,0.76′ × 0.72′,0.01266667,General,,,,0,0,Work in progress
ngc-NGC7666,NGC 7666,Unclassified object,Aquarius,,23:27:24.51,-04:11:10.7,,,General,,,,0,0,Work in progress
ngc-NGC7667,NGC 7667,Galaxy,Pisces,14.58,23:24:23.10,-00:06:29.0,1.05′ × 0.35′,0.0175,General,,,,0,0,Work in progress
ngc-NGC7668,NGC 7668,Unclassified object,Pisces,,23:27:21.82,-00:11:28.7,,,General,,,,0,0,Work in progress
ngc-NGC7669,NGC 7669,Unclassified object,Pisces,,23:27:21.82,-00:11:28.7,,,General,,,,0,0,Work in progress
ngc-NGC7670,NGC 7670,Unclassified object,Pisces,,23:27:21.82,-00:11:28.7,,,General,,,,0,0,Work in progress
ngc-NGC7671,NGC 7671,Galaxy,Pegasus,12.79,23:27:19.34,+12:28:02.7,1.39′ × 0.74′,0.02316667,General,,,,0,0,Work in progress
ngc-NGC7672,NGC 7672,Galaxy,Pegasus,14.02,23:27:31.44,+12:23:06.7,0.85′ × 0.64′,0.01416667,General,,,,0,0,Work in progress
ngc-NGC7673,NGC 7673,Galaxy,Pegasus,12.79,23:27:41.02,+23:35:20.5,1.04′ × 0.43′,0.01733333,General,,,,0,0,Work in progress
ngc-NGC7674,NGC 7674,Galaxy,Pegasus,14.19,23:27:56.72,+08:46:44.5,1.12′ × 1.01′,0.01866667,General,,,,0,0,Work in progress
ngc-NGC7675,NGC 7675,Galaxy,Pegasus,14.68,23:28:05.92,+08:46:06.9,0.75′ × 0.48′,0.0125,General,,,,0,0,Work in progress
ngc-NGC7676,NGC 7676,Galaxy,Tucana,13.48,23:29:01.72,-59:43:00.0,2.07′ × 0.65′,0.0345,General,,,,0,0,Work in progress
ngc-NGC7677,NGC 7677,Galaxy,Pegasus,13.19,23:28:06.12,+23:31:53.0,1.13′ × 0.61′,0.01883333,General,,,,0,0,Work in progress
ngc-NGC7678,NGC 7678,Galaxy,Pegasus,12.14,23:28:27.90,+22:25:16.3,2′ × 1.47′,0.03333333,General,,,,0,0,Work in progress
ngc-NGC7679,NGC 7679,Galaxy,Pisces,13.16,23:28:46.70,+03:30:41.3,1.23′ × 0.78′,0.0205,General,,,,0,0,Work in progress
ngc-NGC7680,NGC 7680,Galaxy,Pegasus,12.54,23:28:35.10,+32:24:56.6,1.67′ × 1.67′,0.02783333,General,,,,0,0,Work in progress
ngc-NGC7681,NGC 7681,Galaxy,Pegasus,14.68,23:28:54.89,+17:18:34.7,1.44′ × 0.67′,0.024,General,,,,0,0,Work in progress
ngc-NGC7682,NGC 7682,Galaxy,Pisces,13.94,23:29:03.93,+03:32:00.0,1.15′ × 1.07′,0.01916667,General,,,,0,0,Work in progress
ngc-NGC7683,NGC 7683,Galaxy,Pegasus,12.55,23:29:03.82,+11:26:42.6,1.97′ × 0.94′,0.03283333,General,,,,0,0,Work in progress
ngc-NGC7684,NGC 7684,Galaxy,Pisces,14.35,23:30:32.04,+00:04:51.8,1.58′ × 0.46′,0.02633333,General,,,,0,0,Work in progress
ngc-NGC7685,NGC 7685,Galaxy,Pisces,13.16,23:30:33.50,+03:54:05.7,1.67′ × 1.21′,0.02783333,General,,,,0,0,Work in progress
ngc-NGC7686,NGC 7686,Open cluster,Andromeda,5.6,23:30:07.38,+49:08:02.8,3.6′,0.06,WideField,,,,0,0,Work in progress
ngc-NGC7687,NGC 7687,Galaxy,Pisces,14.94,23:30:54.45,+03:32:47.8,1.09′ × 0.94′,0.01816667,General,,,,0,0,Work in progress
ngc-NGC7688,NGC 7688,Galaxy,Pegasus,15.4,23:31:05.50,+21:24:41.5,0.94′ × 0.67′,0.01566667,General,,,,0,0,Work in progress
ngc-NGC7689,NGC 7689,Galaxy,Phoenix,10.84,23:33:16.73,-54:05:40.1,3.1′ × 1.97′,0.05166667,General,,,,0,0,Work in progress
ngc-NGC7690,NGC 7690,Galaxy,Phoenix,12.31,23:33:02.56,-51:41:54.1,2.16′ × 0.85′,0.036,General,,,,0,0,Work in progress
ngc-NGC7691,NGC 7691,Galaxy,Pegasus,12.85,23:32:24.42,+15:50:52.2,1.67′ × 1.35′,0.02783333,General,,,,0,0,Work in progress
ngc-NGC7692,NGC 7692,Galaxy,Aquarius,14.85,23:32:46.76,-05:35:48.8,0.5′ × 0.42′,0.00833333,General,,,,0,0,Work in progress
ngc-NGC7693,NGC 7693,Galaxy,Pisces,14.58,23:33:10.51,-01:17:30.7,0.82′ × 0.51′,0.01366667,General,,,,0,0,Work in progress
ngc-NGC7694,NGC 7694,Galaxy,Pisces,13.92,23:33:15.77,-02:42:10.4,1.37′ × 0.75′,0.02283333,General,,,,0,0,Work in progress
ngc-NGC7695,NGC 7695,Galaxy,Pisces,15.93,23:33:15.00,-02:43:12.7,0.56′ × 0.33′,0.00933333,General,,,,0,0,Work in progress
ngc-NGC7696,NGC 7696,Galaxy,Pisces,14.75,23:33:50.11,+04:52:14.9,0.76′ × 0.42′,0.01266667,General,,,,0,0,Work in progress
ngc-NGC7697,NGC 7697,Galaxy,Tucana,14.34,23:34:52.98,-65:23:45.7,1.68′ × 0.37′,0.028,General,,,,0,0,Work in progress
ngc-NGC7698,NGC 7698,Galaxy,Pegasus,14.61,23:34:01.58,+24:56:40.6,1.05′ × 0.84′,0.0175,General,,,,0,0,Work in progress
ngc-NGC7699,NGC 7699,Galaxy,Pisces,15.73,23:34:27.03,-02:53:58.0,0.69′ × 0.39′,0.0115,General,,,,0,0,Work in progress
ngc-NGC7700,NGC 7700,Galaxy,Pisces,14.98,23:34:30.29,-02:57:13.2,2.04′ × 0.38′,0.034,General,,,,0,0,Work in progress
ngc-NGC7701,NGC 7701,Galaxy,Pisces,14.36,23:34:31.50,-02:51:15.4,1.24′ × 0.83′,0.02066667,General,,,,0,0,Work in progress
ngc-NGC7702,NGC 7702,Galaxy,Phoenix,12.15,23:35:28.88,-56:00:44.2,2.15′ × 1.05′,0.03583333,General,,,,0,0,Work in progress
ngc-NGC7703,NGC 7703,Galaxy,Pegasus,14.69,23:34:46.87,+16:04:32.8,2.24′ × 0.42′,0.03733333,General,,,,0,0,Work in progress
ngc-NGC7704,NGC 7704,Galaxy,Pisces,14.96,23:35:01.03,+04:53:51.1,1.1′ × 0.84′,0.01833333,General,,,,0,0,Work in progress
ngc-NGC7705,NGC 7705,Galaxy,Pisces,15.51,23:35:02.52,+04:48:13.7,0.58′ × 0.42′,0.00966667,General,,,,0,0,Work in progress
ngc-NGC7706,NGC 7706,Galaxy,Pisces,14.54,23:35:10.45,+04:57:51.1,1.13′ × 0.89′,0.01883333,General,,,,0,0,Work in progress
ngc-NGC7707,NGC 7707,Galaxy,Andromeda,14.68,23:34:51.40,+44:18:14.6,1.35′ × 1.01′,0.0225,General,,,,0,0,Work in progress
ngc-NGC7708,NGC 7708,Open cluster,Cepheus,,23:35:01.46,+72:49:59.4,5.1′,0.085,WideField,,,,0,0,Work in progress
ngc-NGC7709,NGC 7709,Galaxy,Aquarius,13.6,23:35:27.47,-16:42:18.3,2.22′ × 0.37′,0.037,General,,,,0,0,Work in progress
ngc-NGC7710,NGC 7710,Galaxy,Pisces,14.78,23:35:46.14,-02:52:51.3,1.18′ × 0.52′,0.01966667,General,,,,0,0,Work in progress
ngc-NGC7711,NGC 7711,Galaxy,Pegasus,12.18,23:35:39.37,+15:18:07.1,2.43′ × 0.94′,0.0405,General,,,,0,0,Work in progress
ngc-NGC7712,NGC 7712,Galaxy,Pegasus,13.82,23:35:51.64,+23:37:07.5,0.9′ × 0.71′,0.015,General,,,,0,0,Work in progress
ngc-NGC7713,NGC 7713,Galaxy,Sculptor,11.18,23:36:14.99,-37:56:17.1,4.91′ × 2.13′,0.08183333,General,,,,0,0,Work in progress
ngc-NGC7714,NGC 7714,Galaxy,Pisces,13.61,23:36:14.10,+02:09:18.6,2.18′ × 1.58′,0.03633333,General,,,,0,0,Work in progress
ngc-NGC7715,NGC 7715,Galaxy,Pisces,14.21,23:36:22.14,+02:09:23.5,2.06′ × 0.39′,0.03433333,General,,,,0,0,Work in progress
ngc-NGC7716,NGC 7716,Galaxy,Pisces,12.25,23:36:31.45,+00:17:50.2,1.83′ × 1.27′,0.0305,General,,,,0,0,Work in progress
ngc-NGC7717,NGC 7717,Galaxy,Aquarius,13.83,23:37:43.67,-15:07:06.6,1.71′ × 1.33′,0.0285,General,,,,0,0,Work in progress
ngc-NGC7718,NGC 7718,Galaxy,Pegasus,15.15,23:38:05.01,+25:43:11.0,1.03′ × 0.75′,0.01716667,General,,,,0,0,Work in progress
ngc-NGC7719,NGC 7719,Galaxy,Aquarius,15.09,23:38:02.57,-22:58:27.9,0.9′ × 0.51′,0.015,General,,,,0,0,Work in progress
ngc-NGC7720,NGC 7720,Galaxy pair,Pegasus,,23:38:29.39,+27:01:53.2,1.2′,0.02,General,,,,0,0,Work in progress
ngc-NGC7721,NGC 7721,Galaxy,Aquarius,11.68,23:38:48.65,-06:31:04.3,3.08′ × 0.77′,0.05133333,General,,,,0,0,Work in progress
ngc-NGC7722,NGC 7722,Galaxy,Pegasus,13.46,23:38:41.20,+15:57:16.7,2.11′ × 1.6′,0.03516667,General,,,,0,0,Work in progress
ngc-NGC7723,NGC 7723,Galaxy,Aquarius,11.21,23:38:57.08,-12:57:39.9,3.29′ × 2.32′,0.05483333,General,,,,0,0,Work in progress
ngc-NGC7724,NGC 7724,Galaxy,Aquarius,13.79,23:39:07.16,-12:13:26.6,1.47′ × 1′,0.0245,General,,,,0,0,Work in progress
ngc-NGC7725,NGC 7725,Galaxy,Aquarius,14.76,23:39:14.78,-04:32:21.8,0.86′ × 0.74′,0.01433333,General,,,,0,0,Work in progress
ngc-NGC7726,NGC 7726,Galaxy,Pegasus,15.04,23:39:11.91,+27:06:55.2,1.36′ × 0.56′,0.02266667,General,,,,0,0,Work in progress
ngc-NGC7727,NGC 7727,Galaxy,Aquarius,10.64,23:39:53.72,-12:17:34.0,3.61′ × 2.75′,0.06016667,General,,,,0,0,Work in progress
ngc-NGC7728,NGC 7728,Galaxy,Pegasus,14.07,23:40:00.84,+27:08:01.4,1.42′ × 1.14′,0.02366667,General,,,,0,0,Work in progress
ngc-NGC7729,NGC 7729,Galaxy,Pegasus,14.45,23:40:33.65,+29:11:17.4,1.69′ × 0.57′,0.02816667,General,,,,0,0,Work in progress
ngc-NGC7730,NGC 7730,Galaxy,Aquarius,14.42,23:40:45.95,-20:30:31.7,0.76′ × 0.29′,0.01266667,General,,,,0,0,Work in progress
ngc-NGC7731,NGC 7731,Galaxy,Pisces,13.51,23:41:29.07,+03:44:24.1,1.05′ × 0.77′,0.0175,General,,,,0,0,Work in progress
ngc-NGC7732,NGC 7732,Galaxy,Pisces,13.89,23:41:33.87,+03:43:29.8,1.49′ × 0.47′,0.02483333,General,,,,0,0,Work in progress
ngc-NGC7733,NGC 7733,Galaxy,Tucana,14.27,23:42:32.95,-65:57:23.4,1.26′ × 0.6′,0.021,General,,,,0,0,Work in progress
ngc-NGC7734,NGC 7734,Galaxy,Tucana,13.08,23:42:42.93,-65:56:40.7,1.4′ × 1′,0.02333333,General,,,,0,0,Work in progress
ngc-NGC7735,NGC 7735,Galaxy,Pegasus,14.92,23:42:17.31,+26:13:54.3,1.39′ × 1.09′,0.02316667,General,,,,0,0,Work in progress
ngc-NGC7736,NGC 7736,Galaxy,Aquarius,12.88,23:42:25.78,-19:27:08.3,1.66′ × 1.5′,0.02766667,General,,,,0,0,Work in progress
ngc-NGC7737,NGC 7737,Galaxy,Pegasus,14.74,23:42:46.41,+27:03:10.6,1.09′ × 0.46′,0.01816667,General,,,,0,0,Work in progress
ngc-NGC7738,NGC 7738,Galaxy,Pisces,14.16,23:44:02.06,+00:30:59.9,1.19′ × 0.59′,0.01983333,General,,,,0,0,Work in progress
ngc-NGC7739,NGC 7739,Galaxy,Pisces,14.94,23:44:30.08,+00:19:13.7,0.76′ × 0.66′,0.01266667,General,,,,0,0,Work in progress
ngc-NGC7740,NGC 7740,Galaxy,Pegasus,14.9,23:43:32.28,+27:18:42.8,1.08′ × 0.68′,0.018,General,,,,0,0,Work in progress
ngc-NGC7741,NGC 7741,Galaxy,Pegasus,11.27,23:43:54.37,+26:04:32.2,3.63′ × 2.38′,0.0605,General,,,,0,0,Work in progress
ngc-NGC7742,NGC 7742,Galaxy,Pegasus,11.58,23:44:15.73,+10:46:01.5,1.71′ × 1.64′,0.0285,General,,,,0,0,Work in progress
ngc-NGC7743,NGC 7743,Galaxy,Pegasus,12.43,23:44:21.14,+09:56:02.7,2.61′ × 2.18′,0.0435,General,,,,0,0,Work in progress
ngc-NGC7744,NGC 7744,Galaxy,Phoenix,11.85,23:44:59.24,-42:54:39.3,2.48′ × 2.11′,0.04133333,General,,,,0,0,Work in progress
ngc-NGC7745,NGC 7745,Galaxy,Pegasus,16.64,23:44:45.79,+25:54:32.3,0.68′ × 0.68′,0.01133333,General,,,,0,0,Work in progress
ngc-NGC7746,NGC 7746,Galaxy,Pisces,14.42,23:45:20.00,-01:41:05.6,1.16′ × 0.84′,0.01933333,General,,,,0,0,Work in progress
ngc-NGC7747,NGC 7747,Galaxy,Pegasus,14.42,23:45:32.25,+27:21:39.4,1.41′ × 0.54′,0.0235,General,,,,0,0,Work in progress
ngc-NGC7748,NGC 7748,Star,Cepheus,7.15,23:44:56.67,+69:45:17.5,,,HighMagnification,,,,0,0,Work in progress
ngc-NGC7749,NGC 7749,Galaxy,Sculptor,15.2,23:45:47.55,-29:31:04.1,1.75′ × 1.17′,0.02916667,General,,,,0,0,Work in progress
ngc-NGC7750,NGC 7750,Galaxy,Pisces,12.89,23:46:37.84,+03:47:59.3,1.5′ × 0.73′,0.025,General,,,,0,0,Work in progress
ngc-NGC7751,NGC 7751,Galaxy,Pisces,13.87,23:46:58.34,+06:51:42.5,1.48′ × 1.45′,0.02466667,General,,,,0,0,Work in progress
ngc-NGC7752,NGC 7752,Galaxy,Pegasus,14.22,23:46:58.56,+29:27:32.1,0.92′ × 0.46′,0.01533333,General,,,,0,0,Work in progress
ngc-NGC7753,NGC 7753,Galaxy,Pegasus,13.3,23:47:04.83,+29:29:00.4,2.01′ × 0.54′,0.0335,General,,,,0,0,Work in progress
ngc-NGC7754,NGC 7754,Galaxy,Aquarius,15,23:49:11.21,-16:36:02.1,0.65′ × 0.32′,0.01083333,General,,,,0,0,Work in progress
ngc-NGC7755,NGC 7755,Galaxy,Sculptor,11.68,23:47:51.76,-30:31:19.3,3.7′ × 2.27′,0.06166667,General,,,,0,0,Work in progress
ngc-NGC7756,NGC 7756,Star,Pisces,,23:48:28.60,+04:07:30.6,,,HighMagnification,,,,0,0,Work in progress
ngc-NGC7757,NGC 7757,Galaxy,Pisces,12.79,23:48:45.52,+04:10:16.1,1.83′ × 1.34′,0.0305,General,,,,0,0,Work in progress
ngc-NGC7758,NGC 7758,Galaxy,Aquarius,15.47,23:48:55.18,-22:01:27.1,0.77′ × 0.52′,0.01283333,General,,,,0,0,Work in progress
ngc-NGC7759,NGC 7759,Galaxy,Aquarius,13.95,23:48:54.70,-16:32:28.2,1.53′ × 1.11′,0.0255,General,,,,0,0,Work in progress
ngc-NGC7760,NGC 7760,Galaxy,Pegasus,14.74,23:49:11.94,+30:58:59.3,1.14′ × 1.05′,0.019,General,,,,0,0,Work in progress
ngc-NGC7761,NGC 7761,Galaxy,Aquarius,14.11,23:51:28.89,-13:22:53.7,1.23′ × 1.08′,0.0205,General,,,,0,0,Work in progress
ngc-NGC7762,NGC 7762,Open cluster,Cepheus,,23:50:01.75,+68:02:16.7,6.5′,0.10833333,WideField,,,,0,0,Work in progress
ngc-NGC7763,NGC 7763,Galaxy,Aquarius,15.25,23:50:15.70,-16:35:24.0,0.73′ × 0.39′,0.01216667,General,,,,0,0,Work in progress
ngc-NGC7764,NGC 7764,Galaxy,Phoenix,12.21,23:50:53.98,-40:43:41.6,1.95′ × 1.45′,0.0325,General,,,,0,0,Work in progress
ngc-NGC7765,NGC 7765,Galaxy,Pegasus,15.66,23:50:52.16,+27:09:58.6,0.69′ × 0.54′,0.0115,General,,,,0,0,Work in progress
ngc-NGC7766,NGC 7766,Galaxy,Pegasus,16.21,23:50:55.91,+27:07:34.7,0.87′ × 0.24′,0.0145,General,,,,0,0,Work in progress
ngc-NGC7767,NGC 7767,Galaxy,Pegasus,14.14,23:50:56.35,+27:05:13.7,1.1′ × 0.25′,0.01833333,General,,,,0,0,Work in progress
ngc-NGC7768,NGC 7768,Galaxy,Pegasus,12.34,23:50:58.58,+27:08:50.6,1.48′ × 0.95′,0.02466667,General,,,,0,0,Work in progress
ngc-NGC7769,NGC 7769,Galaxy,Pegasus,11.79,23:51:03.97,+20:09:01.5,1.75′ × 0.67′,0.02916667,General,,,,0,0,Work in progress
ngc-NGC7770,NGC 7770,Galaxy,Pegasus,13.82,23:51:22.54,+20:05:47.5,0.97′ × 0.85′,0.01616667,General,,,,0,0,Work in progress
ngc-NGC7771,NGC 7771,Galaxy,Pegasus,12.11,23:51:24.81,+20:06:42.3,2.51′ × 1.24′,0.04183333,General,,,,0,0,Work in progress
ngc-NGC7772,NGC 7772,Unclassified object,Pegasus,,23:51:45.96,+16:14:53.3,13.2′,0.22,General,,,,0,0,Work in progress
ngc-NGC7773,NGC 7773,Galaxy,Pegasus,14.44,23:52:09.89,+31:16:35.8,1.1′ × 0.99′,0.01833333,General,,,,0,0,Work in progress
ngc-NGC7774,NGC 7774,Galaxy pair,Pegasus,,23:52:11.20,+11:28:12.0,1.2′,0.02,General,,,,0,0,Work in progress
ngc-NGC7775,NGC 7775,Galaxy,Pegasus,13.85,23:52:24.45,+28:46:21.6,0.99′ × 0.83′,0.0165,General,,,,0,0,Work in progress
ngc-NGC7776,NGC 7776,Galaxy,Aquarius,14.75,23:54:16.56,-13:35:11.2,1′ × 0.43′,0.01666667,General,,,,0,0,Work in progress
ngc-NGC7777,NGC 7777,Galaxy,Pegasus,14.46,23:53:12.50,+28:17:00.4,1.26′ × 0.66′,0.021,General,,,,0,0,Work in progress
ngc-NGC7778,NGC 7778,Galaxy,Pisces,12.76,23:53:19.67,+07:52:15.3,1.02′ × 0.98′,0.017,General,,,,0,0,Work in progress
ngc-NGC7779,NGC 7779,Galaxy,Pisces,12.67,23:53:26.79,+07:52:32.4,1.49′ × 1.07′,0.02483333,General,,,,0,0,Work in progress
ngc-NGC7780,NGC 7780,Galaxy,Pisces,13.91,23:53:32.17,+08:07:05.3,0.99′ × 0.54′,0.0165,General,,,,0,0,Work in progress
ngc-NGC7781,NGC 7781,Galaxy,Pisces,13.93,23:53:45.98,+07:51:37.7,1.07′ × 0.25′,0.01783333,General,,,,0,0,Work in progress
ngc-NGC7782,NGC 7782,Galaxy,Pisces,12.24,23:53:53.89,+07:58:14.0,2.43′ × 1.41′,0.0405,General,,,,0,0,Work in progress
ngc-NGC7783,NGC 7783,Galaxy pair,Pisces,,23:54:11.06,+00:22:47.8,1.9′,0.03166667,General,,,,0,0,Work in progress
ngc-NGC7784,NGC 7784,Galaxy,Pegasus,15.55,23:55:13.67,+21:45:43.8,0.73′ × 0.58′,0.01216667,General,,,,0,0,Work in progress
ngc-NGC7785,NGC 7785,Galaxy,Pisces,11.6,23:55:19.03,+05:54:57.0,1.95′ × 1.09′,0.0325,General,,,,0,0,Work in progress
ngc-NGC7786,NGC 7786,Galaxy,Pegasus,13.9,23:55:21.54,+21:35:17.0,0.56′ × 0.35′,0.00933333,General,,,,0,0,Work in progress
ngc-NGC7787,NGC 7787,Galaxy,Pisces,15.31,23:56:07.82,+00:32:58.1,1.09′ × 0.43′,0.01816667,General,,,,0,0,Work in progress
ngc-NGC7788,NGC 7788,Open cluster,Cassiopeia,9.4,23:56:45.58,+61:23:59.7,2.4′,0.04,WideField,,,,0,0,Work in progress
ngc-NGC7789,NGC 7789,Open cluster,Cassiopeia,6.7,23:57:24.06,+56:42:29.8,14.4′,0.24,WideField,,,,0,0,Work in progress
ngc-NGC7790,NGC 7790,Open cluster,Cassiopeia,8.5,23:58:24.26,+61:12:29.9,3.6′,0.06,WideField,,,,0,0,Work in progress
ngc-NGC7791,NGC 7791,Optical double,Pegasus,,23:57:57.30,+10:45:56.6,,,HighMagnification,,,,0,0,Work in progress
ngc-NGC7792,NGC 7792,Galaxy,Pegasus,14.85,23:58:03.57,+16:30:05.1,0.77′ × 0.77′,0.01283333,General,,,,0,0,Work in progress
ngc-NGC7793,NGC 7793,Galaxy,Sculptor,9.29,23:57:49.83,-32:35:27.7,10.42′ × 6.05′,0.17366667,General,,,,0,0,Work in progress
ngc-NGC7794,NGC 7794,Galaxy,Pegasus,13.74,23:58:34.12,+10:43:41.3,1.17′ × 0.72′,0.0195,General,,,,0,0,Work in progress
ngc-NGC7795,NGC 7795,Open cluster,Cassiopeia,,23:58:37.44,+60:02:05.9,2.22′,0.037,WideField,,,,0,0,Work in progress
ngc-NGC7796,NGC 7796,Galaxy,Phoenix,11.47,23:58:59.77,-55:27:29.9,2.73′ × 2.38′,0.0455,General,,,,0,0,Work in progress
ngc-NGC7797,NGC 7797,Galaxy,Pisces,14.76,23:58:58.87,+03:38:04.7,0.9′ × 0.84′,0.015,General,,,,0,0,Work in progress
ngc-NGC7798,NGC 7798,Galaxy,Pegasus,12.35,23:59:25.50,+20:44:59.5,1.45′ × 1.33′,0.02416667,General,,,,0,0,Work in progress
ngc-NGC7799,NGC 7799,Star,Pegasus,,23:59:31.55,+31:17:44.2,,,HighMagnification,,,,0,0,Work in progress
ngc-NGC7800,NGC 7800,Galaxy,Pegasus,13.31,23:59:36.32,+14:48:20.1,1.74′ × 0.72′,0.029,General,,,,0,0,Work in progress
ngc-NGC7801,NGC 7801,Open cluster,Cassiopeia,,00:00:21.44,+50:44:42.0,4.2′,0.07,WideField,,,,0,0,Work in progress
ngc-NGC7802,NGC 7802,Galaxy,Pisces,14.64,00:01:00.42,+06:14:31.4,1.18′ × 0.8′,0.01966667,General,,,,0,0,Work in progress
ngc-NGC7803,NGC 7803,Galaxy,Pegasus,14.07,00:01:19.97,+13:06:40.5,0.86′ × 0.51′,0.01433333,General,,,,0,0,Work in progress
ngc-NGC7804,NGC 7804,Optical double,Pisces,,00:01:18.80,+07:44:58.9,,,HighMagnification,,,,0,0,Work in progress
ngc-NGC7805,NGC 7805,Galaxy,Pegasus,13.29,00:01:26.77,+31:26:01.5,1.42′ × 0.69′,0.02366667,General,,,,0,0,Work in progress
ngc-NGC7806,NGC 7806,Galaxy,Pegasus,14.29,00:01:30.05,+31:26:30.7,1.21′ × 0.65′,0.02016667,General,,,,0,0,Work in progress
ngc-NGC7807,NGC 7807,Galaxy,Cetus,15.57,00:00:26.58,-18:50:30.8,0.73′ × 0.6′,0.01216667,General,,,,0,0,Work in progress
ngc-NGC7808,NGC 7808,Galaxy,Cetus,15.31,00:03:32.13,-10:44:40.8,1.08′ × 1′,0.018,General,,,,0,0,Work in progress
ngc-NGC7809,NGC 7809,Galaxy,Pisces,15.11,00:02:09.45,+02:56:27.8,0.45′ × 0.38′,0.0075,General,,,,0,0,Work in progress
ngc-NGC7810,NGC 7810,Galaxy,Pegasus,14.27,00:02:19.16,+12:58:17.9,0.96′ × 0.64′,0.016,General,,,,0,0,Work in progress
ngc-NGC7811,NGC 7811,Galaxy,Pisces,14.68,00:02:26.47,+03:21:06.9,0.39′ × 0.37′,0.0065,General,,,,0,0,Work in progress
ngc-NGC7812,NGC 7812,Galaxy,Sculptor,13.99,00:02:54.47,-34:14:08.3,1.1′ × 0.73′,0.01833333,General,,,,0,0,Work in progress
ngc-NGC7813,NGC 7813,Galaxy,Cetus,15,00:04:09.12,-11:59:02.0,0.81′ × 0.26′,0.0135,General,,,,0,0,Work in progress
ngc-NGC7815,NGC 7815,Star,Pegasus,,00:03:24.83,+20:42:15.0,,,HighMagnification,,,,0,0,Work in progress
ngc-NGC7816,NGC 7816,Galaxy,Pisces,13.91,00:03:48.86,+07:28:43.1,1.64′ × 1.53′,0.02733333,General,,,,0,0,Work in progress
ngc-NGC7817,NGC 7817,Galaxy,Pegasus,12.11,00:03:58.91,+20:45:08.4,3.29′ × 0.73′,0.05483333,General,,,,0,0,Work in progress
ngc-NGC7818,NGC 7818,Galaxy,Pisces,15.05,00:04:08.85,+07:22:45.8,0.93′ × 0.8′,0.0155,General,,,,0,0,Work in progress
ngc-NGC7819,NGC 7819,Galaxy,Pegasus,13.6,00:04:24.54,+31:28:19.4,1.44′ × 0.79′,0.024,General,,,,0,0,Work in progress
ngc-NGC7820,NGC 7820,Galaxy,Pisces,13.81,00:04:30.79,+05:12:01.0,1.54′ × 0.6′,0.02566667,General,,,,0,0,Work in progress
ngc-NGC7821,NGC 7821,Galaxy,Cetus,13.77,00:05:16.72,-16:28:36.9,1.14′ × 0.38′,0.019,General,,,,0,0,Work in progress
ngc-NGC7822,NGC 7822,H II region nebula,Cepheus,,00:03:35.35,+67:09:41.9,20′ × 4′,0.33333333,General,,,,0,0,Work in progress
ngc-NGC7823,NGC 7823,Galaxy,Tucana,13.46,00:04:45.59,-62:03:41.6,1.13′ × 0.7′,0.01883333,General,,,,0,0,Work in progress
ngc-NGC7824,NGC 7824,Galaxy,Pisces,14.37,00:05:06.23,+06:55:12.4,1.59′ × 1.04′,0.0265,General,,,,0,0,Work in progress
ngc-NGC7825,NGC 7825,Galaxy,Pisces,15.42,00:05:06.60,+05:12:13.2,0.95′ × 0.37′,0.01583333,General,,,,0,0,Work in progress
ngc-NGC7826,NGC 7826,Unclassified object,Cetus,,00:05:19.32,-20:41:17.8,,,General,,,,0,0,Work in progress
ngc-NGC7827,NGC 7827,Galaxy,Pisces,14.53,00:05:27.66,+05:13:20.4,1.29′ × 1.18′,0.0215,General,,,,0,0,Work in progress
ngc-NGC7828,NGC 7828,Galaxy,Cetus,13.86,00:06:27.07,-13:24:58.0,2.07′ × 0.82′,0.0345,General,,,,0,0,Work in progress
ngc-NGC7829,NGC 7829,Galaxy,Cetus,13.92,00:06:28.98,-13:25:14.2,2.07′ × 0.82′,0.0345,General,,,,0,0,Work in progress
ngc-NGC7830,NGC 7830,Star,Pisces,,00:06:01.86,+08:20:34.0,,,HighMagnification,,,,0,0,Work in progress
ngc-NGC7831,NGC 7831,Galaxy,Andromeda,13.3,00:07:19.53,+32:36:33.3,1.8′ × 0.39′,0.03,General,,,,0,0,Work in progress
ngc-NGC7832,NGC 7832,Galaxy,Pisces,13.64,00:06:28.46,-03:42:58.1,1.68′ × 0.38′,0.028,General,,,,0,0,Work in progress
ngc-NGC7833,NGC 7833,Unclassified object,Pegasus,,00:06:31.46,+27:38:22.8,,,General,,,,0,0,Work in progress
ngc-NGC7834,NGC 7834,Galaxy,Pisces,15.35,00:06:37.82,+08:22:04.4,0.93′ × 0.83′,0.0155,General,,,,0,0,Work in progress
ngc-NGC7835,NGC 7835,Galaxy,Pisces,15.5,00:06:46.77,+08:25:33.4,0.56′ × 0.24′,0.00933333,General,,,,0,0,Work in progress
ngc-NGC7836,NGC 7836,Galaxy,Andromeda,13.65,00:08:01.64,+33:04:14.8,0.9′ × 0.39′,0.015,General,,,,0,0,Work in progress
ngc-NGC7837,NGC 7837,Galaxy,Pisces,16.68,00:06:51.39,+08:21:05.0,0.67′ × 0.38′,0.01116667,General,,,,0,0,Work in progress
ngc-NGC7838,NGC 7838,Galaxy,Pisces,15.18,00:06:53.95,+08:21:03.1,1.3′ × 0.57′,0.02166667,General,,,,0,0,Work in progress
ngc-NGC7839,NGC 7839,Optical double,Pegasus,,00:07:00.63,+27:38:06.8,,,HighMagnification,,,,0,0,Work in progress
ngc-NGC7840,NGC 7840,Galaxy,Pisces,16.47,00:07:08.80,+08:23:00.6,0.68′ × 0.46′,0.01133333,General,,,,0,0,Work in progress
