mpc_code,name,short_name,latitude,longitude,elevation_m,rho_cos_phi,rho_sin_phi,observations_type,first_date,last_date,web_link,old_names,source_updated_at,search_name
000,Greenwich,Greenwich,51.47737615,0.00000000,65.793,0.62411000,0.77873000,optical,,,,,"Wed, 17 Sep 2025 18:12:06 GMT",000 greenwich greenwich
001,Crowborough,Crowborough,51.05183236,0.15420000,267.705,0.62992000,0.77411000,optical,,,,,"Wed, 17 Sep 2025 18:12:06 GMT",001 crowborough crowborough
002,Rayleigh,Rayleigh,51.65297630,0.62000000,3041.199,0.62200000,0.78100000,optical,,,,,"Wed, 17 Sep 2025 18:12:06 GMT",002 rayleigh rayleigh
003,Montpellier,Montpellier,43.65052266,3.90000000,2466.576,0.72500000,0.68700000,optical,,,,,"Wed, 17 Sep 2025 18:12:06 GMT",003 montpellier montpellier
004,Toulouse,Toulouse,43.61227656,1.46250000,177.123,0.72520000,0.68627000,optical,,,http://www.obs-mip.fr/,,"Wed, 17 Sep 2025 18:12:06 GMT",004 toulouse toulouse
005,Meudon,Meudon,48.80506624,2.23100000,157.558,0.65989100,0.74887500,optical,,,,,"Wed, 17 Sep 2025 18:12:06 GMT",005 meudon meudon
006,"Fabra Observatory, Barcelona","Fabra Observatory, Barcelona",41.41852142,2.12417000,372.468,0.75104200,0.65812900,optical,,,,,"Wed, 17 Sep 2025 18:12:06 GMT","006 fabra observatory, barcelona fabra observatory, barcelona"
007,Paris,Paris,48.83638083,2.33675000,60.161,0.65947000,0.74922300,optical,,,http://www.obspm.fr/,,"Wed, 17 Sep 2025 18:12:06 GMT",007 paris paris
008,Algiers-Bouzaréah,Algiers-Bouzareah,36.80146015,3.03550000,321.627,0.80172000,0.59578000,optical,,,,,"Wed, 17 Sep 2025 18:12:06 GMT",008 algiers bouzareah algiers bouzareah
009,Berne-Uecht,Berne-Uecht,46.95378997,7.44170000,-107.409,0.68380000,0.72720000,optical,,,http://www.uecht.ch/,,"Wed, 17 Sep 2025 18:12:06 GMT",009 berne uecht berne uecht
010,Caussols,Caussols,43.75094207,6.92124000,1266.102,0.72365500,0.68813500,optical,2019-05-26,,,,"Wed, 17 Sep 2025 18:08:54 GMT",010 caussols caussols
011,Wetzikon,Wetzikon,47.31932371,8.79750000,551.225,0.67920000,0.73161000,optical,,,,,"Wed, 17 Sep 2025 18:12:06 GMT",011 wetzikon wetzikon
012,Uccle,Uccle,50.79859594,4.35821000,105.181,0.63333300,0.77130600,optical,1890-01-01,,http://www.astro.oma.be/,,"Wed, 17 Sep 2025 18:08:54 GMT",012 uccle uccle
013,Leiden,Leiden,52.15494425,4.48397000,1.767,0.61481300,0.78602900,optical,,,http://www.strw.leidenuniv.nl/,,"Wed, 17 Sep 2025 18:12:06 GMT",013 leiden leiden
014,Marseilles,Marseilles,43.30586593,5.39509000,68.769,0.72885900,0.68238400,optical,,,,,"Wed, 17 Sep 2025 18:12:06 GMT",014 marseilles marseilles
015,Utrecht,Utrecht,52.08546026,5.12929000,4.095,0.61577000,0.78528500,optical,,,,,"Wed, 17 Sep 2025 18:12:06 GMT",015 utrecht utrecht
016,Besançon,Besancon,47.24999873,5.98930000,288.850,0.68006000,0.73076000,optical,,,http://www.obs-besancon.fr/Welcome_ang.html,,"Wed, 17 Sep 2025 18:12:06 GMT",016 besancon besancon
017,Hoher List,Hoher List,50.16138480,6.84924000,504.017,0.64194600,0.76428200,optical,,,,,"Wed, 17 Sep 2025 18:12:06 GMT",017 hoher list hoher list
018,Düsseldorf-Bilk,Dusseldorf-Bilk,51.20698842,6.76120000,34.865,0.62779000,0.77578000,optical,,,,,"Wed, 17 Sep 2025 18:12:06 GMT",018 dusseldorf bilk dusseldorf bilk
019,Neuchâtel,Neuchatel,46.99743676,6.95750000,511.243,0.68331000,0.72779000,optical,,,,,"Wed, 17 Sep 2025 18:12:06 GMT",019 neuchatel neuchatel
020,Nice,Nice,43.72153899,7.30040000,390.845,0.72391000,0.68767000,optical,,,,,"Wed, 17 Sep 2025 18:12:06 GMT",020 nice nice
021,Karlsruhe,Karlsruhe,49.02402120,8.38550000,124.055,0.65701000,0.75138000,optical,,,http://www.avka.de,,"Wed, 17 Sep 2025 18:12:06 GMT",021 karlsruhe karlsruhe
022,Pino Torinese,Pino Torinese,45.03780213,7.77480000,656.432,0.70790000,0.70409000,optical,,,,,"Wed, 17 Sep 2025 18:12:06 GMT",022 pino torinese pino torinese
023,Wiesbaden,Wiesbaden,50.08118425,8.26250000,211.617,0.64299000,0.76335000,optical,,,http://www.urania-wiesbaden.de/,,"Wed, 17 Sep 2025 18:12:06 GMT",023 wiesbaden wiesbaden
024,Heidelberg-Königstuhl,Heidelberg-Konigstuhl,49.39861535,8.72160000,568.922,0.65211000,0.75570000,optical,,,http://www.lsw.uni-heidelberg.de/,,"Wed, 17 Sep 2025 18:12:06 GMT",024 heidelberg konigstuhl heidelberg konigstuhl
025,Stuttgart,Stuttgart,48.78252549,9.19650000,334.846,0.66020500,0.74863700,optical,,,http://www.sternwarte.de/,,"Wed, 17 Sep 2025 18:12:06 GMT",025 stuttgart stuttgart
026,Berne-Zimmerwald,Berne-Zimmerwald,46.87709870,7.46511000,898.034,0.68488400,0.72640200,optical,,,,,"Wed, 17 Sep 2025 18:12:06 GMT",026 berne zimmerwald berne zimmerwald
027,Milan,Milan,45.46633457,9.19120000,144.359,0.70254000,0.70929000,optical,,,,,"Wed, 17 Sep 2025 18:12:06 GMT",027 milan milan
028,Würzburg,Wurzburg,49.79103242,9.93630000,185.630,0.64686000,0.76009000,optical,,,http://www.sternwarte-wuerzburg.de/,,"Wed, 17 Sep 2025 18:12:06 GMT",028 wurzburg wurzburg
029,Hamburg-Bergedorf,Hamburg-Bergedorf,53.47970595,10.24060000,19.850,0.59640000,0.80000000,optical,,,http://www.hs.uni-hamburg.de/,,"Wed, 17 Sep 2025 18:12:06 GMT",029 hamburg bergedorf hamburg bergedorf
030,"Arcetri Observatory, Florence","Arcetri Observatory, Florence",43.75064501,11.25446000,166.114,0.72353400,0.68801200,optical,,,,,"Wed, 17 Sep 2025 18:12:06 GMT","030 arcetri observatory, florence arcetri observatory, florence"
031,Sonneberg,Sonneberg,50.37739090,11.18985000,627.735,0.63906100,0.76670500,optical,,,,,"Wed, 17 Sep 2025 18:12:06 GMT",031 sonneberg sonneberg
032,Jena,Jena,50.92525614,11.58295000,150.924,0.63162400,0.77270600,optical,,,http://www.astro.uni-jena.de/,,"Wed, 17 Sep 2025 18:12:06 GMT",032 jena jena
033,"Karl Schwarzschild Observatory, Tautenburg","Karl Schwarzschild Observatory, Tautenburg",50.98013901,11.71124000,388.544,0.63090400,0.77333800,optical,,,http://www.tls-tautenburg.de/,,"Tue, 26 May 2026 20:34:56 GMT","033 karl schwarzschild observatory, tautenburg karl schwarzschild observatory, tautenburg"
034,"Monte Mario Observatory, Rome","Monte Mario Observatory, Rome",41.92244849,12.45246000,102.408,0.74517600,0.66465600,optical,,,,,"Wed, 17 Sep 2025 18:12:06 GMT","034 monte mario observatory, rome monte mario observatory, rome"
035,Copenhagen,Copenhagen,55.68686538,12.57592000,10.164,0.56500800,0.82232100,optical,,,,,"Wed, 17 Sep 2025 18:12:06 GMT",035 copenhagen copenhagen
036,Castel Gandolfo,Castel Gandolfo,41.74746597,12.65040000,431.871,0.74724700,0.66242000,optical,,,,,"Wed, 17 Sep 2025 18:12:06 GMT",036 castel gandolfo castel gandolfo
037,"Collurania Observatory, Teramo","Collurania Observatory, Teramo",42.65746720,13.73330000,427.654,0.73660000,0.67416000,optical,,,,,"Wed, 17 Sep 2025 18:12:06 GMT","037 collurania observatory, teramo collurania observatory, teramo"
038,Trieste,Trieste,45.64327019,13.77040000,64.174,0.70033000,0.71144000,optical,,,,,"Wed, 17 Sep 2025 18:12:06 GMT",038 trieste trieste
039,Lund,Lund,55.69786152,13.18740000,16.428,0.56485000,0.82243000,optical,,,http://www.astro.lu.se/,,"Wed, 17 Sep 2025 18:12:06 GMT",039 lund lund
040,"Lohrmann Institute, Dresden","Lohrmann Institute, Dresden",51.03114455,13.72980000,160.171,0.63019000,0.77387000,optical,,,http://astro.geo.tu-dresden.de/,,"Wed, 17 Sep 2025 18:12:06 GMT","040 lohrmann institute, dresden lohrmann institute, dresden"
041,Innsbruck,Innsbruck,47.26815186,11.38083000,612.202,0.67986200,0.73101200,optical,,,,,"Wed, 17 Sep 2025 18:12:06 GMT",041 innsbruck innsbruck
042,Potsdam,Potsdam,52.37965168,13.06428000,89.592,0.61172100,0.78843900,optical,,,http://www.aip.de/,,"Wed, 17 Sep 2025 18:12:06 GMT",042 potsdam potsdam
043,"Asiago Astrophysical Observatory, Padua","Asiago Astrophysical Observatory, Padua",45.86644464,11.52643000,1090.139,0.69765600,0.71426900,optical,2016-12-03,,,,"Wed, 17 Sep 2025 18:12:06 GMT","043 asiago astrophysical observatory, padua asiago astrophysical observatory, padua"
044,"Capodimonte Observatory, Naples","Capodimonte Observatory, Naples",40.86293814,14.25590000,145.730,0.75738000,0.65082000,optical,,,,,"Wed, 17 Sep 2025 18:12:06 GMT","044 capodimonte observatory, naples capodimonte observatory, naples"
045,Vienna (since 1879),Vienna (since 1879),48.23191175,16.33900000,278.168,0.66739000,0.74227000,optical,1879-01-01,,,,"Wed, 17 Sep 2025 18:12:06 GMT",045 vienna (since 1879) vienna (since 1879)
046,"Kleť Observatory, České Budějovice","Klet Observatory, Ceske Budejovice",48.86329047,14.28810000,1061.637,0.65922000,0.74965000,optical,,,http://www.klet.org/,,"Wed, 17 Sep 2025 18:12:06 GMT","046 klet observatory, ceske budejovice klet observatory, ceske budejovice"
047,Poznań,Poznan,52.39853377,16.87820000,89.207,0.61146000,0.78864000,optical,,,,,"Wed, 17 Sep 2025 18:12:06 GMT",047 poznan poznan
048,Hradec Králové,Hradec Kralove,50.17732914,15.84080000,270.499,0.64170900,0.76443200,optical,,,http://www.astrohk.cz/indexen.php,,"Wed, 17 Sep 2025 18:12:06 GMT",048 hradec kralove hradec kralove
049,Uppsala-Kvistaberg,Uppsala-Kvistaberg,59.50033315,17.60670000,8.955,0.50880000,0.85800000,optical,,,http://www.astro.uu.se/history/Kvistaberg.html,,"Wed, 17 Sep 2025 18:12:06 GMT",049 uppsala kvistaberg uppsala kvistaberg
050,Stockholm (before 1931),Stockholm (before 1931),59.34224488,18.05820000,43.739,0.51118000,0.85660000,optical,,1930-12-31,,,"Wed, 17 Sep 2025 18:12:06 GMT",050 stockholm (before 1931) stockholm (before 1931)
051,"Royal Observatory, Cape of Good Hope","Royal Observatory, Cape of Good Hope",-33.93394408,18.47660000,11.599,0.83055000,-0.55508000,optical,,,,,"Wed, 17 Sep 2025 18:12:06 GMT","051 royal observatory, cape of good hope royal observatory, cape of good hope"
052,Stockholm-Saltsjöbaden,Stockholm-Saltsjobaden,59.27164608,18.30830000,39.396,0.51224000,0.85597000,optical,,,,,"Wed, 17 Sep 2025 18:12:06 GMT",052 stockholm saltsjobaden stockholm saltsjobaden
053,"Konkoly Observatory, Budapest (since 1933)","Konkoly Observatory, Budapest (since 1933)",47.49960166,18.96420000,491.861,0.67688000,0.73373000,optical,,,http://www.konkoly.hu/,,"Wed, 17 Sep 2025 18:12:06 GMT","053 konkoly observatory, budapest (since 1933) konkoly observatory, budapest (since 1933)"
054,Brorfelde,Brorfelde,55.62191543,11.66540000,76.982,0.56595000,0.82169000,optical,,,,,"Wed, 17 Sep 2025 18:12:06 GMT",054 brorfelde brorfelde
055,Cracow,Cracow,50.06451819,19.95960000,182.885,0.64321000,0.76316000,optical,,,,,"Wed, 17 Sep 2025 18:12:06 GMT",055 cracow cracow
056,Skalnaté Pleso,Skalnate Pleso,49.18956268,20.23418000,1812.361,0.65500100,0.75347000,optical,,,,,"Wed, 17 Sep 2025 18:12:06 GMT",056 skalnate pleso skalnate pleso
057,Belgrade,Belgrade,44.80364922,20.51330000,286.534,0.71074000,0.70116000,optical,,,,,"Wed, 17 Sep 2025 18:12:06 GMT",057 belgrade belgrade
058,Kaliningrad,Kaliningrad,54.71281661,20.49500000,25.330,0.57897000,0.81262000,optical,2010-09-23,,,,"Wed, 17 Sep 2025 18:12:06 GMT",058 kaliningrad kaliningrad
059,Lomnický Štít,Lomnicky Stit,49.19597536,20.22010000,2628.900,0.65500000,0.75364000,optical,,,,,"Wed, 17 Sep 2025 18:12:06 GMT",059 lomnicky stit lomnicky stit
060,Warsaw-Ostrowik,Warsaw-Ostrowik,52.09001082,21.42000000,135.224,0.61572000,0.78535000,optical,,,,,"Wed, 17 Sep 2025 18:12:06 GMT",060 warsaw ostrowik warsaw ostrowik
061,Uzhhorod,Uzhhorod,48.63346647,22.29850000,182.535,0.66214200,0.74690400,optical,2010-09-23,,,Uzhgorod,"Wed, 17 Sep 2025 18:12:06 GMT",061 uzhhorod uzhhorod uzhgorod
062,Turku,Turku,60.45242611,22.22930000,-0.749,0.49440000,0.86632000,optical,,,,,"Wed, 17 Sep 2025 18:12:06 GMT",062 turku turku
063,Turku-Tuorla,Turku-Tuorla,60.41578741,22.44500000,41.876,0.49496000,0.86601000,optical,,,,,"Wed, 17 Sep 2025 18:12:06 GMT",063 turku tuorla turku tuorla
064,Turku-Kevola,Turku-Kevola,60.42040255,22.75000000,43.338,0.49489000,0.86605000,optical,,,,,"Wed, 17 Sep 2025 18:12:06 GMT",064 turku kevola turku kevola
065,Traunstein,Traunstein,47.86214679,12.63180000,618.639,0.67222000,0.73800000,optical,,,,,"Wed, 17 Sep 2025 18:12:06 GMT",065 traunstein traunstein
066,Athens,Athens,37.97226834,23.71817000,93.450,0.78932100,0.61194600,optical,2011-08-06,,,,"Wed, 17 Sep 2025 18:12:06 GMT",066 athens athens
067,Lviv University Observatory,Lviv University Observatory,49.83281848,24.02970000,350.598,0.64632000,0.76058000,optical,,,,Lvov|Lvov University Observatory,"Wed, 17 Sep 2025 18:12:06 GMT",067 lviv university observatory lviv university observatory lvov lvov university observatory
068,Lviv Polytechnic Institute,Lviv Polytechnic Institute,49.83648882,24.01420000,339.868,0.64627000,0.76062000,optical,,,,Lvov|Lvov Polytechnic Institute,"Wed, 17 Sep 2025 18:12:06 GMT",068 lviv polytechnic institute lviv polytechnic institute lvov lvov polytechnic institute
069,Baldone,Baldone,56.77311660,24.40420000,73.184,0.54925000,0.83287000,optical,,,http://www.astr.lu.lv/Facilities_en.asp,,"Wed, 17 Sep 2025 18:12:06 GMT",069 baldone baldone
070,Vilnius (before 1939),Vilnius (before 1939),54.68310763,25.28650000,100.702,0.57940000,0.81233000,optical,,,,,"Wed, 17 Sep 2025 18:12:06 GMT",070 vilnius (before 1939) vilnius (before 1939)
071,"NAO Rozhen, Smolyan","NAO Rozhen, Smolyan",41.69312010,24.73782000,1740.034,0.74803000,0.66185000,optical,2012-03-12,,,,"Wed, 17 Sep 2025 18:08:54 GMT","071 nao rozhen, smolyan nao rozhen, smolyan"
072,Scheuren Observatory,Scheuren Observatory,51.08891181,7.17000000,-3965.255,0.62900000,0.77400000,optical,,,,,"Wed, 17 Sep 2025 18:12:06 GMT",072 scheuren observatory scheuren observatory
073,Bucharest,Bucharest,44.41199303,26.09391000,133.436,0.71551500,0.69628500,optical,,,,,"Wed, 17 Sep 2025 18:12:06 GMT",073 bucharest bucharest
074,"Boyden Observatory, Bloemfontein","Boyden Observatory, Bloemfontein",-29.03813511,26.40580000,1407.000,0.87518000,-0.48263000,optical,,,,,"Wed, 17 Sep 2025 18:12:06 GMT","074 boyden observatory, bloemfontein boyden observatory, bloemfontein"
075,Tartu,Tartu,58.37971217,26.72160000,65.418,0.52557000,0.84791000,optical,,,http://www.aai.ee/,,"Wed, 17 Sep 2025 18:12:06 GMT",075 tartu tartu
076,Johannesburg-Hartbeespoort,Johannesburg-Hartbeespoort,-25.77276733,27.87680000,1232.897,0.90127000,-0.43225000,optical,,,,,"Wed, 17 Sep 2025 18:12:06 GMT",076 johannesburg hartbeespoort johannesburg hartbeespoort
077,"Yale-Columbia Station, Johannesburg","Yale-Columbia Station, Johannesburg",-26.18725868,28.02920000,1762.278,0.89819000,-0.43876000,optical,,,,,"Wed, 17 Sep 2025 18:12:06 GMT","077 yale columbia station, johannesburg yale columbia station, johannesburg"
078,Johannesburg,Johannesburg,-26.18185714,28.07500000,1823.302,0.89824000,-0.43868000,optical,,,,,"Wed, 17 Sep 2025 18:12:06 GMT",078 johannesburg johannesburg
079,"Radcliffe Observatory, Pretoria","Radcliffe Observatory, Pretoria",-25.78799570,28.22880000,1552.105,0.90120000,-0.43251000,optical,,,,,"Wed, 17 Sep 2025 18:12:06 GMT","079 radcliffe observatory, pretoria radcliffe observatory, pretoria"
080,Istanbul,Istanbul,41.01270143,28.96670000,49.709,0.75566000,0.65278000,optical,,,,,"Wed, 17 Sep 2025 18:12:06 GMT",080 istanbul istanbul
081,"Leiden Station, Johannesburg","Leiden Station, Johannesburg",-25.77276733,27.87680000,1232.897,0.90127000,-0.43225000,optical,,,,,"Wed, 17 Sep 2025 18:12:06 GMT","081 leiden station, johannesburg leiden station, johannesburg"
082,St. Pölten,St. Polten,48.08797530,15.75610000,568.918,0.66929000,0.74063000,optical,,,http://www.noe-sternwarte.at/,,"Wed, 17 Sep 2025 18:12:06 GMT",082 st. polten st. polten
083,Holosiivskyi district-Kyiv,Holosiivskyi district-Kyiv,50.36500501,30.50560000,153.915,0.63918000,0.76651000,optical,,,,Golosseevo-Kiev,"Wed, 17 Sep 2025 18:12:06 GMT",083 holosiivskyi district kyiv holosiivskyi district kyiv golosseevo kiev
084,Pulkovo,Pulkovo,59.77211541,30.32740000,85.373,0.50471000,0.86041000,optical,,,http://www.gao.spb.ru/english/,,"Wed, 17 Sep 2025 18:08:54 GMT",084 pulkovo pulkovo
085,Kyiv,Kyiv,50.45295286,30.50230000,174.217,0.63800000,0.76749000,optical,,,,Kiev,"Wed, 17 Sep 2025 18:12:06 GMT",085 kyiv kyiv kiev
086,Odesa,Odesa,46.47682438,30.75820000,64.463,0.68987000,0.72152000,optical,,,,Odessa,"Wed, 17 Sep 2025 18:12:06 GMT",086 odesa odesa odessa
087,Helwan,Helwan,29.85877303,31.34110000,105.642,0.86799000,0.49495000,optical,,,,,"Wed, 17 Sep 2025 18:12:06 GMT",087 helwan helwan
088,Kottomia,Kottomia,29.93401007,31.82769000,493.983,0.86739100,0.49611400,optical,,,,,"Wed, 17 Sep 2025 18:12:06 GMT",088 kottomia kottomia
089,Mykolaiv,Mykolaiv,46.97160201,31.97470000,50.702,0.68359000,0.72743000,optical,,2026-01-21,,Nikolaev,"Wed, 21 Jan 2026 16:12:54 GMT",089 mykolaiv mykolaiv nikolaev
090,Mainz,Mainz,49.94315127,8.25000000,1852.915,0.64500000,0.76200000,optical,,,http://www.astro-mainz.de/,,"Wed, 17 Sep 2025 18:12:06 GMT",090 mainz mainz
091,"Observatoire de Nurol, Aurec sur Loire","Observatoire de Nurol, Aurec sur Loire",45.38138165,4.20919000,466.891,0.70363000,0.70828700,optical,,,,,"Wed, 17 Sep 2025 18:12:06 GMT","091 observatoire de nurol, aurec sur loire observatoire de nurol, aurec sur loire"
092,Torun-Piwnice,Torun-Piwnice,53.09630082,18.55460000,93.599,0.60177000,0.79601000,optical,,,,,"Wed, 17 Sep 2025 18:12:06 GMT",092 torun piwnice torun piwnice
093,Skibotn,Skibotn,69.34932902,20.36470000,-136.311,0.35370000,0.93220000,optical,,,,,"Wed, 17 Sep 2025 18:12:06 GMT",093 skibotn skibotn
094,Crimea-Simeiz,Crimea-Simeiz,44.40308572,33.99740000,369.184,0.71565000,0.69620000,optical,,,,Crimea-Simeis,"Wed, 17 Sep 2025 18:08:54 GMT",094 crimea simeiz crimea simeiz crimea simeis
095,Crimea-Nauchnyi,Crimea-Nauchnyi,44.72655491,34.01600000,592.264,0.71172000,0.70024000,optical,,,,Crimea-Nauchnij,"Wed, 17 Sep 2025 18:08:54 GMT",095 crimea nauchnyi crimea nauchnyi crimea nauchnij
096,Merate,Merate,45.69883245,9.42830000,362.024,0.69967000,0.71215000,optical,,,,,"Wed, 17 Sep 2025 18:12:06 GMT",096 merate merate
097,"Wise Observatory, Mitzpeh Ramon","Wise Observatory, Mitzpeh Ramon",30.59565704,34.76250000,904.171,0.86165000,0.50608000,optical,,,http://wise-obs.tau.ac.il/,,"Wed, 17 Sep 2025 18:12:06 GMT","097 wise observatory, mitzpeh ramon wise observatory, mitzpeh ramon"
098,"Asiago Observatory, Cima Ekar, 182 cm Copernicus","Asiago Observatory, Cima Ekar, 182 cm Copernicus",45.84858787,11.56900000,1425.779,0.69791600,0.71409000,optical,2017-02-28,,,"Asiago Observatory, Cima Ekar","Tue, 26 May 2026 20:34:56 GMT","098 asiago observatory, cima ekar, 182 cm copernicus asiago observatory, cima ekar, 182 cm copernicus asiago observatory, cima ekar"
099,Lahti,Lahti,61.13023601,25.53529000,112.741,0.48407300,0.87211400,optical,,,,,"Wed, 17 Sep 2025 18:12:06 GMT",099 lahti lahti
100,Ähtäri,Ahtari,62.61716076,24.14145000,173.291,0.46116500,0.88437000,optical,,,,,"Wed, 17 Sep 2025 18:12:06 GMT",100 ahtari ahtari
101,Kharkiv,Kharkiv,50.00269909,36.23220000,120.522,0.64403000,0.76246000,optical,,,,Kharkov,"Wed, 17 Sep 2025 18:12:06 GMT",101 kharkiv kharkiv kharkov
102,Zvenigorod,Zvenigorod,55.69951419,36.75953000,184.296,0.56484100,0.82246800,optical,2009-07-06,,,,"Wed, 17 Sep 2025 18:12:06 GMT",102 zvenigorod zvenigorod
103,Ljubljana,Ljubljana,46.04377866,14.52774000,453.505,0.69536500,0.71634600,optical,2018-08-23,,http://astro.ago.fmf.uni-lj.si,,"Wed, 17 Sep 2025 18:12:06 GMT",103 ljubljana ljubljana
104,San Marcello Pistoiese,San Marcello Pistoiese,44.06417772,10.80375000,1017.309,0.71984200,0.69204000,optical,,,http://www.gamp-pt.net/,,"Wed, 17 Sep 2025 18:12:06 GMT",104 san marcello pistoiese san marcello pistoiese
105,Moscow,Moscow,55.75571283,37.57060000,180.848,0.56403000,0.82302000,optical,,,,,"Wed, 17 Sep 2025 18:12:06 GMT",105 moscow moscow
106,Črni Vrh,Crni Vrh,45.94590490,14.07110000,711.137,0.69662000,0.71519000,optical,2007-01-02,,http://www.observatorij.org/,,"Wed, 17 Sep 2025 18:12:06 GMT",106 crni vrh crni vrh
107,Cavezzo,Cavezzo,44.86289300,11.00300000,-3.227,0.70998000,0.70186000,optical,,,http://www.astrocavezzo.it/,,"Wed, 17 Sep 2025 18:12:06 GMT",107 cavezzo cavezzo
108,Montelupo,Montelupo,43.73811397,11.02780000,34.231,0.72367000,0.68784000,optical,,,,,"Wed, 17 Sep 2025 18:12:06 GMT",108 montelupo montelupo
109,Algiers-Kouba,Algiers-Kouba,36.73306498,3.07050000,143.879,0.80241000,0.59481000,optical,,,,,"Wed, 17 Sep 2025 18:12:06 GMT",109 algiers kouba algiers kouba
110,Rostov,Rostov,57.18917500,39.41500000,85.262,0.54316000,0.83683000,optical,2010-09-23,,,,"Wed, 17 Sep 2025 18:12:06 GMT",110 rostov rostov
111,"Piazzano Observatory, Florence","Piazzano Observatory, Florence",43.67884717,10.97210000,92.467,0.72439000,0.68710000,optical,,,,,"Wed, 17 Sep 2025 18:12:06 GMT","111 piazzano observatory, florence piazzano observatory, florence"
112,"Pleiade Observatory, Verona","Pleiade Observatory, Verona",45.48378607,10.90390000,115.340,0.70232000,0.70950000,optical,,,,,"Wed, 17 Sep 2025 18:12:06 GMT","112 pleiade observatory, verona pleiade observatory, verona"
113,"Volkssternwarte Drebach, Schoenbrunn","Volkssternwarte Drebach, Schoenbrunn",50.67668617,13.01660000,514.783,0.63502000,0.77001000,optical,,,http://www.sternwarte-drebach.de/,,"Wed, 17 Sep 2025 18:12:06 GMT","113 volkssternwarte drebach, schoenbrunn volkssternwarte drebach, schoenbrunn"
114,"Engelhardt Observatory, Zelenchukskaya Station","Engelhardt Observatory, Zelenchukskaya Station",43.65571049,41.42770000,2047.004,0.72489000,0.68702000,optical,,,,,"Wed, 17 Sep 2025 18:12:06 GMT","114 engelhardt observatory, zelenchukskaya station engelhardt observatory, zelenchukskaya station"
115,Zelenchukskaya,Zelenchukskaya,43.64671016,41.44067000,2097.625,0.72500400,0.68691200,optical,,,,,"Wed, 17 Sep 2025 18:12:06 GMT",115 zelenchukskaya zelenchukskaya
116,Giesing,Giesing,48.11521851,11.59580000,507.242,0.66893000,0.74094000,optical,1994-10-17,,,,"Wed, 17 Sep 2025 18:12:06 GMT",116 giesing giesing
117,Sendling,Sendling,48.11274461,11.53850000,582.610,0.66897000,0.74092000,optical,1994-12-07,,,,"Wed, 17 Sep 2025 18:12:06 GMT",117 sendling sendling
118,"Astronomical and Geophysical Observatory, Modra","Astronomical and Geophysical Observatory, Modra",48.37314115,17.27400000,551.965,0.66558000,0.74394000,optical,,,https://fmph.uniba.sk/en/microsites/daa/division-of-astronomy-and-astrophysics/,,"Wed, 17 Sep 2025 18:12:06 GMT","118 astronomical and geophysical observatory, modra astronomical and geophysical observatory, modra"
119,Abastuman,Abastuman,41.75362439,42.82000000,1581.077,0.74731000,0.66262000,optical,2010-09-24,,,,"Wed, 17 Sep 2025 18:08:54 GMT",119 abastuman abastuman
120,Višnjan,Visnjan,45.27763383,13.72610000,233.702,0.70489000,0.70699000,optical,,,,,"Wed, 17 Sep 2025 18:12:06 GMT",120 visnjan visnjan
121,"Kharkiv University, Chuhuivskyi district Station","Kharkiv University, Chuhuivskyi district Station",49.64083567,36.93403000,165.083,0.64885600,0.75839400,optical,,,http://www.astron.kharkov.ua/asteroids/asteroids.html,"Kharkov University, Chuguevskaya Station|Kharkiv University, Chuguevskaya Station","Wed, 17 Sep 2025 18:08:54 GMT","121 kharkiv university, chuhuivskyi district station kharkiv university, chuhuivskyi district station kharkov university, chuguevskaya station kharkiv university, chuguevskaya station"
122,Pises Observatory,Pises Observatory,44.03953941,3.50350000,1279.135,0.72017000,0.69176000,optical,1996-08-18,,,,"Wed, 17 Sep 2025 18:12:06 GMT",122 pises observatory pises observatory
123,Byurakan,Byurakan,40.33520779,44.29170000,1490.117,0.76352000,0.64398000,optical,,,https://www.bao.am/,,"Wed, 17 Sep 2025 18:12:06 GMT",123 byurakan byurakan
124,Castres,Castres,43.60049863,2.25500000,163.846,0.72534000,0.68612000,optical,,,,,"Wed, 17 Sep 2025 18:12:06 GMT",124 castres castres
125,Tbilisi,Tbilisi,41.71731911,44.78950000,410.733,0.74759400,0.66202600,optical,2010-09-23,,,,"Wed, 17 Sep 2025 18:12:06 GMT",125 tbilisi tbilisi
126,"Monte Viseggi L. Zannoni Observatory, La Spezia",Monte Viseggi L. Zannoni Observatory,44.13256457,9.79015000,397.034,0.71894300,0.69282800,optical,,,http://www.astrofilispezzini.org,,"Wed, 17 Sep 2025 18:12:06 GMT","126 monte viseggi l. zannoni observatory, la spezia monte viseggi l. zannoni observatory"
127,Bornheim,Bornheim,50.76018850,6.97970000,85.241,0.63385000,0.77088000,optical,2007-09-29,,,,"Wed, 17 Sep 2025 18:12:06 GMT",127 bornheim bornheim
128,Saratov,Saratov,51.53831882,46.00661000,76.669,0.62327900,0.77939300,optical,2010-09-23,,,,"Wed, 17 Sep 2025 18:12:06 GMT",128 saratov saratov
129,Ordubad,Ordubad,39.13462228,45.92000000,2454.858,0.77700000,0.62800000,optical,2010-09-23,,,,"Wed, 17 Sep 2025 18:12:06 GMT",129 ordubad ordubad
130,Lumezzane,Lumezzane,45.66501752,10.23963000,876.568,0.70014800,0.71179600,optical,2015-11-16,,,,"Wed, 17 Sep 2025 18:12:06 GMT",130 lumezzane lumezzane
131,Observatoire de l'Ardeche,Observatoire de l\'Ardeche,44.67703313,4.72500000,350.304,0.71230000,0.69960000,optical,,,,,"Wed, 17 Sep 2025 18:12:06 GMT",131 observatoire de l'ardeche observatoire de l\'ardeche
132,Bedoin,Bedoin,44.11330027,5.24610000,515.507,0.71919000,0.69260000,optical,2007-08-26,,,,"Wed, 17 Sep 2025 18:12:06 GMT",132 bedoin bedoin
133,Les Tardieux,Les Tardieux,43.36170297,5.09060000,55.255,0.72819000,0.68309000,optical,,,http://michel.boeuf.free.fr/,,"Wed, 17 Sep 2025 18:12:06 GMT",133 les tardieux les tardieux
134,Groszschwabhausen,Groszschwabhausen,50.92843391,11.48245000,414.339,0.63160700,0.77277300,optical,2018-09-30,,https://www2.astro.uni-jena.de/Users/markus/GSH_Frontpage.html,,"Wed, 17 Sep 2025 18:12:06 GMT",134 groszschwabhausen groszschwabhausen
135,Kasan,Kasan,55.78970586,49.12100000,74.598,0.56353000,0.82334000,optical,,,,,"Wed, 17 Sep 2025 18:12:06 GMT",135 kasan kasan
136,"Engelhardt Observatory, Kasan","Engelhardt Observatory, Kasan",55.83912271,48.81560000,115.464,0.56282000,0.82383000,optical,,,,,"Wed, 17 Sep 2025 18:12:06 GMT","136 engelhardt observatory, kasan engelhardt observatory, kasan"
137,Givatayim Observatory,Givatayim Observatory,32.06977215,34.81470000,53.418,0.84821000,0.52790000,optical,,,,,"Wed, 17 Sep 2025 18:12:06 GMT",137 givatayim observatory givatayim observatory
138,Village-Neuf,Village-Neuf,47.60486044,7.57170000,246.072,0.67550000,0.73494000,optical,,,,,"Wed, 17 Sep 2025 18:12:06 GMT",138 village neuf village neuf
139,Antibes,Antibes,43.60616003,7.11080000,58.282,0.72526000,0.68618000,optical,,,,,"Wed, 17 Sep 2025 18:12:06 GMT",139 antibes antibes
140,Augerolles,Augerolles,45.71828672,3.62940000,569.182,0.69945000,0.71241000,optical,,,,,"Wed, 17 Sep 2025 18:12:06 GMT",140 augerolles augerolles
141,Hottviller,Hottviller,49.06701430,7.36720000,281.372,0.65646000,0.75189000,optical,,,,,"Wed, 17 Sep 2025 18:12:06 GMT",141 hottviller hottviller
142,Sinsen,Sinsen,51.66386654,7.18740000,49.631,0.62156000,0.78075000,optical,,,,,"Wed, 17 Sep 2025 18:12:06 GMT",142 sinsen sinsen
143,Gnosca,Gnosca,46.23141618,9.02406000,258.714,0.69298600,0.71859000,optical,2007-09-06,,,,"Wed, 17 Sep 2025 18:12:06 GMT",143 gnosca gnosca
144,Bray et Lu,Bray et Lu,49.13872599,1.66600000,39.566,0.65549000,0.75268000,optical,,,,,"Wed, 17 Sep 2025 18:12:06 GMT",144 bray et lu bray et lu
145,'s-Gravenwezel,\'s-Gravenwezel,51.24002653,4.55970000,27.379,0.62734000,0.77614000,optical,,,http://users.pandora.be/tom.alderweireldt/index.html,,"Wed, 17 Sep 2025 18:12:06 GMT",145 's gravenwezel \'s gravenwezel
146,Frignano,Frignano,44.28832470,10.66730000,1281.588,0.71715000,0.69487000,optical,,,,,"Wed, 17 Sep 2025 18:12:06 GMT",146 frignano frignano
147,Osservatorio Astronomico di Suno,Osservatorio Astronomico di Suno,45.63724160,8.57391000,291.222,0.70043000,0.71139200,optical,,,,,"Wed, 17 Sep 2025 18:12:06 GMT",147 osservatorio astronomico di suno osservatorio astronomico di suno
148,Guitalens,Guitalens,43.64434434,2.03750000,136.921,0.72481000,0.68667000,optical,,,,,"Wed, 17 Sep 2025 18:12:06 GMT",148 guitalens guitalens
149,Beine-Nauroy,Beine-Nauroy,49.25007558,4.22360000,133.770,0.65403000,0.75396000,optical,,,,,"Wed, 17 Sep 2025 18:12:06 GMT",149 beine nauroy beine nauroy
150,Maisons Laffitte,Maisons Laffitte,48.94358060,2.15720000,43.554,0.65806000,0.75045000,optical,,,,,"Wed, 17 Sep 2025 18:12:06 GMT",150 maisons laffitte maisons laffitte
151,"Eschenberg Observatory, Winterthur","Eschenberg Observatory, Winterthur",47.47602768,8.74400000,558.548,0.67719000,0.73346000,optical,,,http://www.eschenberg.ch/,,"Wed, 17 Sep 2025 18:12:06 GMT","151 eschenberg observatory, winterthur eschenberg observatory, winterthur"
152,Moletai Astronomical Observatory,Moletai Astronomical Observatory,55.31603901,25.56330000,205.326,0.57036000,0.81868000,optical,,,,,"Wed, 17 Sep 2025 18:12:06 GMT",152 moletai astronomical observatory moletai astronomical observatory
153,Stuttgart-Hoffeld,Stuttgart-Hoffeld,48.73807587,9.17470000,452.887,0.66080000,0.74814000,optical,,,,,"Wed, 17 Sep 2025 18:12:06 GMT",153 stuttgart hoffeld stuttgart hoffeld
154,Cortina,Cortina,46.54215516,12.10430000,1789.804,0.68923000,0.72250000,optical,,,,,"Wed, 17 Sep 2025 18:12:06 GMT",154 cortina cortina
155,"Ole Romer Observatory, Aarhus","Ole Romer Observatory, Aarhus",56.12764406,10.19710000,56.203,0.55864000,0.82664000,optical,,,,,"Wed, 17 Sep 2025 18:12:06 GMT","155 ole romer observatory, aarhus ole romer observatory, aarhus"
156,Catania Astrophysical Observatory,Catania Astrophysical Observatory,37.50341230,15.08580000,55.223,0.79431000,0.60549000,optical,,,http://www.ct.astro.it/,,"Wed, 17 Sep 2025 18:12:06 GMT",156 catania astrophysical observatory catania astrophysical observatory
157,Frasso Sabino,Frasso Sabino,42.22753401,12.81170000,484.291,0.74166000,0.66864000,optical,1998-09-20,,http://www.ara.roma.it/,,"Wed, 17 Sep 2025 18:12:06 GMT",157 frasso sabino frasso sabino
158,Promiod,Promiod,45.78553258,7.60330000,1479.163,0.69871000,0.71333000,optical,,,,,"Wed, 17 Sep 2025 18:12:06 GMT",158 promiod promiod
159,Monte Agliale,Monte Agliale,43.99521983,10.51530000,777.222,0.72065000,0.69115000,optical,,,http://www.oama.it/,,"Wed, 17 Sep 2025 18:12:06 GMT",159 monte agliale monte agliale
160,Castelmartini,Castelmartini,43.82305779,10.84144000,76.930,0.72265100,0.68891300,optical,,,http://www.astrosurf.com/prosperi/LatestObs/,,"Wed, 17 Sep 2025 18:12:06 GMT",160 castelmartini castelmartini
161,Cerrina Tololo Observatory,Cerrina Tololo Observatory,45.08771741,8.16050000,346.807,0.70725000,0.70467000,optical,,,,,"Wed, 17 Sep 2025 18:12:06 GMT",161 cerrina tololo observatory cerrina tololo observatory
162,Potenza,Potenza,40.65000497,15.78050000,815.002,0.75988000,0.64808000,optical,,,,,"Wed, 17 Sep 2025 18:12:06 GMT",162 potenza potenza
163,"Roeser Observatory, Luxembourg","Roeser Observatory, Luxembourg",49.54316593,6.14920000,333.209,0.65017000,0.75731000,optical,,,,,"Wed, 17 Sep 2025 18:12:06 GMT","163 roeser observatory, luxembourg roeser observatory, luxembourg"
164,St. Michel sur Meurthe,St. Michel sur Meurthe,48.31555512,6.88610000,358.456,0.66631000,0.74325000,optical,1999-07-25,,,,"Wed, 17 Sep 2025 18:12:06 GMT",164 st. michel sur meurthe st. michel sur meurthe
165,"Piera Observatory, Barcelona","Piera Observatory, Barcelona",41.52150333,1.75530000,249.778,0.74984000,0.65946000,optical,,,,,"Wed, 17 Sep 2025 18:12:06 GMT","165 piera observatory, barcelona piera observatory, barcelona"
166,Upice,Upice,50.50689814,16.01170000,432.781,0.63730000,0.76812000,optical,,,,,"Wed, 17 Sep 2025 18:12:06 GMT",166 upice upice
167,Bülach Observatory,Bulach Observatory,47.52028592,8.57270000,547.532,0.67662000,0.73398000,optical,,,http://buelach.astronomie.ch/,,"Wed, 17 Sep 2025 18:12:06 GMT",167 bulach observatory bulach observatory
168,Kourovskaya,Kourovskaya,57.03680419,59.54720000,272.008,0.54541000,0.83541000,optical,2010-09-23,,,,"Wed, 17 Sep 2025 18:12:06 GMT",168 kourovskaya kourovskaya
169,Airali Observatory,Airali Observatory,45.07716775,8.40160000,254.919,0.70737000,0.70453000,optical,,,,,"Wed, 17 Sep 2025 18:12:06 GMT",169 airali observatory airali observatory
170,Observatorio de Begues,Observatorio de Begues,41.33180189,1.92060000,1475.269,0.75217000,0.65711000,optical,,,http://www.manteka.com/,,"Wed, 17 Sep 2025 18:12:06 GMT",170 observatorio de begues observatorio de begues
171,"Flarestar Observatory, San Gwann","Flarestar Observatory, San Gwann",35.90993916,14.46970000,125.147,0.81089000,0.58327000,optical,,,,,"Wed, 17 Sep 2025 18:12:06 GMT","171 flarestar observatory, san gwann flarestar observatory, san gwann"
172,Onnens,Onnens,46.79361598,7.03640000,754.028,0.68593000,0.72539000,optical,,,,,"Wed, 17 Sep 2025 18:12:06 GMT",172 onnens onnens
173,"St. Clotilde, Réunion","St. Clotilde, Reunion",-20.89757003,55.50610000,152.120,0.93464000,-0.35447000,optical,,,,,"Wed, 17 Sep 2025 18:12:06 GMT","173 st. clotilde, reunion st. clotilde, reunion"
174,"Nyrölä Observatory, Jyväskylä","Nyrola Observatory, Jyvaskyla",62.34662115,25.51310000,204.200,0.46536000,0.88219000,optical,,,http://www.ursa.fi/sirius/nytt/nytt_info.html,,"Wed, 17 Sep 2025 18:12:06 GMT","174 nyrola observatory, jyvaskyla nyrola observatory, jyvaskyla"
175,"F.-X. Bagnoud Observatory, St-Luc","F.-X. Bagnoud Observatory, St-Luc",46.23088439,7.60830000,2170.135,0.69320000,0.71880000,optical,2000-01-13,,http://www.ofxb.ch/,,"Wed, 17 Sep 2025 18:12:06 GMT","175 f. x. bagnoud observatory, st luc f. x. bagnoud observatory, st luc"
176,Observatorio Astronómico de Consell,Observatorio Astronomico de Consell,39.65368377,2.82250000,105.468,0.77098000,0.63475000,optical,,,http://astrosurf.com/consell_obs/,,"Wed, 17 Sep 2025 18:12:06 GMT",176 observatorio astronomico de consell observatorio astronomico de consell
177,Le Cres,Le Cres,43.64675997,3.94140000,40.349,0.72477000,0.68669000,optical,,,,,"Wed, 17 Sep 2025 18:12:06 GMT",177 le cres le cres
178,Collonges,Collonges,46.13462652,6.13440000,505.671,0.69423000,0.71745000,optical,,,,,"Wed, 17 Sep 2025 18:12:06 GMT",178 collonges collonges
179,Monte Generoso,Monte Generoso,45.92792440,9.01750000,1580.573,0.69694000,0.71507000,optical,,,,,"Wed, 17 Sep 2025 18:12:06 GMT",179 monte generoso monte generoso
180,Mauguio,Mauguio,43.56839048,3.95190000,26.430,0.72571000,0.68570000,optical,,,,,"Wed, 17 Sep 2025 18:12:06 GMT",180 mauguio mauguio
181,"Observatoire des Makes, Saint-Louis","Observatoire des Makes, Saint-Louis",-21.19954932,55.41000000,991.992,0.93288000,-0.35941000,optical,,,,,"Wed, 17 Sep 2025 18:08:54 GMT","181 observatoire des makes, saint louis observatoire des makes, saint louis"
182,"St. Paul, Réunion","St. Paul, Reunion",-21.01259004,55.25860000,248.279,0.93394000,-0.35634000,optical,,,,,"Wed, 17 Sep 2025 18:12:06 GMT","182 st. paul, reunion st. paul, reunion"
183,"Starlab Observatory, Karachay-Cherkessia","Starlab Observatory, Karachay-Cherkessia",43.65003097,41.42000000,2061.848,0.72496000,0.68695000,optical,2000-11-22,,,,"Wed, 17 Sep 2025 18:12:06 GMT","183 starlab observatory, karachay cherkessia starlab observatory, karachay cherkessia"
184,"Valmeca Observatory, Puimichel","Valmeca Observatory, Puimichel",43.98140870,6.03610000,714.110,0.72081000,0.69097000,optical,,,,,"Wed, 17 Sep 2025 18:12:06 GMT","184 valmeca observatory, puimichel valmeca observatory, puimichel"
185,Observatoire Astronomique Jurassien-Vicques,Observatoire Astronomique Jurassien-Vicques,47.35304547,7.42190000,478.499,0.67876000,0.73200000,optical,,,http://www.jura-observatory.ch/,,"Wed, 17 Sep 2025 18:12:06 GMT",185 observatoire astronomique jurassien vicques observatoire astronomique jurassien vicques
186,Kitab,Kitab,39.13377002,66.88210000,651.076,0.77679000,0.62781000,optical,,,,,"Wed, 17 Sep 2025 18:08:54 GMT",186 kitab kitab
187,"Astronomical Observatory, Borowiec","Astronomical Observatory, Borowiec",52.27712602,17.07330000,122.938,0.61314000,0.78735000,optical,,,,,"Wed, 17 Sep 2025 18:12:06 GMT","187 astronomical observatory, borowiec astronomical observatory, borowiec"
188,Maidanak,Maidanak,38.67336200,66.89555000,2578.203,0.78205900,0.62176200,optical,2007-10-02,,http://www.maidanak.uz/,Majdanak,"Wed, 17 Sep 2025 18:12:06 GMT",188 maidanak maidanak majdanak
189,Geneva (before 1967),Geneva (before 1967),46.19997419,6.15140000,428.140,0.69340000,0.71823000,optical,,1966-12-31,,,"Wed, 17 Sep 2025 18:12:06 GMT",189 geneva (before 1967) geneva (before 1967)
190,Gissar,Gissar,38.49029662,68.68190000,730.211,0.78382000,0.61909000,optical,2010-09-23,,,,"Wed, 17 Sep 2025 18:12:06 GMT",190 gissar gissar
191,Dushanbe,Dushanbe,38.56108922,68.78110000,791.502,0.78306000,0.62006000,optical,,,,,"Wed, 17 Sep 2025 18:12:06 GMT",191 dushanbe dushanbe
192,Tashkent,Tashkent,41.32512600,69.29360000,483.413,0.75213000,0.65692000,optical,,,,,"Wed, 17 Sep 2025 18:12:06 GMT",192 tashkent tashkent
193,Sanglok,Sanglok,38.26077821,69.21780000,2191.436,0.78648000,0.61610000,optical,2010-09-23,,,,"Wed, 17 Sep 2025 18:12:06 GMT",193 sanglok sanglok
194,Tivoli,Tivoli,-23.46159436,18.00940000,1778.274,0.91807000,-0.39579000,optical,,,http://www.tivoli-astrofarm.de/e_tivoli_astrofarm.htm,,"Wed, 17 Sep 2025 18:12:06 GMT",194 tivoli tivoli
195,"Untermenzing Observatory, Munich","Untermenzing Observatory, Munich",48.18385680,11.44920000,520.719,0.66804000,0.74174000,optical,,,,,"Wed, 17 Sep 2025 18:12:06 GMT","195 untermenzing observatory, munich untermenzing observatory, munich"
196,Homburg-Erbach,Homburg-Erbach,49.33174908,7.33310000,227.370,0.65296000,0.75490000,optical,,,,,"Wed, 17 Sep 2025 18:12:06 GMT",196 homburg erbach homburg erbach
197,Bastia,Bastia,44.25692835,12.18360000,17.872,0.71739000,0.69434000,optical,,,,,"Wed, 17 Sep 2025 18:12:06 GMT",197 bastia bastia
198,Wildberg,Wildberg,48.63194328,8.75674000,501.675,0.66219500,0.74692400,optical,2008-08-04,,http://www.astro-wildberg.de,,"Wed, 17 Sep 2025 18:12:06 GMT",198 wildberg wildberg
199,"Telescope Jean-Marc Salomon, Buthiers","Telescope Jean-Marc Salomon, Buthiers",48.29173592,2.43800000,70.039,0.66659000,0.74294000,optical,,,https://www.planete-sciences.org/astro/centre-d-astronomie/le-telescope,,"Wed, 17 Sep 2025 18:12:06 GMT","199 telescope jean marc salomon, buthiers telescope jean marc salomon, buthiers"
200,Beersel Hills Observatory,Beersel Hills Observatory,50.76018850,4.30360000,85.241,0.63385000,0.77088000,optical,,,http://users.skynet.be/bho/,,"Wed, 17 Sep 2025 18:12:06 GMT",200 beersel hills observatory beersel hills observatory
201,Jonathan B. Postel Observatory,Jonathan B. Postel Observatory,45.78513250,7.60330000,1433.449,0.69871000,0.71332000,optical,,,,,"Wed, 17 Sep 2025 18:12:06 GMT",201 jonathan b. postel observatory jonathan b. postel observatory
202,"Tamaris Observatoire, La Seyne sur Mer","Tamaris Observatoire, La Seyne sur Mer",43.09527642,5.89970000,68.288,0.73137000,0.67971000,optical,,,,,"Wed, 17 Sep 2025 18:12:06 GMT","202 tamaris observatoire, la seyne sur mer tamaris observatoire, la seyne sur mer"
203,GiaGa Observatory,GiaGa Observatory,45.54144178,8.99548000,213.266,0.70161400,0.71021500,optical,2018-03-28,,,,"Wed, 17 Sep 2025 18:12:06 GMT",203 giaga observatory giaga observatory
204,Schiaparelli Observatory,Schiaparelli Observatory,45.86829218,8.76972000,1228.565,0.69764800,0.71430700,optical,,,http://www.astrogeo.va.it/,,"Tue, 26 May 2026 20:34:56 GMT",204 schiaparelli observatory schiaparelli observatory
205,"Obs. Casalecchio di Reno, Bologna","Obs. Casalecchio di Reno, Bologna",44.47206121,11.27310000,113.532,0.71478000,0.69703000,optical,,,,,"Wed, 17 Sep 2025 18:12:06 GMT","205 obs. casalecchio di reno, bologna obs. casalecchio di reno, bologna"
206,"Haagaar Observatory, Eina","Haagaar Observatory, Eina",60.60092250,10.56670000,758.038,0.49220000,0.86770000,optical,2001-03-07,,,,"Wed, 17 Sep 2025 18:12:06 GMT","206 haagaar observatory, eina haagaar observatory, eina"
207,Osservatorio Antonio Grosso,Osservatorio Antonio Grosso,45.54506034,9.30650000,131.385,0.70156000,0.71025000,optical,,,,,"Wed, 17 Sep 2025 18:12:06 GMT",207 osservatorio antonio grosso osservatorio antonio grosso
208,Rivalta,Rivalta,44.94933663,9.58750000,116.332,0.70893000,0.70294000,optical,,,,,"Wed, 17 Sep 2025 18:12:06 GMT",208 rivalta rivalta
209,"Asiago Observatory, Cima Ekar, 67/92 cm Schmidt","Asiago Observatory, Cima Ekar, 67/92 cm Schmidt",45.84948146,11.56883000,1418.230,0.69790400,0.71410000,optical,2017-02-28,,,"Asiago Observatory, Cima Ekar-ADAS","Tue, 26 May 2026 20:34:56 GMT","209 asiago observatory, cima ekar, 67/92 cm schmidt asiago observatory, cima ekar, 67/92 cm schmidt asiago observatory, cima ekar adas"
210,Alma-Ata,Alma-Ata,43.18827560,76.95730000,1447.760,0.73042000,0.68104000,optical,,,,,"Wed, 17 Sep 2025 18:12:06 GMT",210 alma ata alma ata
211,Scandicci,Scandicci,43.76248064,11.17640000,65.393,0.72338000,0.68815000,optical,2001-04-17,,,,"Wed, 17 Sep 2025 18:12:06 GMT",211 scandicci scandicci
212,Observatorio La Dehesilla,Observatorio La Dehesilla,36.65332904,-4.64253000,255.361,0.80325300,0.59370800,optical,,,,,"Wed, 17 Sep 2025 18:12:06 GMT",212 observatorio la dehesilla observatorio la dehesilla
213,Observatorio Montcabre,Observatorio Montcabre,41.51971229,2.38539000,99.212,0.74984300,0.65942100,optical,2007-10-24,,http://astrosurf.com/cometas/,,"Wed, 17 Sep 2025 18:12:06 GMT",213 observatorio montcabre observatorio montcabre
214,Garching Observatory,Garching Observatory,48.25658901,11.65690000,478.888,0.66709000,0.74258000,optical,,,,,"Wed, 17 Sep 2025 18:12:06 GMT",214 garching observatory garching observatory
215,Buchloe,Buchloe,48.01728992,10.73280000,601.379,0.67021000,0.73981000,optical,,,http://www.astronomie-buchloe.de/,,"Wed, 17 Sep 2025 18:12:06 GMT",215 buchloe buchloe
216,Observatoire des Côte de Meuse,Observatoire des Cote de Meuse,49.00157314,5.69140000,265.399,0.65732000,0.75114000,optical,,,,,"Wed, 17 Sep 2025 18:12:06 GMT",216 observatoire des cote de meuse observatoire des cote de meuse
217,Assah,Assah,43.22552405,77.87114000,2658.303,0.73011400,0.68164300,optical,2010-09-23,,,,"Wed, 17 Sep 2025 18:12:06 GMT",217 assah assah
218,Hyderabad,Hyderabad,17.43184520,78.45410000,530.179,0.95444000,0.29768000,optical,,,,,"Wed, 17 Sep 2025 18:12:06 GMT",218 hyderabad hyderabad
219,Japal-Rangapur,Japal-Rangapur,17.09832618,78.72830000,678.798,0.95618000,0.29216000,optical,,,,,"Wed, 17 Sep 2025 18:12:06 GMT",219 japal rangapur japal rangapur
220,"Vainu Bappu Observatory, Kavalur","Vainu Bappu Observatory, Kavalur",12.57627908,78.82630000,706.346,0.97627000,0.21634000,optical,,,,,"Wed, 17 Sep 2025 18:12:06 GMT","220 vainu bappu observatory, kavalur vainu bappu observatory, kavalur"
221,"IAS Observatory, Hakos","IAS Observatory, Hakos",-23.23636711,16.36170000,1851.806,0.91963100,-0.39220300,optical,2001-06-04,,,,"Wed, 17 Sep 2025 18:12:06 GMT","221 ias observatory, hakos ias observatory, hakos"
222,Yerres-Canotiers,Yerres-Canotiers,48.70985301,2.49390000,67.819,0.66113000,0.74777000,optical,2007-09-07,,,,"Wed, 17 Sep 2025 18:12:06 GMT",222 yerres canotiers yerres canotiers
223,Madras,Madras,13.06899419,80.24640000,31.189,0.97427000,0.22465000,optical,,,,,"Wed, 17 Sep 2025 18:12:06 GMT",223 madras madras
224,Ottmarsheim,Ottmarsheim,47.78475947,7.50171000,221.345,0.67317800,0.73704800,optical,2012-03-21,,http://www.astrosurf.org/rinner/,,"Wed, 17 Sep 2025 18:12:06 GMT",224 ottmarsheim ottmarsheim
225,Northwood Ridge Observatory,Northwood Ridge Observatory,43.22770471,-71.17500000,137.513,0.72980000,0.68140000,optical,2007-09-06,,,,"Wed, 17 Sep 2025 18:12:06 GMT",225 northwood ridge observatory northwood ridge observatory
226,"Guido Ruggieri Observatory, Padua","Guido Ruggieri Observatory, Padua",45.43387881,11.88580000,25.818,0.70293000,0.70888000,optical,,,,,"Wed, 17 Sep 2025 18:12:06 GMT","226 guido ruggieri observatory, padua guido ruggieri observatory, padua"
227,"OrbitJet Observatory, Colden","OrbitJet Observatory, Colden",42.63838623,-78.71470000,469.584,0.73683000,0.67392000,optical,,,http://www.orbitjetobservatory.com/,,"Wed, 17 Sep 2025 18:12:06 GMT","227 orbitjet observatory, colden orbitjet observatory, colden"
228,"Bruno Zugna Observatory, Trieste","Bruno Zugna Observatory, Trieste",45.64242229,13.87500000,423.941,0.70038000,0.71147000,optical,2001-07-13,,,,"Wed, 17 Sep 2025 18:12:06 GMT","228 bruno zugna observatory, trieste bruno zugna observatory, trieste"
229,"G. C. Gloriosi Astronomical Observatory, Salerno","G. C. Gloriosi Astronomical Observatory, Salerno",40.69081182,14.97430000,336.204,0.75936000,0.64857000,optical,2001-07-28,,,,"Wed, 17 Sep 2025 18:12:06 GMT","229 g. c. gloriosi astronomical observatory, salerno g. c. gloriosi astronomical observatory, salerno"
230,Mt. Wendelstein Observatory,Mt. Wendelstein Observatory,47.70403482,12.01330000,1931.240,0.67440000,0.73630000,optical,2001-07-31,,http://www.wendelstein-observatorium.de:8002/wst/wst_en.html,,"Wed, 17 Sep 2025 18:12:06 GMT",230 mt. wendelstein observatory mt. wendelstein observatory
231,Vesqueville,Vesqueville,50.00527889,5.39830000,462.557,0.64403000,0.76253000,optical,2001-05-27,,,,"Wed, 17 Sep 2025 18:12:06 GMT",231 vesqueville vesqueville
232,Masquefa Observatory,Masquefa Observatory,41.50853356,1.33170000,337.506,0.75000000,0.65930000,optical,,,,,"Wed, 17 Sep 2025 18:12:06 GMT",232 masquefa observatory masquefa observatory
233,"Sauro Donati Astronomical Observatory, San Vito","Sauro Donati Astronomical Observatory, San Vito",43.85504156,10.54030000,31.979,0.72226000,0.68931000,optical,,,http://www.anisn.it/saudon/osserv.htm,,"Wed, 17 Sep 2025 18:12:06 GMT","233 sauro donati astronomical observatory, san vito sauro donati astronomical observatory, san vito"
234,Coddenham Observatory,Coddenham Observatory,52.14525128,1.12833000,48.284,0.61495100,0.78593100,optical,,,,,"Wed, 17 Sep 2025 18:12:06 GMT",234 coddenham observatory coddenham observatory
235,"CAST Observatory, Talmassons","CAST Observatory, Talmassons",45.93602376,13.11352000,25.524,0.69666900,0.71499300,optical,2008-05-11,,http://www.castfvg.it/,,"Wed, 17 Sep 2025 18:12:06 GMT","235 cast observatory, talmassons cast observatory, talmassons"
236,Tomsk,Tomsk,56.46825751,84.94650000,136.721,0.55370000,0.82995000,optical,,,,,"Wed, 17 Sep 2025 18:12:06 GMT",236 tomsk tomsk
237,Baugy,Baugy,47.08352492,2.73330000,400.960,0.68220000,0.72880000,optical,2001-09-22,,,,"Wed, 17 Sep 2025 18:12:06 GMT",237 baugy baugy
238,Grorudalen Optical Observatory,Grorudalen Optical Observatory,59.94914530,10.90940000,139.445,0.50204000,0.86197000,optical,,,,,"Wed, 17 Sep 2025 18:12:06 GMT",238 grorudalen optical observatory grorudalen optical observatory
239,Trebur,Trebur,49.92538789,8.41140000,97.935,0.64506000,0.76159000,optical,,,,,"Wed, 17 Sep 2025 18:12:06 GMT",239 trebur trebur
240,Herrenberg Sternwarte,Herrenberg Sternwarte,48.62359258,8.83317000,537.695,0.66230800,0.74683200,optical,,,http://www.sternwarte-herrenberg.de/,,"Wed, 17 Sep 2025 18:12:06 GMT",240 herrenberg sternwarte herrenberg sternwarte
241,Schaerding,Schaerding,48.44349112,13.47000000,430.558,0.66465000,0.74474000,optical,,,http://www.gierlinger.cc/,,"Wed, 17 Sep 2025 18:12:06 GMT",241 schaerding schaerding
242,Varennes,Varennes,43.47911723,1.69560000,282.047,0.72681000,0.68460000,optical,2002-01-20,,,,"Wed, 17 Sep 2025 18:12:06 GMT",242 varennes varennes
243,"Umbrella Observatory, Fredenbeck","Umbrella Observatory, Fredenbeck",53.52807578,9.41300000,3.945,0.59572000,0.80050000,optical,2002-03-03,,,,"Wed, 17 Sep 2025 18:12:06 GMT","243 umbrella observatory, fredenbeck umbrella observatory, fredenbeck"
246,Kleť Observatory-KLENOT,Klet Observatory-KLENOT,48.86399135,14.28476000,1112.105,0.65921600,0.74966400,optical,,,http://www.klet.org/,,"Tue, 26 May 2026 20:34:56 GMT",246 klet observatory klenot klet observatory klenot
251,Arecibo,Arecibo,18.34344268,-66.75308000,504.240,0.94957700,0.31273400,radar,,,,,"Mon, 27 Oct 2025 16:26:35 GMT",251 arecibo arecibo
252,"Goldstone DSS 13, Fort Irwin","Goldstone DSS 13, Fort Irwin",35.24719727,-116.79488000,1072.138,0.81771900,0.57397900,radar,,,http://gssr.jpl.nasa.gov/,,"Mon, 27 Oct 2025 16:26:35 GMT","252 goldstone dss 13, fort irwin goldstone dss 13, fort irwin"
253,"Goldstone DSS 14, Fort Irwin","Goldstone DSS 14, Fort Irwin",35.42591413,-116.88953000,1012.164,0.81591300,0.57651000,radar,,,http://gssr.jpl.nasa.gov/,,"Mon, 27 Oct 2025 16:26:35 GMT","253 goldstone dss 14, fort irwin goldstone dss 14, fort irwin"
254,"Haystack, Westford","Haystack, Westford",42.62319476,-71.48872000,155.729,0.73697300,0.67369200,radar,,,,,"Mon, 27 Oct 2025 16:26:35 GMT","254 haystack, westford haystack, westford"
255,Yevpatoriya,Yevpatoriya,45.18921541,33.18689000,62.875,0.70596500,0.70588600,radar,,,,Evpatoria,"Mon, 27 Oct 2025 16:26:35 GMT",255 yevpatoriya yevpatoriya evpatoria
256,Green Bank,Green Bank,38.43310964,-79.83983000,826.871,0.78445100,0.61832000,radar,,,http://www.gb.nrao.edu/gbt/,,"Mon, 27 Oct 2025 16:26:35 GMT",256 green bank green bank
257,"Goldstone DSS 25, Fort Irwin","Goldstone DSS 25, Fort Irwin",35.33757252,-116.87539000,958.026,0.81679600,0.57525200,radar,,,,,"Mon, 27 Oct 2025 16:26:35 GMT","257 goldstone dss 25, fort irwin goldstone dss 25, fort irwin"
259,EISCAT Tromso UHF,EISCAT Tromso UHF,69.58648637,19.22586000,89.743,0.34982800,0.93368800,radar,,,,,"Mon, 27 Oct 2025 16:26:35 GMT",259 eiscat tromso uhf eiscat tromso uhf
260,Siding Spring Observatory-DSS,Siding Spring Observatory-DSS,-31.27680640,149.06610000,1185.114,0.85560000,-0.51626000,optical,,,http://archive.stsci.edu/dss/,,"Wed, 17 Sep 2025 18:08:54 GMT",260 siding spring observatory dss siding spring observatory dss
261,Palomar Mountain-DSS,Palomar Mountain-DSS,33.35733767,-116.85978000,1686.902,0.83632500,0.54687700,optical,,,http://archive.stsci.edu/dss/,,"Wed, 17 Sep 2025 18:08:54 GMT",261 palomar mountain dss palomar mountain dss
262,"European Southern Observatory, La Silla-DSS","European Southern Observatory, La Silla-DSS",-29.25881957,-70.73374000,2345.365,0.87344000,-0.48605200,optical,,,,,"Tue, 26 May 2026 20:34:56 GMT","262 european southern observatory, la silla dss european southern observatory, la silla dss"
263,Canberra DSS 35,Canberra DSS 35,-35.39579376,148.98145580,694.957,0.81617610,-0.57605410,radar,,,,,"Mon, 27 Oct 2025 16:26:35 GMT",263 canberra dss 35 canberra dss 35
264,Canberra DSS 36,Canberra DSS 36,-35.39509928,148.97854420,685.584,0.81618190,-0.57604340,radar,,,,,"Mon, 27 Oct 2025 16:26:35 GMT",264 canberra dss 36 canberra dss 36
265,Canberra DSS 43,Canberra DSS 43,-35.40242561,148.98126730,688.952,0.81610850,-0.57614760,radar,,,,,"Mon, 27 Oct 2025 16:26:35 GMT",265 canberra dss 43 canberra dss 43
266,New Horizons KBO Search-Subaru,New Horizons KBO Search-Subaru,19.82549887,-155.47604000,4194.566,0.94171100,0.33723900,optical,,,,,"Tue, 26 May 2026 20:34:56 GMT",266 new horizons kbo search subaru new horizons kbo search subaru
267,New Horizons KBO Search-CFHT,New Horizons KBO Search-CFHT,19.82543587,-155.46891000,4232.730,0.94171700,0.33724000,optical,,,,,"Tue, 26 May 2026 20:34:56 GMT",267 new horizons kbo search cfht new horizons kbo search cfht
268,Magellan-Clay Telescope,Magellan-Clay Telescope,-29.01426905,-70.69197000,2389.599,0.87551600,-0.48234200,optical,,,,New Horizons KBO Search-Magellan/Clay,"Wed, 17 Sep 2025 18:08:54 GMT",268 magellan clay telescope magellan clay telescope new horizons kbo search magellan/clay
269,Magellan-Baade Telescope,Magellan-Baade Telescope,-29.01478858,-70.69086000,2377.788,0.87551000,-0.48234900,optical,,,,New Horizons KBO Search-Magellan/Baade,"Wed, 17 Sep 2025 18:08:54 GMT",269 magellan baade telescope magellan baade telescope new horizons kbo search magellan/baade
271,"Australia Telescope Compact Array, W196 reduction, DSS 47","ATCA, W196 reduction, DSS 47",-30.31288448,149.55013880,236.308,0.86405110,-0.50178970,radar,,,,"ATCA DSS 47|Australia Telescope Compact Array, W196 reduction, DSS 47|ATCA W196 reduction, DSS 47","Mon, 27 Oct 2025 16:26:35 GMT","271 australia telescope compact array, w196 reduction, dss 47 atca, w196 reduction, dss 47 atca dss 47 australia telescope compact array, w196 reduction, dss 47 atca w196 reduction, dss 47"
272,Canberra DSS 34,Canberra DSS 34,-35.39847883,148.98196440,692.121,0.81614868,-0.57609192,radar,2025-10-01,,,,"Mon, 27 Oct 2025 16:26:35 GMT",272 canberra dss 34 canberra dss 34
276,Płońsk,Plonsk,52.62745104,20.38279000,132.479,0.60829500,0.79107600,optical,,,,,"Wed, 17 Sep 2025 18:12:06 GMT",276 płonsk plonsk
277,"Royal Observatory, Blackford Hill, Edinburgh","Royal Observatory, Blackford Hill, Edinburgh",55.92491931,-3.18250000,114.880,0.56158000,0.82467000,optical,1895-09-01,,,,"Wed, 17 Sep 2025 18:12:06 GMT","277 royal observatory, blackford hill, edinburgh royal observatory, blackford hill, edinburgh"
278,"Peking, Transit of Venus site","Peking, Transit of Venus site",39.90404804,116.44940000,10.848,0.76818000,0.63809000,optical,,,,,"Wed, 17 Sep 2025 18:12:06 GMT","278 peking, transit of venus site peking, transit of venus site"
279,"Seeberg Observatory, Gotha (1787-1857)","Seeberg Observatory, Gotha (1787-1857)",50.93399037,10.72822000,356.136,0.63152600,0.77282700,optical,1787-01-01,1857-12-31,,,"Wed, 17 Sep 2025 18:12:06 GMT","279 seeberg observatory, gotha (1787 1857) seeberg observatory, gotha (1787 1857)"
280,Lilienthal,Lilienthal,53.14065965,8.91180000,-22.209,0.60114000,0.79646000,optical,,,,,"Wed, 17 Sep 2025 18:12:06 GMT",280 lilienthal lilienthal
281,Bologna,Bologna,44.49641164,11.35220000,89.173,0.71448000,0.69733000,optical,,,,,"Wed, 17 Sep 2025 18:12:06 GMT",281 bologna bologna
282,Nîmes,Nimes,43.83962026,4.36030000,66.455,0.72245000,0.68912000,optical,,,,,"Wed, 17 Sep 2025 18:12:06 GMT",282 nimes nimes
283,Bremen,Bremen,53.07635578,8.81630000,6.001,0.60204000,0.79579000,optical,,,,,"Wed, 17 Sep 2025 18:12:06 GMT",283 bremen bremen
284,Driesen,Driesen,52.83816201,15.83110000,34.941,0.60536000,0.79329000,optical,,,,,"Wed, 17 Sep 2025 18:12:06 GMT",284 driesen driesen
285,"Flammarion Observatory, Juvisy","Flammarion Observatory, Juvisy",48.69355985,2.37080000,131.373,0.66135000,0.74759000,optical,,,,,"Wed, 17 Sep 2025 18:12:06 GMT","285 flammarion observatory, juvisy flammarion observatory, juvisy"
286,Yunnan Observatory,Yunnan Observatory,25.02544704,102.78830000,1948.218,0.90694000,0.42057000,optical,,,,,"Wed, 17 Sep 2025 18:12:06 GMT",286 yunnan observatory yunnan observatory
287,"Ceduna 30, UTAS","Ceduna 30, UTAS",-31.86769029,133.80983220,164.669,0.85008495,-0.52492875,radar,2025-10-01,,,,"Mon, 27 Oct 2025 16:26:35 GMT","287 ceduna 30, utas ceduna 30, utas"
290,Mt. Graham-VATT,Mt. Graham-VATT,32.70129263,-109.89201000,3191.529,0.84274300,0.53743800,optical,,,,,"Wed, 17 Sep 2025 18:08:54 GMT",290 mt. graham vatt mt. graham vatt
291,LPL/Spacewatch II,LPL/Spacewatch II,31.96159503,-111.59976000,2037.589,0.84947100,0.52647000,optical,,,https://spacewatch.lpl.arizona.edu/telescopes#09meter,,"Tue, 26 May 2026 20:34:56 GMT",291 lpl/spacewatch ii lpl/spacewatch ii
292,"Burlington, New Jersey","Burlington, New Jersey",40.07203274,-74.89420000,4.918,0.76630000,0.64033000,optical,,,,,"Wed, 17 Sep 2025 18:12:06 GMT","292 burlington, new jersey burlington, new jersey"
293,Burlington remote site,Burlington remote site,39.79843064,-74.41010000,26.000,0.76936000,0.63668000,optical,,,,,"Wed, 17 Sep 2025 18:12:06 GMT",293 burlington remote site burlington remote site
294,"Astrophysical Obs., College of Staten Island","Astrophysical Obs., College of Staten Island",40.60384788,-74.15330000,30.968,0.76031000,0.64739000,optical,,,,,"Wed, 17 Sep 2025 18:12:06 GMT","294 astrophysical obs., college of staten island astrophysical obs., college of staten island"
295,"Catholic University Observatory, Washington","Catholic University Observatory, Washington",38.93649838,-77.00000000,218.727,0.77890000,0.62510000,optical,,,,,"Wed, 17 Sep 2025 18:12:06 GMT","295 catholic university observatory, washington catholic university observatory, washington"
296,"Dudley Observatory, Albany (after 1893)","Dudley Observatory, Albany (after 1893)",42.65366699,-73.78000000,38.695,0.73660000,0.67407000,optical,1893-01-01,,,,"Wed, 17 Sep 2025 18:12:06 GMT","296 dudley observatory, albany (after 1893) dudley observatory, albany (after 1893)"
297,Middlebury,Middlebury,44.01536976,-73.18100000,-163.794,0.72030000,0.69130000,optical,,,,,"Wed, 17 Sep 2025 18:12:06 GMT",297 middlebury middlebury
298,Van Vleck Observatory,Van Vleck Observatory,41.55516958,-72.65920000,68.771,0.74943000,0.65988000,optical,,,http://www.wesleyan.edu/astro/,,"Wed, 17 Sep 2025 18:12:06 GMT",298 van vleck observatory van vleck observatory
299,"Bosscha Observatory, Lembang","Bosscha Observatory, Lembang",-6.82550879,107.61600000,1287.045,0.99316000,-0.11808000,optical,,,,,"Wed, 17 Sep 2025 18:12:06 GMT","299 bosscha observatory, lembang bosscha observatory, lembang"
300,Bisei Spaceguard Center-BATTeRS,Bisei Spaceguard Center-BATTeRS,34.67195719,133.54444000,427.424,0.82337000,0.56572000,optical,2007-09-19,,,,"Wed, 17 Sep 2025 18:12:06 GMT",300 bisei spaceguard center batters bisei spaceguard center batters
301,Mont Megantic,Mont Megantic,45.45490208,-71.15330000,1126.381,0.70279000,0.70926000,optical,,,,,"Wed, 17 Sep 2025 18:12:06 GMT",301 mont megantic mont megantic
302,University of the Andes station,University of the Andes station,8.67275428,-71.12000000,8768.469,0.99000000,0.15000000,optical,,,,,"Wed, 17 Sep 2025 18:12:06 GMT",302 university of the andes station university of the andes station
303,"OAN de Llano del Hato, Mérida","OAN de Llano del Hato, Merida",8.78772106,-70.87040000,3624.768,0.98890000,0.15185000,optical,2012-08-10,,,,"Wed, 17 Sep 2025 18:12:06 GMT","303 oan de llano del hato, merida oan de llano del hato, merida"
304,Las Campanas Observatory,Las Campanas Observatory,-29.01455397,-70.69141500,2385.241,0.87551300,-0.48234600,optical,,,http://www.lco.cl/,,"Sat, 13 Jun 2026 01:30:04 GMT",304 las campanas observatory las campanas observatory
305,"Purple Mountain, Hainan Island station","Purple Mountain, Hainan Island station",34.94545242,109.55140000,471.424,0.82066000,0.56963000,optical,,,,,"Wed, 17 Sep 2025 18:12:06 GMT","305 purple mountain, hainan island station purple mountain, hainan island station"
306,"Observatorio Taya Beixo, Barquisimeto","Observatorio Taya Beixo, Barquisimeto",10.07558177,-69.32310000,591.384,0.98477000,0.17381000,optical,,,,,"Wed, 17 Sep 2025 18:12:06 GMT","306 observatorio taya beixo, barquisimeto observatorio taya beixo, barquisimeto"
307,"Shattuck Observatory, Hanover","Shattuck Observatory, Hanover",43.70404413,-72.28340000,208.965,0.72410000,0.68743000,optical,,,,,"Wed, 17 Sep 2025 18:12:06 GMT","307 shattuck observatory, hanover shattuck observatory, hanover"
308,"Usuda Deep Space Center, 64-m, Nagano","Usuda Deep Space Center, 64-m, Nagano",36.13240295,138.36276240,1532.854,0.80879223,0.58653039,radar,2025-10-01,,,Usuda DSS 64,"Mon, 27 Oct 2025 16:26:35 GMT","308 usuda deep space center, 64 m, nagano usuda deep space center, 64 m, nagano usuda dss 64"
309,Cerro Paranal,Cerro Paranal,-24.62720958,-70.40431000,2637.138,0.90994300,-0.41433600,optical,,,http://www.eso.org/sci/facilities/paranal/,,"Tue, 26 May 2026 20:34:56 GMT",309 cerro paranal cerro paranal
310,Minor Planet Center Test Code,Minor Planet Center Test Code,42.38146501,-71.12836000,22.400,0.73980200,0.67057400,optical,1978-06-30,,,,"Wed, 27 May 2026 15:56:58 GMT",310 minor planet center test code minor planet center test code
312,"Tsingtao field station, Xisha Islands","Tsingtao field station, Xisha Islands",16.83196452,112.33400000,-178.901,0.95740000,0.28770000,optical,,,,,"Wed, 17 Sep 2025 18:12:06 GMT","312 tsingtao field station, xisha islands tsingtao field station, xisha islands"
318,Quinns Rock,Quinns Rock,-31.64998205,115.69100000,36.412,0.85206000,-0.52170000,optical,2000-11-16,,,,"Wed, 17 Sep 2025 18:12:06 GMT",318 quinns rock quinns rock
319,"Perth Observatory, Perth-Lowell Telescope","Perth Observatory, Perth-Lowell Telescope",-32.00794891,116.13500000,428.018,0.84883000,-0.52702000,optical,,,,,"Wed, 17 Sep 2025 18:12:06 GMT","319 perth observatory, perth lowell telescope perth observatory, perth lowell telescope"
320,Chiro Observatory,Chiro Observatory,-30.92988187,116.43810000,249.129,0.85859000,-0.51102000,optical,2000-11-16,,,,"Wed, 17 Sep 2025 18:12:06 GMT",320 chiro observatory chiro observatory
321,Craigie,Craigie,-31.79046602,115.75710000,67.059,0.85078000,-0.52378000,optical,,,,,"Wed, 17 Sep 2025 18:12:06 GMT",321 craigie craigie
322,"Perth Observatory, Bickley-MCT","Perth Observatory, Bickley-MCT",-32.00874148,116.13400000,407.740,0.84882000,-0.52703000,optical,,,https://www.perthobservatory.com.au/,,"Wed, 10 Dec 2025 18:13:38 GMT","322 perth observatory, bickley mct perth observatory, bickley mct"
323,"Perth Observatory, Bickley","Perth Observatory, Bickley",-32.00874148,116.13500000,407.740,0.84882000,-0.52703000,optical,,,https://www.perthobservatory.com.au/,,"Tue, 26 May 2026 20:34:56 GMT","323 perth observatory, bickley perth observatory, bickley"
324,"Peking Observatory, Shaho Station","Peking Observatory, Shaho Station",40.10100865,116.32770000,45.194,0.76598000,0.64072000,optical,,,,,"Wed, 17 Sep 2025 18:12:06 GMT","324 peking observatory, shaho station peking observatory, shaho station"
327,"Peking Observatory, Xinglong Station","Peking Observatory, Xinglong Station",40.39423605,117.57500000,868.090,0.76278000,0.64470000,optical,,,http://vega.bac.pku.edu.cn/,,"Fri, 05 Dec 2025 13:40:40 GMT","327 peking observatory, xinglong station peking observatory, xinglong station"
330,"Purple Mountain Observatory, Nanking","Purple Mountain Observatory, Nanking",32.06665972,118.82090000,364.037,0.84828000,0.52788000,optical,,,,,"Wed, 17 Sep 2025 18:12:06 GMT","330 purple mountain observatory, nanking purple mountain observatory, nanking"
333,Desert Eagle Observatory,Desert Eagle Observatory,31.96253458,-110.47640000,1268.129,0.84936000,0.52642000,optical,,,,,"Wed, 17 Sep 2025 18:12:06 GMT",333 desert eagle observatory desert eagle observatory
334,Tsingtao,Tsingtao,36.06998107,120.31960000,94.794,0.80925000,0.58552000,optical,,,,,"Wed, 17 Sep 2025 18:12:06 GMT",334 tsingtao tsingtao
337,Sheshan,Sheshan,31.09592397,121.18430000,78.967,0.85708000,0.51348000,optical,,,,"Zô-Sé|Z\^o-S\'e|Zo-Se|Sheshan, formerly Zo-Se|Sheshan, formerly Zô-Sé|Sheshan, formerly Z\^o-S\'e","Wed, 17 Sep 2025 18:12:06 GMT","337 sheshan sheshan zo se z\^o s\'e zo se sheshan, formerly zo se sheshan, formerly zo se sheshan, formerly z\^o s\'e"
340,Toyonaka,Toyonaka,34.80693102,135.48530000,100.153,0.82199000,0.56762000,optical,2007-09-19,,,,"Wed, 17 Sep 2025 18:12:06 GMT",340 toyonaka toyonaka
341,Akashina,Akashina,36.32895310,137.94860000,893.892,0.80669000,0.58923000,optical,2007-09-19,,,,"Wed, 17 Sep 2025 18:12:06 GMT",341 akashina akashina
342,Shishikui,Shishikui,33.55133896,134.31890000,43.416,0.83425000,0.54955000,optical,2007-09-19,,,,"Wed, 17 Sep 2025 18:12:06 GMT",342 shishikui shishikui
343,Younchun,Younchun,38.20007537,127.12580000,130.155,0.78688000,0.61507000,optical,,,,,"Wed, 17 Sep 2025 18:12:06 GMT",343 younchun younchun
344,Bohyunsan Optical Astronomy Observatory,Bohyunsan Optical Astronomy Observatory,36.16483244,128.97670000,1142.981,0.80841000,0.58695000,optical,,,,,"Wed, 17 Sep 2025 18:12:06 GMT",344 bohyunsan optical astronomy observatory bohyunsan optical astronomy observatory
345,Sobaeksan Optical Astronomy Observatory,Sobaeksan Optical Astronomy Observatory,36.93455168,128.45750000,1354.398,0.80046000,0.59773000,optical,,,,,"Wed, 17 Sep 2025 18:12:06 GMT",345 sobaeksan optical astronomy observatory sobaeksan optical astronomy observatory
346,KNUE Astronomical Observatory,KNUE Astronomical Observatory,36.50787379,127.38540000,86.836,0.80474000,0.59166000,optical,2000-11-06,,,,"Wed, 17 Sep 2025 18:12:06 GMT",346 knue astronomical observatory knue astronomical observatory
347,Utsunomiya-Imaizumi,Utsunomiya-Imaizumi,36.56339849,139.90860000,127.428,0.80417000,0.59244000,optical,2007-09-19,,,,"Wed, 17 Sep 2025 18:12:06 GMT",347 utsunomiya imaizumi utsunomiya imaizumi
348,Ayabe,Ayabe,35.30791253,135.26690000,64.321,0.81698000,0.57475000,optical,2007-09-19,,,,"Wed, 17 Sep 2025 18:12:06 GMT",348 ayabe ayabe
349,Ageo,Ageo,35.95646766,139.56622000,22.875,0.81040200,0.58391600,optical,2009-03-14,,http://www.astroarts.co.jp/ageo/,,"Wed, 17 Sep 2025 18:12:06 GMT",349 ageo ageo
350,Kurohone,Kurohone,36.48190908,139.26350000,335.313,0.80504000,0.59132000,optical,2007-09-19,,,,"Wed, 17 Sep 2025 18:12:06 GMT",350 kurohone kurohone
351,Sakamoto,Sakamoto,35.06832819,135.86780000,130.101,0.81939000,0.57135000,optical,2007-09-19,,,,"Wed, 17 Sep 2025 18:12:06 GMT",351 sakamoto sakamoto
352,Konan,Konan,34.94709893,136.17780000,210.020,0.82061000,0.56963000,optical,2007-09-19,,,,"Wed, 17 Sep 2025 18:12:06 GMT",352 konan konan
353,Nishi Kobe,Nishi Kobe,34.74137049,135.06480000,174.836,0.82265000,0.56669000,optical,,,,,"Wed, 17 Sep 2025 18:12:06 GMT",353 nishi kobe nishi kobe
354,Kawachi,Kawachi,36.86732208,140.02060000,776.323,0.80109000,0.59674000,optical,,,,,"Wed, 17 Sep 2025 18:12:06 GMT",354 kawachi kawachi
355,Hadano,Hadano,35.38844258,139.21330000,145.987,0.81618000,0.57590000,optical,2007-09-19,,http://www001.upp.so-net.ne.jp/asami/,,"Wed, 17 Sep 2025 18:12:06 GMT",355 hadano hadano
356,Kogota,Kogota,38.54025903,141.08670000,8.988,0.78319000,0.61970000,optical,,,,,"Wed, 17 Sep 2025 18:12:06 GMT",356 kogota kogota
357,Shimotsuma,Shimotsuma,36.18425390,140.00640000,32.460,0.80807000,0.58712000,optical,,,,,"Wed, 17 Sep 2025 18:12:06 GMT",357 shimotsuma shimotsuma
358,Nanyo,Nanyo,38.04510331,140.15860000,251.607,0.78856000,0.61296000,optical,,,,,"Wed, 17 Sep 2025 18:12:06 GMT",358 nanyo nanyo
359,Wakayama,Wakayama,34.21430935,135.17190000,25.472,0.82782000,0.55912000,optical,1994-12-08,,,,"Wed, 17 Sep 2025 18:12:06 GMT",359 wakayama wakayama
360,Kuma Kogen,Kuma Kogen,33.67430554,132.94420000,608.791,0.83314000,0.55138000,optical,,,,,"Wed, 17 Sep 2025 18:12:06 GMT",360 kuma kogen kuma kogen
361,Sumoto,Sumoto,34.34955197,134.89330000,-14.149,0.82649000,0.56106000,optical,2007-09-19,,,,"Wed, 17 Sep 2025 18:12:06 GMT",361 sumoto sumoto
362,Ray Observatory,Ray Observatory,42.64480945,140.65500000,259.642,0.73673000,0.67398000,optical,,,,,"Wed, 17 Sep 2025 18:12:06 GMT",362 ray observatory ray observatory
363,Yamada,Yamada,33.55995026,130.77030000,-11.894,0.83416000,0.54967000,optical,,,,,"Wed, 17 Sep 2025 18:12:06 GMT",363 yamada yamada
364,YCPM Kagoshima Station,YCPM Kagoshima Station,31.64493133,130.57470000,215.695,0.85213000,0.52164000,optical,,,,,"Wed, 17 Sep 2025 18:12:06 GMT",364 ycpm kagoshima station ycpm kagoshima station
365,Uto Observatory,Uto Observatory,34.40914076,135.95790000,489.964,0.82597000,0.56196000,optical,,,,,"Wed, 17 Sep 2025 18:12:06 GMT",365 uto observatory uto observatory
366,Miyasaka Observatory,Miyasaka Observatory,35.86245662,138.30030000,879.041,0.81147000,0.58267000,optical,,,,,"Wed, 17 Sep 2025 18:12:06 GMT",366 miyasaka observatory miyasaka observatory
367,Yatsuka,Yatsuka,35.49997470,133.16700000,29.412,0.81504000,0.57747000,optical,,,,,"Wed, 17 Sep 2025 18:12:06 GMT",367 yatsuka yatsuka
368,Ochiai,Ochiai,35.80483803,138.81170000,1454.002,0.81213000,0.58191000,optical,,,,,"Wed, 17 Sep 2025 18:12:06 GMT",368 ochiai ochiai
369,Chichibu,Chichibu,35.98917967,139.15000000,277.331,0.81010000,0.58440000,optical,,,,,"Wed, 17 Sep 2025 18:12:06 GMT",369 chichibu chichibu
370,Kochi,Kochi,33.55213602,133.52730000,25.513,0.83424000,0.54956000,optical,,,,,"Wed, 17 Sep 2025 18:12:06 GMT",370 kochi kochi
371,Tokyo-Okayama,Tokyo-Okayama,34.57389117,133.59650000,356.428,0.82433000,0.56431000,optical,,,,,"Wed, 17 Sep 2025 18:12:06 GMT",371 tokyo okayama tokyo okayama
372,Geisei,Geisei,33.52662043,133.82760000,139.095,0.83450000,0.54920000,optical,,,,,"Wed, 17 Sep 2025 18:12:06 GMT",372 geisei geisei
373,Oishi,Oishi,34.13247468,135.33970000,338.082,0.82866000,0.55797000,optical,,,,,"Wed, 17 Sep 2025 18:12:06 GMT",373 oishi oishi
374,Minami-Oda Observatory,Minami-Oda Observatory,35.09460564,134.71960000,307.083,0.81915000,0.57174000,optical,,,,,"Wed, 17 Sep 2025 18:12:06 GMT",374 minami oda observatory minami oda observatory
375,Uzurano,Uzurano,34.95072677,134.87080000,413.499,0.82060000,0.56970000,optical,,,,,"Wed, 17 Sep 2025 18:12:06 GMT",375 uzurano uzurano
376,Uenohara,Uenohara,35.68974237,139.03920000,747.384,0.81321000,0.58022000,optical,,,,,"Wed, 17 Sep 2025 18:12:06 GMT",376 uenohara uenohara
377,"Kwasan Observatory, Kyoto","Kwasan Observatory, Kyoto",34.99462032,135.79330000,239.424,0.82014000,0.57031000,optical,,,,,"Wed, 17 Sep 2025 18:12:06 GMT","377 kwasan observatory, kyoto kwasan observatory, kyoto"
378,Murou,Murou,34.57336202,136.01132200,446.105,0.82434680,0.56431040,optical,,,,,"Mon, 01 Jun 2026 18:22:48 GMT",378 murou murou
379,Hamamatsu-Yuto,Hamamatsu-Yuto,34.70344574,137.62790000,-24.825,0.82300000,0.56613000,optical,2007-09-19,,,,"Wed, 17 Sep 2025 18:12:06 GMT",379 hamamatsu yuto hamamatsu yuto
380,Ishiki,Ishiki,34.81460530,137.03490000,-7.045,0.82190000,0.56772000,optical,,,,,"Wed, 17 Sep 2025 18:12:06 GMT",380 ishiki ishiki
381,Tokyo-Kiso,Tokyo-Kiso,35.79722650,137.62542000,1175.041,0.81217200,0.58177700,optical,2019-02-05,,http://www.ioa.s.u-tokyo.ac.jp/kisohp/top_e.html,,"Wed, 17 Sep 2025 18:12:06 GMT",381 tokyo kiso tokyo kiso
382,Tokyo-Norikura,Tokyo-Norikura,36.11376758,137.55530000,2848.196,0.80915000,0.58639000,optical,,,,,"Wed, 17 Sep 2025 18:12:06 GMT",382 tokyo norikura tokyo norikura
383,Chirorin,Chirorin,36.76169603,137.89590000,685.606,0.80218000,0.59526000,optical,,,,,"Wed, 17 Sep 2025 18:12:06 GMT",383 chirorin chirorin
384,Shimada,Shimada,34.81838130,138.17920000,284.283,0.82190000,0.56780000,optical,,,,,"Wed, 17 Sep 2025 18:12:06 GMT",384 shimada shimada
385,Nihondaira Observatory,Nihondaira Observatory,34.97036547,138.46800000,302.573,0.82039000,0.56997000,optical,,,,,"Wed, 17 Sep 2025 18:12:06 GMT",385 nihondaira observatory nihondaira observatory
386,Yatsugatake-Kobuchizawa,Yatsugatake-Kobuchizawa,35.89077349,138.32170000,1105.238,0.81121000,0.58309000,optical,,,,,"Wed, 17 Sep 2025 18:12:06 GMT",386 yatsugatake kobuchizawa yatsugatake kobuchizawa
387,Tokyo-Dodaira,Tokyo-Dodaira,36.00604322,139.19440000,848.454,0.81000000,0.58469000,optical,,,,,"Wed, 17 Sep 2025 18:12:06 GMT",387 tokyo dodaira tokyo dodaira
388,Tokyo-Mitaka,Tokyo-Mitaka,35.67225078,139.54210000,60.400,0.81330000,0.57991000,optical,,,,,"Wed, 17 Sep 2025 18:12:06 GMT",388 tokyo mitaka tokyo mitaka
389,Tokyo (before 1938),Tokyo (before 1938),35.65441017,139.74470000,-25.500,0.81347000,0.57965000,optical,,1937-12-31,,,"Wed, 17 Sep 2025 18:12:06 GMT",389 tokyo (before 1938) tokyo (before 1938)
390,Utsunomiya,Utsunomiya,36.55604301,139.87250000,157.360,0.80425000,0.59234000,optical,,,,,"Wed, 17 Sep 2025 18:12:06 GMT",390 utsunomiya utsunomiya
391,"Sendai Observatory, Ayashi Station","Sendai Observatory, Ayashi Station",38.26524289,140.77843000,121.051,0.78617700,0.61596000,optical,2009-03-13,,,,"Wed, 17 Sep 2025 18:12:06 GMT","391 sendai observatory, ayashi station sendai observatory, ayashi station"
392,JCPM Sapporo Station,JCPM Sapporo Station,42.91334718,141.36670000,231.035,0.73355000,0.67741000,optical,,,,,"Wed, 17 Sep 2025 18:12:06 GMT",392 jcpm sapporo station jcpm sapporo station
393,JCPM Sakura Station,JCPM Sakura Station,36.09145172,140.12920000,-142.143,0.80900000,0.58580000,optical,,,,,"Wed, 17 Sep 2025 18:12:06 GMT",393 jcpm sakura station jcpm sakura station
394,JCPM Hamatonbetsu Station,JCPM Hamatonbetsu Station,45.11166495,142.32080000,35.735,0.70692000,0.70493000,optical,,,,,"Wed, 17 Sep 2025 18:12:06 GMT",394 jcpm hamatonbetsu station jcpm hamatonbetsu station
395,Tokyo-Asahikawa,Tokyo-Asahikawa,43.84078024,142.35830000,-251.920,0.72240000,0.68910000,optical,,,,,"Wed, 17 Sep 2025 18:12:06 GMT",395 tokyo asahikawa tokyo asahikawa
396,Asahikawa,Asahikawa,43.74338069,142.42080000,-23.743,0.72360000,0.68790000,optical,,,,,"Wed, 17 Sep 2025 18:12:06 GMT",396 asahikawa asahikawa
397,Sapporo Science Center,Sapporo Science Center,43.03352319,141.47610000,29.385,0.73210000,0.67892000,optical,,,http://www.ssc.slp.or.jp/,,"Wed, 17 Sep 2025 18:12:06 GMT",397 sapporo science center sapporo science center
398,Nagatoro,Nagatoro,36.12483341,139.10800000,191.330,0.80870000,0.58630000,optical,,,,,"Wed, 17 Sep 2025 18:12:06 GMT",398 nagatoro nagatoro
399,Kushiro,Kushiro,43.07823574,144.59000000,131.528,0.73158000,0.67950000,optical,,,,,"Wed, 17 Sep 2025 18:12:06 GMT",399 kushiro kushiro
400,Kitami,Kitami,43.75844008,143.78270000,165.329,0.72344000,0.68811000,optical,,,,,"Wed, 17 Sep 2025 18:12:06 GMT",400 kitami kitami
401,Oosato,Oosato,36.11215872,139.42080000,-45.372,0.80880000,0.58610000,optical,,,,,"Wed, 17 Sep 2025 18:12:06 GMT",401 oosato oosato
402,Dynic Astronomical Observatory,Dynic Astronomical Observatory,35.20834437,136.30780000,222.023,0.81800000,0.57335000,optical,,,,,"Wed, 17 Sep 2025 18:12:06 GMT",402 dynic astronomical observatory dynic astronomical observatory
403,Kani,Kani,35.41316834,137.05560000,139.434,0.81593000,0.57625000,optical,,,,,"Wed, 17 Sep 2025 18:12:06 GMT",403 kani kani
404,Yamamoto,Yamamoto,37.82375966,140.92920000,24.731,0.79090000,0.60990000,optical,,,,,"Wed, 17 Sep 2025 18:12:06 GMT",404 yamamoto yamamoto
405,Kamihoriguchi,Kamihoriguchi,36.29725956,139.32920000,-28.694,0.80690000,0.58870000,optical,,,,,"Wed, 17 Sep 2025 18:12:06 GMT",405 kamihoriguchi kamihoriguchi
406,Bibai,Bibai,43.25529606,141.82330000,43.402,0.72946000,0.68174000,optical,,,,,"Wed, 17 Sep 2025 18:12:06 GMT",406 bibai bibai
407,Kahoku,Kahoku,38.44218176,140.30990000,70.906,0.78426000,0.61837000,optical,,,,,"Wed, 17 Sep 2025 18:12:06 GMT",407 kahoku kahoku
408,Nyukasa,Nyukasa,35.89961907,138.17470000,1815.749,0.81121000,0.58328000,optical,,,,,"Wed, 17 Sep 2025 18:12:06 GMT",408 nyukasa nyukasa
409,Kiyose and Mizuho,Kiyose and Mizuho,35.76654042,139.52110000,41.679,0.81234000,0.58124000,optical,2007-09-19,,,,"Wed, 17 Sep 2025 18:12:06 GMT",409 kiyose and mizuho kiyose and mizuho
410,Sengamine,Sengamine,35.12775914,134.89100000,398.336,0.81883000,0.57222000,optical,,,,,"Wed, 17 Sep 2025 18:12:06 GMT",410 sengamine sengamine
411,Oizumi,Oizumi,36.25047518,139.41700000,38.069,0.80739000,0.58805000,optical,,,,,"Wed, 17 Sep 2025 18:12:06 GMT",411 oizumi oizumi
412,Iwaki,Iwaki,36.96041797,140.59910000,720.472,0.80011000,0.59803000,optical,,,,,"Wed, 17 Sep 2025 18:12:06 GMT",412 iwaki iwaki
413,Siding Spring Observatory,Siding Spring Observatory,-31.27705402,149.06608000,1164.481,0.85559500,-0.51626200,optical,,,,,"Tue, 26 May 2026 20:34:56 GMT",413 siding spring observatory siding spring observatory
414,Mount Stromlo,Mount Stromlo,-35.32049947,149.00770000,741.007,0.81694000,-0.57499000,optical,,,,,"Wed, 17 Sep 2025 18:12:06 GMT",414 mount stromlo mount stromlo
415,Kambah,Kambah,-35.39693922,149.06360000,581.054,0.81615000,-0.57606000,optical,,,,,"Wed, 17 Sep 2025 18:12:06 GMT",415 kambah kambah
416,Barton,Barton,-35.31160679,149.13360000,589.119,0.81701000,-0.57485000,optical,2011-01-18,,,,"Wed, 17 Sep 2025 18:12:06 GMT",416 barton barton
417,Yanagida Astronomical Observatory,Yanagida Astronomical Observatory,37.33467008,137.13710000,181.884,0.79611000,0.60317000,optical,,,,,"Wed, 17 Sep 2025 18:12:06 GMT",417 yanagida astronomical observatory yanagida astronomical observatory
418,Tamworth,Tamworth,-31.08144408,150.94034000,444.092,0.85725900,-0.51329400,optical,2008-05-07,,,,"Wed, 17 Sep 2025 18:12:06 GMT",418 tamworth tamworth
419,Windsor,Windsor,-33.60859554,150.83290000,48.903,0.83370000,-0.55038000,optical,,,,,"Wed, 17 Sep 2025 18:12:06 GMT",419 windsor windsor
420,Sydney,Sydney,-33.86153755,151.20500000,70.938,0.83126000,-0.55404000,optical,,,,,"Wed, 17 Sep 2025 18:12:06 GMT",420 sydney sydney
421,"Mt. Kajigamori, Otoyo","Mt. Kajigamori, Otoyo",33.75594765,133.76500000,1284.963,0.83244000,0.55262000,optical,,,,,"Wed, 17 Sep 2025 18:12:06 GMT","421 mt. kajigamori, otoyo mt. kajigamori, otoyo"
422,Loomberah,Loomberah,-31.33462959,151.04610000,829.594,0.85503000,-0.51709000,optical,,,,,"Wed, 17 Sep 2025 18:12:06 GMT",422 loomberah loomberah
423,North Ryde,North Ryde,-33.80495351,151.12473000,64.098,0.83180700,-0.55322200,optical,2008-05-15,,,,"Wed, 17 Sep 2025 18:12:06 GMT",423 north ryde north ryde
424,Macquarie,Macquarie,-35.25514157,149.06580000,609.512,0.81758000,-0.57405000,optical,,,,,"Wed, 17 Sep 2025 18:12:06 GMT",424 macquarie macquarie
425,"Taylor Range Observatory, Brisbane","Taylor Range Observatory, Brisbane",-27.46327237,152.93160000,151.008,0.88796000,-0.45843000,optical,2007-08-27,,,,"Wed, 17 Sep 2025 18:12:06 GMT","425 taylor range observatory, brisbane taylor range observatory, brisbane"
426,Woomera,Woomera,-31.19655316,136.82170000,114.502,0.85618000,-0.51498000,optical,,,,,"Wed, 17 Sep 2025 18:12:06 GMT",426 woomera woomera
427,Stockport,Stockport,-34.33326912,138.72830000,142.226,0.82667000,-0.56084000,optical,,,http://www.assa.org.au/,,"Wed, 17 Sep 2025 18:12:06 GMT",427 stockport stockport
428,Reedy Creek,Reedy Creek,-28.11026701,153.39700000,82.368,0.88271000,-0.46837000,optical,2007-08-29,,,,"Wed, 17 Sep 2025 18:12:06 GMT",428 reedy creek reedy creek
429,Hawker,Hawker,-35.25273796,149.04000000,655.320,0.81761000,-0.57402000,optical,,,,,"Wed, 17 Sep 2025 18:12:06 GMT",429 hawker hawker
430,"Rainbow Observatory, near Coonabarabran","Rainbow Observatory, near Coonabarabran",-31.27831790,149.21230000,540.656,0.85550000,-0.51623000,optical,,,,,"Wed, 17 Sep 2025 18:12:06 GMT","430 rainbow observatory, near coonabarabran rainbow observatory, near coonabarabran"
431,"Mt. Tarana Observatory, Bathurst","Mt. Tarana Observatory, Bathurst",-33.43462474,149.75780000,883.993,0.83548000,-0.54793000,optical,,,,,"Wed, 17 Sep 2025 18:12:06 GMT","431 mt. tarana observatory, bathurst mt. tarana observatory, bathurst"
432,Boambee,Boambee,-30.33915667,153.08222000,10.704,0.86379000,-0.50216600,optical,2008-05-20,,,,"Wed, 17 Sep 2025 18:12:06 GMT",432 boambee boambee
433,Bagnall Beach Observatory,Bagnall Beach Observatory,-32.73847521,152.10780000,-18.703,0.84197000,-0.53771000,optical,,,,,"Wed, 17 Sep 2025 18:12:06 GMT",433 bagnall beach observatory bagnall beach observatory
434,S. Benedetto Po,S. Benedetto Po,45.05201000,10.92060000,-18.834,0.70765000,0.70419000,optical,,,,S. Benedetto Po,"Thu, 26 Feb 2026 19:05:04 GMT",434 s. benedetto po s. benedetto po s. benedetto po
435,"G. Colombo Astronomical Observatory, Padua","G. Colombo Astronomical Observatory, Padua",45.40425364,11.89360000,46.837,0.70330000,0.70852000,optical,,,,,"Wed, 17 Sep 2025 18:12:06 GMT","435 g. colombo astronomical observatory, padua g. colombo astronomical observatory, padua"
436,Osservatorio di Livergnano,Osservatorio di Livergnano,44.32801367,11.33560000,506.670,0.71658000,0.69528000,optical,,,,,"Wed, 17 Sep 2025 18:12:06 GMT",436 osservatorio di livergnano osservatorio di livergnano
437,Haverford,Haverford,40.01098355,-75.30290000,140.333,0.76700000,0.63953000,optical,,,,,"Wed, 17 Sep 2025 18:12:06 GMT",437 haverford haverford
438,"Smith College Observatory, Northampton","Smith College Observatory, Northampton",42.31729255,-72.63790000,325.324,0.74059000,0.66978000,optical,,,,,"Wed, 17 Sep 2025 18:12:06 GMT","438 smith college observatory, northampton smith college observatory, northampton"
439,"ROTSE-III, Los Alamos","ROTSE-III, Los Alamos",35.86920655,-106.74610000,2128.977,0.81156000,0.58288000,optical,,,,,"Wed, 17 Sep 2025 18:12:06 GMT","439 rotse iii, los alamos rotse iii, los alamos"
440,Elginfield Observatory,Elginfield Observatory,43.19202490,-81.31580000,351.650,0.73025000,0.68097000,optical,,,,,"Wed, 17 Sep 2025 18:12:06 GMT",440 elginfield observatory elginfield observatory
441,"Swilken Brae, St. Andrews","Swilken Brae, St. Andrews",56.33751264,-2.83030000,6.964,0.55559000,0.82867000,optical,2002-02-25,,,,"Wed, 17 Sep 2025 18:12:06 GMT","441 swilken brae, st. andrews swilken brae, st. andrews"
442,Gualba Observatory,Gualba Observatory,41.70786801,-2.51780000,380.682,0.74770000,0.66190000,optical,2002-02-24,,,,"Wed, 17 Sep 2025 18:12:06 GMT",442 gualba observatory gualba observatory
443,"Obs. Astronomico Plomer, Buenos Aires","Obs. Astronomico Plomer, Buenos Aires",-34.63326570,-58.53440000,19.155,0.82370000,-0.56513000,optical,2001-12-25,,,,"Wed, 17 Sep 2025 18:12:06 GMT","443 obs. astronomico plomer, buenos aires obs. astronomico plomer, buenos aires"
444,Star Cruiser Observatory,Star Cruiser Observatory,33.48359743,-116.72060000,1339.722,0.83507000,0.54868000,optical,,,,,"Wed, 17 Sep 2025 18:12:06 GMT",444 star cruiser observatory star cruiser observatory
445,Observatorio d'Ontinyent,Observatorio d\'Ontinyent,38.81805951,-0.58000000,268.430,0.78020000,0.62350000,optical,2001-12-07,,http://www.terra.es/personal2/camami/,,"Wed, 17 Sep 2025 18:12:06 GMT",445 observatorio d'ontinyent observatorio d\'ontinyent
446,"Kingsnake Observatory, Seguin","Kingsnake Observatory, Seguin",29.56909090,-97.83340000,138.810,0.87049000,0.49058000,optical,,,,,"Wed, 17 Sep 2025 18:12:06 GMT","446 kingsnake observatory, seguin kingsnake observatory, seguin"
447,Centennial Observatory,Centennial Observatory,39.62122182,-104.79440000,1757.492,0.77154000,0.63448000,optical,,,,,"Wed, 17 Sep 2025 18:12:06 GMT",447 centennial observatory centennial observatory
448,"Desert Moon Observatory, Las Cruces","Desert Moon Observatory, Las Cruces",32.38758462,-106.71990000,1313.091,0.84543000,0.53268000,optical,,,http://www.morning-twilight.com/dm448/,,"Wed, 17 Sep 2025 18:12:06 GMT","448 desert moon observatory, las cruces desert moon observatory, las cruces"
449,"Griffin Hunter Observatory, Bethune","Griffin Hunter Observatory, Bethune",34.38366824,-80.34970000,101.304,0.82617000,0.56156000,optical,2001-09-12,,,,"Wed, 17 Sep 2025 18:12:06 GMT","449 griffin hunter observatory, bethune griffin hunter observatory, bethune"
450,"Carla Jane Observatory, Charlotte","Carla Jane Observatory, Charlotte",35.15140536,-80.66610000,216.986,0.81857000,0.57254000,optical,,,,,"Wed, 17 Sep 2025 18:12:06 GMT","450 carla jane observatory, charlotte carla jane observatory, charlotte"
451,"West Skies Observatory, Mulvane","West Skies Observatory, Mulvane",37.49188840,-97.24310000,360.135,0.79447000,0.60536000,optical,,,,,"Wed, 17 Sep 2025 18:12:06 GMT","451 west skies observatory, mulvane west skies observatory, mulvane"
452,"Big Cypress Observatory, Fort Lauderdale","Big Cypress Observatory, Fort Lauderdale",26.17865405,-80.89370000,-56.934,0.89800000,0.43850000,optical,,,,,"Wed, 17 Sep 2025 18:12:06 GMT","452 big cypress observatory, fort lauderdale big cypress observatory, fort lauderdale"
453,Edwards Raven Observatory,Edwards Raven Observatory,34.98463627,-117.86690000,709.736,0.82030000,0.57021000,optical,,,,,"Wed, 17 Sep 2025 18:12:06 GMT",453 edwards raven observatory edwards raven observatory
454,Maryland Space Grant Consortium Observatory,Maryland Space Grant Consortium Observatory,39.33180907,-76.62322000,93.972,0.77454200,0.63042500,optical,,,,,"Wed, 17 Sep 2025 18:12:06 GMT",454 maryland space grant consortium observatory maryland space grant consortium observatory
455,CBA Concord,CBA Concord,37.98997464,-122.03640000,1.433,0.78912000,0.61218000,optical,,,,,"Wed, 17 Sep 2025 18:12:06 GMT",455 cba concord cba concord
456,Daventry Observatory,Daventry Observatory,52.25259288,-1.17220000,138.651,0.61348000,0.78709000,optical,,,,,"Wed, 17 Sep 2025 18:12:06 GMT",456 daventry observatory daventry observatory
457,Partizanske,Partizanske,48.62849267,18.34030000,210.703,0.66221000,0.74685000,optical,,,,,"Wed, 17 Sep 2025 18:12:06 GMT",457 partizanske partizanske
458,Guadarrama Observatory,Guadarrama Observatory,40.64720140,-4.01940000,883.925,0.75992000,0.64805000,optical,,,http://astrosurf.com/blazar/inicio.html,,"Wed, 17 Sep 2025 18:12:06 GMT",458 guadarrama observatory guadarrama observatory
459,"Smith River Observatory, Danbury","Smith River Observatory, Danbury",43.54083766,-71.88280000,284.131,0.72607000,0.68538000,optical,,,,,"Wed, 17 Sep 2025 18:12:06 GMT","459 smith river observatory, danbury smith river observatory, danbury"
460,"Area 52 Observatory, Nashville","Area 52 Observatory, Nashville",33.98226008,-94.00190000,160.500,0.83010000,0.55579000,optical,,,,,"Wed, 17 Sep 2025 18:12:06 GMT","460 area 52 observatory, nashville area 52 observatory, nashville"
461,"University of Szeged, Piszkéstető Stn. (Konkoly)","University of Szeged, Piszkesteto Stn. (Konkoly)",47.91745264,19.89367000,983.283,0.67154300,0.73868900,optical,,,http://titan.physx.u-szeged.hu/~sky/jas/,,"Wed, 17 Sep 2025 18:12:06 GMT","461 university of szeged, piszkesteto stn. (konkoly) university of szeged, piszkesteto stn. (konkoly)"
462,Mount Belleview Observatory,Mount Belleview Observatory,38.92125077,-76.91580000,81.283,0.77905000,0.62488000,optical,,,,,"Wed, 17 Sep 2025 18:12:06 GMT",462 mount belleview observatory mount belleview observatory
463,"Sommers-Bausch Observatory, Boulder","Sommers-Bausch Observatory, Boulder",40.00402287,-105.26250000,1656.562,0.76726000,0.63959000,optical,,,,,"Wed, 17 Sep 2025 18:12:06 GMT","463 sommers bausch observatory, boulder sommers bausch observatory, boulder"
464,"Toby Point Observatory, Narragansett","Toby Point Observatory, Narragansett",41.41071170,-71.49870000,15.600,0.75109000,0.65799000,optical,,,,,"Wed, 17 Sep 2025 18:12:06 GMT","464 toby point observatory, narragansett toby point observatory, narragansett"
465,Takapuna,Takapuna,-36.80352591,174.78010000,15.206,0.80166000,-0.59578000,optical,1999-08-02,,,,"Wed, 17 Sep 2025 18:12:06 GMT",465 takapuna takapuna
466,"Mount Molehill Observatory, Auckland","Mount Molehill Observatory, Auckland",-36.94215286,174.84870000,-86.054,0.80020000,-0.59770000,optical,,,,,"Wed, 17 Sep 2025 18:12:06 GMT","466 mount molehill observatory, auckland mount molehill observatory, auckland"
467,Auckland Observatory,Auckland Observatory,-36.90789743,174.77660000,88.876,0.80058000,-0.59724000,optical,,,,,"Wed, 17 Sep 2025 18:12:06 GMT",467 auckland observatory auckland observatory
468,"Astronomical Observatory, Campo Catino","Astronomical Observatory, Campo Catino",41.82108927,13.32960000,1521.747,0.74652000,0.66349000,optical,1998-01-29,,http://www.campocatinobservatory.org/,,"Wed, 17 Sep 2025 18:12:06 GMT","468 astronomical observatory, campo catino astronomical observatory, campo catino"
469,Courroux,Courroux,47.35625440,7.38200000,583.447,0.67873000,0.73205000,optical,1998-04-08,,,,"Wed, 17 Sep 2025 18:12:06 GMT",469 courroux courroux
470,Ceccano,Ceccano,41.57027889,13.32756000,175.810,0.74926800,0.66008800,optical,2013-02-07,,http://www.bellatrixobservatory.org/,,"Wed, 17 Sep 2025 18:12:06 GMT",470 ceccano ceccano
471,Houstrup,Houstrup,55.78159591,8.23890000,-5.592,0.56364000,0.82325000,optical,,,,,"Wed, 17 Sep 2025 18:12:06 GMT",471 houstrup houstrup
472,Merlette,Merlette,44.69455482,6.32030000,1827.954,0.71225000,0.69998000,optical,1997-02-17,,,,"Wed, 17 Sep 2025 18:12:06 GMT",472 merlette merlette
473,Remanzacco,Remanzacco,46.08636451,13.31661000,108.473,0.69479300,0.71682200,optical,2008-06-03,,http://remanzacco.blogspot.com/,,"Wed, 17 Sep 2025 18:12:06 GMT",473 remanzacco remanzacco
474,"Mount John Observatory, Lake Tekapo","Mount John Observatory, Lake Tekapo",-43.98738488,170.46496000,1027.110,0.72077300,-0.69107900,optical,,,http://www.phys.canterbury.ac.nz/,,"Wed, 17 Sep 2025 18:12:06 GMT","474 mount john observatory, lake tekapo mount john observatory, lake tekapo"
475,Turin (before 1913),Turin (before 1913),45.06905165,7.69650000,253.768,0.70747000,0.70443000,optical,,1912-12-31,,,"Wed, 17 Sep 2025 18:12:06 GMT",475 turin (before 1913) turin (before 1913)
476,"Grange Observatory, Bussoleno","Grange Observatory, Bussoleno",45.14217150,7.14074000,521.310,0.70659700,0.70535900,optical,2019-09-28,,https://grangeobs.org/,,"Wed, 17 Sep 2025 18:12:06 GMT","476 grange observatory, bussoleno grange observatory, bussoleno"
477,Galleywood,Galleywood,51.70263211,0.48560000,55.533,0.62103000,0.78117000,optical,,,,,"Wed, 17 Sep 2025 18:12:06 GMT",477 galleywood galleywood
478,Lamalou-les-Bains,Lamalou-les-Bains,43.58872063,3.08960000,150.837,0.72548000,0.68597000,optical,,,,,"Wed, 17 Sep 2025 18:12:06 GMT",478 lamalou les bains lamalou les bains
479,Sollies-Pont,Sollies-Pont,43.19357105,6.05050000,75.494,0.73020000,0.68096000,optical,,,,,"Wed, 17 Sep 2025 18:12:06 GMT",479 sollies pont sollies pont
480,Cockfield,Cockfield,52.16647668,0.77330000,62.981,0.61466000,0.78616000,optical,2007-08-24,,,,"Wed, 17 Sep 2025 18:12:06 GMT",480 cockfield cockfield
481,Moorwarfen,Moorwarfen,53.55366705,7.93067000,48.602,0.59536500,0.80077100,optical,,,,,"Wed, 17 Sep 2025 18:12:06 GMT",481 moorwarfen moorwarfen
482,St. Andrews,St. Andrews,56.33671837,-2.81460000,-10.768,0.55560000,0.82866000,optical,,,http://star-www.st-and.ac.uk/,,"Wed, 17 Sep 2025 18:12:06 GMT",482 st. andrews st. andrews
483,"Carter Observatory, Black Birch Station","Carter Observatory, Black Birch Station",-41.74905094,173.80360000,1384.052,0.74734000,-0.66254000,optical,,,,,"Wed, 17 Sep 2025 18:12:06 GMT","483 carter observatory, black birch station carter observatory, black birch station"
484,"Happy Valley, Wellington","Happy Valley, Wellington",-41.33950683,174.75940000,19.489,0.75191000,-0.65706000,optical,2011-07-31,,,,"Wed, 17 Sep 2025 18:12:06 GMT","484 happy valley, wellington happy valley, wellington"
485,"Carter Observatory, Wellington","Carter Observatory, Wellington",-41.28423705,174.76540000,143.997,0.75256000,-0.65635000,optical,,,,,"Wed, 17 Sep 2025 18:12:06 GMT","485 carter observatory, wellington carter observatory, wellington"
486,Palmerston North,Palmerston North,-40.23734605,175.47000000,4649.231,0.76500000,-0.64300000,optical,,,,,"Wed, 17 Sep 2025 18:12:06 GMT",486 palmerston north palmerston north
487,Macnairston Observatory,Macnairston Observatory,55.43933972,-4.55560000,105.796,0.56858000,0.81989000,optical,,,,,"Wed, 17 Sep 2025 18:12:06 GMT",487 macnairston observatory macnairston observatory
488,Newcastle-upon-Tyne,Newcastle-upon-Tyne,55.00134437,-1.63360000,113.169,0.57486000,0.81553000,optical,,,,,"Wed, 17 Sep 2025 18:12:06 GMT",488 newcastle upon tyne newcastle upon tyne
489,Hemingford Abbots,Hemingford Abbots,52.35162005,-0.13000000,-1041.197,0.61200000,0.78800000,optical,,,,,"Wed, 17 Sep 2025 18:12:06 GMT",489 hemingford abbots hemingford abbots
490,Wimborne Minster,Wimborne Minster,50.83852656,-2.00000000,2194.476,0.63300000,0.77200000,optical,,,,,"Wed, 17 Sep 2025 18:12:06 GMT",490 wimborne minster wimborne minster
491,Centro Astronómico de Yebes,Centro Astronomico de Yebes,40.52505043,-3.10000000,935.943,0.76131000,0.64644000,optical,,,,,"Wed, 17 Sep 2025 18:12:06 GMT",491 centro astronomico de yebes centro astronomico de yebes
492,Mickleover,Mickleover,52.91372114,-1.53000000,7345.307,0.60500000,0.79500000,optical,,,,,"Wed, 17 Sep 2025 18:12:06 GMT",492 mickleover mickleover
493,Calar Alto,Calar Alto,37.22352849,-2.54580000,2173.098,0.79753000,0.60182000,optical,,,http://www.caha.es/,,"Sat, 13 Jun 2026 01:30:12 GMT",493 calar alto calar alto
494,Stakenbridge,Stakenbridge,52.41286211,-2.16390000,69.047,0.61126000,0.78879000,optical,,,http://www.britastro.org/,,"Wed, 17 Sep 2025 18:12:06 GMT",494 stakenbridge stakenbridge
495,Altrincham,Altrincham,53.37631653,-2.33753000,106.719,0.59785700,0.79893600,optical,2017-07-23,,,,"Wed, 17 Sep 2025 18:12:06 GMT",495 altrincham altrincham
496,Bishopstoke,Bishopstoke,50.96281762,-1.31400000,-3.479,0.63110000,0.77310000,optical,,,,,"Wed, 17 Sep 2025 18:12:06 GMT",496 bishopstoke bishopstoke
497,Loudwater,Loudwater,51.60857946,-0.70551000,119.451,0.62232300,0.78016000,optical,2017-07-23,,,,"Wed, 17 Sep 2025 18:12:06 GMT",497 loudwater loudwater
498,Earls Barton,Earls Barton,52.26209630,-0.74190000,45.995,0.61334000,0.78718000,optical,2007-08-29,,,,"Wed, 17 Sep 2025 18:12:06 GMT",498 earls barton earls barton
499,Cheam,Cheam,51.36983154,-0.20922000,80.249,0.62557800,0.77756200,optical,2017-07-23,,,,"Wed, 17 Sep 2025 18:12:06 GMT",499 cheam cheam
501,Herstmonceux,Herstmonceux,50.86942946,0.34750000,53.494,0.63237000,0.77208000,optical,,,,,"Wed, 17 Sep 2025 18:12:06 GMT",501 herstmonceux herstmonceux
502,Colchester,Colchester,51.91583932,0.84793000,99.323,0.61811100,0.78347500,optical,2017-07-23,,,,"Wed, 17 Sep 2025 18:12:06 GMT",502 colchester colchester
503,Cambridge,Cambridge,52.21428662,0.09480000,52.269,0.61400000,0.78667000,optical,,,,,"Wed, 17 Sep 2025 18:12:06 GMT",503 cambridge cambridge
504,Le Creusot,Le Creusot,46.82251865,4.39440000,449.360,0.68553000,0.72570000,optical,,,http://station504.pagesperso-orange.fr/,,"Wed, 17 Sep 2025 18:12:06 GMT",504 le creusot le creusot
505,Simon Stevin,Simon Stevin,51.56627774,4.56390000,107.111,0.62290000,0.77970000,optical,,,,,"Wed, 17 Sep 2025 18:12:06 GMT",505 simon stevin simon stevin
506,Bendestorf,Bendestorf,53.30344469,9.96000000,-9254.232,0.59800000,0.79700000,optical,,,,,"Wed, 17 Sep 2025 18:12:06 GMT",506 bendestorf bendestorf
507,Nyenheim,Nyenheim,51.94920682,5.22000000,-6655.066,0.61700000,0.78300000,optical,,,,,"Wed, 17 Sep 2025 18:12:06 GMT",507 nyenheim nyenheim
508,Zeist,Zeist,51.94920682,5.29000000,-6655.066,0.61700000,0.78300000,optical,,,,,"Wed, 17 Sep 2025 18:12:06 GMT",508 zeist zeist
509,La Seyne sur Mer,La Seyne sur Mer,43.09933377,5.87250000,53.314,0.73132000,0.67976000,optical,,,,,"Wed, 17 Sep 2025 18:12:06 GMT",509 la seyne sur mer la seyne sur mer
510,Siegen,Siegen,50.91028305,8.02560000,386.338,0.63185000,0.77257000,optical,,,http://www.uni-siegen.de/fb7/didaktik/sternwarte/,,"Wed, 17 Sep 2025 18:12:06 GMT",510 siegen siegen
511,Haute Provence,Haute Provence,43.93187266,5.71570000,633.929,0.72140000,0.69034000,optical,,,http://www.obs-hp.fr/,,"Wed, 17 Sep 2025 18:12:06 GMT",511 haute provence haute provence
512,Leiden (before 1860),Leiden (before 1860),52.15798086,4.48930000,-10.355,0.61477000,0.78606000,optical,,1859-12-31,,,"Wed, 17 Sep 2025 18:12:06 GMT",512 leiden (before 1860) leiden (before 1860)
513,Lyons,Lyons,45.69478505,4.78550000,266.345,0.69971000,0.71209000,optical,,,,,"Wed, 17 Sep 2025 18:12:06 GMT",513 lyons lyons
514,Mundenheim (1907-1913),Mundenheim (1907-1913),49.45627621,8.43800000,115.547,0.65130000,0.75630000,optical,,,,,"Wed, 17 Sep 2025 18:12:06 GMT",514 mundenheim (1907 1913) mundenheim (1907 1913)
515,"Volkssternwarte Dhaun, near Kirn","Volkssternwarte Dhaun, near Kirn",49.81490498,7.49560000,363.485,0.64656000,0.76038000,optical,,,,,"Wed, 17 Sep 2025 18:12:06 GMT","515 volkssternwarte dhaun, near kirn volkssternwarte dhaun, near kirn"
516,Hamburg (before 1909),Hamburg (before 1909),53.55107836,9.97321000,23.517,0.59539900,0.80074100,optical,,1908-12-31,,,"Wed, 17 Sep 2025 18:12:06 GMT",516 hamburg (before 1909) hamburg (before 1909)
517,Geneva (from 1967),Geneva (from 1967),46.31075047,6.13580000,472.438,0.69201000,0.71957000,optical,1967-01-01,,http://www.unige.ch/sciences/astro/,,"Wed, 17 Sep 2025 18:12:06 GMT",517 geneva (from 1967) geneva (from 1967)
518,"Marine Observatory, Hamburg","Marine Observatory, Hamburg",53.54767197,9.97270000,57.737,0.59545000,0.80071000,optical,,,,,"Wed, 17 Sep 2025 18:12:06 GMT","518 marine observatory, hamburg marine observatory, hamburg"
519,Meschede,Meschede,51.34209456,8.28670000,326.432,0.62598000,0.77729000,optical,,,,,"Wed, 17 Sep 2025 18:12:06 GMT",519 meschede meschede
520,Bonn,Bonn,50.72884425,7.09660000,51.763,0.63427000,0.77053000,optical,,,,,"Wed, 17 Sep 2025 18:12:06 GMT",520 bonn bonn
521,"Remeis Observatory, Bamberg","Remeis Observatory, Bamberg",49.88454601,10.88794000,287.482,0.64562400,0.76115400,optical,,,,,"Wed, 17 Sep 2025 18:12:06 GMT","521 remeis observatory, bamberg remeis observatory, bamberg"
522,Strasbourg,Strasbourg,48.58381657,7.76770000,168.731,0.66279000,0.74633000,optical,,,,,"Wed, 17 Sep 2025 18:12:06 GMT",522 strasbourg strasbourg
523,Frankfurt,Frankfurt,50.11664339,8.65120000,156.043,0.64251000,0.76374000,optical,,,,,"Wed, 17 Sep 2025 18:12:06 GMT",523 frankfurt frankfurt
524,Mannheim,Mannheim,49.48489150,8.46050000,-88.003,0.65090000,0.75660000,optical,,,,,"Wed, 17 Sep 2025 18:12:06 GMT",524 mannheim mannheim
525,Marburg,Marburg,50.81184480,8.76917000,277.697,0.63317100,0.77147300,optical,2017-08-05,,http://www.physik.uni-marburg.de/en/research/lehrerbildung-didaktik/astronomie/sternwarte.html,,"Wed, 17 Sep 2025 18:12:06 GMT",525 marburg marburg
526,Kiel,Kiel,54.34094678,10.14770000,75.074,0.58426000,0.80886000,optical,,,,,"Wed, 17 Sep 2025 18:12:06 GMT",526 kiel kiel
527,Altona,Altona,53.54502678,9.94310000,195.921,0.59550000,0.80070000,optical,,,,,"Wed, 17 Sep 2025 18:12:06 GMT",527 altona altona
528,Göttingen,Gottingen,51.52992795,9.94260000,142.240,0.62340000,0.77931000,optical,,,,,"Wed, 17 Sep 2025 18:12:06 GMT",528 gottingen gottingen
529,Christiania,Christiania,59.91214383,10.72290000,20.389,0.50259000,0.86163000,optical,,,,,"Wed, 17 Sep 2025 18:12:06 GMT",529 christiania christiania
530,Lübeck,Lubeck,53.85679706,10.68980000,31.359,0.59110000,0.80390000,optical,,,,,"Wed, 17 Sep 2025 18:12:06 GMT",530 lubeck lubeck
531,"Collegio Romano, Rome","Collegio Romano, Rome",41.89843493,12.47970000,56.677,0.74545000,0.66434000,optical,,,,,"Wed, 17 Sep 2025 18:12:06 GMT","531 collegio romano, rome collegio romano, rome"
532,Munich,Munich,48.14608451,11.60840000,514.303,0.66853000,0.74130000,optical,,,,,"Wed, 17 Sep 2025 18:12:06 GMT",532 munich munich
533,Padua,Padua,45.40019579,11.87150000,43.671,0.70335000,0.70847000,optical,,,,,"Wed, 17 Sep 2025 18:12:06 GMT",533 padua padua
534,Leipzig (since 1861),Leipzig (since 1861),51.33493213,12.39130000,147.158,0.62606000,0.77719000,optical,1861-01-01,,,,"Wed, 17 Sep 2025 18:12:06 GMT",534 leipzig (since 1861) leipzig (since 1861)
535,Palermo,Palermo,38.11203521,13.35780000,76.620,0.78782000,0.61386000,optical,,,http://www.astropa.unipa.it/,,"Wed, 17 Sep 2025 18:12:06 GMT",535 palermo palermo
536,Berlin-Babelsberg,Berlin-Babelsberg,52.40667660,13.10620000,115.973,0.61135000,0.78873000,optical,,,http://www.aip.de/,,"Wed, 17 Sep 2025 18:12:06 GMT",536 berlin babelsberg berlin babelsberg
537,"Urania Observatory, Berlin","Urania Observatory, Berlin",52.52601982,13.36420000,127.960,0.60970000,0.79000000,optical,,,,,"Wed, 17 Sep 2025 18:12:06 GMT","537 urania observatory, berlin urania observatory, berlin"
538,Pola,Pola,44.86329980,13.84610000,41.765,0.70998000,0.70187000,optical,,,,,"Wed, 17 Sep 2025 18:12:06 GMT",538 pola pola
539,Kremsmünster,Kremsmunster,48.05638570,14.13160000,380.384,0.66968000,0.74024000,optical,,,,,"Wed, 17 Sep 2025 18:12:06 GMT",539 kremsmunster kremsmunster
540,Linz,Linz,48.44248666,14.27530000,785.291,0.66470000,0.74477000,optical,,,,,"Wed, 17 Sep 2025 18:12:06 GMT",540 linz linz
541,Prague,Prague,50.07663413,14.39530000,302.467,0.64306000,0.76331000,optical,,,,,"Wed, 17 Sep 2025 18:12:06 GMT",541 prague prague
542,Falkensee,Falkensee,52.56726293,13.03740000,-173.916,0.60910000,0.79040000,optical,,,,,"Wed, 17 Sep 2025 18:12:06 GMT",542 falkensee falkensee
543,Leipzig (before 1861),Leipzig (before 1861),51.33797612,12.36880000,-42.123,0.62600000,0.77720000,optical,,1860-12-31,,,"Wed, 17 Sep 2025 18:12:06 GMT",543 leipzig (before 1861) leipzig (before 1861)
544,"Wilhelm Foerster Observatory, Berlin","Wilhelm Foerster Observatory, Berlin",52.45737794,13.35131000,65.090,0.61064400,0.78926300,optical,2008-07-25,,,,"Wed, 17 Sep 2025 18:12:06 GMT","544 wilhelm foerster observatory, berlin wilhelm foerster observatory, berlin"
545,Vienna (before 1879),Vienna (before 1879),48.20961715,16.38170000,183.833,0.66767000,0.74200000,optical,,1878-12-31,,,"Wed, 17 Sep 2025 18:12:06 GMT",545 vienna (before 1879) vienna (before 1879)
546,"Oppolzer Observatory, Vienna","Oppolzer Observatory, Vienna",48.21528642,16.35490000,219.216,0.66760000,0.74207000,optical,,,,,"Wed, 17 Sep 2025 18:12:06 GMT","546 oppolzer observatory, vienna oppolzer observatory, vienna"
547,Breslau,Breslau,51.11557532,17.03630000,116.426,0.62904000,0.77479000,optical,,,,,"Wed, 17 Sep 2025 18:12:06 GMT",547 breslau breslau
548,Berlin (1835-1913),Berlin (1835-1913),52.50445886,13.39500000,38.896,0.60999000,0.78976000,optical,,,,,"Wed, 17 Sep 2025 18:12:06 GMT",548 berlin (1835 1913) berlin (1835 1913)
549,Uppsala,Uppsala,59.85803616,17.62570000,51.410,0.50341000,0.86116000,optical,,,http://www.astro.uu.se/,,"Wed, 17 Sep 2025 18:12:06 GMT",549 uppsala uppsala
550,Schwerin,Schwerin,53.62758336,11.41960000,-241.186,0.59430000,0.80150000,optical,,,,,"Wed, 17 Sep 2025 18:12:06 GMT",550 schwerin schwerin
551,Hurbanovo,Hurbanovo,47.87415828,18.18950000,98.515,0.67201000,0.73808000,optical,,,,"Ógyalla|\'Ogyalla|Stará Ďala|Star\'\a \v Dala|Stara Dala|Hurbanovo, formerly O\'Gyalla","Wed, 17 Sep 2025 18:12:06 GMT","551 hurbanovo hurbanovo ogyalla \'ogyalla stara dala star\'\a \v dala stara dala hurbanovo, formerly o\'gyalla"
552,"Osservatorio S. Vittore, Bologna","Osservatorio S. Vittore, Bologna",44.46801788,11.34180000,298.097,0.71485000,0.69700000,optical,,,,,"Wed, 17 Sep 2025 18:12:06 GMT","552 osservatorio s. vittore, bologna osservatorio s. vittore, bologna"
553,Chorzów,Chorzow,50.29974628,18.99380000,-206.550,0.64002000,0.76574000,optical,,,,,"Wed, 17 Sep 2025 18:12:06 GMT",553 chorzow chorzow
554,"Burgsolms Observatory, Wetzlar","Burgsolms Observatory, Wetzlar",50.53928450,8.39590000,192.120,0.63684000,0.76845000,optical,,,,,"Wed, 17 Sep 2025 18:12:06 GMT","554 burgsolms observatory, wetzlar burgsolms observatory, wetzlar"
555,Cracow-Fort Skała,Cracow-Fort Skala,50.05424260,19.82630000,308.075,0.64336000,0.76306000,optical,,,,,"Wed, 17 Sep 2025 18:12:06 GMT",555 cracow fort skała cracow fort skala
556,"Reintal, near Munich","Reintal, near Munich",47.58967026,11.26000000,-6331.615,0.67500000,0.73400000,optical,,,,,"Wed, 17 Sep 2025 18:12:06 GMT","556 reintal, near munich reintal, near munich"
557,Ondřejov,Ondrejov,49.91479986,14.77961000,580.495,0.64525000,0.76152900,optical,,,http://www.asu.cas.cz/~ppravec/,,"Wed, 17 Sep 2025 18:12:06 GMT",557 ondrejov ondrejov
558,Warsaw,Warsaw,52.21785462,21.03030000,147.998,0.61396000,0.78672000,optical,,,http://www.astrouw.edu.pl/,,"Wed, 17 Sep 2025 18:12:06 GMT",558 warsaw warsaw
559,Serra La Nave,Serra La Nave,37.61809700,14.98000000,-697.060,0.79300000,0.60700000,optical,,,http://w3c.ct.astro.it/sln/index.html,,"Wed, 17 Sep 2025 18:12:06 GMT",559 serra la nave serra la nave
560,Madonna di Dossobuono,Madonna di Dossobuono,45.40745848,10.93100000,62.890,0.70326200,0.70856100,optical,2007-09-18,,http://obs560.interfree.it/,,"Wed, 17 Sep 2025 18:12:06 GMT",560 madonna di dossobuono madonna di dossobuono
561,Piszkéstető Stn. (Konkoly),Piszkesteto Stn. (Konkoly),47.91745264,19.89367000,983.283,0.67154300,0.73868900,optical,,,http://www.konkoly.hu/,,"Wed, 17 Sep 2025 18:08:55 GMT",561 piszkesteto stn. (konkoly) piszkesteto stn. (konkoly)
562,"Figl Observatory, Vienna","Figl Observatory, Vienna",48.08375092,15.92360000,904.919,0.66938000,0.74062000,optical,,,,,"Wed, 17 Sep 2025 18:12:06 GMT","562 figl observatory, vienna figl observatory, vienna"
563,Seewalchen,Seewalchen,47.95252570,13.60000000,135.540,0.67100000,0.73900000,optical,,,http://www.astronomie.at/bressler/1998ch5.htm,,"Wed, 17 Sep 2025 18:12:06 GMT",563 seewalchen seewalchen
564,Herrsching,Herrsching,48.02924648,11.19000000,9613.944,0.67100000,0.74100000,optical,,,,,"Wed, 17 Sep 2025 18:12:06 GMT",564 herrsching herrsching
565,Bassano Bresciano,Bassano Bresciano,45.31781773,10.13440000,31.404,0.70437000,0.70746000,optical,,,http://www.ulisse.bs.it/osservatorio/index.htm,,"Wed, 17 Sep 2025 18:12:06 GMT",565 bassano bresciano bassano bresciano
566,Haleakala-NEAT/GEODSS,Haleakala-NEAT/GEODSS,20.70837318,-156.25760000,3040.407,0.93623000,0.35156000,optical,,,,,"Tue, 26 May 2026 20:34:56 GMT",566 haleakala neat/geodss haleakala neat/geodss
567,Chions,Chions,45.84333512,12.71170000,36.940,0.69783000,0.71387000,optical,,,,,"Wed, 17 Sep 2025 18:12:06 GMT",567 chions chions
568,Maunakea,Maunakea,19.82611421,-155.47220000,4212.361,0.94171000,0.33725000,optical,,,http://www.ifa.hawaii.edu/,,"Tue, 26 May 2026 20:34:56 GMT",568 maunakea maunakea
569,Helsinki,Helsinki,60.15527325,24.95870000,10.647,0.49891000,0.86375000,optical,,,,,"Wed, 17 Sep 2025 18:12:06 GMT",569 helsinki helsinki
570,Vilnius (since 1939),Vilnius (since 1939),54.68211393,25.29900000,-55.427,0.57940000,0.81230000,optical,,,,,"Wed, 17 Sep 2025 18:12:06 GMT",570 vilnius (since 1939) vilnius (since 1939)
571,Cavriana,Cavriana,45.35470218,10.63000000,822.182,0.70400000,0.70800000,optical,,,,,"Wed, 17 Sep 2025 18:12:06 GMT",571 cavriana cavriana
572,Cologne,Cologne,50.92751777,6.89000000,-5853.533,0.63100000,0.77200000,optical,,,,,"Wed, 17 Sep 2025 18:12:06 GMT",572 cologne cologne
573,Eldagsen,Eldagsen,52.17512703,9.66120000,-361.393,0.61450000,0.78620000,optical,,,,,"Wed, 17 Sep 2025 18:12:06 GMT",573 eldagsen eldagsen
574,Gottolengo,Gottolengo,45.29711997,10.26670000,64.161,0.70463000,0.70721000,optical,,,,,"Wed, 17 Sep 2025 18:12:06 GMT",574 gottolengo gottolengo
575,La Chaux de Fonds,La Chaux de Fonds,47.08941340,6.80800000,1011.505,0.68219000,0.72894000,optical,,,http://obswww.unige.ch/~behrend/page_omg.html,,"Wed, 17 Sep 2025 18:12:06 GMT",575 la chaux de fonds la chaux de fonds
576,Burwash,Burwash,50.99496572,0.37600000,53.657,0.63067000,0.77346000,optical,,,,,"Wed, 17 Sep 2025 18:12:06 GMT",576 burwash burwash
577,Metzerlen Observatory,Metzerlen Observatory,47.46273326,7.50000000,6588.961,0.67800000,0.73400000,optical,,,,,"Wed, 17 Sep 2025 18:12:06 GMT",577 metzerlen observatory metzerlen observatory
578,Linden Observatory,Linden Observatory,-26.20448048,27.99000000,1350.637,0.89800000,-0.43900000,optical,,,,,"Wed, 17 Sep 2025 18:12:06 GMT",578 linden observatory linden observatory
579,Novi Ligure,Novi Ligure,44.78661989,8.85000000,744.307,0.71100000,0.70100000,optical,,,,,"Wed, 17 Sep 2025 18:12:06 GMT",579 novi ligure novi ligure
580,Graz,Graz,47.06725083,15.49360000,515.912,0.68242000,0.72862000,optical,,,,,"Wed, 17 Sep 2025 18:12:06 GMT",580 graz graz
581,Sedgefield,Sedgefield,-33.99548612,22.80000000,380.432,0.83000000,-0.55600000,optical,,,,,"Wed, 17 Sep 2025 18:12:06 GMT",581 sedgefield sedgefield
582,Orwell Park,Orwell Park,52.00926904,1.24080000,23.975,0.61682000,0.78447000,optical,,,,,"Wed, 17 Sep 2025 18:12:06 GMT",582 orwell park orwell park
583,Odesa-Mayaki,Odesa-Mayaky,46.39728729,30.27170000,23.120,0.69087000,0.72056000,optical,2010-09-15,,,Odessa-Mayaki,"Wed, 17 Sep 2025 18:12:06 GMT",583 odesa mayaki odesa mayaky odessa mayaki
584,Leningrad,Leningrad,59.94239203,30.29460000,-14.717,0.50213000,0.86189000,optical,,,,,"Wed, 17 Sep 2025 18:12:06 GMT",584 leningrad leningrad
585,Kyiv comet station,Kyiv comet station,50.29796582,30.52462000,24.197,0.64006700,0.76574800,optical,2015-11-02,,,Kyiv,"Wed, 17 Sep 2025 18:12:06 GMT",585 kyiv comet station kyiv comet station kyiv
586,Pic du Midi,Pic du Midi,42.93655214,0.14230000,2890.530,0.73358000,0.67799000,optical,,,,,"Wed, 17 Sep 2025 18:12:06 GMT",586 pic du midi pic du midi
587,Sormano,Sormano,45.88294633,9.22918000,1176.784,0.69745900,0.71447900,optical,2017-05-12,,https://www1.brera.inaf.it/sormano/,,"Wed, 10 Dec 2025 18:16:56 GMT",587 sormano sormano
588,Eremo di Tizzano,Eremo di Tizzano,44.46198763,11.25000000,980.888,0.71500000,0.69700000,optical,,,,,"Wed, 17 Sep 2025 18:12:06 GMT",588 eremo di tizzano eremo di tizzano
589,Santa Lucia Stroncone,Santa Lucia Stroncone,42.51942253,12.64369000,391.888,0.73822300,0.67238600,optical,2012-06-03,,http://www.mpc589.com/,,"Wed, 17 Sep 2025 18:12:06 GMT",589 santa lucia stroncone santa lucia stroncone
590,Metzerlen,Metzerlen,47.46273326,7.46000000,6588.961,0.67800000,0.73400000,optical,,,,,"Wed, 17 Sep 2025 18:12:06 GMT",590 metzerlen metzerlen
591,Resse Observatory,Resse Observatory,52.50732455,9.62580000,35.421,0.60995000,0.78979000,optical,2007-09-29,,,,"Wed, 17 Sep 2025 18:12:06 GMT",591 resse observatory resse observatory
592,Solingen,Solingen,51.17433792,7.02114000,148.935,0.62824500,0.77543700,optical,,,http://www.sternwarte-solingen.de/,,"Wed, 17 Sep 2025 18:12:06 GMT",592 solingen solingen
593,Monte Argentario,Monte Argentario,42.43058857,11.17000000,-1922.284,0.73900000,0.67100000,optical,,,,,"Wed, 17 Sep 2025 18:12:06 GMT",593 monte argentario monte argentario
594,Monte Autore,Monte Autore,41.95743002,13.20330000,1827.710,0.74497000,0.66529000,optical,,,,,"Wed, 17 Sep 2025 18:12:06 GMT",594 monte autore monte autore
595,Farra d'Isonzo,Farra d\'Isonzo,45.91573062,13.52578000,43.198,0.69692500,0.71474900,optical,,,,,"Wed, 17 Sep 2025 18:12:06 GMT",595 farra d'isonzo farra d\'isonzo
596,Colleverde di Guidonia,Colleverde di Guidonia,41.98384182,12.61830000,91.716,0.74446000,0.66545000,optical,2007-08-29,,,,"Wed, 17 Sep 2025 18:12:06 GMT",596 colleverde di guidonia colleverde di guidonia
597,Springe,Springe,52.17049815,9.66310000,119.261,0.61461000,0.78621000,optical,2007-09-29,,,,"Wed, 17 Sep 2025 18:12:06 GMT",597 springe springe
598,Loiano,Loiano,44.25920492,11.33409000,745.281,0.71744400,0.69444800,optical,,,,,"Wed, 17 Sep 2025 18:12:06 GMT",598 loiano loiano
599,Campo Imperatore-CINEOS,Campo Imperatore-CINEOS,42.44413354,13.55764000,2141.178,0.73931100,0.67160400,optical,2010-06-08,,,,"Wed, 17 Sep 2025 18:12:06 GMT",599 campo imperatore cineos campo imperatore cineos
600,"TLC Observatory, Bologna","TLC Observatory, Bologna",44.35883751,11.47080000,287.003,0.71618000,0.69564000,optical,,,,,"Wed, 17 Sep 2025 18:12:06 GMT","600 tlc observatory, bologna tlc observatory, bologna"
601,"Engelhardt Observatory, Dresden","Engelhardt Observatory, Dresden",51.03812586,13.72810000,106.223,0.63009000,0.77394000,optical,,,,,"Wed, 17 Sep 2025 18:12:06 GMT","601 engelhardt observatory, dresden engelhardt observatory, dresden"
602,"Urania Observatory, Vienna","Urania Observatory, Vienna",48.21204685,16.38540000,198.990,0.66764000,0.74203000,optical,,,http://www.urania-sternwarte.at/,,"Wed, 17 Sep 2025 18:12:06 GMT","602 urania observatory, vienna urania observatory, vienna"
603,Bothkamp,Bothkamp,54.20259729,10.13000000,74.388,0.58622000,0.80745000,optical,,,,,"Wed, 17 Sep 2025 18:12:06 GMT",603 bothkamp bothkamp
604,"Archenhold Sternwarte, Berlin-Treptow","Archenhold Sternwarte, Berlin-Treptow",52.48675816,13.47524000,39.022,0.61023500,0.78957200,optical,2008-07-25,,,,"Wed, 17 Sep 2025 18:12:06 GMT","604 archenhold sternwarte, berlin treptow archenhold sternwarte, berlin treptow"
605,Marl,Marl,51.67407300,7.11300000,46.186,0.62142000,0.78086000,optical,,,,,"Wed, 17 Sep 2025 18:12:06 GMT",605 marl marl
606,Norderstedt,Norderstedt,53.68418289,9.99560000,33.488,0.59353000,0.80212000,optical,,,,,"Wed, 17 Sep 2025 18:12:06 GMT",606 norderstedt norderstedt
607,"Hagen Observatory, Ronkhausen","Hagen Observatory, Ronkhausen",51.21891050,8.00000000,769.033,0.62770000,0.77600000,optical,,,,,"Wed, 17 Sep 2025 18:12:06 GMT","607 hagen observatory, ronkhausen hagen observatory, ronkhausen"
608,Haleakala-AMOS,Haleakala-AMOS,20.70837318,-156.25800000,3040.407,0.93623000,0.35156000,optical,,,,,"Wed, 17 Sep 2025 18:12:06 GMT",608 haleakala amos haleakala amos
609,Osservatorio Polino,Osservatorio Polino,42.57083984,12.85330000,1280.044,0.73772000,0.67314000,optical,,,,,"Wed, 17 Sep 2025 18:12:06 GMT",609 osservatorio polino osservatorio polino
610,Pianoro,Pianoro,44.39170544,11.34310000,202.075,0.71577000,0.69604000,optical,,,http://web.tiscali.it/pianoro_observatory/,,"Wed, 17 Sep 2025 18:12:06 GMT",610 pianoro pianoro
611,"Starkenburg Sternwarte, Heppenheim","Starkenburg Sternwarte, Heppenheim",49.64778710,8.65310000,227.893,0.64877000,0.75848000,optical,,,http://www.starkenburg-sternwarte.de,,"Wed, 17 Sep 2025 18:12:06 GMT","611 starkenburg sternwarte, heppenheim starkenburg sternwarte, heppenheim"
612,Lenkerbeck,Lenkerbeck,51.41139321,7.10000000,-37.205,0.62500000,0.77800000,optical,,,,,"Wed, 17 Sep 2025 18:12:06 GMT",612 lenkerbeck lenkerbeck
613,Heisingen,Heisingen,51.40960083,7.07090000,121.926,0.62504000,0.77800000,optical,,,,,"Wed, 17 Sep 2025 18:12:06 GMT",613 heisingen heisingen
614,Soisy-sur-Seine,Soisy-sur-Seine,48.63512277,2.46700000,-13.646,0.66210000,0.74690000,optical,,,,,"Wed, 17 Sep 2025 18:12:06 GMT",614 soisy sur seine soisy sur seine
615,St. Véran,St. Veran,44.69785198,6.90670000,2908.432,0.71233000,0.70014000,optical,,,,,"Wed, 17 Sep 2025 18:12:06 GMT",615 st. veran st. veran
616,Brno,Brno,49.20443080,16.58348000,350.970,0.65465500,0.75346600,optical,2010-01-07,,,,"Wed, 17 Sep 2025 18:12:06 GMT",616 brno brno
617,Arbonne la Forêt,Arbonne la Foret,48.41610737,2.57250000,-23.033,0.66496000,0.74437000,optical,,,,,"Wed, 17 Sep 2025 18:12:06 GMT",617 arbonne la foret arbonne la foret
618,Martigues,Martigues,43.41936902,5.00770000,55.711,0.72750000,0.68382000,optical,,,,,"Wed, 17 Sep 2025 18:12:06 GMT",618 martigues martigues
619,Sabadell,Sabadell,41.55003998,2.09013000,211.529,0.74950600,0.65982800,optical,,,http://www.astrosabadell.org/#,,"Wed, 17 Sep 2025 18:12:06 GMT",619 sabadell sabadell
620,Observatorio Astronómico de Mallorca,Observatorio Astronomico de Mallorca,39.64397754,2.95170000,206.413,0.77110000,0.63463000,optical,1996-03-04,,,,"Wed, 17 Sep 2025 18:12:06 GMT",620 observatorio astronomico de mallorca observatorio astronomico de mallorca
621,Bergisch Gladbach,Bergisch Gladbach,51.08638770,7.48503000,368.053,0.62946100,0.77450100,optical,2010-04-10,,,,"Wed, 17 Sep 2025 18:12:06 GMT",621 bergisch gladbach bergisch gladbach
622,Oberwichtrach,Oberwichtrach,46.64516032,7.56800000,439.073,0.68778000,0.72358000,optical,1996-04-19,,,,"Wed, 17 Sep 2025 18:12:06 GMT",622 oberwichtrach oberwichtrach
623,Liège,Liege,50.61835179,5.56670000,144.965,0.63577000,0.76932000,optical,,,,,"Wed, 17 Sep 2025 18:12:06 GMT",623 liege liege
624,Dertingen,Dertingen,49.76298288,9.61670000,151.194,0.64723000,0.75977000,optical,,,,,"Wed, 17 Sep 2025 18:12:06 GMT",624 dertingen dertingen
625,Kihei-AMOS Remote Maui Experimental Site,Kihei-AMOS Remote Maui Experimental Site,20.74606688,-156.43170000,119.102,0.93557000,0.35201000,optical,,,,,"Wed, 17 Sep 2025 18:12:06 GMT",625 kihei amos remote maui experimental site kihei amos remote maui experimental site
626,Geel,Geel,51.15720780,4.98640000,70.068,0.62847000,0.77524000,optical,,,,,"Wed, 17 Sep 2025 18:12:06 GMT",626 geel geel
627,Blauvac,Blauvac,44.04222369,5.21460000,236.691,0.72002000,0.69168000,optical,1996-10-18,,,,"Wed, 17 Sep 2025 18:12:06 GMT",627 blauvac blauvac
628,Mülheim-Ruhr,Mulheim-Ruhr,51.42742740,6.84366000,40.965,0.62478900,0.77818400,optical,,,http://www.bph.ruhr-uni-bochum.de/~axelm/tso/tso.htm,,"Wed, 17 Sep 2025 18:12:06 GMT",628 mulheim ruhr mulheim ruhr
629,Szeged Observatory,Szeged Observatory,46.25035903,20.15110000,96.815,0.69273000,0.71880000,optical,1997-01-31,,,,"Wed, 17 Sep 2025 18:12:06 GMT",629 szeged observatory szeged observatory
630,Osenbach,Osenbach,47.99298865,7.23670000,459.514,0.67051000,0.73951000,optical,,,,,"Wed, 17 Sep 2025 18:12:06 GMT",630 osenbach osenbach
631,Hamburg-Georgswerder,Hamburg-Georgswerder,53.50896643,10.02293000,45.655,0.59599200,0.80030700,optical,2016-08-11,,http://www.bucknet.de/michael/astroseite.htm,,"Wed, 17 Sep 2025 18:12:06 GMT",631 hamburg georgswerder hamburg georgswerder
632,San Polo A Mosciano,San Polo A Mosciano,43.72839243,11.17390000,148.339,0.72380000,0.68773000,optical,1997-12-13,,,,"Wed, 17 Sep 2025 18:12:06 GMT",632 san polo a mosciano san polo a mosciano
633,Romito,Romito,44.09983849,9.93390000,42.671,0.71930000,0.69238000,optical,1998-02-01,,,,"Wed, 17 Sep 2025 18:12:06 GMT",633 romito romito
634,Crolles,Crolles,45.52717691,5.14560000,473.603,0.70182000,0.71007000,optical,,,,,"Wed, 17 Sep 2025 18:12:06 GMT",634 crolles crolles
635,Pergignan,Pergignan,42.70039967,2.90190000,53.789,0.73605000,0.67467000,optical,1998-05-09,,,,"Wed, 17 Sep 2025 18:12:06 GMT",635 pergignan pergignan
636,Essen,Essen,51.39456016,6.97940000,70.313,0.62524000,0.77783000,optical,,,http://www.walter-hohmann-sternwarte.de/,,"Wed, 17 Sep 2025 18:12:06 GMT",636 essen essen
637,Hamburg-Himmelsmoor,Hamburg-Himmelsmoor,53.70343785,10.09030000,41.817,0.59326000,0.80232000,optical,,,,,"Wed, 17 Sep 2025 18:12:06 GMT",637 hamburg himmelsmoor hamburg himmelsmoor
638,Detmold,Detmold,51.94014328,8.89330000,128.063,0.61778000,0.78374000,optical,,,,,"Wed, 17 Sep 2025 18:12:06 GMT",638 detmold detmold
639,Dresden,Dresden,51.09435610,13.72330000,136.079,0.62933000,0.77456000,optical,1998-09-01,,,,"Wed, 17 Sep 2025 18:12:06 GMT",639 dresden dresden
640,Senftenberger Sternwarte,Senftenberger Sternwarte,50.08698202,13.59960000,87.879,0.64290000,0.76340000,optical,,,,,"Wed, 17 Sep 2025 18:12:06 GMT",640 senftenberger sternwarte senftenberger sternwarte
641,Overberg,Overberg,-34.53548778,20.02720000,132.906,0.82468000,-0.56374000,optical,,,,,"Wed, 17 Sep 2025 18:12:06 GMT",641 overberg overberg
642,"Oak Bay, Victoria","Oak Bay, Victoria",48.42792103,-123.31500000,-80.024,0.66480000,0.74450000,optical,,,http://www.islandnet.com/~cspratt/mypage.htm,,"Wed, 17 Sep 2025 18:12:06 GMT","642 oak bay, victoria oak bay, victoria"
643,OCA-Anza Observatory,OCA-Anza Observatory,33.48359743,-116.72060000,1339.722,0.83507000,0.54868000,optical,1999-08-13,,,,"Wed, 17 Sep 2025 18:12:06 GMT",643 oca anza observatory oca anza observatory
644,Palomar Mountain/NEAT,Palomar Mountain/NEAT,33.35733767,-116.85978000,1686.902,0.83632500,0.54687700,optical,,,,,"Tue, 26 May 2026 20:34:56 GMT",644 palomar mountain/neat palomar mountain/neat
645,Apache Point-Sloan Digital Sky Survey,Apache Point-Sloan Digital Sky Survey,32.78049943,-105.82058000,2791.161,0.84194500,0.53856300,optical,,,http://www.sdss.org/,,"Tue, 26 May 2026 20:34:56 GMT",645 apache point sloan digital sky survey apache point sloan digital sky survey
646,"Santana Observatory, Rancho Cucamonga","Santana Observatory, Rancho Cucamonga",33.99723770,-117.56310000,434.541,0.82999000,0.55603000,optical,,,,,"Wed, 17 Sep 2025 18:12:06 GMT","646 santana observatory, rancho cucamonga santana observatory, rancho cucamonga"
647,"Stone Finder Observatory, Calgary","Stone Finder Observatory, Calgary",50.77845216,-114.03170000,1061.142,0.63370000,0.77120000,optical,,,,,"Wed, 17 Sep 2025 18:12:06 GMT","647 stone finder observatory, calgary stone finder observatory, calgary"
648,"Winer Observatory, Sonoita","Winer Observatory, Sonoita",31.66560361,-110.60178000,1516.689,0.85211500,0.52205300,optical,2008-06-01,,http://www.winer.org/,,"Wed, 17 Sep 2025 18:12:06 GMT","648 winer observatory, sonoita winer observatory, sonoita"
649,"Powell Observatory, Louisburg","Powell Observatory, Louisburg",38.64641281,-94.69970000,274.225,0.78207000,0.62117000,optical,1999-03-26,,,,"Wed, 17 Sep 2025 18:12:06 GMT","649 powell observatory, louisburg powell observatory, louisburg"
650,Temecula,Temecula,33.46729866,-117.09720000,373.550,0.83510000,0.54836000,optical,1999-02-28,,,,"Wed, 17 Sep 2025 18:12:06 GMT",650 temecula temecula
651,"Grasslands Observatory, Tucson","Grasslands Observatory, Tucson",31.67041865,-110.58084000,1501.375,0.85206900,0.52212300,optical,,,http://www.3towers.com/,,"Wed, 17 Sep 2025 18:12:06 GMT","651 grasslands observatory, tucson grasslands observatory, tucson"
652,"Rock Finder Observatory, Calgary","Rock Finder Observatory, Calgary",51.11685636,-114.06670000,902.792,0.62910000,0.77490000,optical,,,,,"Wed, 17 Sep 2025 18:12:06 GMT","652 rock finder observatory, calgary rock finder observatory, calgary"
653,"Torus Observatory, Buckley","Torus Observatory, Buckley",47.18303774,-122.13220000,226.374,0.68091000,0.72996000,optical,,,,,"Wed, 17 Sep 2025 18:12:06 GMT","653 torus observatory, buckley torus observatory, buckley"
654,"Table Mountain Observatory, Wrightwood-PHMC","Table Mountain Observatory, Wrightwood-PHMC",34.38181960,-117.68159000,2287.209,0.82647100,0.56172700,optical,2008-05-17,,,,"Wed, 17 Sep 2025 18:12:06 GMT","654 table mountain observatory, wrightwood phmc table mountain observatory, wrightwood phmc"
655,Sooke,Sooke,48.36694934,-123.61700000,-30.721,0.66560000,0.74380000,optical,,,,,"Wed, 17 Sep 2025 18:12:06 GMT",655 sooke sooke
656,Victoria,Victoria,48.35342174,-123.60790000,197.204,0.66580000,0.74367000,optical,,,,,"Wed, 17 Sep 2025 18:12:06 GMT",656 victoria victoria
657,"Climenhaga Observatory, Victoria","Climenhaga Observatory, Victoria",48.46197711,-123.30970000,57.583,0.66437000,0.74491000,optical,,,http://astrowww.phys.uvic.ca/~balam/,,"Wed, 17 Sep 2025 18:12:06 GMT","657 climenhaga observatory, victoria climenhaga observatory, victoria"
658,National Research Council of Canada,Dominion Astrophysical Observatory,48.51998439,-123.41700000,234.213,0.66363100,0.74560100,optical,,,,,"Wed, 17 Sep 2025 18:08:55 GMT",658 national research council of canada dominion astrophysical observatory
659,"Heron Cove Observatory, Orcas","Heron Cove Observatory, Orcas",48.59972953,-122.94860000,53.864,0.66257000,0.74650000,optical,,,,,"Wed, 17 Sep 2025 18:12:06 GMT","659 heron cove observatory, orcas heron cove observatory, orcas"
660,"Leuschner Observatory, Berkeley","Leuschner Observatory, Berkeley",37.87340277,-122.26210000,106.101,0.79038000,0.61059000,optical,,,http://www.ugastro.berkeley.edu/leuschner/old_site/index.html,,"Wed, 17 Sep 2025 18:12:06 GMT","660 leuschner observatory, berkeley leuschner observatory, berkeley"
661,"Rothney Astrophysical Observatory, Priddis","Rothney Astrophysical Observatory, Priddis",50.86826888,-114.28830000,1309.681,0.63251000,0.77222000,optical,,,http://www.ucalgary.ca/rao,,"Wed, 17 Sep 2025 18:12:06 GMT","661 rothney astrophysical observatory, priddis rothney astrophysical observatory, priddis"
662,"Lick Observatory, Mount Hamilton","Lick Observatory, Mount Hamilton",37.34010564,-121.64550000,1283.882,0.79619000,0.60335000,optical,,,http://www.ucolick.org/,,"Wed, 17 Sep 2025 18:12:06 GMT","662 lick observatory, mount hamilton lick observatory, mount hamilton"
663,Red Mountain Observatory,Red Mountain Observatory,33.49648654,-111.68640000,450.237,0.83483000,0.54879000,optical,1998-04-11,,,,"Wed, 17 Sep 2025 18:12:06 GMT",663 red mountain observatory red mountain observatory
664,Manastash Ridge Observatory,Manastash Ridge Observatory,46.94932138,-120.72250000,1229.455,0.68400000,0.72730000,optical,,,http://www.astro.washington.edu/laws/MRO/home.page/mro.html,,"Wed, 17 Sep 2025 18:12:06 GMT",664 manastash ridge observatory manastash ridge observatory
665,Wallis Observatory,Wallis Observatory,34.81064846,-119.00970000,1629.817,0.82215000,0.56781000,optical,1997-05-05,,,,"Wed, 17 Sep 2025 18:12:06 GMT",665 wallis observatory wallis observatory
666,Moorpark College Observatory,Moorpark College Observatory,34.30167773,-118.83080000,298.448,0.82700000,0.56040000,optical,,,,,"Wed, 17 Sep 2025 18:12:06 GMT",666 moorpark college observatory moorpark college observatory
667,Wanapum Dam,Wanapum Dam,46.90267527,-119.99079000,193.153,0.68448300,0.72662600,optical,,,,,"Wed, 17 Sep 2025 18:12:06 GMT",667 wanapum dam wanapum dam
668,San Emigdio Peak,San Emigdio Peak,34.85738843,-119.18000000,-3698.501,0.82100000,0.56800000,optical,,,,,"Wed, 17 Sep 2025 18:12:06 GMT",668 san emigdio peak san emigdio peak
669,Ojai,Ojai,34.46702846,-119.17620000,485.354,0.82540000,0.56279000,optical,,,,,"Wed, 17 Sep 2025 18:12:06 GMT",669 ojai ojai
670,Camarillo,Camarillo,34.22132731,-119.04420000,14.952,0.82775000,0.55922000,optical,,,,,"Wed, 17 Sep 2025 18:12:06 GMT",670 camarillo camarillo
671,Stony Ridge,Stony Ridge,34.30155787,-117.99802000,1710.030,0.82718400,0.56052300,optical,2019-04-10,,http://stony-ridge.org/,,"Wed, 17 Sep 2025 18:12:06 GMT",671 stony ridge stony ridge
672,Mount Wilson,Mount Wilson,34.22469122,-118.05640000,1734.405,0.82794000,0.55942000,optical,,,http://www.mtwilson.edu/,,"Wed, 17 Sep 2025 18:12:06 GMT",672 mount wilson mount wilson
673,"Table Mountain Observatory, Wrightwood","Table Mountain Observatory, Wrightwood",34.38148505,-117.68217000,2284.992,0.82647400,0.56172200,optical,2008-05-17,,,,"Wed, 17 Sep 2025 18:08:55 GMT","673 table mountain observatory, wrightwood table mountain observatory, wrightwood"
674,"Ford Observatory, Wrightwood","Ford Observatory, Wrightwood",34.38218911,-117.66395000,2261.168,0.82646400,0.56173000,optical,2008-05-17,,,,"Wed, 17 Sep 2025 18:12:06 GMT","674 ford observatory, wrightwood ford observatory, wrightwood"
675,Palomar Mountain,Palomar Mountain,33.35411714,-116.86254000,1696.063,0.83635700,0.54683100,optical,,,,,"Wed, 17 Sep 2025 18:08:55 GMT",675 palomar mountain palomar mountain
676,San Clemente,San Clemente,33.41816380,-117.60930000,60.968,0.83553000,0.54762000,optical,,,,,"Wed, 17 Sep 2025 18:12:06 GMT",676 san clemente san clemente
677,Lake Arrowhead,Lake Arrowhead,34.27348041,-117.17190000,1716.463,0.82746000,0.56012000,optical,,,,,"Wed, 17 Sep 2025 18:12:06 GMT",677 lake arrowhead lake arrowhead
678,Fountain Hills,Fountain Hills,33.63587329,-111.74030000,682.153,0.83352000,0.55083000,optical,1998-06-18,,,,"Wed, 17 Sep 2025 18:12:06 GMT",678 fountain hills fountain hills
679,San Pedro Martir,San Pedro Martir,31.04340339,-115.46330000,2824.687,0.85792000,0.51292000,optical,,,,,"Wed, 17 Sep 2025 18:12:06 GMT",679 san pedro martir san pedro martir
680,Los Angeles,Los Angeles,33.80396141,-115.22000000,9147.593,0.83300000,0.55400000,optical,,,,,"Wed, 17 Sep 2025 18:12:06 GMT",680 los angeles los angeles
681,Calgary,Calgary,51.08606874,-114.11420000,1126.248,0.62954000,0.77459000,optical,,,,,"Wed, 17 Sep 2025 18:12:06 GMT",681 calgary calgary
682,Kanab,Kanab,37.04693576,-112.36190000,1648.593,0.79932000,0.59932000,optical,,,,,"Wed, 17 Sep 2025 18:12:06 GMT",682 kanab kanab
683,"Goodricke-Pigott Observatory, Tucson","Goodricke-Pigott Observatory, Tucson",32.15547803,-111.08180000,747.291,0.84751000,0.52922000,optical,,,http://gpobs.home.mindspring.com/gpobs.htm,,"Wed, 17 Sep 2025 18:12:06 GMT","683 goodricke pigott observatory, tucson goodricke pigott observatory, tucson"
684,Prescott,Prescott,34.51262677,-112.49000000,1794.382,0.82512000,0.56356000,optical,,,,,"Wed, 17 Sep 2025 18:12:06 GMT",684 prescott prescott
685,Williams,Williams,35.35223169,-112.16000000,-4113.015,0.81600000,0.57500000,optical,,,,,"Wed, 17 Sep 2025 18:12:06 GMT",685 williams williams
686,"U. of Minn. Infrared Obs., Mt. Lemmon","U. of Minn. Infrared Obs., Mt. Lemmon",32.44130927,-110.79080000,2755.164,0.84512000,0.53359000,optical,,,,,"Wed, 17 Sep 2025 18:12:06 GMT","686 u. of minn. infrared obs., mt. lemmon u. of minn. infrared obs., mt. lemmon"
687,"Northern Arizona University, Flagstaff","Northern Arizona University, Flagstaff",35.18445699,-111.65270000,2098.867,0.81848000,0.57318000,optical,,,,,"Wed, 17 Sep 2025 18:12:06 GMT","687 northern arizona university, flagstaff northern arizona university, flagstaff"
688,"Lowell Observatory, Anderson Mesa Station","Lowell Observatory, Anderson Mesa Station",35.09594041,-111.53550000,2204.091,0.81938000,0.57193000,optical,,,,,"Wed, 17 Sep 2025 18:08:55 GMT","688 lowell observatory, anderson mesa station lowell observatory, anderson mesa station"
689,"U.S. Naval Observatory, Flagstaff","U.S. Naval Observatory, Flagstaff",35.18393326,-111.73990000,2292.005,0.81851000,0.57319000,optical,,,,,"Wed, 17 Sep 2025 18:08:55 GMT","689 u.s. naval observatory, flagstaff u.s. naval observatory, flagstaff"
690,"Lowell Observatory, Flagstaff","Lowell Observatory, Flagstaff",35.20196751,-111.66330000,2220.646,0.81832000,0.57344000,optical,,,,,"Wed, 17 Sep 2025 18:12:06 GMT","690 lowell observatory, flagstaff lowell observatory, flagstaff"
691,"Steward Observatory, Kitt Peak-Spacewatch","Steward Observatory, Kitt Peak-Spacewatch",31.96218628,-111.60034000,2040.919,0.84946600,0.52647900,optical,,,https://spacewatch.lpl.arizona.edu/telescopes#18meter,,"Tue, 26 May 2026 20:34:56 GMT","691 steward observatory, kitt peak spacewatch steward observatory, kitt peak spacewatch"
692,"Steward Observatory, Tucson","Steward Observatory, Tucson",32.23302173,-110.94870000,735.074,0.84679000,0.53036000,optical,,,,,"Wed, 17 Sep 2025 18:12:06 GMT","692 steward observatory, tucson steward observatory, tucson"
693,"Catalina Station, Tucson","Catalina Station, Tucson",32.41687055,-110.73255000,2491.042,0.84531300,0.53320900,optical,,,http://james.as.arizona.edu/~psmith/61inch/,,"Wed, 17 Sep 2025 18:12:06 GMT","693 catalina station, tucson catalina station, tucson"
694,"Tumamoc Hill, Tucson","Tumamoc Hill, Tucson",32.21344601,-111.00570000,949.927,0.84700000,0.53009000,optical,,,,,"Wed, 17 Sep 2025 18:12:06 GMT","694 tumamoc hill, tucson tumamoc hill, tucson"
695,Kitt Peak,Kitt Peak,31.95839528,-111.59467000,2064.237,0.84950400,0.52642500,optical,,,http://www.noao.edu/kpno/,,"Tue, 26 May 2026 20:34:56 GMT",695 kitt peak kitt peak
696,"Whipple Observatory, Mt. Hopkins","Whipple Observatory, Mt. Hopkins",31.68895172,-110.88460000,2627.553,0.85205000,0.52249000,optical,,,http://www.sao.arizona.edu/FLWO/whipple.html,,"Wed, 17 Sep 2025 18:08:55 GMT","696 whipple observatory, mt. hopkins whipple observatory, mt. hopkins"
697,"Kitt Peak, McGraw-Hill","Kitt Peak, McGraw-Hill",31.95140887,-111.61619000,1896.576,0.84954600,0.52630800,optical,,,,,"Wed, 17 Sep 2025 18:12:06 GMT","697 kitt peak, mcgraw hill kitt peak, mcgraw hill"
698,Mt. Bigelow,Mt. Bigelow,32.41692369,-110.73264000,2517.452,0.84531600,0.53321200,optical,2011-03-15,,,,"Wed, 17 Sep 2025 18:12:06 GMT",698 mt. bigelow mt. bigelow
699,Lowell Observatory-LONEOS,Lowell Observatory-LONEOS,35.09594041,-111.53669000,2204.091,0.81938000,0.57193000,optical,,,http://asteroid.lowell.edu/asteroid/loneos/loneos.html,,"Tue, 26 May 2026 20:34:56 GMT",699 lowell observatory loneos lowell observatory loneos
700,Chinle,Chinle,36.35050769,-109.61830000,1624.408,0.80656000,0.58960000,optical,,,,,"Wed, 17 Sep 2025 18:12:06 GMT",700 chinle chinle
701,"Junk Bond Observatory, Sierra Vista","Junk Bond Observatory, Sierra Vista",31.47555991,-110.20284000,1351.432,0.85382300,0.51922400,optical,,,,,"Wed, 17 Sep 2025 18:12:06 GMT","701 junk bond observatory, sierra vista junk bond observatory, sierra vista"
702,"Joint Obs. for cometary research, Socorro","Joint Obs. for cometary research, Socorro",33.98418424,-107.18830000,3381.173,0.83050000,0.55610000,optical,,,,,"Wed, 17 Sep 2025 18:12:06 GMT","702 joint obs. for cometary research, socorro joint obs. for cometary research, socorro"
703,University of Arizona Catalina Sky Survey,University of Arizona Catalina Sky Survey,32.41702926,-110.73264000,2487.112,0.84531100,0.53321100,optical,,,https://catalina.lpl.arizona.edu/,Catalina Sky Survey,"Tue, 26 May 2026 20:34:56 GMT",703 university of arizona catalina sky survey university of arizona catalina sky survey catalina sky survey
704,"Lincoln Laboratory ETS, New Mexico","Lincoln Laboratory ETS, New Mexico",33.81825671,-106.65907000,1528.407,0.83186900,0.55354200,optical,,,,,"Wed, 17 Sep 2025 18:12:06 GMT","704 lincoln laboratory ets, new mexico lincoln laboratory ets, new mexico"
705,Apache Point,Apache Point,32.78049943,-105.82058000,2791.161,0.84194500,0.53856300,optical,,,http://www.apo.nmsu.edu/,,"Wed, 17 Sep 2025 18:08:55 GMT",705 apache point apache point
706,Salida,Salida,38.58200502,-106.06340000,1664.492,0.78294000,0.62043000,optical,,,,,"Wed, 17 Sep 2025 18:12:06 GMT",706 salida salida
707,Chamberlin field station,Chamberlin field station,39.46580152,-105.44000000,7846.991,0.77400000,0.63300000,optical,,,,,"Wed, 17 Sep 2025 18:12:06 GMT",707 chamberlin field station chamberlin field station
708,"Chamberlin Observatory, Denver","Chamberlin Observatory, Denver",39.67578049,-104.95250000,1642.885,0.77092000,0.63520000,optical,,,,,"Wed, 17 Sep 2025 18:12:06 GMT","708 chamberlin observatory, denver chamberlin observatory, denver"
709,"W & B Observatory, Cloudcroft","W & B Observatory, Cloudcroft",32.95568776,-105.77118000,2478.685,0.84025000,0.54109600,optical,,,,,"Wed, 17 Sep 2025 18:12:06 GMT","709 w & b observatory, cloudcroft w & b observatory, cloudcroft"
710,"MPO Observatory, Florissant","MPO Observatory, Florissant",38.88078595,-105.26640000,2602.439,0.77980000,0.62458000,optical,,,,,"Wed, 17 Sep 2025 18:12:06 GMT","710 mpo observatory, florissant mpo observatory, florissant"
711,"McDonald Observatory, Fort Davis","McDonald Observatory, Fort Davis",30.67147806,-104.02150000,2102.718,0.86114000,0.50731000,optical,,,http://www.as.utexas.edu/mcdonald/mcdonald.html,,"Wed, 17 Sep 2025 18:12:06 GMT","711 mcdonald observatory, fort davis mcdonald observatory, fort davis"
712,"USAF Academy Observatory, Colorado Springs","USAF Academy Observatory, Colorado Springs",39.00718411,-104.88133000,2178.988,0.77836500,0.62625000,optical,2013-07-29,,,,"Wed, 17 Sep 2025 18:12:06 GMT","712 usaf academy observatory, colorado springs usaf academy observatory, colorado springs"
713,Thornton,Thornton,39.87968407,-105.01030000,1656.381,0.76865000,0.63793000,optical,1997-12-15,,,,"Wed, 17 Sep 2025 18:12:06 GMT",713 thornton thornton
714,Bagdad,Bagdad,34.57408950,-113.18270000,1223.669,0.82444000,0.56439000,optical,,,,,"Wed, 17 Sep 2025 18:12:06 GMT",714 bagdad bagdad
715,"Jornada Observatory, Las Cruces","Jornada Observatory, Las Cruces",32.38471823,-106.72410000,1338.022,0.84546000,0.53264000,optical,,,http://www.cybermesa.com/~ddixon/,,"Wed, 17 Sep 2025 18:12:06 GMT","715 jornada observatory, las cruces jornada observatory, las cruces"
716,"Palmer Divide Observatory, Colorado Springs","Palmer Divide Observatory, Colorado Springs",39.08467380,-104.75110000,2301.731,0.77753000,0.62731000,optical,,,http://www.minorplanetobserver.com/,,"Wed, 17 Sep 2025 18:12:06 GMT","716 palmer divide observatory, colorado springs palmer divide observatory, colorado springs"
717,Prude Ranch,Prude Ranch,30.61098370,-103.95190000,1538.859,0.86160000,0.50636000,optical,,,,,"Wed, 17 Sep 2025 18:12:06 GMT",717 prude ranch prude ranch
718,Tooele,Tooele,40.64140557,-112.29580000,1340.034,0.76004000,0.64802000,optical,2009-10-08,,,,"Wed, 17 Sep 2025 18:12:06 GMT",718 tooele tooele
719,Etscorn Observatory,Etscorn Observatory,34.07267127,-106.91392000,1422.490,0.82938400,0.55720400,optical,,,,,"Wed, 17 Sep 2025 18:12:06 GMT",719 etscorn observatory etscorn observatory
720,Universidad de Monterrey,Universidad de Monterrey,25.64317953,-100.37390000,620.411,0.90216000,0.43018000,optical,1998-07-11,,,,"Wed, 17 Sep 2025 18:12:06 GMT",720 universidad de monterrey universidad de monterrey
721,Lime Creek,Lime Creek,40.39946574,-100.26880000,776.082,0.76271000,0.64476000,optical,1996-02-20,,,,"Wed, 17 Sep 2025 18:12:06 GMT",721 lime creek lime creek
722,Missouri City,Missouri City,29.60420154,-95.58080000,1.483,0.87017000,0.49110000,optical,,,,,"Wed, 17 Sep 2025 18:12:06 GMT",722 missouri city missouri city
723,"Cottonwood Observatory, Ada","Cottonwood Observatory, Ada",34.87499358,-96.67000000,304.928,0.82134000,0.56861000,optical,1999-01-02,,,,"Wed, 17 Sep 2025 18:12:06 GMT","723 cottonwood observatory, ada cottonwood observatory, ada"
724,"National Observatory, Tacubaya","National Observatory, Tacubaya",19.40498809,-99.19470000,2282.790,0.94388000,0.33026000,optical,,,,,"Wed, 17 Sep 2025 18:12:06 GMT","724 national observatory, tacubaya national observatory, tacubaya"
725,Fair Oaks Ranch,Fair Oaks Ranch,29.76635175,-98.65470000,409.985,0.86883000,0.49358000,optical,,,,,"Wed, 17 Sep 2025 18:12:06 GMT",725 fair oaks ranch fair oaks ranch
726,Brainerd,Brainerd,46.44878748,-94.30670000,210.449,0.69024000,0.72120000,optical,,,,,"Wed, 17 Sep 2025 18:12:06 GMT",726 brainerd brainerd
727,"Zeno Observatory, Edmond","Zeno Observatory, Edmond",35.61275311,-97.46128000,357.504,0.81394100,0.57909600,optical,2009-05-08,,,,"Wed, 17 Sep 2025 18:12:06 GMT","727 zeno observatory, edmond zeno observatory, edmond"
728,Corpus Christi,Corpus Christi,27.69190655,-97.39160000,-0.302,0.88610000,0.46194000,optical,1998-03-11,,,,"Wed, 17 Sep 2025 18:12:06 GMT",728 corpus christi corpus christi
729,"Glenlea Astronomical Observatory, Winnipeg","Glenlea Astronomical Observatory, Winnipeg",49.64522453,-97.12142000,227.352,0.64880400,0.75845100,optical,,,,,"Wed, 17 Sep 2025 18:12:06 GMT","729 glenlea astronomical observatory, winnipeg glenlea astronomical observatory, winnipeg"
730,"University of North Dakota, Grand Forks","University of North Dakota, Grand Forks",47.91156670,-97.15857000,268.065,0.67154400,0.73853700,optical,,,,,"Wed, 17 Sep 2025 18:12:06 GMT","730 university of north dakota, grand forks university of north dakota, grand forks"
731,"Rose-Hulman Observatory, Terre Haute","Rose-Hulman Observatory, Terre Haute",39.48113154,-87.32890000,160.605,0.77290000,0.63244000,optical,1998-10-27,,http://www.rose-hulman.edu/observatory/history/index.htm,,"Wed, 17 Sep 2025 18:12:06 GMT","731 rose hulman observatory, terre haute rose hulman observatory, terre haute"
732,Oaxaca,Oaxaca,17.18164928,-96.77000000,1721.131,0.95591000,0.29359000,optical,1996-11-13,,,,"Wed, 17 Sep 2025 18:12:06 GMT",732 oaxaca oaxaca
733,"Allen, Texas","Allen, Texas",33.15930816,-96.64540000,209.002,0.83802000,0.54387000,optical,,,,,"Wed, 17 Sep 2025 18:12:06 GMT","733 allen, texas allen, texas"
734,"Farpoint Observatory, Eskridge","Farpoint Observatory, Eskridge",38.89023936,-96.00242000,376.294,0.77942500,0.62448900,optical,,,https://nekaal.org/doku.php?id&#61;farpoint_observatory,,"Wed, 17 Sep 2025 18:12:06 GMT","734 farpoint observatory, eskridge farpoint observatory, eskridge"
735,"George Observatory, Needville","George Observatory, Needville",29.37499734,-95.59360000,17.372,0.87213300,0.48763400,optical,2007-10-16,,,,"Wed, 17 Sep 2025 18:12:06 GMT","735 george observatory, needville george observatory, needville"
736,Houston,Houston,29.61833455,-96.66430000,84.852,0.87006000,0.49132000,optical,,,,,"Wed, 17 Sep 2025 18:12:06 GMT",736 houston houston
737,"New Bullpen Observatory, Alpharetta","New Bullpen Observatory, Alpharetta",34.17729937,-84.33670000,166.138,0.82820000,0.55860000,optical,,,,,"Wed, 17 Sep 2025 18:12:06 GMT","737 new bullpen observatory, alpharetta new bullpen observatory, alpharetta"
738,Observatory of the State University of Missouri,Observatory of the State University of Missouri,38.94457788,-92.32670000,123.511,0.77880000,0.62520000,optical,,,http://newton.umsl.edu/astro/,,"Wed, 17 Sep 2025 18:12:06 GMT",738 observatory of the state university of missouri observatory of the state university of missouri
739,"Sunflower Observatory, Olathe","Sunflower Observatory, Olathe",38.86875327,-94.75600000,296.425,0.77965000,0.62419000,optical,,,,,"Wed, 17 Sep 2025 18:12:06 GMT","739 sunflower observatory, olathe sunflower observatory, olathe"
740,"SFA Observatory, Nacogdoches","SFA Observatory, Nacogdoches",31.75730183,-94.66170000,190.091,0.85110000,0.52330000,optical,,,http://www.physics.sfasu.edu/astro/asteroids/asteroids.html,,"Wed, 17 Sep 2025 18:12:06 GMT","740 sfa observatory, nacogdoches sfa observatory, nacogdoches"
741,"Goodsell Observatory, Northfield","Goodsell Observatory, Northfield",44.46152464,-93.14970000,304.838,0.71493000,0.69692000,optical,,,,,"Wed, 17 Sep 2025 18:12:06 GMT","741 goodsell observatory, northfield goodsell observatory, northfield"
742,"Drake University, Des Moines","Drake University, Des Moines",41.59551667,-93.68784000,284.035,0.74898900,0.66042800,optical,,,,,"Wed, 17 Sep 2025 18:12:06 GMT","742 drake university, des moines drake university, des moines"
743,"University of Minnesota, Minneapolis","University of Minnesota, Minneapolis",44.98289877,-92.23852000,371.198,0.70854500,0.70338200,optical,,,,,"Wed, 17 Sep 2025 18:12:06 GMT","743 university of minnesota, minneapolis university of minnesota, minneapolis"
744,"Doyan Rose Observatory, Indianapolis","Doyan Rose Observatory, Indianapolis",39.84711943,-86.16220000,215.449,0.76884000,0.63735000,optical,,,,,"Wed, 17 Sep 2025 18:12:06 GMT","744 doyan rose observatory, indianapolis doyan rose observatory, indianapolis"
745,"Morrison Obervatory, Glasgow","Morrison Obervatory, Glasgow",39.22935537,-92.82530000,249.650,0.77569000,0.62906000,optical,,,,,"Wed, 17 Sep 2025 18:12:06 GMT","745 morrison obervatory, glasgow morrison obervatory, glasgow"
746,"Brooks Observatory, Mt. Pleasant","Brooks Observatory, Mt. Pleasant",43.58753326,-84.77460000,289.430,0.72551000,0.68597000,optical,,,,,"Wed, 17 Sep 2025 18:12:06 GMT","746 brooks observatory, mt. pleasant brooks observatory, mt. pleasant"
747,Highland Road Park Observatory,Highland Road Park Observatory,30.34606446,-91.07080000,15.528,0.86373000,0.50227000,optical,,,http://www.bro.lsu.edu/index.html,,"Wed, 17 Sep 2025 18:12:06 GMT",747 highland road park observatory highland road park observatory
748,"Van Allen Observatory, Iowa City","Van Allen Observatory, Iowa City",41.49546484,-91.53200000,245.496,0.75014000,0.65912000,optical,,,,,"Wed, 17 Sep 2025 18:12:06 GMT","748 van allen observatory, iowa city van allen observatory, iowa city"
749,Oakwood,Oakwood,34.20535199,-83.83580000,352.577,0.82795000,0.55902000,optical,,,,,"Wed, 17 Sep 2025 18:12:06 GMT",749 oakwood oakwood
750,"Hobbs Observatory, Fall Creek","Hobbs Observatory, Fall Creek",44.81582382,-91.27180000,282.041,0.71059000,0.70131000,optical,,,,,"Wed, 17 Sep 2025 18:12:06 GMT","750 hobbs observatory, fall creek hobbs observatory, fall creek"
751,Lake Saint Louis,Lake Saint Louis,38.79993815,-90.75610000,123.737,0.78038000,0.62324000,optical,1997-08-05,,,,"Wed, 17 Sep 2025 18:12:06 GMT",751 lake saint louis lake saint louis
752,"Puckett Observatory, Mountain Town","Puckett Observatory, Mountain Town",34.73238736,-84.53530000,492.788,0.82278000,0.56659000,optical,1998-06-17,,http://www.cometwatch.com/,,"Wed, 17 Sep 2025 18:12:06 GMT","752 puckett observatory, mountain town puckett observatory, mountain town"
753,"Washburn Observatory, Madison","Washburn Observatory, Madison",43.07621151,-89.40931000,287.993,0.73162200,0.67949100,optical,,,http://www.astro.wisc.edu/Washburn/,,"Wed, 17 Sep 2025 18:12:06 GMT","753 washburn observatory, madison washburn observatory, madison"
754,"Yerkes Observatory, Williams Bay","Yerkes Observatory, Williams Bay",42.57007288,-88.55680000,335.702,0.73762000,0.67303000,optical,,,,,"Wed, 17 Sep 2025 18:12:06 GMT","754 yerkes observatory, williams bay yerkes observatory, williams bay"
755,Optec Observatory,Optec Observatory,42.91496995,-85.35220000,224.469,0.73353000,0.67743000,optical,,,,,"Wed, 17 Sep 2025 18:12:06 GMT",755 optec observatory optec observatory
756,"Dearborn Observatory, Evanston (bef. July 1939)","Dearborn Observatory, Evanston (bef. July 1939)",42.05753063,-87.67433000,126.366,0.74360500,0.66640700,optical,,,http://www.astro.northwestern.edu/observatory.php,,"Wed, 17 Sep 2025 18:12:06 GMT","756 dearborn observatory, evanston (bef. july 1939) dearborn observatory, evanston (bef. july 1939)"
757,High Point,High Point,36.03862334,-79.99500000,322.934,0.80960000,0.58510000,optical,,,,,"Wed, 17 Sep 2025 18:12:06 GMT",757 high point high point
758,"BCC Observatory, Cocoa","BCC Observatory, Cocoa",28.38502983,-80.76210000,6.625,0.88044000,0.47257000,optical,1997-09-18,,,,"Wed, 17 Sep 2025 18:12:06 GMT","758 bcc observatory, cocoa bcc observatory, cocoa"
759,Nashville,Nashville,36.05265324,-86.80530000,351.566,0.80946000,0.58530000,optical,,,,,"Wed, 17 Sep 2025 18:12:06 GMT",759 nashville nashville
760,"Goethe Link Observatory, Brooklyn","Goethe Link Observatory, Brooklyn",39.54939425,-86.39520000,293.698,0.77216000,0.63337000,optical,,,http://www.astro.indiana.edu/,,"Wed, 17 Sep 2025 18:12:06 GMT","760 goethe link observatory, brooklyn goethe link observatory, brooklyn"
761,Zephyrhills,Zephyrhills,28.27121179,-82.35440000,17.880,0.88138000,0.47083000,optical,,,,,"Wed, 17 Sep 2025 18:12:06 GMT",761 zephyrhills zephyrhills
762,"Four Winds Observatory, Lake Leelanau","Four Winds Observatory, Lake Leelanau",44.95664205,-85.79920000,205.867,0.70885000,0.70304000,optical,,,,,"Wed, 17 Sep 2025 18:12:06 GMT","762 four winds observatory, lake leelanau four winds observatory, lake leelanau"
763,King City,King City,43.91476797,-79.53420000,308.784,0.72157000,0.69009000,optical,1996-06-23,,,,"Wed, 17 Sep 2025 18:12:06 GMT",763 king city king city
764,"Puckett Observatory, Stone Mountain","Puckett Observatory, Stone Mountain",33.72230785,-84.85610000,326.520,0.83264000,0.55205000,optical,1995-12-29,,,,"Wed, 17 Sep 2025 18:12:06 GMT","764 puckett observatory, stone mountain puckett observatory, stone mountain"
765,Cincinnati,Cincinnati,39.13873265,-84.42250000,277.127,0.77669000,0.62784000,optical,,,http://homepages.uc.edu/physics/research/astro.html,,"Wed, 17 Sep 2025 18:12:06 GMT",765 cincinnati cincinnati
766,"Michigan State University Obs., East Lansing","Michigan State University Obs., East Lansing",42.70656583,-84.48330000,252.001,0.73600000,0.67477000,optical,,,http://www.pa.msu.edu/astro/observ/,,"Wed, 17 Sep 2025 18:12:06 GMT","766 michigan state university obs., east lansing michigan state university obs., east lansing"
767,Ann Arbor,Ann Arbor,42.28029199,-83.73030000,293.491,0.74102000,0.66930000,optical,,,,,"Wed, 17 Sep 2025 18:12:06 GMT",767 ann arbor ann arbor
768,"Dearborn Observatory, Evanston (aft. Oct. 1939)","Dearborn Observatory, Evanston (aft. Oct. 1939)",42.05928050,-87.67512000,129.926,0.74358500,0.66643000,optical,,,,,"Wed, 17 Sep 2025 18:12:06 GMT","768 dearborn observatory, evanston (aft. oct. 1939) dearborn observatory, evanston (aft. oct. 1939)"
769,"McMillin Observatory, Columbus","McMillin Observatory, Columbus",39.99759550,-83.01080000,225.007,0.76716000,0.63936000,optical,,,http://www.phy.ilstu.edu/~wenning/McMillin/McMillin.html,,"Wed, 17 Sep 2025 18:12:06 GMT","769 mcmillin observatory, columbus mcmillin observatory, columbus"
770,"Crescent Moon Observatory, Columbus","Crescent Moon Observatory, Columbus",39.22523204,-85.92140000,205.270,0.77573000,0.62900000,optical,,,,,"Wed, 17 Sep 2025 18:12:06 GMT","770 crescent moon observatory, columbus crescent moon observatory, columbus"
771,"Boyeros Observatory, Havana","Boyeros Observatory, Havana",23.01330436,-82.43000000,7724.304,0.92200000,0.38900000,optical,,,,,"Wed, 17 Sep 2025 18:12:06 GMT","771 boyeros observatory, havana boyeros observatory, havana"
772,"Boltwood Observatory, Stittsville","Boltwood Observatory, Stittsville",45.25410168,-75.91350000,131.364,0.70517000,0.70669000,optical,,,,,"Wed, 17 Sep 2025 18:12:06 GMT","772 boltwood observatory, stittsville boltwood observatory, stittsville"
773,"Warner and Swasey Observatory, Cleveland","Warner and Swasey Observatory, Cleveland",41.53695441,-81.56820000,236.060,0.74966000,0.65966000,optical,,,,,"Wed, 17 Sep 2025 18:12:06 GMT","773 warner and swasey observatory, cleveland warner and swasey observatory, cleveland"
774,"Warner and Swasey Nassau Station, Chardon","Warner and Swasey Nassau Station, Chardon",41.59155940,-81.07500000,414.112,0.74905000,0.66039000,optical,,,,,"Wed, 17 Sep 2025 18:12:06 GMT","774 warner and swasey nassau station, chardon warner and swasey nassau station, chardon"
775,"Sayre Observatory, South Bethlehem","Sayre Observatory, South Bethlehem",40.60633977,-75.38320000,100.167,0.76029000,0.64743000,optical,,,,,"Wed, 17 Sep 2025 18:12:06 GMT","775 sayre observatory, south bethlehem sayre observatory, south bethlehem"
776,"Foggy Bottom, Hamilton","Foggy Bottom, Hamilton",42.81631481,-75.53310000,407.283,0.73472000,0.67619000,optical,,,,,"Wed, 17 Sep 2025 18:12:06 GMT","776 foggy bottom, hamilton foggy bottom, hamilton"
777,Toronto,Toronto,43.66667300,-79.39830000,123.807,0.72454000,0.68695000,optical,,,,,"Wed, 17 Sep 2025 18:12:06 GMT",777 toronto toronto
778,"Allegheny Observatory, Pittsburgh","Allegheny Observatory, Pittsburgh",40.48268179,-80.02220000,355.908,0.76172000,0.64582000,optical,,,http://www.pitt.edu/~aobsvtry,,"Wed, 17 Sep 2025 18:12:06 GMT","778 allegheny observatory, pittsburgh allegheny observatory, pittsburgh"
779,"David Dunlap Observatory, Richmond Hill","David Dunlap Observatory, Richmond Hill",43.86279253,-79.42210000,240.371,0.72219000,0.68943000,optical,,,http://www.astro.utoronto.ca/DDO/,,"Wed, 17 Sep 2025 18:12:06 GMT","779 david dunlap observatory, richmond hill david dunlap observatory, richmond hill"
780,"Leander McCormick Observatory, Charlottesville","Leander McCormick Observatory, Charlottesville",38.03361371,-78.52220000,225.572,0.78868000,0.61280000,optical,,,http://www.astro.virginia.edu/,,"Wed, 17 Sep 2025 18:12:06 GMT","780 leander mccormick observatory, charlottesville leander mccormick observatory, charlottesville"
781,Quito,Quito,-0.23350470,-78.49250000,2922.799,1.00045000,-0.00405000,optical,,,,,"Wed, 17 Sep 2025 18:12:06 GMT",781 quito quito
782,"Quito, comet astrograph station","Quito, comet astrograph station",0.00000000,-78.35000000,-6378.137,0.99900000,0.00000000,optical,,,,,"Wed, 17 Sep 2025 18:12:06 GMT","782 quito, comet astrograph station quito, comet astrograph station"
783,Rixeyville,Rixeyville,38.65028298,-77.98000000,8213.037,0.78300000,0.62200000,optical,,,,,"Wed, 17 Sep 2025 18:12:06 GMT",783 rixeyville rixeyville
784,"Stull Observatory, Alfred University","Stull Observatory, Alfred University",42.25074632,-77.78540000,585.706,0.74140000,0.66895000,optical,,,http://las.alfred.edu/physics/,,"Wed, 17 Sep 2025 18:12:06 GMT","784 stull observatory, alfred university stull observatory, alfred university"
785,"Fitz-Randolph Observatory, Princeton","Fitz-Randolph Observatory, Princeton",40.34555154,-74.64580000,38.996,0.76323000,0.64397000,optical,,,http://www.astro.princeton.edu/,,"Wed, 17 Sep 2025 18:12:06 GMT","785 fitz randolph observatory, princeton fitz randolph observatory, princeton"
786,"U.S. Naval Obs., Washington (since 1893)","U.S. Naval Obs., Washington (since 1893)",38.92044284,-77.06550000,90.836,0.77906000,0.62487000,optical,1893-01-01,,,,"Wed, 17 Sep 2025 18:12:06 GMT","786 u.s. naval obs., washington (since 1893) u.s. naval obs., washington (since 1893)"
787,"U.S. Naval Obs., Washington (before 1893)","U.S. Naval Obs., Washington (before 1893)",38.89424449,-77.05060000,38.426,0.77934000,0.62451000,optical,,1892-12-31,,,"Wed, 17 Sep 2025 18:12:06 GMT","787 u.s. naval obs., washington (before 1893) u.s. naval obs., washington (before 1893)"
788,"Mount Cuba Observatory, Wilmington","Mount Cuba Observatory, Wilmington",39.78423577,-75.63330000,124.388,0.76953000,0.63650000,optical,,,,,"Wed, 17 Sep 2025 18:12:06 GMT","788 mount cuba observatory, wilmington mount cuba observatory, wilmington"
789,"Litchfield Observatory, Clinton","Litchfield Observatory, Clinton",43.05473141,-75.40600000,309.935,0.73188000,0.67922000,optical,,,,,"Wed, 17 Sep 2025 18:12:06 GMT","789 litchfield observatory, clinton litchfield observatory, clinton"
790,"Dominion Observatory, Ottawa","Dominion Observatory, Ottawa",45.39410621,-75.71650000,84.081,0.70343000,0.70840000,optical,,,,,"Wed, 17 Sep 2025 18:12:06 GMT","790 dominion observatory, ottawa dominion observatory, ottawa"
791,"Flower and Cook Observatory, Philadelphia","Flower and Cook Observatory, Philadelphia",39.99914317,-75.47640000,119.422,0.76713000,0.63937000,optical,,,http://observatory.astro.upenn.edu/,,"Wed, 17 Sep 2025 18:12:06 GMT","791 flower and cook observatory, philadelphia flower and cook observatory, philadelphia"
792,"University of Rhode Island, Quonochontaug","University of Rhode Island, Quonochontaug",41.35331677,-71.70095000,-24.216,0.75174600,0.65723600,optical,,,,,"Wed, 17 Sep 2025 18:12:06 GMT","792 university of rhode island, quonochontaug university of rhode island, quonochontaug"
793,"Dudley Observatory, Albany (before 1893)","Dudley Observatory, Albany (before 1893)",42.66304668,-73.74850000,131.501,0.73650000,0.67420000,optical,,1892-12-31,,,"Wed, 17 Sep 2025 18:12:06 GMT","793 dudley observatory, albany (before 1893) dudley observatory, albany (before 1893)"
794,"Vassar College Observatory, Poughkeepsie","Vassar College Observatory, Poughkeepsie",41.68817619,-73.89000000,55.118,0.74789000,0.66161000,optical,,,,,"Wed, 17 Sep 2025 18:12:06 GMT","794 vassar college observatory, poughkeepsie vassar college observatory, poughkeepsie"
795,Rutherford,Rutherford,40.80979207,-73.96139000,10.134,0.75796900,0.65010600,optical,,,,,"Wed, 17 Sep 2025 18:12:06 GMT",795 rutherford rutherford
796,Stamford,Stamford,41.09042200,-73.55000000,1985.486,0.75500000,0.65400000,optical,,,http://www.stamfordmuseum.org/planet-ed.html,,"Wed, 17 Sep 2025 18:12:06 GMT",796 stamford stamford
797,"Yale Observatory, New Haven","Yale Observatory, New Haven",41.31632943,-72.92490000,49.110,0.75218000,0.65676000,optical,,,,,"Wed, 17 Sep 2025 18:12:06 GMT","797 yale observatory, new haven yale observatory, new haven"
798,"Yale Observatory, Bethany","Yale Observatory, Bethany",41.42669522,-72.98460000,220.816,0.75093000,0.65822000,optical,,,,,"Wed, 17 Sep 2025 18:12:06 GMT","798 yale observatory, bethany yale observatory, bethany"
799,Winchester,Winchester,42.45332812,-71.13500000,41.564,0.73896000,0.67150000,optical,,,,,"Wed, 17 Sep 2025 18:12:06 GMT",799 winchester winchester
800,"Harvard Observatory, Arequipa","Harvard Observatory, Arequipa",-16.37455281,-71.54890000,2429.016,0.96006000,-0.28021000,optical,,,,,"Wed, 17 Sep 2025 18:12:06 GMT","800 harvard observatory, arequipa harvard observatory, arequipa"
801,Oak Ridge Observatory,Oak Ridge Observatory,42.50536053,-71.55767000,179.868,0.73836400,0.67218300,optical,,,,,"Wed, 17 Sep 2025 18:12:06 GMT",801 oak ridge observatory oak ridge observatory
802,"Harvard Observatory, Cambridge","Harvard Observatory, Cambridge",42.38146501,-71.12836000,22.400,0.73980200,0.67057400,optical,,,http://cfa-www.harvard.edu/hco/index.html,,"Wed, 17 Sep 2025 18:12:06 GMT","802 harvard observatory, cambridge harvard observatory, cambridge"
803,Taunton,Taunton,41.90005673,-71.08330000,46.919,0.74543000,0.66436000,optical,,,,,"Wed, 17 Sep 2025 18:12:06 GMT",803 taunton taunton
804,Santiago-San Bernardo,Santiago-San Bernardo,-33.56267330,-70.68790000,571.191,0.83421000,-0.54976000,optical,,,,,"Wed, 17 Sep 2025 18:12:06 GMT",804 santiago san bernardo santiago san bernardo
805,Santiago-Cerro El Roble,Santiago-Cerro El Roble,-32.98152144,-71.02000000,2209.070,0.83997000,-0.54145000,optical,,,,,"Wed, 17 Sep 2025 18:12:06 GMT",805 santiago cerro el roble santiago cerro el roble
806,Santiago-Cerro Calán,Santiago-Cerro Calan,-33.39682880,-70.54870000,868.688,0.83584000,-0.54738000,optical,,,,,"Wed, 17 Sep 2025 18:12:06 GMT",806 santiago cerro calan santiago cerro calan
807,"Cerro Tololo Observatory, La Serena","Cerro Tololo Observatory, La Serena",-30.16913297,-70.80590000,2379.541,0.86560000,-0.49980000,optical,,,http://www.ctio.noao.edu/,,"Tue, 26 May 2026 20:34:56 GMT","807 cerro tololo observatory, la serena cerro tololo observatory, la serena"
808,El Leoncito,El Leoncito,-31.80200221,-69.32920000,2361.080,0.85098000,-0.52414000,optical,,,http://en.wikipedia.org/wiki/Felix_Aguilar_Observatory,,"Wed, 17 Sep 2025 18:12:06 GMT",808 el leoncito el leoncito
809,"European Southern Observatory, La Silla","European Southern Observatory, La Silla",-29.25881957,-70.73374000,2345.365,0.87344000,-0.48605200,optical,,,http://www.eso.org/public/,,"Tue, 26 May 2026 20:34:56 GMT","809 european southern observatory, la silla european southern observatory, la silla"
810,"Wallace Observatory, Westford","Wallace Observatory, Westford",42.61021272,-71.48460000,102.903,0.73712000,0.67352000,optical,,,http://web.mit.edu/wallace/,,"Wed, 17 Sep 2025 18:12:06 GMT","810 wallace observatory, westford wallace observatory, westford"
811,"Maria Mitchell Observatory, Nantucket","Maria Mitchell Observatory, Nantucket",41.28061938,-70.10435000,11.919,0.75258600,0.65628900,optical,,,,,"Wed, 17 Sep 2025 18:12:06 GMT","811 maria mitchell observatory, nantucket maria mitchell observatory, nantucket"
812,Viña del Mar,Vina del Mar,-32.95800122,-71.54570000,136.622,0.83992000,-0.54093000,optical,2007-08-25,,,,"Wed, 17 Sep 2025 18:12:06 GMT",812 vina del mar vina del mar
813,Santiago-Quinta Normal (1862-1920),Santiago-Quinta Normal (1862-1920),-33.44513542,-70.69170000,507.413,0.83533000,-0.54805000,optical,,,,,"Wed, 17 Sep 2025 18:12:06 GMT",813 santiago quinta normal (1862 1920) santiago quinta normal (1862 1920)
814,North Scituate,North Scituate,41.85117382,-71.58083000,121.970,0.74600700,0.66373400,optical,,,,,"Wed, 17 Sep 2025 18:12:06 GMT",814 north scituate north scituate
815,Santiago-Santa Lucia (1849-1861),Santiago-Santa Lucia (1849-1861),-33.44035523,-70.65210000,615.842,0.83539000,-0.54799000,optical,,,,,"Wed, 17 Sep 2025 18:12:06 GMT",815 santiago santa lucia (1849 1861) santiago santa lucia (1849 1861)
816,Rand Observatory,Rand Observatory,44.33897535,-74.24170000,537.602,0.71645000,0.69542000,optical,,,,,"Wed, 17 Sep 2025 18:12:06 GMT",816 rand observatory rand observatory
817,Sudbury,Sudbury,42.34969994,-71.38960000,67.368,0.74018000,0.67017000,optical,,,,,"Wed, 17 Sep 2025 18:12:06 GMT",817 sudbury sudbury
818,"Gemeaux Observatory, Laval","Gemeaux Observatory, Laval",45.35066960,-73.58330000,368.412,0.70400000,0.70790000,optical,,,,,"Wed, 17 Sep 2025 18:12:06 GMT","818 gemeaux observatory, laval gemeaux observatory, laval"
819,Val-des-Bois,Val-des-Bois,45.89485432,-75.61500000,168.913,0.69720000,0.71451000,optical,,,,,"Wed, 17 Sep 2025 18:12:06 GMT",819 val des bois val des bois
820,Tarija,Tarija,-21.59625390,-64.62419000,1842.135,0.93049100,-0.36587200,optical,,,,,"Wed, 17 Sep 2025 18:12:06 GMT",820 tarija tarija
821,Córdoba-Bosque Alegre,Cordoba-Bosque Alegre,-31.59832626,-64.54959000,1213.072,0.85268800,-0.52103200,optical,,,,,"Wed, 17 Sep 2025 18:12:06 GMT",821 cordoba bosque alegre cordoba bosque alegre
822,Córdoba,Cordoba,-31.42004489,-64.19863000,427.599,0.85420300,-0.51832500,optical,,,,,"Wed, 17 Sep 2025 18:12:06 GMT",822 cordoba cordoba
823,Fitchburg,Fitchburg,42.60989174,-71.83090000,330.089,0.73715000,0.67354000,optical,1996-07-14,,,,"Wed, 17 Sep 2025 18:12:06 GMT",823 fitchburg fitchburg
824,Lake Clear,Lake Clear,44.34222186,-74.24720000,533.450,0.71641000,0.69546000,optical,2007-08-27,,,,"Wed, 17 Sep 2025 18:12:06 GMT",824 lake clear lake clear
825,Granville,Granville,42.33795717,-71.74050000,173.031,0.74033000,0.67003000,optical,1996-08-22,,http://www.denison.edu/physics/,,"Wed, 17 Sep 2025 18:12:06 GMT",825 granville granville
826,Plessissville,Plessissville,46.21951308,-71.77180000,113.123,0.69312000,0.71843000,optical,,,,,"Wed, 17 Sep 2025 18:12:06 GMT",826 plessissville plessissville
827,Saint-Félicien,Saint-Felicien,48.65131257,-72.46070000,100.987,0.66190000,0.74710000,optical,,,,,"Wed, 17 Sep 2025 18:12:06 GMT",827 saint felicien saint felicien
828,Assonet,Assonet,41.80286788,-71.02420000,53.532,0.74656000,0.66310000,optical,1997-10-12,,,,"Wed, 17 Sep 2025 18:12:06 GMT",828 assonet assonet
829,Complejo Astronomico El Leoncito,Complejo Astronomico El Leoncito,-31.79932417,-69.30210000,2477.076,0.85102000,-0.52411000,optical,,,,,"Wed, 17 Sep 2025 18:12:06 GMT",829 complejo astronomico el leoncito complejo astronomico el leoncito
830,Hudson,Hudson,42.79668721,-71.43030000,39.468,0.73491000,0.67590000,optical,,,,,"Wed, 17 Sep 2025 18:12:06 GMT",830 hudson hudson
831,"Rosemary Hill Observatory, University of Florida","Rosemary Hill Observatory, University of Florida",29.40165004,-82.58660000,48.828,0.87191000,0.48804000,optical,,,http://www.astro.ufl.edu/,,"Wed, 17 Sep 2025 18:12:06 GMT","831 rosemary hill observatory, university of florida rosemary hill observatory, university of florida"
832,Etters,Etters,40.16483033,-76.81500000,347.011,0.76530000,0.64160000,optical,,,,,"Wed, 17 Sep 2025 18:12:06 GMT",832 etters etters
833,"Obs. Astronomico de Mercedes, Buenos Aires","Obs. Astronomico de Mercedes, Buenos Aires",-34.62992007,-58.53670000,-4.637,0.82373000,-0.56508000,optical,,,,,"Wed, 17 Sep 2025 18:12:06 GMT","833 obs. astronomico de mercedes, buenos aires obs. astronomico de mercedes, buenos aires"
834,Buenos Aires-AAAA,Buenos Aires-AAAA,-34.60519375,-58.43460000,39.417,0.82398000,-0.56473000,optical,,,,,"Wed, 17 Sep 2025 18:12:06 GMT",834 buenos aires aaaa buenos aires aaaa
835,"Drum Hill Station, Chelmsford","Drum Hill Station, Chelmsford",42.61222400,-71.35720000,48.443,0.73709000,0.67354000,optical,1998-08-12,,,,"Wed, 17 Sep 2025 18:12:06 GMT","835 drum hill station, chelmsford drum hill station, chelmsford"
836,"Furnace Brook Observatory, Cranston","Furnace Brook Observatory, Cranston",41.75813579,-71.49890000,61.975,0.74708000,0.66252000,optical,1998-10-25,,,,"Wed, 17 Sep 2025 18:12:06 GMT","836 furnace brook observatory, cranston furnace brook observatory, cranston"
837,Jupiter,Jupiter,26.91598402,-80.24470000,-25.159,0.89228000,0.44996000,optical,2000-01-23,,,,"Wed, 17 Sep 2025 18:12:06 GMT",837 jupiter jupiter
838,Dayton,Dayton,39.74312258,-84.13720000,225.722,0.77000000,0.63596000,optical,,,,,"Wed, 17 Sep 2025 18:12:06 GMT",838 dayton dayton
839,La Plata,La Plata,-34.90838185,-57.93220000,11.057,0.82097000,-0.56906000,optical,,,http://www.fcaglp.unlp.edu.ar/,,"Wed, 17 Sep 2025 18:12:06 GMT",839 la plata la plata
840,Flint,Flint,43.01449646,-83.71670000,237.694,0.73235000,0.67870000,optical,1999-03-17,,,,"Wed, 17 Sep 2025 18:12:06 GMT",840 flint flint
841,"Martin Observatory, Blacksburg","Martin Observatory, Blacksburg",37.33280753,-80.55767000,978.779,0.79622900,0.60322000,optical,,,http://www.phys.vt.edu/~jhs/phys3154/14inch.shtml,,"Wed, 17 Sep 2025 18:12:06 GMT","841 martin observatory, blacksburg martin observatory, blacksburg"
842,Gettysburg College Observatory,Gettysburg College Observatory,39.83115989,-77.23220000,149.080,0.76901000,0.63713000,optical,,,,,"Wed, 17 Sep 2025 18:12:06 GMT",842 gettysburg college observatory gettysburg college observatory
843,"Emerald Lane Observatory, Decatur","Emerald Lane Observatory, Decatur",34.52319893,-86.93520000,201.394,0.82481000,0.56357000,optical,,,,,"Wed, 17 Sep 2025 18:12:06 GMT","843 emerald lane observatory, decatur emerald lane observatory, decatur"
844,Observatorio Astronomico Los Molinos,Observatorio Astronomico Los Molinos,-34.75548313,-56.19018000,88.757,0.82249900,-0.56688400,optical,,,http://www.oalm.gub.uy/,,"Wed, 17 Sep 2025 18:12:06 GMT",844 observatorio astronomico los molinos observatorio astronomico los molinos
845,"Ford Observatory, Ithaca","Ford Observatory, Ithaca",42.41728510,-76.49420000,356.342,0.73942000,0.67107000,optical,,,,,"Wed, 17 Sep 2025 18:12:06 GMT","845 ford observatory, ithaca ford observatory, ithaca"
846,"Principia Astronomical Observatory, Elsah","Principia Astronomical Observatory, Elsah",38.85002186,-90.34499000,193.555,0.77984200,0.62392600,optical,,,,,"Wed, 17 Sep 2025 18:12:06 GMT","846 principia astronomical observatory, elsah principia astronomical observatory, elsah"
847,"Lunar Cafe Observator, Flint","Lunar Cafe Observator, Flint",45.04226842,-84.02500000,250.877,0.70780000,0.70410000,optical,1999-08-23,,,,"Wed, 17 Sep 2025 18:12:06 GMT","847 lunar cafe observator, flint lunar cafe observator, flint"
848,"Tenagra Observatory, Cottage Grove","Tenagra Observatory, Cottage Grove",43.70242092,-122.97810000,213.048,0.72412000,0.68741000,optical,,,,,"Wed, 17 Sep 2025 18:12:06 GMT","848 tenagra observatory, cottage grove tenagra observatory, cottage grove"
849,"Everstar Observatory, Olathe","Everstar Observatory, Olathe",38.90392383,-94.83060000,331.785,0.77927000,0.62467000,optical,,,,,"Wed, 17 Sep 2025 18:12:06 GMT","849 everstar observatory, olathe everstar observatory, olathe"
850,"Cordell-Lorenz Observatory, Sewanee","Cordell-Lorenz Observatory, Sewanee",35.20409080,-85.91980000,669.627,0.81810000,0.57333000,optical,,,http://www.sewanee.edu/physics/OBSERVATORY/observatory.html,,"Wed, 17 Sep 2025 18:12:06 GMT","850 cordell lorenz observatory, sewanee cordell lorenz observatory, sewanee"
851,"Burke-Gaffney Observatory, Halifax","Burke-Gaffney Observatory, Halifax",44.63058526,-63.58038000,2.643,0.71283000,0.69898600,optical,1999-09-28,,https://www.ap.smu.ca/pr/bgo,,"Wed, 17 Sep 2025 18:08:55 GMT","851 burke gaffney observatory, halifax burke gaffney observatory, halifax"
852,"River Moss Observatory, St. Peters","River Moss Observatory, St. Peters",38.78934953,-90.59500000,160.815,0.78050000,0.62310000,optical,,,,,"Wed, 17 Sep 2025 18:12:06 GMT","852 river moss observatory, st. peters river moss observatory, st. peters"
853,Biosphere 2 Observatory,Biosphere 2 Observatory,32.58117351,-110.84673100,1166.925,0.84360260,0.53550750,optical,,,,,"Wed, 17 Sep 2025 18:12:06 GMT",853 biosphere 2 observatory biosphere 2 observatory
854,"Sabino Canyon Observatory, Tucson","Sabino Canyon Observatory, Tucson",32.29984904,-110.82005000,835.775,0.84618300,0.53135100,optical,,,,,"Wed, 17 Sep 2025 18:12:06 GMT","854 sabino canyon observatory, tucson sabino canyon observatory, tucson"
855,"Wayside Observatory, Minnetonka","Wayside Observatory, Minnetonka",44.92052485,-93.46170000,255.270,0.70930000,0.70260000,optical,,,,,"Wed, 17 Sep 2025 18:12:06 GMT","855 wayside observatory, minnetonka wayside observatory, minnetonka"
856,Riverside,Riverside,33.99548612,-117.44600000,380.432,0.83000000,0.55600000,optical,,,,,"Wed, 17 Sep 2025 18:12:06 GMT",856 riverside riverside
857,"Iowa Robotic Observatory, Sonoita","Iowa Robotic Observatory, Sonoita",31.66451446,-110.60080000,1554.592,0.85213000,0.52204000,optical,1999-12-02,,,,"Wed, 17 Sep 2025 18:12:06 GMT","857 iowa robotic observatory, sonoita iowa robotic observatory, sonoita"
858,"Tebbutt Observatory, Edgewood","Tebbutt Observatory, Edgewood",35.09386889,-106.22000000,2198.453,0.81940000,0.57190000,optical,,,,,"Wed, 17 Sep 2025 18:12:06 GMT","858 tebbutt observatory, edgewood tebbutt observatory, edgewood"
859,Wykrota Observatory-CEAMIG,Wykrota Observatory-CEAMIG,-19.82397973,-43.69030000,1482.949,0.94132000,-0.33707000,optical,,,http://www.ceamig.org.br/2_obse/wykro.htm,,"Wed, 17 Sep 2025 18:12:06 GMT",859 wykrota observatory ceamig wykrota observatory ceamig
860,Valinhos,Valinhos,-23.00327464,-46.96530000,877.286,0.92108000,-0.38842000,optical,,,,,"Wed, 17 Sep 2025 18:12:06 GMT",860 valinhos valinhos
861,Barão Geraldo,Barao Geraldo,-22.78245795,-47.07960000,589.033,0.92253000,-0.38487000,optical,1996-11-14,,,,"Wed, 17 Sep 2025 18:12:06 GMT",861 barao geraldo barao geraldo
862,Saku,Saku,36.14088147,138.52620000,780.772,0.80861000,0.58658000,optical,,,,,"Wed, 17 Sep 2025 18:12:06 GMT",862 saku saku
863,Furukawa,Furukawa,36.26141674,137.18000000,-2156.387,0.80700000,0.58800000,optical,,,,,"Wed, 17 Sep 2025 18:12:06 GMT",863 furukawa furukawa
864,Kumamoto,Kumamoto,32.67579095,130.75330000,65.183,0.84257000,0.53680000,optical,,,,,"Wed, 17 Sep 2025 18:12:06 GMT",864 kumamoto kumamoto
865,"Emmy Observatory, New Paltz","Emmy Observatory, New Paltz",41.70934964,-74.12080000,100.169,0.74765000,0.66189000,optical,,,,,"Wed, 17 Sep 2025 18:12:06 GMT","865 emmy observatory, new paltz emmy observatory, new paltz"
866,"U.S. Naval Academy, Michelson","U.S. Naval Academy, Michelson",38.98136449,-76.49000000,145.120,0.77840000,0.62570000,optical,,,,,"Wed, 17 Sep 2025 18:12:06 GMT","866 u.s. naval academy, michelson u.s. naval academy, michelson"
867,Saji Observatory,Saji Observatory,35.33893131,134.12220000,392.517,0.81671000,0.57522000,optical,,,,,"Wed, 17 Sep 2025 18:12:06 GMT",867 saji observatory saji observatory
868,Hidaka Observatory,Hidaka Observatory,33.92277990,135.13590000,24.139,0.83066000,0.55492000,optical,,,,,"Wed, 17 Sep 2025 18:12:06 GMT",868 hidaka observatory hidaka observatory
869,Tosa,Tosa,33.49312267,133.42980000,-26.118,0.83480000,0.54870000,optical,,,,,"Wed, 17 Sep 2025 18:12:06 GMT",869 tosa tosa
870,Campiñas,Campinas,-22.90050631,-46.82589000,1030.147,0.92179800,-0.38678600,optical,,,,,"Wed, 17 Sep 2025 18:12:06 GMT",870 campinas campinas
871,Akou,Akou,34.74857125,134.39250000,30.311,0.82256000,0.56678000,optical,,,,,"Wed, 17 Sep 2025 18:12:06 GMT",871 akou akou
872,Tokushima,Tokushima,34.09023021,134.24110000,91.343,0.82904000,0.55734000,optical,,,http://www.monterosa.pages.jp/,,"Wed, 17 Sep 2025 18:12:06 GMT",872 tokushima tokushima
873,Kurashiki Observatory,Kurashiki Observatory,34.59275724,133.77170000,17.529,0.82410000,0.56455000,optical,,,,,"Wed, 17 Sep 2025 18:12:06 GMT",873 kurashiki observatory kurashiki observatory
874,"Observatório do Pico dos Dias, Itajubá","Observatorio do Pico dos Dias, Itajuba",-22.53548543,-45.58265000,1810.668,0.92435900,-0.38098600,optical,,,,,"Wed, 17 Sep 2025 18:12:06 GMT","874 observatorio do pico dos dias, itajuba observatorio do pico dos dias, itajuba"
875,Yorii,Yorii,36.09884437,139.23530000,140.186,0.80896000,0.58593000,optical,,,,,"Wed, 17 Sep 2025 18:12:06 GMT",875 yorii yorii
876,Honjo,Honjo,36.22828828,139.24670000,52.406,0.80762000,0.58774000,optical,,,,,"Wed, 17 Sep 2025 18:12:06 GMT",876 honjo honjo
877,Okutama,Okutama,35.81355774,139.08280000,657.819,0.81194000,0.58196000,optical,,,,,"Wed, 17 Sep 2025 18:12:06 GMT",877 okutama okutama
878,Kagiya,Kagiya,34.98732013,136.91420000,61.783,0.82019000,0.57019000,optical,,,,,"Wed, 17 Sep 2025 18:12:06 GMT",878 kagiya kagiya
879,Tokai,Tokai,35.04115063,137.35350000,429.860,0.81970000,0.57099000,optical,,,,,"Wed, 17 Sep 2025 18:12:06 GMT",879 tokai tokai
880,Rio de Janeiro,Rio de Janeiro,-22.89518081,-43.22290000,33.265,0.92169000,-0.38664000,optical,,,,,"Wed, 17 Sep 2025 18:12:06 GMT",880 rio de janeiro rio de janeiro
881,Toyota,Toyota,35.13515936,137.25710000,118.174,0.81872000,0.57230000,optical,,,,,"Wed, 17 Sep 2025 18:12:06 GMT",881 toyota toyota
882,JCPM Oi Station,JCPM Oi Station,35.16906060,137.35580000,426.520,0.81842000,0.57281000,optical,,,,,"Wed, 17 Sep 2025 18:12:06 GMT",882 jcpm oi station jcpm oi station
883,Shizuoka,Shizuoka,35.01986528,138.42150000,20.711,0.81986000,0.57065000,optical,,,,,"Wed, 17 Sep 2025 18:12:06 GMT",883 shizuoka shizuoka
884,Kawane,Kawane,35.14052229,138.07920000,380.948,0.81870000,0.57240000,optical,,,,,"Wed, 17 Sep 2025 18:12:06 GMT",884 kawane kawane
885,JCPM Yakiimo Station,JCPM Yakiimo Station,34.95670581,138.46670000,21.167,0.82049000,0.56975000,optical,,,,,"Wed, 17 Sep 2025 18:12:06 GMT",885 jcpm yakiimo station jcpm yakiimo station
886,Mishima,Mishima,35.17057744,138.93670000,76.954,0.81836000,0.57280000,optical,,,,,"Wed, 17 Sep 2025 18:12:06 GMT",886 mishima mishima
887,Ojima,Ojima,36.24519117,139.33670000,82.707,0.80745000,0.58798000,optical,,,,,"Wed, 17 Sep 2025 18:12:06 GMT",887 ojima ojima
888,Gekko,Gekko,35.12474671,138.99520000,319.175,0.81885000,0.57217000,optical,,,,,"Wed, 17 Sep 2025 18:12:06 GMT",888 gekko gekko
889,Karasuyama,Karasuyama,36.65501461,140.14270000,132.195,0.80322000,0.59372000,optical,,,,,"Wed, 17 Sep 2025 18:12:06 GMT",889 karasuyama karasuyama
890,JCPM Tone Station,JCPM Tone Station,35.91902573,140.25000000,146.607,0.81080000,0.58340000,optical,,,,,"Wed, 17 Sep 2025 18:12:06 GMT",890 jcpm tone station jcpm tone station
891,JCPM Kimachi Station,JCPM Kimachi Station,38.27527118,140.86330000,48.735,0.78606000,0.61609000,optical,,,,,"Wed, 17 Sep 2025 18:12:06 GMT",891 jcpm kimachi station jcpm kimachi station
892,YGCO Hoshikawa and Nagano Stations,YGCO Hoshikawa and Nagano Stations,36.14021895,139.47530000,16.270,0.80852000,0.58650000,optical,,,,,"Wed, 17 Sep 2025 18:12:06 GMT",892 ygco hoshikawa and nagano stations ygco hoshikawa and nagano stations
893,Sendai Municipal Observatory,Sendai Municipal Observatory,38.25918983,140.86222000,46.024,0.78623300,0.61587000,optical,2009-03-13,,,,"Wed, 17 Sep 2025 18:12:06 GMT",893 sendai municipal observatory sendai municipal observatory
894,Kiyosato,Kiyosato,35.89905619,138.44760000,1140.628,0.81113000,0.58321000,optical,,,,,"Wed, 17 Sep 2025 18:12:06 GMT",894 kiyosato kiyosato
895,Hatamae,Hatamae,38.30911813,140.72030000,333.425,0.78573000,0.61658000,optical,,,,,"Wed, 17 Sep 2025 18:12:06 GMT",895 hatamae hatamae
896,Yatsugatake South Base Observatory,Yatsugatake South Base Observatory,35.87915176,138.36780000,1038.104,0.81132000,0.58292000,optical,,,,,"Wed, 17 Sep 2025 18:12:06 GMT",896 yatsugatake south base observatory yatsugatake south base observatory
897,YGCO Chiyoda Station,YGCO Chiyoda Station,36.19367858,139.49290000,7.274,0.80797000,0.58725000,optical,,,,,"Wed, 17 Sep 2025 18:12:06 GMT",897 ygco chiyoda station ygco chiyoda station
898,Fujieda,Fujieda,34.90179171,138.18830000,278.650,0.82107000,0.56899000,optical,,,,,"Wed, 17 Sep 2025 18:12:06 GMT",898 fujieda fujieda
899,Toma,Toma,43.84078024,142.55000000,-251.920,0.72240000,0.68910000,optical,,,,,"Wed, 17 Sep 2025 18:12:06 GMT",899 toma toma
900,Moriyama,Moriyama,35.04975321,135.98994000,102.087,0.81957200,0.57108300,optical,2008-07-22,,,,"Wed, 17 Sep 2025 18:12:06 GMT",900 moriyama moriyama
901,Tajimi,Tajimi,35.34266573,137.08770000,139.001,0.81664000,0.57525000,optical,,,,,"Wed, 17 Sep 2025 18:12:06 GMT",901 tajimi tajimi
902,Ootake,Ootake,34.22132731,132.22080000,14.952,0.82775000,0.55922000,optical,,,,,"Wed, 17 Sep 2025 18:12:06 GMT",902 ootake ootake
903,Fukuchiyama and Kannabe,Fukuchiyama and Kannabe,35.27095012,135.17423900,84.313,0.81735400,0.57422700,optical,2007-09-16,,,,"Wed, 17 Sep 2025 18:12:06 GMT",903 fukuchiyama and kannabe fukuchiyama and kannabe
904,Go-Chome and Kobe-Suma,Go-Chome and Kobe-Suma,34.61731587,135.12000000,1122.565,0.82400000,0.56500000,optical,,,,,"Wed, 17 Sep 2025 18:12:06 GMT",904 go chome and kobe suma go chome and kobe suma
905,Nachi-Katsuura Observatory,Nachi-Katsuura Observatory,33.61018997,135.92460000,13.274,0.83368000,0.55040000,optical,2007-08-24,,,,"Wed, 17 Sep 2025 18:12:06 GMT",905 nachi katsuura observatory nachi katsuura observatory
906,Cobram,Cobram,-35.91613228,145.66700000,3851.776,0.81130000,-0.58370000,optical,,,,,"Wed, 17 Sep 2025 18:12:06 GMT",906 cobram cobram
907,Melbourne,Melbourne,-37.83157173,144.97580000,51.984,0.79082000,-0.61001000,optical,,,,,"Wed, 17 Sep 2025 18:12:06 GMT",907 melbourne melbourne
908,Toyama,Toyama,36.62535506,137.24670000,68.853,0.80352000,0.59330000,optical,,,http://www.tsm.toyama.toyama.jp/tao/index-j.htm,,"Wed, 17 Sep 2025 18:12:06 GMT",908 toyama toyama
909,Snohomish Hilltop Observatory,Snohomish Hilltop Observatory,47.94442425,-122.12830000,89.143,0.67110000,0.73890000,optical,,,,,"Wed, 17 Sep 2025 18:12:06 GMT",909 snohomish hilltop observatory snohomish hilltop observatory
910,Caussols-ODAS,Caussols-ODAS,43.74891338,6.92670000,1271.022,0.72368000,0.68811000,optical,,,,,"Wed, 17 Sep 2025 18:12:06 GMT",910 caussols odas caussols odas
911,"Collins Observatory, Corning Community College","Collins Observatory, Corning Community College",42.11845607,-77.07670000,179.515,0.74290000,0.66720000,optical,,,,,"Wed, 17 Sep 2025 18:12:06 GMT","911 collins observatory, corning community college collins observatory, corning community college"
912,"Carbuncle Hill Observatory, Greene","Carbuncle Hill Observatory, Greene",41.70653528,-71.76580000,163.325,0.74769000,0.66186000,optical,,,,,"Wed, 17 Sep 2025 18:12:06 GMT","912 carbuncle hill observatory, greene carbuncle hill observatory, greene"
913,"Observatorio Kappa Crucis, Montevideo","Observatorio Kappa Crucis, Montevideo",-34.91252673,-56.18390000,20.853,0.82093000,-0.56912000,optical,,,http://www.astronomia.edu.uy/depto/,,"Wed, 17 Sep 2025 18:12:06 GMT","913 observatorio kappa crucis, montevideo observatorio kappa crucis, montevideo"
914,"Underwood Observatory, Hubbardston","Underwood Observatory, Hubbardston",42.53110001,-71.98920000,430.621,0.73809000,0.67254000,optical,,,,,"Wed, 17 Sep 2025 18:12:06 GMT","914 underwood observatory, hubbardston underwood observatory, hubbardston"
915,"River Oaks Observatory, New Braunfels","River Oaks Observatory, New Braunfels",29.79011670,-98.12110000,300.763,0.86861000,0.49393000,optical,2000-07-20,,,,"Wed, 17 Sep 2025 18:12:06 GMT","915 river oaks observatory, new braunfels river oaks observatory, new braunfels"
916,"Oakley Observatory, Terre Haute","Oakley Observatory, Terre Haute",39.48400087,-87.31640000,175.142,0.77287000,0.63248000,optical,,,http://www.rose-hulman.edu/observatory/,,"Wed, 17 Sep 2025 18:12:06 GMT","916 oakley observatory, terre haute oakley observatory, terre haute"
917,Pacific Lutheran University Keck Observatory,Pacific Lutheran University Keck Observatory,47.14370127,-122.44780000,106.301,0.68140000,0.72948000,optical,,,,,"Wed, 17 Sep 2025 18:12:06 GMT",917 pacific lutheran university keck observatory pacific lutheran university keck observatory
918,"Badlands Observatory, Quinn","Badlands Observatory, Quinn",43.99076333,-102.13060000,831.034,0.72071000,0.69110000,optical,,,http://www.badlandsobservatory.com/,,"Wed, 17 Sep 2025 18:12:06 GMT","918 badlands observatory, quinn badlands observatory, quinn"
919,Desert Beaver Observatory,Desert Beaver Observatory,32.74984351,-111.68170000,261.248,0.84190000,0.53790000,optical,,,,,"Wed, 17 Sep 2025 18:12:06 GMT",919 desert beaver observatory desert beaver observatory
920,"RIT Observatory, Rochester","RIT Observatory, Rochester",43.07580138,-77.66470000,140.609,0.73161000,0.67947000,optical,,,,,"Wed, 17 Sep 2025 18:12:06 GMT","920 rit observatory, rochester rit observatory, rochester"
921,"SW Institute for Space Research, Cloudcroft","SW Institute for Space Research, Cloudcroft",32.99108965,-105.52750000,2213.721,0.83988000,0.54159000,optical,,,,,"Wed, 17 Sep 2025 18:12:06 GMT","921 sw institute for space research, cloudcroft sw institute for space research, cloudcroft"
922,"Timberland Observatory, Decatur","Timberland Observatory, Decatur",34.67119282,-87.16670000,213.663,0.82335000,0.56569000,optical,2000-10-01,,,,"Wed, 17 Sep 2025 18:12:06 GMT","922 timberland observatory, decatur timberland observatory, decatur"
923,"The Bradstreet Observatory, St. Davids","The Bradstreet Observatory, St. Davids",40.05092019,-75.37000000,116.944,0.76655000,0.64006000,optical,,,,,"Wed, 17 Sep 2025 18:12:06 GMT","923 the bradstreet observatory, st. davids the bradstreet observatory, st. davids"
924,Observatoire du Cégep de Trois-Rivières,Observatoire du Cegep de Trois-Rivieres,46.47561808,-72.32310000,15.892,0.68988000,0.72150000,optical,,,,,"Wed, 17 Sep 2025 18:12:06 GMT",924 observatoire du cegep de trois rivieres observatoire du cegep de trois rivieres
925,Palominas Observatory,Palominas Observatory,31.40058820,-110.14110000,1329.638,0.85450000,0.51811000,optical,,,,,"Wed, 17 Sep 2025 18:12:06 GMT",925 palominas observatory palominas observatory
926,"Tenagra II Observatory, Nogales","Tenagra II Observatory, Nogales",31.46204028,-110.87910000,1308.681,0.85394000,0.51902000,optical,,,,,"Wed, 17 Sep 2025 18:12:06 GMT","926 tenagra ii observatory, nogales tenagra ii observatory, nogales"
927,Madison-YRS,Madison-YRS,42.79079727,-89.43806000,276.805,0.73500700,0.67585000,optical,,,,,"Wed, 17 Sep 2025 18:12:06 GMT",927 madison yrs madison yrs
928,"Moonedge Observatory, Northport","Moonedge Observatory, Northport",40.90518178,-73.32390000,-10.989,0.75688000,0.65136000,optical,,,,,"Wed, 17 Sep 2025 18:12:06 GMT","928 moonedge observatory, northport moonedge observatory, northport"
929,Port Allen,Port Allen,30.40743977,-91.22420000,11.452,0.86319000,0.50319000,optical,2001-02-06,,,,"Wed, 17 Sep 2025 18:12:06 GMT",929 port allen port allen
930,"S. S. Observatory, Pamatai","S. S. Observatory, Pamatai",-17.55137771,-149.58776000,98.512,0.95375200,-0.29963800,optical,2009-04-11,,http://www.southernstars-observatory.org,,"Wed, 17 Sep 2025 18:12:06 GMT","930 s. s. observatory, pamatai s. s. observatory, pamatai"
931,Puna'auia,Puna\'auia,-17.63406994,-149.61580000,-23.926,0.95330000,-0.30100000,optical,1999-12-27,,,,"Wed, 17 Sep 2025 18:12:06 GMT",931 puna'auia puna\'auia
932,"John J. McCarthy Obs., New Milford","John J. McCarthy Obs., New Milford",41.52574420,-73.42599000,44.949,0.74976700,0.65949400,optical,2008-08-05,,http://www.mccarthyobservatory.org/,,"Wed, 18 Mar 2026 19:10:45 GMT","932 john j. mccarthy obs., new milford john j. mccarthy obs., new milford"
933,"Rockland Observatory, Sierra Vista","Rockland Observatory, Sierra Vista",31.47613450,-110.26580000,1442.794,0.85383000,0.51924000,optical,,,,,"Wed, 17 Sep 2025 18:12:06 GMT","933 rockland observatory, sierra vista rockland observatory, sierra vista"
934,Poway Valley,Poway Valley,32.96742921,-117.04280000,282.568,0.83985000,0.54108000,optical,,,,,"Wed, 17 Sep 2025 18:12:06 GMT",934 poway valley poway valley
935,"Wyrick Observatory, Haymarket","Wyrick Observatory, Haymarket",38.85592773,-77.66060000,132.015,0.77977000,0.62400000,optical,,,,,"Wed, 17 Sep 2025 18:12:06 GMT","935 wyrick observatory, haymarket wyrick observatory, haymarket"
936,"Ibis Observatory, Manhattan","Ibis Observatory, Manhattan",39.18897596,-96.62080000,296.317,0.77614000,0.62852000,optical,,,,,"Wed, 17 Sep 2025 18:12:06 GMT","936 ibis observatory, manhattan ibis observatory, manhattan"
937,"Bradbury Observatory, Stockton-on-Tees","Bradbury Observatory, Stockton-on-Tees",54.59485630,-1.31000000,33.340,0.58065000,0.81143000,optical,2000-12-31,2018-12-31,,,"Wed, 17 Sep 2025 18:12:06 GMT","937 bradbury observatory, stockton on tees bradbury observatory, stockton on tees"
938,Linhaceira,Linhaceira,39.52268560,-8.38380000,78.987,0.77243000,0.63299000,optical,,,,,"Wed, 17 Sep 2025 18:12:06 GMT",938 linhaceira linhaceira
939,Observatorio Rodeno,Observatorio Rodeno,39.75989204,-0.39670000,281.130,0.76982000,0.63619000,optical,,,,,"Wed, 17 Sep 2025 18:12:06 GMT",939 observatorio rodeno observatorio rodeno
940,Waterlooville,Waterlooville,50.89718443,-1.03890000,8.949,0.63199000,0.77238000,optical,,,,,"Wed, 17 Sep 2025 18:12:06 GMT",940 waterlooville waterlooville
941,Observatorio Pla D'Arguines,Observatorio Pla D\'Arguines,39.75283017,-0.38610000,126.642,0.76988000,0.63608000,optical,,,http://www.pla-de-arguines.com/,,"Wed, 17 Sep 2025 18:12:06 GMT",941 observatorio pla d'arguines observatorio pla d\'arguines
942,Grantham,Grantham,52.92688595,-0.63640000,81.571,0.60413000,0.79423000,optical,,,,,"Wed, 17 Sep 2025 18:12:06 GMT",942 grantham grantham
943,Peverell,Peverell,50.39158457,-4.13360000,24.575,0.63881000,0.76679000,optical,,,,,"Wed, 17 Sep 2025 18:12:06 GMT",943 peverell peverell
944,"Observatorio Geminis, Dos Hermanas","Observatorio Geminis, Dos Hermanas",37.28124366,-5.91685000,49.803,0.79665700,0.60241800,optical,2010-01-28,,,,"Wed, 17 Sep 2025 18:12:06 GMT","944 observatorio geminis, dos hermanas observatorio geminis, dos hermanas"
945,Observatorio Monte Deva,Observatorio Monte Deva,43.48889867,-5.60140000,433.749,0.72671000,0.68474000,optical,,,http://www.observatoriomontedeva.com/,,"Wed, 17 Sep 2025 18:12:06 GMT",945 observatorio monte deva observatorio monte deva
946,Ametlla de Mar,Ametlla de Mar,40.92971800,0.79310000,156.246,0.75662000,0.65170000,optical,,,,,"Wed, 17 Sep 2025 18:12:06 GMT",946 ametlla de mar ametlla de mar
947,Saint-Sulpice,Saint-Sulpice,49.35177686,2.12440000,79.877,0.65268000,0.75511000,optical,,,,,"Wed, 17 Sep 2025 18:12:06 GMT",947 saint sulpice saint sulpice
948,Pymoor,Pymoor,52.46856856,0.21890000,-31.055,0.61048000,0.78937000,optical,,,,,"Wed, 17 Sep 2025 18:12:06 GMT",948 pymoor pymoor
949,Durtal,Durtal,47.67763400,-0.18310000,32.410,0.67454000,0.73577000,optical,,,,,"Wed, 17 Sep 2025 18:12:06 GMT",949 durtal durtal
950,La Palma,La Palma,28.76021952,-17.88240000,2320.718,0.87764000,0.47847000,optical,,,http://www.iac.es/eno.php?op1=3D2&lang=en,,"Tue, 26 May 2026 20:34:56 GMT",950 la palma la palma
951,Highworth,Highworth,51.63646823,-1.70170000,102.866,0.62194000,0.78046000,optical,,,,,"Wed, 17 Sep 2025 18:12:06 GMT",951 highworth highworth
952,Marxuquera,Marxuquera,38.95265762,-0.24170000,28.421,0.77870000,0.62530000,optical,,,,,"Wed, 17 Sep 2025 18:12:06 GMT",952 marxuquera marxuquera
953,Montjoia,Montjoia,41.85905823,2.13390000,1017.867,0.74602000,0.66393000,optical,,,,,"Wed, 17 Sep 2025 18:12:06 GMT",953 montjoia montjoia
954,Teide Observatory,Teide Observatory,28.29838101,-16.50940000,2362.703,0.88148000,0.47142000,optical,2012-06-21,,http://www.iac.es/eno.php?op1=3D3&lang=en,,"Wed, 17 Sep 2025 18:12:06 GMT",954 teide observatory teide observatory
955,Sassoeiros,Sassoeiros,38.70016071,-9.32610000,66.448,0.78146000,0.62188000,optical,1997-07-23,,,,"Wed, 17 Sep 2025 18:12:06 GMT",955 sassoeiros sassoeiros
956,Observatorio Pozuelo,Observatorio Pozuelo,40.44057829,-3.80920000,727.046,0.76224000,0.64530000,optical,,,http://www.nto.org/nto_en.html,,"Wed, 17 Sep 2025 18:12:06 GMT",956 observatorio pozuelo observatorio pozuelo
957,Merignac,Merignac,44.82312105,-0.64940000,8.883,0.71047000,0.70137000,optical,,,,,"Wed, 17 Sep 2025 18:12:06 GMT",957 merignac merignac
958,Observatoire de Dax,Observatoire de Dax,43.69338068,-1.03053000,82.498,0.72421400,0.68728200,optical,2010-11-15,,http://www.astrosurf.com/obsdax,,"Wed, 17 Sep 2025 18:12:06 GMT",958 observatoire de dax observatoire de dax
959,Ramonville Saint Agne,Ramonville Saint Agne,43.54934881,1.46530000,214.998,0.72596000,0.68548000,optical,,,,,"Wed, 17 Sep 2025 18:12:06 GMT",959 ramonville saint agne ramonville saint agne
960,Rolvenden,Rolvenden,51.03248179,0.61080000,39.837,0.63016000,0.77387000,optical,,,,,"Wed, 17 Sep 2025 18:12:06 GMT",960 rolvenden rolvenden
961,"City Observatory, Calton Hill, Edinburgh","City Observatory, Calton Hill, Edinburgh",55.95669502,-3.17940000,109.776,0.56112000,0.82498000,optical,,,,,"Wed, 17 Sep 2025 18:12:06 GMT","961 city observatory, calton hill, edinburgh city observatory, calton hill, edinburgh"
962,Gandia,Gandia,38.97553794,-0.18120000,31.950,0.77845000,0.62561000,optical,,,,,"Wed, 17 Sep 2025 18:12:06 GMT",962 gandia gandia
963,Werrington,Werrington,52.61654452,-0.26670000,-352.996,0.60840000,0.79090000,optical,1996-08-20,,,,"Wed, 17 Sep 2025 18:12:06 GMT",963 werrington werrington
964,Southend Bradfield,Southend Bradfield,51.43368467,-1.15670000,105.813,0.62471000,0.77826000,optical,1996-06-27,,,,"Wed, 17 Sep 2025 18:12:06 GMT",964 southend bradfield southend bradfield
965,"Observação Astronomica no Algarve, Portimão","Observacao Astronomica no Algarve, Portimao",37.19145982,-8.59920000,111.084,0.79761000,0.60118000,optical,,,,,"Wed, 17 Sep 2025 18:12:06 GMT","965 observacao astronomica no algarve, portimao observacao astronomica no algarve, portimao"
966,Church Stretton,Church Stretton,52.53446502,-2.79577000,211.247,0.60959100,0.79010000,optical,2009-01-11,,,,"Wed, 17 Sep 2025 18:12:06 GMT",966 church stretton church stretton
967,Greens Norton,Greens Norton,52.13656382,-1.02220000,145.352,0.61508000,0.78585000,optical,,,,,"Wed, 17 Sep 2025 18:12:06 GMT",967 greens norton greens norton
968,Haverhill,Haverhill,52.08463195,0.42500000,197.152,0.61580000,0.78530000,optical,,,,,"Wed, 17 Sep 2025 18:12:06 GMT",968 haverhill haverhill
969,London-Regents Park,London-Regents Park,51.52151660,-0.15460000,-10.206,0.62350000,0.77920000,optical,,,,,"Wed, 17 Sep 2025 18:12:06 GMT",969 london regents park london regents park
970,Chelmsford,Chelmsford,51.74504496,0.49348300,88.726,0.62045240,0.78163240,optical,,,http://www.britastro.org/iandi/obsjames.htm,,"Mon, 11 May 2026 20:52:35 GMT",970 chelmsford chelmsford
971,Lisbon,Lisbon,38.71178950,-9.18751000,87.410,0.78133600,0.62204000,optical,,,,,"Wed, 17 Sep 2025 18:12:06 GMT",971 lisbon lisbon
972,Dun Echt,Dun Echt,57.16009765,-2.41670000,124.846,0.54359000,0.83656000,optical,,,,,"Wed, 17 Sep 2025 18:12:06 GMT",972 dun echt dun echt
973,Harrow,Harrow,51.57944234,-0.33290000,3.487,0.62271000,0.77983000,optical,,,,,"Wed, 17 Sep 2025 18:12:06 GMT",973 harrow harrow
974,Genoa Observatory,Genoa Observatory,44.43464448,8.84431000,171.244,0.71524300,0.69657100,optical,,,https://www.oagenova.it/,Genoa,"Wed, 17 Sep 2025 18:12:06 GMT",974 genoa observatory genoa observatory genoa
975,Observatorio Astronomico de Valencia,Observatorio Astronomico de Valencia,39.47818401,-0.36670000,56.302,0.77292000,0.63239000,optical,,,,,"Wed, 17 Sep 2025 18:12:06 GMT",975 observatorio astronomico de valencia observatorio astronomico de valencia
976,Leamington Spa,Leamington Spa,52.31759540,-1.53310000,108.513,0.61258000,0.78778000,optical,,,,,"Wed, 17 Sep 2025 18:12:06 GMT",976 leamington spa leamington spa
977,Markree,Markree,54.17555165,-8.45170000,44.258,0.58660000,0.80717000,optical,,,,,"Wed, 17 Sep 2025 18:12:06 GMT",977 markree markree
978,Conder Brow,Conder Brow,54.02847355,-2.75459000,107.171,0.58868500,0.80567300,optical,,,,,"Wed, 17 Sep 2025 18:12:06 GMT",978 conder brow conder brow
979,South Wonston,South Wonston,51.12130482,-1.33030000,94.037,0.62896000,0.77485000,optical,1996-02-17,,,,"Wed, 17 Sep 2025 18:12:06 GMT",979 south wonston south wonston
980,Lancaster,Lancaster,54.03146922,-2.78000000,77.962,0.58864000,0.80570000,optical,,,,,"Wed, 17 Sep 2025 18:12:06 GMT",980 lancaster lancaster
981,Armagh,Armagh,54.35286964,-6.64780000,64.986,0.58409000,0.80898000,optical,,,,,"Wed, 17 Sep 2025 18:12:06 GMT",981 armagh armagh
982,"Dunsink Observatory, Dublin","Dunsink Observatory, Dublin",53.38663319,-6.33790000,79.866,0.59771000,0.79904000,optical,,,,,"Wed, 17 Sep 2025 18:12:06 GMT","982 dunsink observatory, dublin dunsink observatory, dublin"
983,San Fernando,San Fernando,36.46587678,-6.20475000,27.420,0.80516700,0.59106700,optical,,,,,"Wed, 17 Sep 2025 18:12:06 GMT",983 san fernando san fernando
984,Eastfield,Eastfield,50.92142960,-2.73025000,102.223,0.63167100,0.77265800,optical,2017-07-23,,,,"Wed, 17 Sep 2025 18:12:06 GMT",984 eastfield eastfield
985,Telford,Telford,52.64822529,-2.46830000,164.919,0.60801000,0.79130000,optical,,,,,"Wed, 17 Sep 2025 18:12:06 GMT",985 telford telford
986,Ascot,Ascot,51.40891149,-0.63947000,117.849,0.62504900,0.77799200,optical,,,,,"Wed, 17 Sep 2025 18:12:06 GMT",986 ascot ascot
987,"Isle of Man Observatory, Foxdale","Isle of Man Observatory, Foxdale",54.17782236,-4.62650000,176.460,0.58658000,0.80721000,optical,2007-05-01,,http://www.iomastronomy.org/observatory.html,,"Wed, 17 Sep 2025 18:12:06 GMT","987 isle of man observatory, foxdale isle of man observatory, foxdale"
988,Glasgow,Glasgow,55.87836467,-4.29400000,81.057,0.56225000,0.82421000,optical,,,http://www.astro.gla.ac.uk/observatory/observ.shtml,,"Wed, 17 Sep 2025 18:12:06 GMT",988 glasgow glasgow
989,"Wilfred Hall Observatory, Preston","Wilfred Hall Observatory, Preston",53.80143889,-2.59418000,119.476,0.59188800,0.80334100,optical,,,,,"Wed, 17 Sep 2025 18:12:06 GMT","989 wilfred hall observatory, preston wilfred hall observatory, preston"
990,Madrid,Madrid,40.40837135,-3.68790000,696.576,0.76260000,0.64487000,optical,,,,,"Wed, 17 Sep 2025 18:12:06 GMT",990 madrid madrid
991,Liverpool (since 1867),Liverpool (since 1867),53.40142021,-3.07220000,49.177,0.59750000,0.79919000,optical,1867-01-01,,,,"Wed, 17 Sep 2025 18:12:06 GMT",991 liverpool (since 1867) liverpool (since 1867)
992,Liverpool (before 1867),Liverpool (before 1867),53.41438087,-3.00050000,-147.932,0.59730000,0.79930000,optical,,1866-12-31,,,"Wed, 17 Sep 2025 18:12:06 GMT",992 liverpool (before 1867) liverpool (before 1867)
993,Woolston Observatory,Woolston Observatory,51.04653296,-2.50444000,96.381,0.62997500,0.77403100,optical,,,,,"Wed, 17 Sep 2025 18:12:06 GMT",993 woolston observatory woolston observatory
994,Godalming,Godalming,51.17189143,-0.61220000,65.060,0.62827000,0.77540000,optical,,,,,"Wed, 17 Sep 2025 18:12:06 GMT",994 godalming godalming
995,Durham,Durham,54.76816153,-1.58230000,121.972,0.57819000,0.81319000,optical,,,http://www.dur.ac.uk/physics/,,"Wed, 17 Sep 2025 18:12:06 GMT",995 durham durham
996,Oxford,Oxford,51.75974964,-1.25170000,78.980,0.62025000,0.78179000,optical,,,http://www.physics.ox.ac.uk/History/HistoryLong.html,,"Wed, 17 Sep 2025 18:12:06 GMT",996 oxford oxford
997,Hartwell,Hartwell,51.85894342,-0.85000000,1215.301,0.61900000,0.78300000,optical,,,,,"Wed, 17 Sep 2025 18:12:06 GMT",997 hartwell hartwell
998,London-Mill Hill,London-Mill Hill,51.61331736,-0.24247000,76.121,0.62225400,0.78020600,optical,,,http://www.ulo.ucl.ac.uk/,,"Wed, 17 Sep 2025 18:12:06 GMT",998 london mill hill london mill hill
999,Bordeaux-Floirac,Bordeaux-Floirac,44.83529849,-0.52750000,95.050,0.71033000,0.70153000,optical,,,,,"Wed, 17 Sep 2025 18:12:06 GMT",999 bordeaux floirac bordeaux floirac
A00,Gravesend,Gravesend,51.43010474,0.37700000,15.526,0.62475000,0.77821000,optical,,,,,"Wed, 17 Sep 2025 18:12:06 GMT",a00 gravesend gravesend
A01,Masia Cal Maciarol Modul 2,Masia Cal Maciarol Modul 2,42.01789840,0.74410000,751.594,0.74414000,0.66596000,optical,,,,,"Wed, 17 Sep 2025 18:12:06 GMT",a01 masia cal maciarol modul 2 masia cal maciarol modul 2
A02,Masia Cal Maciarol Modul 8,Masia Cal Maciarol Modul 8,42.01789840,0.74410000,751.594,0.74414000,0.66596000,optical,,,,,"Wed, 17 Sep 2025 18:12:06 GMT",a02 masia cal maciarol modul 8 masia cal maciarol modul 8
A03,Torredembarra,Torredembarra,41.15036332,1.40000000,177.856,0.75410000,0.65460000,optical,,,,,"Wed, 17 Sep 2025 18:12:06 GMT",a03 torredembarra torredembarra
A04,Saint-Caprais,Saint-Caprais,43.87334369,1.71810000,217.207,0.72206000,0.68956000,optical,,,,,"Wed, 17 Sep 2025 18:12:06 GMT",a04 saint caprais saint caprais
A05,Belesta,Belesta,43.44540537,1.81750000,247.248,0.72721000,0.68417000,optical,,,,,"Wed, 17 Sep 2025 18:12:06 GMT",a05 belesta belesta
A06,Mataró,Mataro,41.57348273,2.44170000,82.205,0.74922000,0.66012000,optical,,,http://www.cosmosmataro.org/,,"Wed, 17 Sep 2025 18:12:06 GMT",a06 mataro mataro
A07,Gretz-Armainvilliers,Gretz-Armainvilliers,48.74276545,2.74440000,80.213,0.66070000,0.74815000,optical,,,,,"Wed, 17 Sep 2025 18:12:06 GMT",a07 gretz armainvilliers gretz armainvilliers
A08,Malibert,Malibert,43.43529435,2.88470000,413.187,0.72735000,0.68406000,optical,,,,,"Wed, 17 Sep 2025 18:12:06 GMT",a08 malibert malibert
A09,Quincampoix,Quincampoix,49.52699720,1.18030000,190.567,0.65037000,0.75711000,optical,2004-02-11,,,,"Wed, 17 Sep 2025 18:12:06 GMT",a09 quincampoix quincampoix
A10,Observatorio Astronómico de Corbera,Observatorio Astronomico de Corbera,41.26640734,1.92810000,272.909,0.75278000,0.65613000,optical,,,,,"Wed, 17 Sep 2025 18:12:06 GMT",a10 observatorio astronomico de corbera observatorio astronomico de corbera
A11,Wormhout,Wormhout,50.88008072,2.47180000,-5.939,0.63222000,0.77219000,optical,,,,,"Wed, 17 Sep 2025 18:12:06 GMT",a11 wormhout wormhout
A12,Stazione Astronomica di Sozzago,Stazione Astronomica di Sozzago,45.39653867,8.74768000,122.027,0.70340400,0.70843400,optical,,,,,"Wed, 17 Sep 2025 18:12:06 GMT",a12 stazione astronomica di sozzago stazione astronomica di sozzago
A13,"Observatoire Naef, Ependes","Observatoire Naef, Ependes",46.76238308,7.13940000,691.359,0.68632000,0.72501000,optical,,,http://www.observatoire-naef.ch/,,"Wed, 17 Sep 2025 18:12:06 GMT","a13 observatoire naef, ependes observatoire naef, ependes"
A14,Les Engarouines Observatory,Les Engarouines Observatory,44.02153372,5.18640000,320.647,0.72028000,0.69143000,optical,,,,,"Wed, 17 Sep 2025 18:12:06 GMT",a14 les engarouines observatory les engarouines observatory
A15,"Josef Bresser Sternwarte, Borken","Josef Bresser Sternwarte, Borken",51.84874017,6.79720000,79.487,0.61903000,0.78275000,optical,,,,,"Wed, 17 Sep 2025 18:12:06 GMT","a15 josef bresser sternwarte, borken josef bresser sternwarte, borken"
A16,Tentlingen,Tentlingen,46.77049234,7.19220000,719.164,0.68622000,0.72511000,optical,,,,,"Wed, 17 Sep 2025 18:12:06 GMT",a16 tentlingen tentlingen
A17,"Guidestar Observatory, Weinheim","Guidestar Observatory, Weinheim",49.54545012,8.68147000,267.441,0.65013300,0.75732800,optical,2008-07-26,,http://www.guidestar.de/,,"Wed, 17 Sep 2025 18:12:06 GMT","a17 guidestar observatory, weinheim guidestar observatory, weinheim"
A18,Herne,Herne,51.52796040,7.17610000,71.792,0.62342000,0.77928000,optical,,,http://www.sternwarte-herne.de/,,"Wed, 17 Sep 2025 18:12:06 GMT",a18 herne herne
A19,Köln,Koln,50.92324300,7.07440000,37.000,0.63164000,0.77267000,optical,,,,,"Wed, 17 Sep 2025 18:12:06 GMT",a19 koln koln
A20,Sögel,Sogel,52.84440974,7.51887000,44.192,0.60527400,0.79335700,optical,2009-04-17,,,,"Wed, 17 Sep 2025 18:12:06 GMT",a20 sogel sogel
A21,Irmtraut,Irmtraut,50.55300414,8.05810000,340.320,0.63667000,0.76862000,optical,,,http://www.westerwald-astro.de/,,"Wed, 17 Sep 2025 18:12:06 GMT",a21 irmtraut irmtraut
A22,Starkenburg Sternwarte-SOHAS,Starkenburg Sternwarte-SOHAS,49.64778710,8.65310000,227.893,0.64877000,0.75848000,optical,,,,,"Wed, 17 Sep 2025 18:12:06 GMT",a22 starkenburg sternwarte sohas starkenburg sternwarte sohas
A23,Weinheim,Weinheim,49.53433734,8.66770000,164.775,0.65027000,0.75719000,optical,,,http://www.sternwarte-weinheim.de/,,"Wed, 17 Sep 2025 18:12:06 GMT",a23 weinheim weinheim
A24,"New Millennium Observatory, Mozzate","New Millennium Observatory, Mozzate",45.67530988,8.94810000,240.462,0.69995000,0.71185000,optical,,,,,"Wed, 17 Sep 2025 18:12:06 GMT","a24 new millennium observatory, mozzate new millennium observatory, mozzate"
A25,Nova Milanese,Nova Milanese,45.58725903,9.19250000,177.732,0.70104000,0.71077000,optical,,,,,"Wed, 17 Sep 2025 18:12:06 GMT",a25 nova milanese nova milanese
A26,Darmstadt,Darmstadt,49.81043501,8.65736000,140.585,0.64659700,0.76030300,optical,2008-05-10,,,,"Wed, 17 Sep 2025 18:12:06 GMT",a26 darmstadt darmstadt
A27,"Eridanus Observatory, Langelsheim","Eridanus Observatory, Langelsheim",51.90817209,10.32360000,241.227,0.61823000,0.78341000,optical,,,,,"Wed, 17 Sep 2025 18:12:06 GMT","a27 eridanus observatory, langelsheim eridanus observatory, langelsheim"
A28,Kempten,Kempten,47.72648627,10.33420000,695.123,0.67398000,0.73642000,optical,,,http://www.sternwarte-kempten.de/,,"Wed, 17 Sep 2025 18:12:06 GMT",a28 kempten kempten
A29,Santa Maria a Monte,Santa Maria a Monte,43.73649071,10.67330000,38.207,0.72369000,0.68782000,optical,,,,,"Wed, 17 Sep 2025 18:12:06 GMT",a29 santa maria a monte santa maria a monte
A30,Crespadoro,Crespadoro,45.64513464,11.22308000,887.380,0.70039700,0.71155500,optical,,,,,"Wed, 17 Sep 2025 18:12:06 GMT",a30 crespadoro crespadoro
A31,Corcaroli Observatory,Corcaroli Observatory,45.65137597,11.41860000,164.559,0.70024000,0.71155000,optical,,,,,"Wed, 17 Sep 2025 18:12:06 GMT",a31 corcaroli observatory corcaroli observatory
A32,Panker,Panker,54.34267750,10.55170000,15.353,0.58423000,0.80887000,optical,2003-04-28,,,,"Wed, 17 Sep 2025 18:12:06 GMT",a32 panker panker
A33,Volkssternwarte Kirchheim,Volkssternwarte Kirchheim,50.87535413,11.01570000,257.300,0.63231000,0.77217000,optical,2003-05-30,,http://sternwarte-kirchheim.de/,,"Wed, 17 Sep 2025 18:12:06 GMT",a33 volkssternwarte kirchheim volkssternwarte kirchheim
A34,Grosshabersdorf,Grosshabersdorf,49.59808722,10.79110000,323.867,0.64944000,0.75793000,optical,,,http://www.poseg.de/,,"Wed, 17 Sep 2025 18:12:06 GMT",a34 grosshabersdorf grosshabersdorf
A35,Hormersdorf Observatory,Hormersdorf Observatory,50.67051488,12.89780000,582.541,0.63511000,0.76995000,optical,,,,,"Wed, 17 Sep 2025 18:12:06 GMT",a35 hormersdorf observatory hormersdorf observatory
A36,Ganda di Aviatico,Ganda di Aviatico,45.79450160,9.79110000,1132.076,0.69856000,0.71340000,optical,,,,,"Wed, 17 Sep 2025 18:12:06 GMT",a36 ganda di aviatico ganda di aviatico
A37,Mueggelheim,Mueggelheim,52.40987749,13.66158000,34.942,0.61129800,0.78875400,optical,,,,,"Wed, 21 Jan 2026 20:21:18 GMT",a37 mueggelheim mueggelheim
A38,"Campocatino Automated Telescope, Collepardo","Campocatino Automated Telescope, Collepardo",41.76489727,13.37470000,561.549,0.74706000,0.66266000,optical,,,,,"Wed, 17 Sep 2025 18:12:06 GMT","a38 campocatino automated telescope, collepardo campocatino automated telescope, collepardo"
A39,Altenburg,Altenburg,50.98378376,12.41860000,240.575,0.63084000,0.77336000,optical,2003-09-01,,,,"Wed, 17 Sep 2025 18:12:06 GMT",a39 altenburg altenburg
A40,Pieta,Pieta,35.89510516,14.49780000,114.665,0.81104000,0.58306000,optical,,,,,"Wed, 17 Sep 2025 18:12:06 GMT",a40 pieta pieta
A41,"Rezman Observatory, Kamnik","Rezman Observatory, Kamnik",46.23974225,14.59110000,432.053,0.69290000,0.71871000,optical,,,,,"Wed, 17 Sep 2025 18:12:06 GMT","a41 rezman observatory, kamnik rezman observatory, kamnik"
A42,Gehrden,Gehrden,52.30130866,9.50190000,57.927,0.61280000,0.78760000,optical,,,,,"Wed, 17 Sep 2025 18:12:06 GMT",a42 gehrden gehrden
A43,"Inastars Observatory, Potsdam (before 2006)","Inastars Observatory, Potsdam (before 2006)",52.35851853,13.08970000,58.317,0.61201000,0.78821000,optical,,,http://www.inastars.de/,,"Wed, 17 Sep 2025 18:12:06 GMT","a43 inastars observatory, potsdam (before 2006) inastars observatory, potsdam (before 2006)"
A44,Altschwendt,Altschwendt,48.33298859,13.69720000,425.887,0.66609000,0.74346000,optical,,,,,"Wed, 17 Sep 2025 18:12:06 GMT",a44 altschwendt altschwendt
A45,Karrenkneul,Karrenkneul,51.39518525,9.36200000,259.638,0.62525000,0.77786000,optical,,,,,"Wed, 17 Sep 2025 18:12:06 GMT",a45 karrenkneul karrenkneul
A46,Lelekovice,Lelekovice,49.29262622,16.58250000,351.548,0.65349000,0.75447000,optical,,,http://astro.sci.muni.cz/lelek/,,"Wed, 17 Sep 2025 18:12:06 GMT",a46 lelekovice lelekovice
A47,Matera,Matera,40.66888304,16.60310000,429.718,0.75962000,0.64829000,optical,,,,,"Wed, 17 Sep 2025 18:12:06 GMT",a47 matera matera
A48,Povegliano Veronese,Povegliano Veronese,45.34703487,10.88850000,50.245,0.70401000,0.70782000,optical,,,,,"Wed, 17 Sep 2025 18:12:06 GMT",a48 povegliano veronese povegliano veronese
A49,Uppsala-Ångström,Uppsala-Angstrom,59.83751420,17.63720000,51.842,0.50372000,0.86098000,optical,,,http://www.astro.uu.se/grundutb/wt/,,"Wed, 17 Sep 2025 18:12:06 GMT",a49 uppsala angstrom uppsala angstrom
A50,Andrushivka Astronomical Observatory,Andrushivka Astronomical Observatory,50.00057346,28.99730000,235.647,0.64407000,0.76245000,optical,,,,,"Wed, 17 Sep 2025 18:12:06 GMT",a50 andrushivka astronomical observatory andrushivka astronomical observatory
A51,Danzig,Danzig,54.38171398,18.66670000,274.679,0.58370000,0.80930000,optical,,,,,"Wed, 17 Sep 2025 18:12:06 GMT",a51 danzig danzig
A52,Etyek,Etyek,47.44409967,18.75530000,180.323,0.67756000,0.73304000,optical,,,,,"Wed, 17 Sep 2025 18:12:06 GMT",a52 etyek etyek
A53,Peschiera del Garda,Peschiera del Garda,45.43387267,10.68830000,116.016,0.70294000,0.70889000,optical,,,,,"Wed, 17 Sep 2025 18:12:06 GMT",a53 peschiera del garda peschiera del garda
A54,Ostrorog,Ostrorog,52.62827344,16.62170000,94.682,0.60828000,0.79108000,optical,,,,,"Wed, 17 Sep 2025 18:12:06 GMT",a54 ostrorog ostrorog
A55,Osservatorio Astronomico Vallemare di Borbona,Osservatorio Astronomico Vallemare di Borbona,42.48588807,13.11810000,1190.895,0.73871000,0.67204000,optical,,,http://digilander.libero.it/astroborbona/,,"Wed, 17 Sep 2025 18:12:06 GMT",a55 osservatorio astronomico vallemare di borbona osservatorio astronomico vallemare di borbona
A56,Parma,Parma,44.53418466,10.31970000,459.579,0.71406000,0.69784000,optical,,,,,"Wed, 17 Sep 2025 18:12:06 GMT",a56 parma parma
A57,"Osservatorio Astron. Margherita Hack, Firenze","Osservatorio Astron. Margherita Hack, Firenze",43.74220778,11.10310000,204.673,0.72364000,0.68791000,optical,,,,,"Wed, 17 Sep 2025 18:12:06 GMT","a57 osservatorio astron. margherita hack, firenze osservatorio astron. margherita hack, firenze"
A58,Observatoire de Chalandray-Canotiers,Observatoire de Chalandray-Canotiers,48.69318126,2.46940000,83.462,0.66135000,0.74758000,optical,,,,,"Wed, 17 Sep 2025 18:12:06 GMT",a58 observatoire de chalandray canotiers observatoire de chalandray canotiers
A59,Karlovy Vary Observatory,Karlovy Vary Observatory,50.21560595,12.90710000,607.922,0.64123000,0.76490000,optical,,,,,"Wed, 17 Sep 2025 18:12:06 GMT",a59 karlovy vary observatory karlovy vary observatory
A60,"YSTAR-NEOPAT Station, Sutherland","YSTAR-NEOPAT Station, Sutherland",-32.37969622,20.81060000,1740.016,0.84556000,-0.53260000,optical,,,,,"Wed, 17 Sep 2025 18:12:06 GMT","a60 ystar neopat station, sutherland ystar neopat station, sutherland"
A61,Tortona,Tortona,44.90388434,8.85810000,122.802,0.70949000,0.70238000,optical,,,,,"Wed, 17 Sep 2025 18:12:06 GMT",a61 tortona tortona
A62,Aichtal,Aichtal,48.62067444,9.23010000,381.580,0.66233000,0.74678000,optical,,,http://www.f-tailor.de/,,"Wed, 17 Sep 2025 18:12:06 GMT",a62 aichtal aichtal
A63,"Cosmosoz Obs., Tassin la Demi Lune","Cosmosoz Obs., Tassin la Demi Lune",45.76823690,4.75670000,235.274,0.69879000,0.71298000,optical,,,,,"Wed, 17 Sep 2025 18:12:06 GMT","a63 cosmosoz obs., tassin la demi lune cosmosoz obs., tassin la demi lune"
A64,Couvaloup de St-Cergue,Couvaloup de St-Cergue,46.44937288,6.11510000,1204.618,0.69034000,0.72132000,optical,,,,,"Wed, 17 Sep 2025 18:12:06 GMT",a64 couvaloup de st cergue couvaloup de st cergue
A65,Le Couvent de Lentin,Le Couvent de Lentin,44.09665578,2.40830000,499.296,0.71939000,0.69239000,optical,,,http://astrosurf.com/avastro/,,"Wed, 17 Sep 2025 18:12:06 GMT",a65 le couvent de lentin le couvent de lentin
A66,"Stazione Osservativa Astronomica, Livorno","Stazione Osservativa Astronomica, Livorno",43.53347129,10.31610000,34.342,0.72613000,0.68526000,optical,,,,,"Wed, 17 Sep 2025 18:12:06 GMT","a66 stazione osservativa astronomica, livorno stazione osservativa astronomica, livorno"
A67,Chiusa di Pesio,Chiusa di Pesio,44.32274288,7.67850000,558.670,0.71665000,0.69522000,optical,,,,,"Wed, 17 Sep 2025 18:12:06 GMT",a67 chiusa di pesio chiusa di pesio
A68,"Swedenborg Obs., Bockholmwik","Swedenborg Obs., Bockholmwik",54.81232663,9.65330000,9.234,0.57755000,0.81362000,optical,,,,,"Wed, 17 Sep 2025 18:12:06 GMT","a68 swedenborg obs., bockholmwik swedenborg obs., bockholmwik"
A69,Osservatorio Palazzo Bindi Sergardi,Osservatorio Palazzo Bindi Sergardi,43.32115003,11.33000000,275.954,0.72870000,0.68260000,optical,,,,,"Wed, 17 Sep 2025 18:12:06 GMT",a69 osservatorio palazzo bindi sergardi osservatorio palazzo bindi sergardi
A70,Lumijoki,Lumijoki,64.82606998,25.20330000,22.009,0.42654000,0.90144000,optical,,,,,"Wed, 17 Sep 2025 18:12:06 GMT",a70 lumijoki lumijoki
A71,Stixendorf,Stixendorf,48.42877176,15.45330000,603.360,0.66486000,0.74459000,optical,2009-01-18,,,,"Wed, 17 Sep 2025 18:12:06 GMT",a71 stixendorf stixendorf
A72,Radebeul Observatory,Radebeul Observatory,51.11629509,13.62220000,215.723,0.62904000,0.77481000,optical,,,http://www.astroclub-radebeul.de/,,"Wed, 17 Sep 2025 18:12:06 GMT",a72 radebeul observatory radebeul observatory
A73,"Penzing Astrometric Obs., Vienna","Penzing Astrometric Obs., Vienna",48.19413839,16.28950000,268.229,0.66788000,0.74183000,optical,,,,,"Wed, 17 Sep 2025 18:12:06 GMT","a73 penzing astrometric obs., vienna penzing astrometric obs., vienna"
A74,Bergen-Enkheim Observatory,Bergen-Enkheim Observatory,50.15874029,8.76240000,201.221,0.64195100,0.76421600,optical,,,http://www.bergen-enkheim-observatory.de/,,"Wed, 17 Sep 2025 18:12:06 GMT",a74 bergen enkheim observatory bergen enkheim observatory
A75,"Fort Pius Observatory, Barcelona","Fort Pius Observatory, Barcelona",41.39812252,2.18610000,58.269,0.75124000,0.65783000,optical,,,,,"Wed, 17 Sep 2025 18:12:06 GMT","a75 fort pius observatory, barcelona fort pius observatory, barcelona"
A76,"Andromeda Observatory, Miskolc","Andromeda Observatory, Miskolc",48.06990282,20.83560000,144.664,0.66948000,0.74037000,optical,,,,,"Wed, 17 Sep 2025 18:12:06 GMT","a76 andromeda observatory, miskolc andromeda observatory, miskolc"
A77,"Observatoire Chante-Perdrix, Dauban","Observatoire Chante-Perdrix, Dauban",43.99979034,5.64693000,673.610,0.72058300,0.69119600,optical,,,,,"Wed, 17 Sep 2025 18:12:06 GMT","a77 observatoire chante perdrix, dauban observatoire chante perdrix, dauban"
A78,Stia,Stia,43.13520820,11.71509000,499.894,0.73094400,0.68026400,optical,2008-05-11,,http://giba44.interfree.it/,,"Wed, 17 Sep 2025 18:12:06 GMT",a78 stia stia
A79,"Zvezdno Obshtestvo Observatory, Plana","Zvezdno Obshtestvo Observatory, Plana",42.06357994,23.84340000,1428.585,0.74368600,0.66662200,optical,2005-08-15,,,,"Wed, 17 Sep 2025 18:12:06 GMT","a79 zvezdno obshtestvo observatory, plana zvezdno obshtestvo observatory, plana"
A80,Lindenberg Observatory,Lindenberg Observatory,52.20890660,14.12220000,112.898,0.61408000,0.78662000,optical,,,http://www.minorplanets.de/A80/,,"Wed, 17 Sep 2025 18:12:06 GMT",a80 lindenberg observatory lindenberg observatory
A81,"Balzaretto Observatory, Rome","Balzaretto Observatory, Rome",41.86996550,12.40330000,48.140,0.74578000,0.66397000,optical,,,http://digilander.libero.it/A81_Observatory/,,"Wed, 17 Sep 2025 18:12:06 GMT","a81 balzaretto observatory, rome balzaretto observatory, rome"
A82,Osservatorio Astronomico di Trieste,Osservatorio Astronomico di Trieste,45.64323375,13.87440000,424.953,0.70037000,0.71148000,optical,,,,,"Wed, 17 Sep 2025 18:12:06 GMT",a82 osservatorio astronomico di trieste osservatorio astronomico di trieste
A83,Jakokoski Observatory,Jakokoski Observatory,62.72746504,29.99690000,138.006,0.45945000,0.88525000,optical,,,,,"Wed, 17 Sep 2025 18:12:06 GMT",a83 jakokoski observatory jakokoski observatory
A84,TUBITAK National Observatory,TUBITAK National Observatory,36.82526878,30.33330000,2538.612,0.80175000,0.59632000,optical,2002-12-04,,,,"Wed, 17 Sep 2025 18:08:55 GMT",a84 tubitak national observatory tubitak national observatory
A85,"Odesa  Astronomical Observatory, Kryzhanovka","Odesa  Astronomical Observatory, Kryzhanovka",46.56043684,30.80650000,40.177,0.68881000,0.72252000,optical,2005-03-01,,,"Odessa, Kryzhanovka","Wed, 17 Sep 2025 18:12:06 GMT","a85 odesa astronomical observatory, kryzhanovka odesa astronomical observatory, kryzhanovka odessa, kryzhanovka"
A86,Albigneux,Albigneux,45.53771855,4.35470000,574.696,0.70170000,0.71021000,optical,,,,,"Wed, 17 Sep 2025 18:12:06 GMT",a86 albigneux albigneux
A87,Rimbach,Rimbach,49.60387580,8.76620000,194.696,0.64935000,0.75798000,optical,,,http://www.astro-images.de/,,"Wed, 17 Sep 2025 18:12:06 GMT",a87 rimbach rimbach
A88,Bolzaneto,Bolzaneto,44.45679626,8.90133000,66.245,0.71496100,0.69683500,optical,,,,,"Wed, 17 Sep 2025 18:12:06 GMT",a88 bolzaneto bolzaneto
A89,"Sterni Observatory, Kempten","Sterni Observatory, Kempten",47.70862197,10.33080000,691.136,0.67421000,0.73621000,optical,,,,,"Wed, 17 Sep 2025 18:12:06 GMT","a89 sterni observatory, kempten sterni observatory, kempten"
A90,"Sant Gervasi Observatory, Barcelona","Sant Gervasi Observatory, Barcelona",41.40179552,2.14310000,77.793,0.75120000,0.65788000,optical,,,,,"Wed, 17 Sep 2025 18:12:06 GMT","a90 sant gervasi observatory, barcelona sant gervasi observatory, barcelona"
A91,Hankasalmi Observatory,Hankasalmi Observatory,62.25445485,26.59970000,122.314,0.46678000,0.88143000,optical,,,,,"Wed, 17 Sep 2025 18:12:06 GMT",a91 hankasalmi observatory hankasalmi observatory
A92,"Urseanu Observatory, Bucharest","Urseanu Observatory, Bucharest",44.44851472,26.09270000,47.976,0.71506000,0.69673000,optical,2013-03-08,,,,"Wed, 17 Sep 2025 18:12:06 GMT","a92 urseanu observatory, bucharest urseanu observatory, bucharest"
A93,Lucca,Lucca,43.85828816,10.41890000,24.780,0.72222000,0.68935000,optical,,,,,"Wed, 17 Sep 2025 18:12:06 GMT",a93 lucca lucca
A94,Cormons,Cormons,45.95735820,13.45770000,100.794,0.69641000,0.71526000,optical,,,,,"Wed, 17 Sep 2025 18:12:06 GMT",a94 cormons cormons
A95,"Taurus Hill Observatory, Varkaus","Taurus Hill Observatory, Varkaus",62.31538437,28.38920000,157.170,0.46584000,0.88193000,optical,,,,,"Wed, 17 Sep 2025 18:12:06 GMT","a95 taurus hill observatory, varkaus taurus hill observatory, varkaus"
A96,Klosterneuburg,Klosterneuburg,48.29645498,16.28670000,371.291,0.66656000,0.74303000,optical,,,,,"Wed, 17 Sep 2025 18:12:06 GMT",a96 klosterneuburg klosterneuburg
A97,Stammersdorf,Stammersdorf,48.30264522,16.42190000,185.101,0.66646000,0.74308000,optical,,,,,"Wed, 17 Sep 2025 18:12:06 GMT",a97 stammersdorf stammersdorf
A98,"Observatory Mazzarot-1, Baran'","Observatory Mazzarot-1, Baran\'",54.49108132,30.20920000,195.026,0.58214000,0.81040000,optical,,,http://taurusskystars.narod.ru/,,"Wed, 17 Sep 2025 18:12:06 GMT","a98 observatory mazzarot 1, baran' observatory mazzarot 1, baran\'"
A99,Osservatorio del Monte Baldo,Osservatorio del Monte Baldo,45.69752143,10.85890000,1217.216,0.69978000,0.71223000,optical,,,http://lnx.osservatoriomontebaldo.it/,,"Wed, 17 Sep 2025 18:12:06 GMT",a99 osservatorio del monte baldo osservatorio del monte baldo
B00,Savigny-le-Temple,Savigny-le-Temple,48.57534165,2.57670000,64.586,0.66289000,0.74622000,optical,,,,,"Wed, 17 Sep 2025 18:12:06 GMT",b00 savigny le temple savigny le temple
B01,"Taunus Observatory, Frankfurt","Taunus Observatory, Frankfurt",50.22155129,8.44640000,804.193,0.64117000,0.76499000,optical,,,http://www.erwinschwab.de/taunus-sternwarte.htm,,"Wed, 17 Sep 2025 18:12:06 GMT","b01 taunus observatory, frankfurt taunus observatory, frankfurt"
B02,Kielce,Kielce,50.88099977,20.65660000,321.964,0.63224000,0.77224000,optical,,,,,"Wed, 17 Sep 2025 18:12:06 GMT",b02 kielce kielce
B03,"Alter Satzberg, Vienna","Alter Satzberg, Vienna",48.21724286,16.26980000,366.955,0.66759000,0.74211000,optical,,,,,"Wed, 17 Sep 2025 18:12:06 GMT","b03 alter satzberg, vienna alter satzberg, vienna"
B04,"OAVdA, Saint-Barthelemy","OAVdA, Saint-Barthelemy",45.78968996,7.47851000,1652.403,0.69867700,0.71340000,optical,2008-02-20,,,,"Wed, 17 Sep 2025 18:12:06 GMT","b04 oavda, saint barthelemy oavda, saint barthelemy"
B05,"Ka-Dar Observatory, Barybino","Ka-Dar Observatory, Barybino",55.24770377,37.88310000,200.309,0.57134000,0.81800000,optical,,,http://www.ka-dar.ru/observ/,,"Wed, 17 Sep 2025 18:12:06 GMT","b05 ka dar observatory, barybino ka dar observatory, barybino"
B06,Montseny Astronomical Observatory,Montseny Astronomical Observatory,41.72151850,2.53372000,194.265,0.74752000,0.66205800,optical,2009-11-09,,http://www.spmn.uji.es/ESP/trigoobs.html,,"Wed, 17 Sep 2025 18:12:06 GMT",b06 montseny astronomical observatory montseny astronomical observatory
B07,Camorino,Camorino,46.16429512,9.00330000,256.079,0.69383000,0.71778000,optical,,,,,"Wed, 17 Sep 2025 18:12:06 GMT",b07 camorino camorino
B08,San Lazzaro di Savena,San Lazzaro di Savena,44.45582763,11.38070000,130.410,0.71498000,0.69683000,optical,,,,,"Wed, 17 Sep 2025 18:12:06 GMT",b08 san lazzaro di savena san lazzaro di savena
B09,Capannoli,Capannoli,43.58626583,10.67080000,67.334,0.72550000,0.68593000,optical,,,http://backman.altervista.org/,,"Wed, 17 Sep 2025 18:12:06 GMT",b09 capannoli capannoli
B10,"Observatoire des Baronnies Provencales, Moydans","Observatoire des Baronnies Provencales, Moydans",44.40799754,5.51500000,814.547,0.71564000,0.69631000,optical,,,http://www.obs-bp.com/,,"Wed, 17 Sep 2025 18:12:06 GMT","b10 observatoire des baronnies provencales, moydans observatoire des baronnies provencales, moydans"
B11,"Osservatorio Cima Rest, Magasa","Osservatorio Cima Rest, Magasa",45.77541904,10.62860000,1238.324,0.69881000,0.71318000,optical,,,,,"Wed, 17 Sep 2025 18:12:06 GMT","b11 osservatorio cima rest, magasa osservatorio cima rest, magasa"
B12,"Koschny Observatory, Noordwijkerhout","Koschny Observatory, Noordwijkerhout",52.26541527,4.49060000,2.137,0.61329000,0.78721000,optical,,,,,"Wed, 17 Sep 2025 18:12:06 GMT","b12 koschny observatory, noordwijkerhout koschny observatory, noordwijkerhout"
B13,Osservatorio di Tradate,Osservatorio di Tradate,45.71222632,8.93110000,335.253,0.69950000,0.71231000,optical,,,,,"Wed, 17 Sep 2025 18:12:06 GMT",b13 osservatorio di tradate osservatorio di tradate
B14,Ca del Monte,Ca del Monte,44.81786453,9.07580000,687.220,0.71061000,0.70138000,optical,,,,,"Wed, 17 Sep 2025 18:12:06 GMT",b14 ca del monte ca del monte
B15,"Inastars Observatory, Potsdam (since 2006)","Inastars Observatory, Potsdam (since 2006)",52.42352102,13.01290000,41.552,0.61111000,0.78890000,optical,,,http://www.inastars.de/,,"Wed, 17 Sep 2025 18:12:06 GMT","b15 inastars observatory, potsdam (since 2006) inastars observatory, potsdam (since 2006)"
B16,"1st Moscow Gymnasium Observatory, Lipki","1st Moscow Gymnasium Observatory, Lipki",55.77049248,36.95470000,218.214,0.56382000,0.82317000,optical,,,,,"Wed, 17 Sep 2025 18:12:06 GMT","b16 1st moscow gymnasium observatory, lipki 1st moscow gymnasium observatory, lipki"
B17,AZT-8 Yevpatoriya,AZT-8 Yevpatoriya,45.21953014,33.16280000,43.322,0.70558800,0.70625600,optical,2010-09-24,,,Evpatoria|AZT-8 Evpatoria,"Wed, 17 Sep 2025 18:12:06 GMT",b17 azt 8 yevpatoriya azt 8 yevpatoriya evpatoria azt 8 evpatoria
B18,Terskol,Terskol,43.27481668,42.50080000,3136.161,0.72958000,0.68232000,optical,,,,,"Wed, 17 Sep 2025 18:12:06 GMT",b18 terskol terskol
B19,"Observatorio Iluro, Mataró","Observatorio Iluro, Mataro",41.53809680,2.44140000,92.834,0.74963000,0.65966000,optical,,,,,"Wed, 17 Sep 2025 18:12:06 GMT","b19 observatorio iluro, mataro observatorio iluro, mataro"
B20,"Observatorio Carmelita, Tiana","Observatorio Carmelita, Tiana",41.48444713,2.26360000,185.002,0.75026000,0.65897000,optical,,,,,"Wed, 17 Sep 2025 18:12:06 GMT","b20 observatorio carmelita, tiana observatorio carmelita, tiana"
B21,"Gaisberg Observatory, Schaerding","Gaisberg Observatory, Schaerding",48.54303710,13.47440000,428.574,0.66335000,0.74589000,optical,,,http://www.observatorium.at/,,"Wed, 17 Sep 2025 18:12:06 GMT","b21 gaisberg observatory, schaerding gaisberg observatory, schaerding"
B22,Observatorio d'Ager,Observatorio d\'Ager,42.01952017,0.74410000,742.211,0.74412000,0.66598000,optical,,,,,"Wed, 17 Sep 2025 18:12:06 GMT",b22 observatorio d'ager observatorio d\'ager
B23,Fiamene,Fiamene,45.57584900,10.97100000,706.089,0.70124000,0.71069000,optical,,,,,"Wed, 17 Sep 2025 18:12:06 GMT",b23 fiamene fiamene
B24,Cesson,Cesson,48.55419207,2.59830000,98.821,0.66317000,0.74598000,optical,,,,,"Wed, 17 Sep 2025 18:12:06 GMT",b24 cesson cesson
B25,Catania,Catania,37.54878735,15.05570000,304.261,0.79386000,0.60614000,optical,,,,,"Wed, 17 Sep 2025 18:12:06 GMT",b25 catania catania
B26,"Observatoire des Terres Blanches, Reillanne","Observatoire des Terres Blanches, Reillanne",43.87827704,5.66670000,567.321,0.72204000,0.68966000,optical,,,,,"Wed, 17 Sep 2025 18:12:06 GMT","b26 observatoire des terres blanches, reillanne observatoire des terres blanches, reillanne"
B27,"Picard Observatory, St. Veit","Picard Observatory, St. Veit",48.47663608,14.15440000,743.792,0.66425000,0.74516000,optical,,,,,"Wed, 17 Sep 2025 18:12:06 GMT","b27 picard observatory, st. veit picard observatory, st. veit"
B28,"Mandi Observatory, Pagnacco","Mandi Observatory, Pagnacco",46.09735422,13.18360000,154.309,0.69466000,0.71696000,optical,,,,,"Wed, 17 Sep 2025 18:12:06 GMT","b28 mandi observatory, pagnacco mandi observatory, pagnacco"
B29,"L'Ampolla Observatory, Tarragona","L\'Ampolla Observatory, Tarragona",40.80712287,0.67010000,99.690,0.75801000,0.65008000,optical,,,,,"Wed, 17 Sep 2025 18:12:06 GMT","b29 l'ampolla observatory, tarragona l\'ampolla observatory, tarragona"
B30,Szamotuly-Galowo,Szamotuly-Galowo,52.59640297,16.56890000,75.705,0.60872000,0.79074000,optical,,,,,"Wed, 17 Sep 2025 18:12:06 GMT",b30 szamotuly galowo szamotuly galowo
B31,"Southern African Large Telescope, Sutherland","Southern African Large Telescope, Sutherland",-32.37555092,20.81080000,1750.550,0.84560000,-0.53254000,optical,,,http://www.salt.ac.za/,,"Wed, 17 Sep 2025 18:12:06 GMT","b31 southern african large telescope, sutherland southern african large telescope, sutherland"
B32,Gelenau,Gelenau,50.70274446,12.94860000,531.677,0.63467000,0.77030000,optical,,,http://www.sternwarte-gelenau.de/,,"Wed, 17 Sep 2025 18:12:06 GMT",b32 gelenau gelenau
B33,"Libbiano Observatory, Peccioli","Libbiano Observatory, Peccioli",43.55542539,10.77830000,152.822,0.72588000,0.68555000,optical,,,http://www.astrofilialtavaldera.it/,,"Wed, 17 Sep 2025 18:12:06 GMT","b33 libbiano observatory, peccioli libbiano observatory, peccioli"
B34,"Green Island Observatory, Gecitkale","Green Island Observatory, Gecitkale",35.25845990,33.72580000,88.691,0.81748000,0.57405000,optical,2008-05-10,,http://www.greenislandobservatory.com,,"Wed, 17 Sep 2025 18:12:06 GMT","b34 green island observatory, gecitkale green island observatory, gecitkale"
B35,"Bareket Observatory, Macabim","Bareket Observatory, Macabim",31.88820707,35.03170000,265.517,0.84991000,0.52524000,optical,,,http://www.bareket-astro.com/en.htm,,"Wed, 17 Sep 2025 18:08:55 GMT","b35 bareket observatory, macabim bareket observatory, macabim"
B36,"Redshed Observatory, Kallham","Redshed Observatory, Kallham",48.27492542,13.71250000,369.369,0.66684000,0.74278000,optical,,,,,"Wed, 17 Sep 2025 18:12:06 GMT","b36 redshed observatory, kallham redshed observatory, kallham"
B37,"Obs. de L' Ametlla del Valles, Barcelona","Obs. de L\' Ametlla del Valles, Barcelona",41.65121169,2.25934000,226.261,0.74833800,0.66114700,optical,,,http://observatoriolametlladelvalls.blogspot.com/,,"Wed, 17 Sep 2025 18:12:06 GMT","b37 obs. de l' ametlla del valles, barcelona obs. de l\' ametlla del valles, barcelona"
B38,Santa Mama,Santa Mama,43.63090866,11.85746000,343.853,0.72499500,0.68652300,optical,2008-05-09,,,,"Wed, 17 Sep 2025 18:12:06 GMT",b38 santa mama santa mama
B39,Tradate,Tradate,45.71222632,8.90720000,335.253,0.69950000,0.71231000,optical,,,,,"Wed, 17 Sep 2025 18:12:06 GMT",b39 tradate tradate
B40,"Skylive Observatory, Catania","Skylive Observatory, Catania",37.60267234,15.07060000,480.003,0.79331000,0.60690000,optical,,,,,"Wed, 17 Sep 2025 18:12:06 GMT","b40 skylive observatory, catania skylive observatory, catania"
B41,Zlin Observatory,Zlin Observatory,49.21736418,17.69250000,407.134,0.65449000,0.75362000,optical,,,,,"Wed, 17 Sep 2025 18:12:06 GMT",b41 zlin observatory zlin observatory
B42,Vitebsk,Vitebsk,55.06128066,30.32750000,194.264,0.57401000,0.81614000,optical,,,http://nevski.belastro.net/,,"Wed, 17 Sep 2025 18:12:06 GMT",b42 vitebsk vitebsk
B43,Hennef,Hennef,50.74631134,7.30890000,111.017,0.63404000,0.77073000,optical,,,,,"Wed, 17 Sep 2025 18:12:06 GMT",b43 hennef hennef
B44,Eygalayes,Eygalayes,44.23754509,5.59060000,858.047,0.71772000,0.69419000,optical,,,,,"Wed, 17 Sep 2025 18:12:06 GMT",b44 eygalayes eygalayes
B45,Narama,Narama,50.17956117,19.93560000,379.043,0.64169000,0.76447000,optical,2007-08-30,,,,"Wed, 17 Sep 2025 18:12:06 GMT",b45 narama narama
B46,"Sintini Observatory, Alfonsine","Sintini Observatory, Alfonsine",44.50440075,12.05439000,4.759,0.71437300,0.69742000,optical,2007-09-06,,http://sintiniobservatory.interfree.it/,,"Wed, 17 Sep 2025 18:12:06 GMT","b46 sintini observatory, alfonsine sintini observatory, alfonsine"
B47,"Metsala Observatory, Espoo","Metsala Observatory, Espoo",60.19837396,24.75030000,51.551,0.49826000,0.86413000,optical,2007-09-12,,,,"Wed, 17 Sep 2025 18:12:06 GMT","b47 metsala observatory, espoo metsala observatory, espoo"
B48,Bocholt,Bocholt,51.84964174,6.59810000,0.687,0.61901000,0.78275000,optical,2007-09-17,,,,"Wed, 17 Sep 2025 18:12:06 GMT",b48 bocholt bocholt
B49,"Paus Observatory, Sabadell","Paus Observatory, Sabadell",41.55103230,2.11250000,241.031,0.74949800,0.65984400,optical,2007-10-04,,http://obspausb49.blogspot.com.es/,,"Wed, 17 Sep 2025 18:12:06 GMT","b49 paus observatory, sabadell paus observatory, sabadell"
B50,"Corner Observatory, Durmersheim","Corner Observatory, Durmersheim",48.94271566,8.27670000,127.339,0.65808000,0.75045000,optical,2007-10-17,,http://www.cometmillenium.de/,,"Wed, 17 Sep 2025 18:12:06 GMT","b50 corner observatory, durmersheim corner observatory, durmersheim"
B51,Vallauris,Vallauris,43.57767500,7.06669000,145.099,0.72561200,0.68583000,optical,2007-10-30,,,,"Wed, 17 Sep 2025 18:12:06 GMT",b51 vallauris vallauris
B52,Observatorio El Far,Observatorio El Far,42.25006067,2.99725000,33.992,0.74134400,0.66888300,optical,2007-11-17,,,,"Wed, 17 Sep 2025 18:12:06 GMT",b52 observatorio el far observatorio el far
B53,"Casal Lumbroso, Rome","Casal Lumbroso, Rome",41.87525839,12.35360000,61.187,0.74572000,0.66404000,optical,2007-11-16,,,,"Wed, 17 Sep 2025 18:12:06 GMT","b53 casal lumbroso, rome casal lumbroso, rome"
B54,Ager,Ager,42.01870928,0.74390000,746.902,0.74413000,0.66597000,optical,2007-12-03,,,,"Wed, 17 Sep 2025 18:12:06 GMT",b54 ager ager
B55,Comeglians,Comeglians,46.50798748,12.87600000,777.315,0.68955300,0.72197500,optical,2008-06-03,,,,"Wed, 17 Sep 2025 18:12:06 GMT",b55 comeglians comeglians
B56,"Observatorio Sant Pere, Mataró","Observatorio Sant Pere, Mataro",41.53883505,2.44935000,29.137,0.74961400,0.65966300,optical,2008-01-02,,,,"Wed, 17 Sep 2025 18:12:06 GMT","b56 observatorio sant pere, mataro observatorio sant pere, mataro"
B57,"Laietania Observatory, Parets del Vallès","Laietania Observatory, Parets del Valles",41.56548544,2.22439000,112.859,0.74931600,0.66001900,optical,2008-01-27,,,,"Wed, 17 Sep 2025 18:12:06 GMT","b57 laietania observatory, parets del valles laietania observatory, parets del valles"
B58,"Polaris Observatory, Budapest","Polaris Observatory, Budapest",47.55301129,19.02529000,139.911,0.67615600,0.73431800,optical,2008-02-01,,,,"Wed, 17 Sep 2025 18:12:06 GMT","b58 polaris observatory, budapest polaris observatory, budapest"
B59,Borken,Borken,51.83387198,6.87881000,49.079,0.61923100,0.78258600,optical,2008-02-02,,,,"Wed, 17 Sep 2025 18:12:06 GMT",b59 borken borken
B60,"Deep Sky Observatorium, Bad Bentheim","Deep Sky Observatorium, Bad Bentheim",52.29937895,7.17531000,30.419,0.61282400,0.78757600,optical,2008-02-04,,,,"Wed, 17 Sep 2025 18:12:06 GMT","b60 deep sky observatorium, bad bentheim deep sky observatorium, bad bentheim"
B61,"Valldoreix Obs.,Sant Cugat del Valles","Valldoreix Obs.,Sant Cugat del Valles",41.45671890,2.04350000,144.501,0.75057500,0.65860400,optical,2008-02-22,,,,"Wed, 17 Sep 2025 18:12:06 GMT","b61 valldoreix obs.,sant cugat del valles valldoreix obs.,sant cugat del valles"
B62,Brelingen,Brelingen,52.55630200,9.68531000,69.083,0.60927500,0.79031400,optical,2008-02-13,,,,"Wed, 17 Sep 2025 18:12:06 GMT",b62 brelingen brelingen
B63,"Solaris Observatory, Luczanowice","Solaris Observatory, Luczanowice",50.11162325,20.10799000,273.605,0.64258900,0.76369800,optical,2008-03-13,,,,"Tue, 26 May 2026 20:34:56 GMT","b63 solaris observatory, luczanowice solaris observatory, luczanowice"
B64,"Slope Rock Observatory, Hyvinkaa","Slope Rock Observatory, Hyvinkaa",60.63787155,24.88779000,101.473,0.49158700,0.86792700,optical,2008-03-24,,,,"Wed, 17 Sep 2025 18:12:06 GMT","b64 slope rock observatory, hyvinkaa slope rock observatory, hyvinkaa"
B65,"Komakallio Observatory, Kirkkonummi","Komakallio Observatory, Kirkkonummi",60.17323805,24.38780000,39.117,0.49864000,0.86391000,optical,2008-03-30,,,,"Wed, 17 Sep 2025 18:12:06 GMT","b65 komakallio observatory, kirkkonummi komakallio observatory, kirkkonummi"
B66,Osservatorio di Casasco,Osservatorio di Casasco,44.81651722,9.00693000,403.565,0.71059500,0.70133200,optical,2008-04-06,,,,"Wed, 17 Sep 2025 18:12:06 GMT",b66 osservatorio di casasco osservatorio di casasco
B67,"Sternwarte Mirasteilas, Falera","Sternwarte Mirasteilas, Falera",46.80416658,9.22419000,1332.341,0.68585800,0.72558200,optical,2008-03-24,,http://www.mirasteilas.ch/,,"Wed, 17 Sep 2025 18:12:06 GMT","b67 sternwarte mirasteilas, falera sternwarte mirasteilas, falera"
B68,Mount Matajur Observatory,Mount Matajur Observatory,46.20321105,13.53950000,1337.891,0.69345800,0.71837200,optical,2008-06-03,,,,"Wed, 17 Sep 2025 18:12:06 GMT",b68 mount matajur observatory mount matajur observatory
B69,"Owls and Ravens Observatory, Holzgerlingen","Owls and Ravens Observatory, Holzgerlingen",48.63500697,9.01719000,473.601,0.66215200,0.74695600,optical,2008-07-12,,http://www.cometchaser.de/,,"Wed, 17 Sep 2025 18:12:06 GMT","b69 owls and ravens observatory, holzgerlingen owls and ravens observatory, holzgerlingen"
B70,Sant Celoni,Sant Celoni,41.69065537,2.49370000,129.541,0.74787000,0.66165000,optical,2008-08-18,,,,"Wed, 17 Sep 2025 18:12:06 GMT",b70 sant celoni sant celoni
B71,Observatorio El Vendrell,Observatorio El Vendrell,41.18974774,1.52130000,20.643,0.75363000,0.65510000,optical,2008-09-09,,,,"Wed, 17 Sep 2025 18:12:06 GMT",b71 observatorio el vendrell observatorio el vendrell
B72,Soerth Observatory,Soerth Observatory,50.69882726,7.68105000,311.408,0.63470100,0.77023000,optical,2008-09-18,,https://astrofoto.de/,,"Wed, 17 Sep 2025 18:12:06 GMT",b72 soerth observatory soerth observatory
B73,"Mauren Valley Observatory, Holzgerlingen","Mauren Valley Observatory, Holzgerlingen",48.64113110,8.98503000,494.309,0.66207400,0.74702900,optical,2008-09-29,,http://www.cometchaser.de/,,"Wed, 17 Sep 2025 18:12:06 GMT","b73 mauren valley observatory, holzgerlingen mauren valley observatory, holzgerlingen"
B74,Santa Maria de Montmagastrell,Santa Maria de Montmagastrell,41.72015773,1.10536000,315.860,0.74755000,0.66205300,optical,2008-10-17,,http://santamariaobservatory.blogspot.com/,,"Wed, 17 Sep 2025 18:12:06 GMT",b74 santa maria de montmagastrell santa maria de montmagastrell
B75,"Stazione Astronomica Betelgeuse, Magnago","Stazione Astronomica Betelgeuse, Magnago",45.58470072,8.80519000,197.375,0.70107400,0.71074100,optical,2008-10-29,,,,"Wed, 17 Sep 2025 18:12:06 GMT","b75 stazione astronomica betelgeuse, magnago stazione astronomica betelgeuse, magnago"
B76,"Sternwarte Schönfeld, Dresden","Sternwarte Schonfeld, Dresden",51.03222618,13.89440000,308.940,0.63019000,0.77390000,optical,2008-10-26,,,,"Wed, 17 Sep 2025 18:12:06 GMT","b76 sternwarte schonfeld, dresden sternwarte schonfeld, dresden"
B77,"Schafmatt Observatory, Aarau","Schafmatt Observatory, Aarau",47.42026683,7.95083000,821.620,0.67793400,0.73283300,optical,2008-11-10,,https://www.sternwarte-schafmatt.ch,,"Wed, 17 Sep 2025 18:12:06 GMT","b77 schafmatt observatory, aarau schafmatt observatory, aarau"
B78,"Astrophoton Observatory, Audorf","Astrophoton Observatory, Audorf",47.96349380,14.12811000,392.750,0.67088500,0.73915800,optical,2008-11-30,,,,"Wed, 17 Sep 2025 18:12:06 GMT","b78 astrophoton observatory, audorf astrophoton observatory, audorf"
B79,Marana Observatory,Marana Observatory,45.63779826,11.20990000,810.595,0.70048000,0.71145700,optical,2008-12-20,,,,"Wed, 17 Sep 2025 18:12:06 GMT",b79 marana observatory marana observatory
B80,Osservatorio Astronomico Campomaggiore,Osservatorio Astronomico Campomaggiore,42.17395634,12.74126000,201.837,0.74225400,0.66791900,optical,2008-12-12,,,,"Wed, 17 Sep 2025 18:12:06 GMT",b80 osservatorio astronomico campomaggiore osservatorio astronomico campomaggiore
B81,Caimari,Caimari,39.77202676,2.89900000,157.702,0.76967000,0.63634000,optical,2008-12-26,,,,"Wed, 17 Sep 2025 18:12:06 GMT",b81 caimari caimari
B82,Maidbronn,Maidbronn,49.84632212,9.97160000,251.463,0.64613000,0.76072000,optical,2008-12-24,,http://www.b82maidbronn.de/index.htm,,"Wed, 17 Sep 2025 18:12:06 GMT",b82 maidbronn maidbronn
B83,Gières,Gieres,45.18499056,5.79769000,214.684,0.70603400,0.70585100,optical,2008-12-27,,,,"Wed, 17 Sep 2025 18:12:06 GMT",b83 gieres gieres
B84,"Cyclops Observatory, Oostkapelle","Cyclops Observatory, Oostkapelle",51.57197555,3.53775000,3.061,0.62281200,0.77974900,optical,2009-01-07,,,,"Wed, 17 Sep 2025 18:12:06 GMT","b84 cyclops observatory, oostkapelle cyclops observatory, oostkapelle"
B85,Beilen Observatory,Beilen Observatory,52.86662352,6.51011000,11.935,0.60496200,0.79358700,optical,2009-01-19,,,,"Wed, 17 Sep 2025 18:12:06 GMT",b85 beilen observatory beilen observatory
B86,Sternwarte Hagen,Sternwarte Hagen,51.34550561,7.45561000,300.558,0.62593100,0.77732400,optical,2009-02-03,,http://www.sternwarte-hagen.de,,"Wed, 17 Sep 2025 18:12:06 GMT",b86 sternwarte hagen sternwarte hagen
B87,Banyoles,Banyoles,42.11440101,2.77010000,202.203,0.74295000,0.66715000,optical,2009-02-05,,,,"Wed, 17 Sep 2025 18:12:06 GMT",b87 banyoles banyoles
B88,"Bigmuskie Observatory, Mombercelli","Bigmuskie Observatory, Mombercelli",44.81659215,8.29681000,187.056,0.71057000,0.70130900,optical,2009-02-21,,,,"Wed, 17 Sep 2025 18:12:06 GMT","b88 bigmuskie observatory, mombercelli bigmuskie observatory, mombercelli"
B89,Observatori Astronòmic de Tiana,Observatori Astronomic de Tiana,41.49179230,2.26190000,225.305,0.75018000,0.65907000,optical,2009-03-01,,,,"Wed, 17 Sep 2025 18:12:06 GMT",b89 observatori astronomic de tiana observatori astronomic de tiana
B90,"Malina River Observatory, Povoletto","Malina River Observatory, Povoletto",46.15035393,13.29686000,152.597,0.69399400,0.71760000,optical,2009-03-11,,,,"Wed, 17 Sep 2025 18:12:06 GMT","b90 malina river observatory, povoletto malina river observatory, povoletto"
B91,Bollwiller,Bollwiller,47.86497436,7.25544000,291.176,0.67214900,0.73799500,optical,2009-03-27,,,,"Wed, 17 Sep 2025 18:12:06 GMT",b91 bollwiller bollwiller
B92,Chinon,Chinon,47.16919877,0.27539000,95.698,0.68107300,0.72978100,optical,2009-04-15,,,,"Wed, 17 Sep 2025 18:12:06 GMT",b92 chinon chinon
B93,Hoogeveen,Hoogeveen,52.71261583,6.47856000,11.730,0.60710200,0.79196200,optical,2009-04-17,,,,"Wed, 17 Sep 2025 18:12:06 GMT",b93 hoogeveen hoogeveen
B94,Petrozavodsk,Petrozavodsk,61.77237689,34.28170000,143.059,0.47422000,0.87748000,optical,2009-04-16,,http://severastro.narod.ru/,,"Wed, 17 Sep 2025 18:12:06 GMT",b94 petrozavodsk petrozavodsk
B95,Achternholt,Achternholt,53.04790600,8.15450000,8.482,0.60243700,0.79549200,optical,2009-04-05,,,,"Wed, 17 Sep 2025 18:12:06 GMT",b95 achternholt achternholt
B96,"Brixiis Observatory, Kruibeke","Brixiis Observatory, Kruibeke",51.16350928,4.31031000,5.113,0.62837800,0.77530100,optical,2009-04-25,,http://www.astronomie.be/erik.bryssinck/,,"Wed, 17 Sep 2025 18:12:06 GMT","b96 brixiis observatory, kruibeke brixiis observatory, kruibeke"
B97,"Sterrenwacht Andromeda, Meppel","Sterrenwacht Andromeda, Meppel",52.00479425,6.11180000,8.219,0.61688000,0.78442000,optical,2009-05-14,,,,"Wed, 17 Sep 2025 18:12:06 GMT","b97 sterrenwacht andromeda, meppel sterrenwacht andromeda, meppel"
B98,Siena,Siena,43.31779300,11.31300000,327.504,0.72874600,0.68256300,optical,2009-05-20,,,,"Wed, 17 Sep 2025 18:12:06 GMT",b98 siena siena
B99,Santa Coloma de Gramenet,Santa Coloma de Gramenet,42.01913584,0.74430000,789.596,0.74413000,0.66598000,optical,2009-10-19,,,,"Wed, 17 Sep 2025 18:12:06 GMT",b99 santa coloma de gramenet santa coloma de gramenet
C00,Velikie Luki,Velikie Luki,56.32162551,30.51500000,112.496,0.55583000,0.82853000,optical,2009-08-11,,,,"Wed, 17 Sep 2025 18:12:06 GMT",c00 velikie luki velikie luki
C01,"Lohrmann-Observatorium, Triebenberg","Lohrmann-Observatorium, Triebenberg",51.02726081,13.92293000,386.642,0.63026500,0.77385500,optical,2009-08-23,,,,"Wed, 17 Sep 2025 18:12:06 GMT","c01 lohrmann observatorium, triebenberg lohrmann observatorium, triebenberg"
C02,Observatorio Royal Park,Observatorio Royal Park,41.73133349,2.53050000,140.946,0.74740000,0.66218000,optical,2009-09-14,,,,"Wed, 17 Sep 2025 18:12:06 GMT",c02 observatorio royal park observatorio royal park
C03,"Clayhole Observatory, Jokela","Clayhole Observatory, Jokela",60.55208119,24.96114000,93.030,0.49289200,0.86719000,optical,2018-09-07,,,,"Wed, 17 Sep 2025 18:12:06 GMT","c03 clayhole observatory, jokela clayhole observatory, jokela"
C04,Kramatorsk,Kramatorsk,48.79763669,37.63310000,75.540,0.65998000,0.74878000,optical,2009-10-15,,,,"Wed, 17 Sep 2025 18:12:06 GMT",c04 kramatorsk kramatorsk
C05,Konigsleiten,Konigsleiten,47.24751072,12.11530000,1586.902,0.68023000,0.73088000,optical,2009-10-20,,,,"Wed, 17 Sep 2025 18:12:06 GMT",c05 konigsleiten konigsleiten
C06,Krasnoyarsk,Krasnoyarsk,56.01230490,92.97440000,163.057,0.56032000,0.82553000,optical,2009-10-26,,,,"Wed, 17 Sep 2025 18:12:06 GMT",c06 krasnoyarsk krasnoyarsk
C07,"Anysllum Observatory, Àger","Anysllum Observatory, Ager",42.01870928,0.74420000,746.902,0.74413000,0.66597000,optical,2009-10-25,,http://www.anysllum.com/,,"Wed, 17 Sep 2025 18:12:06 GMT","c07 anysllum observatory, ager anysllum observatory, ager"
C08,Fiby,Fiby,59.88366870,17.37610000,16.434,0.50302000,0.86138000,optical,2009-11-07,,,,"Wed, 17 Sep 2025 18:12:06 GMT",c08 fiby fiby
C09,Rouet,Rouet,43.82348695,3.80397000,202.258,0.72266000,0.68893200,optical,2009-11-13,,,,"Wed, 17 Sep 2025 18:12:06 GMT",c09 rouet rouet
C10,Maisoncelles,Maisoncelles,48.71771057,3.42622000,183.291,0.66103900,0.74787400,optical,2009-11-28,,,,"Wed, 17 Sep 2025 18:12:06 GMT",c10 maisoncelles maisoncelles
C11,"City Observatory, Slaný","City Observatory, Slany",50.23667696,14.09010000,233.566,0.64091000,0.76509000,optical,2010-01-03,,,,"Wed, 17 Sep 2025 18:12:06 GMT","c11 city observatory, slany city observatory, slany"
C12,"Berta Observatory, Sabadell","Berta Observatory, Sabadell",41.53571392,2.11070000,199.216,0.74967000,0.65964000,optical,2009-12-09,,,,"Wed, 17 Sep 2025 18:12:06 GMT","c12 berta observatory, sabadell berta observatory, sabadell"
C13,Como,Como,45.80508043,9.10031000,255.420,0.69833200,0.71343000,optical,2010-01-18,,,,"Wed, 17 Sep 2025 18:12:06 GMT",c13 como como
C14,"Sky Vistas Observatory, Eichgraben","Sky Vistas Observatory, Eichgraben",48.15063080,15.96700000,438.224,0.66846300,0.74134400,optical,2010-01-14,,,,"Wed, 17 Sep 2025 18:12:06 GMT","c14 sky vistas observatory, eichgraben sky vistas observatory, eichgraben"
C15,ISON-Ussuriysk Observatory,ISON-Ussuriysk Observatory,43.69838135,132.16560000,313.454,0.72418000,0.68737000,optical,2010-02-02,,,,"Wed, 17 Sep 2025 18:12:06 GMT",c15 ison ussuriysk observatory ison ussuriysk observatory
C16,"Isarwinkel Observatory, Bad Tölz","Isarwinkel Observatory, Bad Tolz",47.74937787,11.57261000,717.520,0.67368700,0.73669100,optical,2010-02-12,,,,"Wed, 17 Sep 2025 18:12:06 GMT","c16 isarwinkel observatory, bad tolz isarwinkel observatory, bad tolz"
C17,"Observatorio Joan Roget, Àger","Observatorio Joan Roget, Ager",42.01928112,0.74381000,752.626,0.74412400,0.66597800,optical,2010-02-13,,,,"Wed, 17 Sep 2025 18:12:06 GMT","c17 observatorio joan roget, ager observatorio joan roget, ager"
C18,Frasnes-Lez-Anvaing,Frasnes-Lez-Anvaing,50.68352175,3.60400000,114.529,0.63488800,0.77003700,optical,2010-03-07,,,,"Wed, 17 Sep 2025 18:12:06 GMT",c18 frasnes lez anvaing frasnes lez anvaing
C19,"ROSA Observatory, Vaucluse","ROSA Observatory, Vaucluse",44.38403386,5.42310000,617.108,0.71591000,0.69599000,optical,2010-03-19,,,,"Wed, 17 Sep 2025 18:12:06 GMT","c19 rosa observatory, vaucluse rosa observatory, vaucluse"
C20,"Kislovodsk Mtn. Astronomical Stn., Pulkovo Obs.","Kislovodsk Mtn. Astronomical Stn., Pulkovo Obs.",43.74156143,42.66191000,2069.339,0.72385900,0.68810400,optical,2010-04-19,,,,"Wed, 17 Sep 2025 18:12:06 GMT","c20 kislovodsk mtn. astronomical stn., pulkovo obs. kislovodsk mtn. astronomical stn., pulkovo obs."
C21,"Observatorio Via Lactea, Àger","Observatorio Via Lactea, Ager",42.01928112,0.74383000,752.626,0.74412400,0.66597800,optical,2010-04-19,,,,"Wed, 17 Sep 2025 18:12:06 GMT","c21 observatorio via lactea, ager observatorio via lactea, ager"
C22,Oberwiesenthal,Oberwiesenthal,50.41563214,12.95990000,957.147,0.63858000,0.76717000,optical,2010-04-08,,,,"Wed, 17 Sep 2025 18:12:06 GMT",c22 oberwiesenthal oberwiesenthal
C23,Olmen,Olmen,51.14044558,5.15439000,32.468,0.62869400,0.77505200,optical,2010-04-19,,http://www.astronomie.be/alfons.diepvens/cometimages/index.html,,"Wed, 17 Sep 2025 18:12:06 GMT",c23 olmen olmen
C24,Seveso,Seveso,45.64244049,9.13310000,243.551,0.70036000,0.71145000,optical,2010-05-25,,,,"Wed, 17 Sep 2025 18:12:06 GMT",c24 seveso seveso
C25,"Pulkovo Observatory Station, Campo Imperatore","Pulkovo Observatory Station, Campo Imperatore",42.44421463,13.55806000,2140.775,0.73931000,0.67160500,optical,2010-06-08,,,,"Wed, 17 Sep 2025 18:12:06 GMT","c25 pulkovo observatory station, campo imperatore pulkovo observatory station, campo imperatore"
C26,"Levendaal Observatory, Leiden","Levendaal Observatory, Leiden",52.15504976,4.49928000,16.877,0.61481300,0.78603200,optical,2010-06-08,,,,"Wed, 17 Sep 2025 18:12:06 GMT","c26 levendaal observatory, leiden levendaal observatory, leiden"
C27,Pallerols,Pallerols,41.61808821,1.35302000,582.661,0.74876300,0.66075300,optical,2012-08-07,,,,"Wed, 17 Sep 2025 18:12:06 GMT",c27 pallerols pallerols
C28,Wellinghofen,Wellinghofen,51.46947828,7.48300000,129.493,0.62422400,0.77865200,optical,2010-07-21,,,,"Wed, 17 Sep 2025 18:12:06 GMT",c28 wellinghofen wellinghofen
C29,Observatori Astronómic de Les Planes de Son,Observatori Astronomic de Les Planes de Son,42.61788346,1.07889000,1597.618,0.73720200,0.67377700,optical,2010-07-03,,,,"Wed, 17 Sep 2025 18:12:06 GMT",c29 observatori astronomic de les planes de son observatori astronomic de les planes de son
C30,"Petrozavodsk University Obs., Sheltozero Stn.","Petrozavodsk University Obs., Sheltozero Stn.",61.40357804,35.34250000,41.438,0.47988000,0.87440000,optical,2010-09-13,,http://severastro.narod.ru/,,"Wed, 17 Sep 2025 18:12:06 GMT","c30 petrozavodsk university obs., sheltozero stn. petrozavodsk university obs., sheltozero stn."
C31,"Sternwarte Neanderhoehe Hochdahl e.V., Erkrath","Sternwarte Neanderhoehe Hochdahl e.V., Erkrath",51.20895961,6.98250000,104.086,0.62777000,0.77581000,optical,2010-09-06,,http://snh.rp-online.de,,"Wed, 17 Sep 2025 18:12:06 GMT","c31 sternwarte neanderhoehe hochdahl e.v., erkrath sternwarte neanderhoehe hochdahl e.v., erkrath"
C32,"Ka-Dar Observatory, TAU Station, Nizhny Arkhyz","Ka-Dar Observatory, TAU Station, Nizhny Arkhyz",43.64961573,41.42580000,2017.823,0.72496000,0.68694000,optical,2010-09-16,,http://www.ka-dar.ru/tau/,,"Wed, 17 Sep 2025 18:12:06 GMT","c32 ka dar observatory, tau station, nizhny arkhyz ka dar observatory, tau station, nizhny arkhyz"
C33,"Observatorio CEAM, Caimari","Observatorio CEAM, Caimari",39.77202676,2.89890000,157.702,0.76967000,0.63634000,optical,2010-09-13,,,,"Wed, 17 Sep 2025 18:12:06 GMT","c33 observatorio ceam, caimari observatorio ceam, caimari"
C34,Baja Astronomical Observatory,Baja Astronomical Observatory,46.18055418,19.01080000,112.628,0.69361000,0.71796000,optical,2010-09-27,,,,"Wed, 17 Sep 2025 18:12:06 GMT",c34 baja astronomical observatory baja astronomical observatory
C35,Terrassa,Terrassa,41.57157746,2.03490000,320.784,0.74927000,0.66012000,optical,2010-10-11,,,,"Wed, 17 Sep 2025 18:12:06 GMT",c35 terrassa terrassa
C36,"Starry Wanderer Observatory, Baran'","Starry Wanderer Observatory, Baran\'",54.47962513,30.30860000,164.856,0.58230000,0.81028000,optical,2010-10-01,,,,"Wed, 17 Sep 2025 18:12:06 GMT","c36 starry wanderer observatory, baran' starry wanderer observatory, baran\'"
C37,Stowupland,Stowupland,52.19679147,1.01830000,60.721,0.61424200,0.78648400,optical,2010-10-29,,,,"Wed, 17 Sep 2025 18:12:06 GMT",c37 stowupland stowupland
C38,"Varuna Observatory, Cuorgnè","Varuna Observatory, Cuorgne",45.40581235,7.64911000,422.403,0.70332200,0.70858100,optical,2010-11-02,,,,"Wed, 17 Sep 2025 18:12:06 GMT","c38 varuna observatory, cuorgne varuna observatory, cuorgne"
C39,Nijmegen,Nijmegen,51.82922918,5.79920000,0.819,0.61929000,0.78253000,optical,2010-11-12,,,,"Wed, 17 Sep 2025 18:12:06 GMT",c39 nijmegen nijmegen
C40,Kuban State University Astrophysical Observatory,Kuban State University Astrophysical Observatory,45.01954370,39.03080000,69.113,0.70806000,0.70380000,optical,2010-12-01,,,,"Wed, 17 Sep 2025 18:08:55 GMT",c40 kuban state university astrophysical observatory kuban state university astrophysical observatory
C41,"MASTER-II Observatory, Kislovodsk","MASTER-II Observatory, Kislovodsk",43.74168225,42.66126000,2064.533,0.72385700,0.68810500,optical,2013-01-04,,http://apollo.sai.msu.ru/,,"Wed, 17 Sep 2025 18:12:06 GMT","c41 master ii observatory, kislovodsk master ii observatory, kislovodsk"
C42,"Xingming Observatory, Mt. Nanshan","Xingming Observatory, Mt. Nanshan",43.47101841,87.17780000,2065.538,0.72711000,0.68469000,optical,2006-04-28,,,,"Wed, 17 Sep 2025 18:12:06 GMT","c42 xingming observatory, mt. nanshan xingming observatory, mt. nanshan"
C43,Hoyerswerda,Hoyerswerda,51.44836756,14.27920000,108.688,0.62451000,0.77842000,optical,2010-12-12,,,,"Wed, 17 Sep 2025 18:12:06 GMT",c43 hoyerswerda hoyerswerda
C44,"A. Volta Observatory, Lanzo d'Intelvi","A. Volta Observatory, Lanzo d\'Intelvi",45.97545982,9.02239000,878.996,0.69626800,0.71556700,optical,2011-01-03,,,,"Wed, 17 Sep 2025 18:12:06 GMT","c44 a. volta observatory, lanzo d'intelvi a. volta observatory, lanzo d\'intelvi"
C45,La Giustiniana,La Giustiniana,41.98837886,12.40639000,141.960,0.74441300,0.66551400,optical,2011-01-14,,,,"Wed, 17 Sep 2025 18:12:06 GMT",c45 la giustiniana la giustiniana
C46,"Horizon Observatory, Petropavlovsk","Horizon Observatory, Petropavlovsk",54.87819249,69.12219000,119.040,0.57662000,0.81429600,optical,2011-03-08,,,,"Wed, 17 Sep 2025 18:12:06 GMT","c46 horizon observatory, petropavlovsk horizon observatory, petropavlovsk"
C47,Nonndorf,Nonndorf,48.78679394,15.23560000,538.004,0.66017000,0.74871000,optical,2011-02-28,,http://www.dangl.at/index_en.htm,,"Wed, 17 Sep 2025 18:12:06 GMT",c47 nonndorf nonndorf
C48,"Sayan Solar Observatory, Irkutsk","Sayan Solar Observatory, Irkutsk",51.61982332,100.92140000,1976.206,0.62235000,0.78051000,optical,2011-03-16,,http://en.iszf.irk.ru/Sayan_Solar_Observatory,,"Wed, 17 Sep 2025 18:12:06 GMT","c48 sayan solar observatory, irkutsk sayan solar observatory, irkutsk"
C60,"Argelander Institute for Astronomy Obs., Bonn","Argelander Institute for Astronomy Obs., Bonn",50.72978811,7.06926000,89.493,0.63426100,0.77054500,optical,2011-03-24,,,,"Wed, 17 Sep 2025 18:12:06 GMT","c60 argelander institute for astronomy obs., bonn argelander institute for astronomy obs., bonn"
C61,Chelles,Chelles,48.88021279,2.58202000,36.323,0.65889200,0.74972300,optical,2011-03-09,,,,"Wed, 17 Sep 2025 18:12:06 GMT",c61 chelles chelles
C62,"Eurac Observatory, Bolzano","Eurac Observatory, Bolzano",46.49423252,11.34670000,249.993,0.68967000,0.72175000,optical,2011-04-27,,,,"Wed, 17 Sep 2025 18:12:06 GMT","c62 eurac observatory, bolzano eurac observatory, bolzano"
C63,"Giuseppe Piazzi Observatory, Ponte in Valtellina","Giuseppe Piazzi Observatory, Ponte in Valtellina",46.18886233,9.97970000,1259.475,0.69363000,0.71819000,optical,2011-05-08,,,,"Wed, 17 Sep 2025 18:12:06 GMT","c63 giuseppe piazzi observatory, ponte in valtellina giuseppe piazzi observatory, ponte in valtellina"
C64,Puchenstuben,Puchenstuben,47.92938829,15.28439000,902.041,0.67138000,0.73881900,optical,2011-05-11,,,,"Wed, 17 Sep 2025 18:12:06 GMT",c64 puchenstuben puchenstuben
C65,Observatori Astronòmic del Montsec,Observatori Astronomic del Montsec,42.05167679,0.72965000,1618.490,0.74384700,0.66648800,optical,2011-05-26,,,,"Wed, 17 Sep 2025 18:08:55 GMT",c65 observatori astronomic del montsec observatori astronomic del montsec
C66,Observatorio El Cielo de Consell,Observatorio El Cielo de Consell,39.66677688,2.80500000,150.778,0.77084000,0.63493000,optical,2011-05-23,,,,"Wed, 17 Sep 2025 18:12:06 GMT",c66 observatorio el cielo de consell observatorio el cielo de consell
C67,Gnevsdorf,Gnevsdorf,53.40382550,12.21990000,88.720,0.59747000,0.79922000,optical,2011-06-18,,,,"Wed, 17 Sep 2025 18:12:06 GMT",c67 gnevsdorf gnevsdorf
C68,"Ellinogermaniki Agogi Observatory, Pallini","Ellinogermaniki Agogi Observatory, Pallini",37.99769240,23.89339000,168.793,0.78905800,0.61230200,optical,2011-06-19,,http://www.ea.gr/ea/index.asp?lag=en,,"Wed, 17 Sep 2025 18:12:06 GMT","c68 ellinogermaniki agogi observatory, pallini ellinogermaniki agogi observatory, pallini"
C69,"Bayerwald Sternwarte, Neuhütte","Bayerwald Sternwarte, Neuhuette",48.92765055,13.36110000,825.804,0.65835000,0.75036000,optical,2011-06-02,,,,"Wed, 17 Sep 2025 18:12:06 GMT","c69 bayerwald sternwarte, neuhutte bayerwald sternwarte, neuhuette"
C70,"Uiterstegracht Station, Leiden","Uiterstegracht Station, Leiden",52.15739763,4.49775000,-0.322,0.61477900,0.78605500,optical,2011-07-04,,,,"Wed, 17 Sep 2025 18:12:06 GMT","c70 uiterstegracht station, leiden uiterstegracht station, leiden"
C71,Sant Marti Sesgueioles,Sant Marti Sesgueioles,41.70233305,1.48920000,687.126,0.74780000,0.66186000,optical,2011-07-10,,,,"Wed, 17 Sep 2025 18:12:06 GMT",c71 sant marti sesgueioles sant marti sesgueioles
C72,Palestrina,Palestrina,41.83680994,12.87170000,431.269,0.74621000,0.66358000,optical,2011-08-21,,,,"Wed, 17 Sep 2025 18:12:06 GMT",c72 palestrina palestrina
C73,Galați Observatory,Galati Observatory,45.41886185,28.03250000,58.499,0.70312000,0.70870000,optical,2011-08-19,,,,"Wed, 17 Sep 2025 18:12:06 GMT",c73 galati observatory galati observatory
C74,"Observatorio El Teatrillo de Lyra, Àger","Observatorio El Teatrillo de Lyra, Ager",42.01952017,0.74490000,742.211,0.74412000,0.66598000,optical,2011-08-09,,,,"Wed, 17 Sep 2025 18:12:06 GMT","c74 observatorio el teatrillo de lyra, ager observatorio el teatrillo de lyra, ager"
C75,"Whitestar Observatory, Borgobello","Whitestar Observatory, Borgobello",46.16308642,13.22250000,208.240,0.69384000,0.71776000,optical,2011-08-22,,,,"Wed, 17 Sep 2025 18:12:06 GMT","c75 whitestar observatory, borgobello whitestar observatory, borgobello"
C76,"Observatorio Estels, Àger","Observatorio Estels, Ager",42.01899520,0.74431000,749.764,0.74412700,0.66597400,optical,2011-07-30,,,,"Wed, 17 Sep 2025 18:12:06 GMT","c76 observatorio estels, ager observatorio estels, ager"
C77,Bernezzo Observatory,Bernezzo Observatory,44.38524693,7.45350000,570.558,0.71589000,0.69600000,optical,2011-09-08,,,,"Wed, 17 Sep 2025 18:12:06 GMT",c77 bernezzo observatory bernezzo observatory
C78,"Martin S. Kraar Observatory, Rehovot","Martin S. Kraar Observatory, Rehovot",31.90827487,34.81242000,57.855,0.84969800,0.52551900,optical,2011-09-13,,,,"Wed, 17 Sep 2025 18:12:06 GMT","c78 martin s. kraar observatory, rehovot martin s. kraar observatory, rehovot"
C79,"Roser Observatory, Blanes","Roser Observatory, Blanes",41.67758933,2.78550000,32.919,0.74801000,0.66147000,optical,2011-09-18,,,,"Wed, 17 Sep 2025 18:12:06 GMT","c79 roser observatory, blanes roser observatory, blanes"
C80,"Don Astronomical Observatory, Rostov-on-Don","Don Astronomical Observatory, Rostov-on-Don",47.28498599,39.76510000,81.788,0.67959000,0.73115000,optical,2011-09-28,,,,"Wed, 17 Sep 2025 18:12:06 GMT","c80 don astronomical observatory, rostov on don don astronomical observatory, rostov on don"
C81,Dolomites Astronomical Observatory,Dolomites Astronomical Observatory,46.24107371,10.84098000,1720.916,0.69302300,0.71887200,optical,2011-09-25,,,,"Wed, 17 Sep 2025 18:12:06 GMT",c81 dolomites astronomical observatory dolomites astronomical observatory
C82,"Osservatorio Astronomico Nastro Verde, Sorrento","Osservatorio Astronomico Nastro Verde, Sorrento",40.61877389,14.35759000,292.760,0.76017200,0.64761400,optical,2011-09-28,,,,"Wed, 17 Sep 2025 18:12:06 GMT","c82 osservatorio astronomico nastro verde, sorrento osservatorio astronomico nastro verde, sorrento"
C83,Badalozhnyj Observatory,Badalozhnyj Observatory,56.08412422,91.84250000,391.878,0.55930000,0.82626000,optical,2011-10-06,,,,"Wed, 17 Sep 2025 18:12:06 GMT",c83 badalozhnyj observatory badalozhnyj observatory
C84,Badalona,Badalona,41.44558931,2.24372000,31.376,0.75069000,0.65844700,optical,2011-10-13,,,,"Wed, 17 Sep 2025 18:12:06 GMT",c84 badalona badalona
C85,"Observatorio Cala d'Hort, Ibiza","Observatorio Cala d\'Hort, Ibiza",38.89109936,1.24080000,166.501,0.77939000,0.62448000,optical,2011-10-08,,,,"Wed, 17 Sep 2025 18:12:06 GMT","c85 observatorio cala d'hort, ibiza observatorio cala d\'hort, ibiza"
C86,Blanes,Blanes,41.67758933,2.78130000,32.919,0.74801000,0.66147000,optical,2011-09-28,,,,"Wed, 17 Sep 2025 18:12:06 GMT",c86 blanes blanes
C87,Rimbach,Rimbach,49.62054471,8.76890000,208.523,0.64913000,0.75817000,optical,2011-09-18,,,,"Wed, 17 Sep 2025 18:12:06 GMT",c87 rimbach rimbach
C88,"Montarrenti Observatory, Siena","Montarrenti Observatory, Siena",43.23279862,11.18331000,345.636,0.72976300,0.68148700,optical,2011-10-14,,,,"Wed, 17 Sep 2025 18:12:06 GMT","c88 montarrenti observatory, siena montarrenti observatory, siena"
C89,Astronomical Station Vidojevica,Astronomical Station Vidojevica,43.14022985,21.55558000,1145.076,0.73095800,0.68039700,optical,2011-11-01,,http://vidojevica.aob.rs/,,"Wed, 17 Sep 2025 18:12:06 GMT",c89 astronomical station vidojevica astronomical station vidojevica
C90,Vinyols,Vinyols,41.11041569,1.05181000,80.155,0.75454600,0.65406600,optical,2011-12-07,,,,"Wed, 17 Sep 2025 18:12:06 GMT",c90 vinyols vinyols
C91,"Montevenere Observatory, Monzuno","Montevenere Observatory, Monzuno",44.24317684,11.22621000,434.790,0.71760400,0.69421400,optical,2012-01-08,,,,"Wed, 17 Sep 2025 18:12:06 GMT","c91 montevenere observatory, monzuno montevenere observatory, monzuno"
C92,"Valdicerro Observatory, Loreto","Valdicerro Observatory, Loreto",43.42628962,13.60995000,124.775,0.72742500,0.68391500,optical,2015-03-16,,http://www.oav.name,,"Wed, 17 Sep 2025 18:12:06 GMT","c92 valdicerro observatory, loreto valdicerro observatory, loreto"
C93,"Bellavista Observatory, L'Aquila","Bellavista Observatory, L\'Aquila",42.33490142,13.40640000,640.313,0.74042000,0.67004000,optical,2012-01-12,,,,"Wed, 17 Sep 2025 18:12:06 GMT","c93 bellavista observatory, l'aquila bellavista observatory, l\'aquila"
C94,"MASTER-II Observatory, Tunka","MASTER-II Observatory, Tunka",51.81010799,103.06700000,700.229,0.61962000,0.78241000,optical,2012-01-16,,,,"Wed, 17 Sep 2025 18:12:06 GMT","c94 master ii observatory, tunka master ii observatory, tunka"
C95,"SATINO Remote Observatory, Haute Provence","SATINO Remote Observatory, Haute Provence",43.93204708,5.71239000,705.741,0.72140600,0.69035000,optical,2012-01-31,,,,"Wed, 17 Sep 2025 18:12:06 GMT","c95 satino remote observatory, haute provence satino remote observatory, haute provence"
C96,"OACL Observatory, Mosciano Sant Angelo","OACL Observatory, Mosciano Sant Angelo",42.75368610,13.87860000,225.055,0.73544000,0.67537000,optical,2012-01-27,,,,"Wed, 17 Sep 2025 18:12:06 GMT","c96 oacl observatory, mosciano sant angelo oacl observatory, mosciano sant angelo"
C97,"Al-Fulaij Observatory, Oman","Al-Fulaij Observatory, Oman",23.62946624,57.97633000,43.331,0.91665600,0.39835400,optical,2012-02-12,,,,"Wed, 17 Sep 2025 18:12:06 GMT","c97 al fulaij observatory, oman al fulaij observatory, oman"
C98,"Osservatorio Casellina, Scandicci","Osservatorio Casellina, Scandicci",43.76491554,11.17640000,59.555,0.72335000,0.68818000,optical,2012-01-29,,,,"Wed, 17 Sep 2025 18:12:06 GMT","c98 osservatorio casellina, scandicci osservatorio casellina, scandicci"
C99,"Observatori Can Roig, Llagostera","Observatori Can Roig, Llagostera",41.82666622,2.89631000,150.349,0.74629500,0.66341900,optical,2012-02-14,,,,"Wed, 17 Sep 2025 18:12:06 GMT","c99 observatori can roig, llagostera observatori can roig, llagostera"
D00,ASC-Kislovodsk Observatory,ASC-Kislovodsk Observatory,43.74014777,42.65360000,2104.371,0.72388000,0.68809000,optical,2012-03-07,,,,"Wed, 17 Sep 2025 18:12:06 GMT",d00 asc kislovodsk observatory asc kislovodsk observatory
D01,"Andean Northern Observatory, Nummi-Pusula","Andean Northern Observatory, Nummi-Pusula",60.35276454,23.93061000,79.051,0.49592000,0.86547100,optical,2012-03-09,,,,"Wed, 17 Sep 2025 18:12:06 GMT","d01 andean northern observatory, nummi pusula andean northern observatory, nummi pusula"
D02,Observatori Petit Sant Feliu,Observatori Petit Sant Feliu,41.38363129,2.05189000,119.113,0.75141400,0.65764700,optical,2012-03-05,,,,"Wed, 17 Sep 2025 18:12:06 GMT",d02 observatori petit sant feliu observatori petit sant feliu
D03,"Rantiga Osservatorio, Tincana","Rantiga Osservatorio, Tincana",44.44110341,10.58892000,696.410,0.71522300,0.69670900,optical,2012-03-13,,,,"Wed, 17 Sep 2025 18:12:06 GMT","d03 rantiga osservatorio, tincana rantiga osservatorio, tincana"
D04,Krasnodar,Krasnodar,44.89414304,38.85690000,34.510,0.70960000,0.70225000,optical,2017-03-01,,,,"Wed, 17 Sep 2025 18:12:06 GMT",d04 krasnodar krasnodar
D05,ISON-Terskol Observatory,ISON-Terskol Observatory,43.27456601,42.50005000,3109.928,0.72958000,0.68231400,optical,2012-07-20,,,,"Wed, 17 Sep 2025 18:12:06 GMT",d05 ison terskol observatory ison terskol observatory
D06,"Associazione Tuscolana di Astronomia, Domatore","Associazione Tuscolana di Astronomia, Domatore",41.75026717,12.77017000,581.336,0.74723200,0.66247200,optical,2012-07-16,,,,"Wed, 17 Sep 2025 18:12:06 GMT","d06 associazione tuscolana di astronomia, domatore associazione tuscolana di astronomia, domatore"
D07,Wegberg,Wegberg,51.14252415,6.20940000,75.495,0.62867000,0.77508000,optical,2012-08-02,,,,"Wed, 17 Sep 2025 18:12:06 GMT",d07 wegberg wegberg
D08,"Ghezz Observatory, Leontica","Ghezz Observatory, Leontica",46.45511190,8.91910000,950.106,0.69024000,0.72136000,optical,2012-08-25,,,,"Wed, 17 Sep 2025 18:12:06 GMT","d08 ghezz observatory, leontica ghezz observatory, leontica"
D09,"Observatory Grömme, Maasmechelen","Observatory Gromme, Maasmechelen",50.94159801,5.67940000,22.467,0.63139000,0.77287000,optical,2012-08-30,,http://www.astronomie.be/pieterjan.dekelver,,"Wed, 17 Sep 2025 18:12:06 GMT","d09 observatory gromme, maasmechelen observatory gromme, maasmechelen"
D10,Gaertringen,Gaertringen,48.64891193,8.90181000,531.356,0.66197600,0.74712300,optical,2017-10-11,,,,"Wed, 17 Sep 2025 18:12:06 GMT",d10 gaertringen gaertringen
D11,Bastidan Observatory,Bastidan Observatory,43.79081647,5.62797000,476.330,0.72308500,0.68855100,optical,2018-09-19,,,,"Wed, 17 Sep 2025 18:12:06 GMT",d11 bastidan observatory bastidan observatory
D12,"Filzi School Observatory, Laives","Filzi School Observatory, Laives",46.42278970,11.33806000,318.470,0.69058000,0.72090000,optical,2019-12-25,,,,"Wed, 17 Sep 2025 18:12:06 GMT","d12 filzi school observatory, laives filzi school observatory, laives"
D13,Cat's Eye Observatory,Cat\'s Eye Observatory,42.47996939,11.56369000,199.550,0.73866500,0.67185900,optical,2019-03-22,,,,"Wed, 17 Sep 2025 18:12:06 GMT",d13 cat's eye observatory cat\'s eye observatory
D14,"Nanchuan Observatory, Guangzhou","Nanchuan Observatory, Guangzhou",23.14368058,113.32310000,14.212,0.92000000,0.39061000,optical,2005-12-22,,,,"Wed, 17 Sep 2025 18:12:06 GMT","d14 nanchuan observatory, guangzhou nanchuan observatory, guangzhou"
D15,"Sternwarte F. Schiller-Gymnasium, Weimar","Sternwarte F.Schiller-Gymnasium, Weimar",50.98339132,11.31781000,267.742,0.63084800,0.77335900,optical,2021-09-02,,,,"Wed, 17 Sep 2025 18:12:06 GMT","d15 sternwarte f. schiller gymnasium, weimar sternwarte f.schiller gymnasium, weimar"
D16,"Po Leung Kuk Observatory, Tuen Mun","Po Leung Kuk Observatory, Tuen Mun",22.37661701,113.96422000,31.911,0.92515500,0.37833000,optical,2009-06-29,,,,"Wed, 17 Sep 2025 18:12:06 GMT","d16 po leung kuk observatory, tuen mun po leung kuk observatory, tuen mun"
D17,Hong Kong,Hong Kong,22.47459861,114.22000000,-9.782,0.92450000,0.37990000,optical,,,,,"Wed, 17 Sep 2025 18:12:06 GMT",d17 hong kong hong kong
D18,Mt. Guizi Observatory,Mt. Guizi Observatory,30.52140821,114.35800000,43.543,0.86219000,0.50490000,optical,2010-11-21,,,,"Wed, 17 Sep 2025 18:12:06 GMT",d18 mt. guizi observatory mt. guizi observatory
D19,Hong Kong Space Museum Sai Kung iObservatory,Hong Kong Space Museum Sai Kung iObservatory,22.40832476,114.32300000,98.930,0.92495500,0.37884300,optical,2012-07-03,,https://hk.space.museum,,"Wed, 17 Sep 2025 18:12:06 GMT",d19 hong kong space museum sai kung iobservatory hong kong space museum sai kung iobservatory
D20,"Zadko Observatory, Wallingup Plain","Zadko Observatory, Wallingup Plain",-31.35594536,115.71311000,51.187,0.85473300,-0.51734300,optical,2009-03-04,,,,"Wed, 17 Sep 2025 18:08:55 GMT","d20 zadko observatory, wallingup plain zadko observatory, wallingup plain"
D21,Shenton Park,Shenton Park,-31.96155048,115.81500000,-2.821,0.84920000,-0.52630000,optical,2007-09-17,,http://jazzistentialism.com/blog,,"Wed, 17 Sep 2025 18:12:06 GMT",d21 shenton park shenton park
D22,"UWA Observatory, Crawley","UWA Observatory, Crawley",-31.97889066,115.81667000,24.394,0.84904400,-0.52655800,optical,2010-08-30,,,,"Wed, 17 Sep 2025 18:12:06 GMT","d22 uwa observatory, crawley uwa observatory, crawley"
D23,"Observatori Astronomic de l'Institut d'Alcarras, Alcarras","OAIA, Alcarras",41.56173776,0.51853000,178.518,0.74936700,0.65997700,optical,2023-09-06,,,,"Wed, 17 Sep 2025 18:12:06 GMT","d23 observatori astronomic de l'institut d'alcarras, alcarras oaia, alcarras"
D24,"LightBuckets Observatory, Pingelly","LightBuckets Observatory, Pingelly",-32.51414185,117.08969000,147.773,0.84409500,-0.53443900,optical,2009-03-16,,,,"Wed, 17 Sep 2025 18:12:06 GMT","d24 lightbuckets observatory, pingelly lightbuckets observatory, pingelly"
D25,"Tzec Maun Observatory, Pingelly (before 2010)","Tzec Maun Observatory, Pingelly (before 2010)",-32.51313615,117.08978000,144.755,0.84410400,-0.53442400,optical,2008-07-10,,http://www.tzecmaun.org/,,"Wed, 17 Sep 2025 18:12:06 GMT","d25 tzec maun observatory, pingelly (before 2010) tzec maun observatory, pingelly (before 2010)"
D26,"Peyrole Observatory, Peyrole","Peyrole Observatory, Peyrole",43.80768230,1.92131000,355.851,0.72286800,0.68875000,optical,2023-08-23,,,,"Wed, 17 Sep 2025 18:12:06 GMT","d26 peyrole observatory, peyrole peyrole observatory, peyrole"
D27,"Observatoire de Fontcaude, Juvignac","Observatoire de Fontcaude, Juvignac",43.62667945,3.80361000,125.024,0.72502100,0.68644600,optical,2021-04-14,,,,"Wed, 17 Sep 2025 18:12:06 GMT","d27 observatoire de fontcaude, juvignac observatoire de fontcaude, juvignac"
D28,"Escaldarium Observatory, Caldes de Montbui","Escaldarium Observatory,Caldes de Montbui",41.61979948,2.18286000,282.287,0.74870800,0.66074400,optical,2023-12-24,,,,"Wed, 17 Sep 2025 18:12:06 GMT","d28 escaldarium observatory, caldes de montbui escaldarium observatory,caldes de montbui"
D29,"Purple Mountain Observatory, XuYi Station","Purple Mountain Observatory, XuYi Station",32.73436307,118.46390000,218.887,0.84204000,0.53767000,optical,,,http://cneost.pmo.ac.cn,,"Wed, 17 Sep 2025 18:12:06 GMT","d29 purple mountain observatory, xuyi station purple mountain observatory, xuyi station"
D30,"Sternwarte Silbergraben, Erfurt","Sternwarte Silbergraben, Erfurt",50.94280872,11.08350000,340.291,0.63140500,0.77292200,optical,2022-10-01,,,,"Wed, 17 Sep 2025 18:12:06 GMT","d30 sternwarte silbergraben, erfurt sternwarte silbergraben, erfurt"
D31,"Osservatorio Aldebaran, Rivalba","Osservatorio Aldebaran, Rivalba",44.50435027,10.09797000,920.377,0.71447600,0.69752000,optical,2023-12-06,,,,"Wed, 17 Sep 2025 18:12:06 GMT","d31 osservatorio aldebaran, rivalba osservatorio aldebaran, rivalba"
D32,"JiangNanTianChi Observatory, Mt. Getianling","JiangNanTianChi Observatory, Mt. Getianling",30.46942945,119.59975000,942.781,0.86277000,0.50419300,optical,2009-02-24,,,,"Wed, 17 Sep 2025 18:12:06 GMT","d32 jiangnantianchi observatory, mt. getianling jiangnantianchi observatory, mt. getianling"
D33,"Kenting Observatory, Checheng","Kenting Observatory, Checheng",22.04995689,120.69820000,38.372,0.92730000,0.37308000,optical,2011-07-27,,http://kto.phys.ntu.edu.tw/,,"Wed, 17 Sep 2025 18:12:06 GMT","d33 kenting observatory, checheng kenting observatory, checheng"
D34,"Kenting Observatory, Hengchun","Kenting Observatory, Hengchun",21.95026665,120.78390000,118.529,0.92796000,0.37148000,optical,,,,,"Wed, 17 Sep 2025 18:12:06 GMT","d34 kenting observatory, hengchun kenting observatory, hengchun"
D35,Lulin Observatory,Lulin Observatory,23.46857826,120.87360000,2878.997,0.91818000,0.39597000,optical,,,,,"Wed, 17 Sep 2025 18:12:06 GMT",d35 lulin observatory lulin observatory
D36,"Tataka, Mt. Yu-Shan National Park","Tataka, Mt. Yu-Shan National Park",23.48726088,120.88970000,2595.964,0.91801000,0.39625000,optical,,,,,"Wed, 17 Sep 2025 18:12:06 GMT","d36 tataka, mt. yu shan national park tataka, mt. yu shan national park"
D37,"Lulin Widefield Telescope, Mt. Lulin","Lulin Widefield Telescope, Mt. Lulin",23.46877557,120.87325000,2860.675,0.91817600,0.39597200,optical,2018-05-22,,,,"Wed, 17 Sep 2025 18:12:06 GMT","d37 lulin widefield telescope, mt. lulin lulin widefield telescope, mt. lulin"
D38,"Tecnosky Astropark, Felizzano","Tecnosky Astropark, Felizzano",44.91289415,8.43764000,157.282,0.70938300,0.70249500,optical,2023-12-09,,,,"Wed, 17 Sep 2025 18:12:06 GMT","d38 tecnosky astropark, felizzano tecnosky astropark, felizzano"
D39,"Shandong University Observatory, Weihai","Shandong University Observatory, Weihai",37.53592437,122.04961000,99.974,0.79397100,0.60594300,optical,2015-07-23,,,,"Wed, 17 Sep 2025 18:12:06 GMT","d39 shandong university observatory, weihai shandong university observatory, weihai"
D40,Frosinone,Frosinone,41.65321927,13.33772000,253.877,0.74831800,0.66117600,optical,2024-01-29,,,,"Wed, 17 Sep 2025 18:12:06 GMT",d40 frosinone frosinone
D41,Osservatorio Astronomico Orciatico,Osservatorio Astronomico Orciatico,43.42922131,10.71704000,485.796,0.72743100,0.68399100,optical,2021-09-05,,,,"Wed, 17 Sep 2025 18:12:06 GMT",d41 osservatorio astronomico orciatico osservatorio astronomico orciatico
D42,"Piero Angela Observatory, Scandicci","Piero Angela Observatory, Scandicci",43.74767285,11.19084000,123.703,0.72356500,0.68797000,optical,2024-01-28,,,,"Wed, 17 Sep 2025 18:12:06 GMT","d42 piero angela observatory, scandicci piero angela observatory, scandicci"
D43,"45th Parallel Observatory, Pino Torinese","45th Parallel Observatory, Pino Torinese",45.04457941,7.77039000,553.243,0.70780500,0.70416200,optical,2024-01-31,,https://vincenzodellavecchia.it/,"45th Parallel Obs., Pino Torinese|45th parallel Observatory, Pino Torinese","Wed, 10 Dec 2025 18:31:05 GMT","d43 45th parallel observatory, pino torinese 45th parallel observatory, pino torinese 45th parallel obs., pino torinese 45th parallel observatory, pino torinese"
D44,Ishigakijima Astronomical Observatory,Ishigakijima Astronomical Observatory,24.37285972,124.13928000,196.708,0.91142700,0.41015700,optical,2008-05-07,,,,"Wed, 17 Sep 2025 18:12:06 GMT",d44 ishigakijima astronomical observatory ishigakijima astronomical observatory
D45,"Kamyk, Trzesn","Kamyk, Trzesn",50.33454469,21.49325000,203.527,0.63959400,0.76617700,optical,2023-03-25,,,,"Wed, 17 Sep 2025 18:12:06 GMT","d45 kamyk, trzesn kamyk, trzesn"
D46,Observatory Bad Wurzach,Observatory Bad Wurzach,47.90599755,9.90265000,724.309,0.67166400,0.73852500,optical,2023-12-30,,,,"Wed, 17 Sep 2025 18:12:06 GMT",d46 observatory bad wurzach observatory bad wurzach
D47,"BigBang Observatory, Manciano","BigBang Observatory, Manciano",42.47996939,11.56366000,199.550,0.73866500,0.67185900,optical,2024-04-12,,,,"Wed, 17 Sep 2025 18:12:06 GMT","d47 bigbang observatory, manciano bigbang observatory, manciano"
D48,Niederbexbach Observatory,Niederbexbach Observatory,49.33084790,7.26381000,296.669,0.65297900,0.75489800,optical,2023-09-06,,,,"Wed, 17 Sep 2025 18:12:06 GMT",d48 niederbexbach observatory niederbexbach observatory
D49,L'Ametlla de Mar,L\'Ametlla de Mar,40.87668428,0.79444000,58.106,0.75721300,0.65099200,optical,2024-07-01,,,,"Wed, 17 Sep 2025 18:12:06 GMT",d49 l'ametlla de mar l\'ametlla de mar
D50,"Vaucluse Observatoire Celeste, Blauvac","Vaucluse Observatoire Celeste, Blauvac",44.03947498,5.21519000,313.975,0.72006200,0.69165400,optical,2024-07-27,,,,"Wed, 17 Sep 2025 18:12:06 GMT","d50 vaucluse observatoire celeste, blauvac vaucluse observatoire celeste, blauvac"
D51,Plateau Astronomique La Couronne,Plateau Astronomique La Couronne,44.08299595,1.94844000,352.008,0.71953900,0.69220300,optical,2024-07-28,,,,"Wed, 17 Sep 2025 18:12:06 GMT",d51 plateau astronomique la couronne plateau astronomique la couronne
D52,"ULU Observatory, Caselle Landi","ULU Observatory, Caselle Landi",45.09802869,9.79750000,87.083,0.70709400,0.70476800,optical,2023-10-07,,,,"Wed, 17 Sep 2025 18:12:06 GMT","d52 ulu observatory, caselle landi ulu observatory, caselle landi"
D53,ISON-Blagoveschensk Observatory,ISON-Blagoveschensk Observatory,50.31853309,127.48200000,214.119,0.63981000,0.76600000,optical,2015-02-10,,,,"Wed, 17 Sep 2025 18:12:06 GMT",d53 ison blagoveschensk observatory ison blagoveschensk observatory
D54,"MASTER-II Observatory, Blagoveshchensk","MASTER-II Observatory, Blagoveshchensk",50.31889920,127.48300000,263.206,0.63981000,0.76601000,optical,2011-12-22,,,,"Wed, 17 Sep 2025 18:12:06 GMT","d54 master ii observatory, blagoveshchensk master ii observatory, blagoveshchensk"
D55,"Kangwon Science High School Observatory, Ksho","Kangwon Science High School Observatory, Ksho",37.37282783,127.97470000,204.892,0.79571000,0.60370000,optical,2006-01-16,,,,"Wed, 17 Sep 2025 18:12:06 GMT","d55 kangwon science high school observatory, ksho kangwon science high school observatory, ksho"
D56,"Osservatorio Sideris Oculus, San Pietro in Gu","Osservatorio Sideris Oculus, San Pietro in Gu",45.60780030,11.67408000,93.296,0.70077500,0.71101100,optical,2024-09-30,,,,"Wed, 17 Sep 2025 18:12:06 GMT","d56 osservatorio sideris oculus, san pietro in gu osservatorio sideris oculus, san pietro in gu"
D57,"Gimhae Astronomical Observatory, Uhbang-dong","Gimhae Astronomical Observatory, Uhbang-dong",35.25287214,128.88744000,369.046,0.81757200,0.57399600,optical,2008-01-20,,,,"Wed, 17 Sep 2025 18:12:06 GMT","d57 gimhae astronomical observatory, uhbang dong gimhae astronomical observatory, uhbang dong"
D58,"KSA SEM Observatory, Danggam-dong","KSA SEM Observatory, Danggam-dong",35.16561613,129.02500000,149.460,0.81841900,0.57273600,optical,2008-01-20,,,,"Wed, 17 Sep 2025 18:12:06 GMT","d58 ksa sem observatory, danggam dong ksa sem observatory, danggam dong"
D59,"MARIAMIR, Saint-Jeannet","MARIAMIR, Saint-Jeannet",43.74776755,7.15617000,398.650,0.72359500,0.68800100,optical,2024-10-30,,,,"Wed, 17 Sep 2025 18:12:06 GMT","d59 mariamir, saint jeannet mariamir, saint jeannet"
D60,"Sparky's Stars, Masseris","Sparky\'s Stars, Masseris",46.18366694,13.55146300,832.504,0.69364900,0.71807900,optical,2022-08-01,,https://allskymasseris.it/,"Masseris, Savogna","Wed, 24 Jun 2026 14:32:28 GMT","d60 sparky's stars, masseris sparky\'s stars, masseris masseris, savogna"
D61,"Suntopia Marina, Sumoto","Suntopia Marina, Sumoto",34.32769878,134.91310000,29.174,0.82671000,0.56075000,optical,2007-09-19,,,,"Wed, 17 Sep 2025 18:12:06 GMT","d61 suntopia marina, sumoto suntopia marina, sumoto"
D62,Miyaki-Argenteus,Miyaki-Argenteus,33.28944962,130.44940000,56.302,0.83676000,0.54575000,optical,2007-12-18,,,,"Wed, 17 Sep 2025 18:12:06 GMT",d62 miyaki argenteus miyaki argenteus
D63,"G. Pascoli Observatory, Castelvecchio Pascoli (since June 2023)","G. Pascoli Observatory, Barga (since June 2023)",44.08132364,10.46138000,296.347,0.71955300,0.69217600,optical,2023-06-01,,https://k63.altervista.org/,"G. Pascoli Observatory, Castelvecchio Pascoli (since June 2023)","Tue, 07 Oct 2025 16:17:10 GMT","d63 g. pascoli observatory, castelvecchio pascoli (since june 2023) g. pascoli observatory, barga (since june 2023) g. pascoli observatory, castelvecchio pascoli (since june 2023)"
D64,"Fucama, Casalincontrada","Fucama, Casalincontrada",42.30552496,14.10967000,179.019,0.74071100,0.66961300,optical,2024-04-04,,,,"Wed, 17 Sep 2025 18:12:06 GMT","d64 fucama, casalincontrada fucama, casalincontrada"
D65,"G. Beltrame, Arcugnano Vicenza","G. Beltrame, Arcugnano Vicenza",45.49741216,11.53480600,227.532,0.70216300,0.70967900,optical,2024-10-31,,https://www.astrofilivicentini.it/,,"Wed, 17 Sep 2025 18:12:06 GMT","d65 g. beltrame, arcugnano vicenza g. beltrame, arcugnano vicenza"
D66,Civico Osservatorio Astronomico di Rozzano,Civico Osservatorio Astronomico di Rozzano,45.37677359,9.14839000,165.834,0.70365400,0.70819700,optical,2024-08-22,,https://www.astrofilirozzano.it/,,"Wed, 17 Sep 2025 18:12:06 GMT",d66 civico osservatorio astronomico di rozzano civico osservatorio astronomico di rozzano
D67,"Tula Rooftop Observatory, Tula","Tula Rooftop Observatory, Tula",54.20918247,37.62472000,174.911,0.58613600,0.80753000,optical,2023-09-19,,,,"Wed, 17 Sep 2025 18:12:06 GMT","d67 tula rooftop observatory, tula tula rooftop observatory, tula"
D68,"Osservatorio Galileo, Padova","Osservatorio Galileo, Padova",45.46540690,11.73622000,66.848,0.70254300,0.70927000,optical,2024-12-26,,,,"Wed, 17 Sep 2025 18:12:06 GMT","d68 osservatorio galileo, padova osservatorio galileo, padova"
D69,JMU Space-Observatory,JMU Space-Observatory,49.78261374,9.97013300,342.557,0.64698800,0.76001400,optical,2025-01-18,,,,"Wed, 17 Sep 2025 18:12:06 GMT",d69 jmu space observatory jmu space observatory
D70,Tosa,Tosa,33.46792484,133.46860000,37.172,0.83505000,0.54834000,optical,,,,,"Wed, 17 Sep 2025 18:12:06 GMT",d70 tosa tosa
D71,"ObservaSTYRium, Stainz bei Straden","ObservaSTYRium, Stainz bei Straden",46.82239775,15.89225000,304.538,0.68551600,0.72568200,optical,2024-10-25,,,,"Wed, 17 Sep 2025 18:12:06 GMT","d71 observastyrium, stainz bei straden observastyrium, stainz bei straden"
D72,"WAA Remote Observatory, Hakos","WAA Remote Observatory, Hakos",-23.23660144,16.36131000,1856.011,0.91963000,-0.39220700,optical,2024-09-14,,,,"Wed, 17 Sep 2025 18:12:06 GMT","d72 waa remote observatory, hakos waa remote observatory, hakos"
D73,"SNX-NET, Hakos","SNX-NET, Hakos",-23.23660891,16.36139000,1870.249,0.91963200,-0.39220800,optical,2024-10-23,,,,"Wed, 17 Sep 2025 18:12:06 GMT","d73 snx net, hakos snx net, hakos"
D74,Nakagawa,Nakagawa,33.94893361,134.68190000,54.273,0.83041000,0.55530000,optical,,,,,"Wed, 17 Sep 2025 18:12:06 GMT",d74 nakagawa nakagawa
D75,Cariati,Cariati,39.48876947,16.95608000,74.194,0.77280500,0.63253400,optical,2024-04-06,,,,"Wed, 17 Sep 2025 18:12:06 GMT",d75 cariati cariati
D76,"AAT-Terrassa, Terrassa","AAT-Terrassa, Terrassa",41.56459620,2.00702800,349.213,0.74935400,0.66003200,optical,2024-09-14,,https://astroterrassa.org,,"Wed, 17 Sep 2025 18:12:06 GMT","d76 aat terrassa, terrassa aat terrassa, terrassa"
D77,TD-TRO (Tuscany Remote Observatory),TD-TRO (Tuscany Remote Observatory),43.42901732,10.71736000,481.905,0.72743300,0.68398800,optical,2025-01-14,,,,"Wed, 17 Sep 2025 18:12:06 GMT",d77 td tro (tuscany remote observatory) td tro (tuscany remote observatory)
D78,Iga-Ueno,Iga-Ueno,34.76856530,136.13281000,156.606,0.82237800,0.56707700,optical,2008-07-24,,,,"Wed, 17 Sep 2025 18:12:06 GMT",d78 iga ueno iga ueno
D79,"YSVP Observatory, Vale Park","YSVP Observatory, Vale Park",-34.88448404,138.63092000,43.696,0.82121200,-0.56872200,optical,2010-12-30,,,,"Wed, 17 Sep 2025 18:12:06 GMT","d79 ysvp observatory, vale park ysvp observatory, vale park"
D80,Gumma Astronomical Observatory,Gumma Astronomical Observatory,36.59642125,138.97280000,861.510,0.80392000,0.59297000,optical,2009-01-29,,,,"Wed, 17 Sep 2025 18:12:06 GMT",d80 gumma astronomical observatory gumma astronomical observatory
D81,Nagano,Nagano,36.66927541,138.22390000,356.071,0.80310000,0.59394000,optical,,,,,"Wed, 17 Sep 2025 18:12:06 GMT",d81 nagano nagano
D82,Wallaroo,Wallaroo,-33.93107279,137.63170000,27.941,0.83058000,-0.55504000,optical,,,http://www.yp-connect.net/~mmatti/,,"Wed, 17 Sep 2025 18:12:06 GMT",d82 wallaroo wallaroo
D83,Miwa,Miwa,36.49633353,138.46810000,1281.416,0.80501000,0.59161000,optical,2003-06-01,,,,"Wed, 17 Sep 2025 18:12:06 GMT",d83 miwa miwa
D84,Hallet Cove,Hallet Cove,-35.08636759,138.50860000,54.704,0.81920000,-0.57160000,optical,,,,,"Wed, 17 Sep 2025 18:12:06 GMT",d84 hallet cove hallet cove
D85,Ingle Farm,Ingle Farm,-34.82063834,138.65970000,147.674,0.82186000,-0.56782000,optical,,,,,"Wed, 17 Sep 2025 18:12:06 GMT",d85 ingle farm ingle farm
D86,Penwortham,Penwortham,-33.91893775,138.64070000,429.290,0.83075000,-0.55490000,optical,,,,,"Wed, 17 Sep 2025 18:12:06 GMT",d86 penwortham penwortham
D87,Brooklyn Park,Brooklyn Park,-34.92609094,138.55000000,-17.633,0.82079000,-0.56931000,optical,,,http://www.yp-connect.net/~mmatti/,,"Wed, 17 Sep 2025 18:12:06 GMT",d87 brooklyn park brooklyn park
D88,Hiratsuka,Hiratsuka,35.36966023,139.31420000,-3.947,0.81635000,0.57562000,optical,,,,,"Wed, 17 Sep 2025 18:12:06 GMT",d88 hiratsuka hiratsuka
D89,Yamagata,Yamagata,38.18458274,140.33830000,562.562,0.78710000,0.61490000,optical,,,,,"Wed, 17 Sep 2025 18:12:06 GMT",d89 yamagata yamagata
D90,"RAS Observatory, Moorook","RAS Observatory, Moorook",-34.26933079,140.34200000,13.486,0.82728000,-0.55991000,optical,2009-06-04,,http://www.global-rent-a-scope.com/,,"Wed, 17 Sep 2025 18:08:55 GMT","d90 ras observatory, moorook ras observatory, moorook"
D91,Adati,Adati,37.66591410,140.82500000,254.723,0.79261000,0.60775000,optical,,,,,"Wed, 17 Sep 2025 18:12:06 GMT",d91 adati adati
D92,Osaki,Osaki,38.56551933,140.94638000,41.607,0.78292000,0.62004700,optical,2009-03-10,,,,"Wed, 17 Sep 2025 18:12:06 GMT",d92 osaki osaki
D93,Sendai Astronomical Observatory,Sendai Astronomical Observatory,38.25514106,140.75516000,162.740,0.78629100,0.61582600,optical,2009-03-10,,,,"Wed, 17 Sep 2025 18:12:06 GMT",d93 sendai astronomical observatory sendai astronomical observatory
D94,"Takanezawa, Tochigi","Takanezawa, Tochigi",36.62800424,139.99620000,207.925,0.80351000,0.59335000,optical,,,,,"Wed, 17 Sep 2025 18:12:06 GMT","d94 takanezawa, tochigi takanezawa, tochigi"
D95,Kurihara,Kurihara,38.80146595,141.06800000,14.583,0.78035000,0.62325000,optical,2009-09-07,,,,"Wed, 17 Sep 2025 18:12:06 GMT",d95 kurihara kurihara
D96,"Tzec Maun Observatory, Moorook","Tzec Maun Observatory, Moorook",-34.26886657,140.34216000,32.426,0.82728700,-0.55990500,optical,2010-01-20,,http://www.tzecmaun.org/,,"Wed, 17 Sep 2025 18:12:06 GMT","d96 tzec maun observatory, moorook tzec maun observatory, moorook"
D97,Berri,Berri,-34.24492966,140.57000000,22.078,0.82752000,-0.55956000,optical,2010-09-17,,,,"Wed, 17 Sep 2025 18:12:06 GMT",d97 berri berri
D98,Loiano TANDEM,Loiano TANDEM,44.25920492,11.33409000,745.281,0.71744400,0.69444800,optical,,,,,"Wed, 17 Sep 2025 18:12:06 GMT",d98 loiano tandem loiano tandem
D99,"AstroKoT, Port-Ste-Marie","AstroKoT, Port-Ste-Marie",44.26162119,0.39122800,232.139,0.71735700,0.69442200,optical,2024-08-12,,,,"Wed, 17 Sep 2025 18:12:06 GMT","d99 astrokot, port ste marie astrokot, port ste marie"
E00,Castlemaine,Castlemaine,-37.05961615,144.20890000,313.682,0.79902000,-0.59937000,optical,2007-10-13,,,,"Wed, 17 Sep 2025 18:12:06 GMT",e00 castlemaine castlemaine
E01,Barfold,Barfold,-37.09894491,144.54142000,398.517,0.79861800,-0.59992400,optical,2007-09-13,,,,"Wed, 17 Sep 2025 18:12:06 GMT",e01 barfold barfold
E03,"RAS Observatory, Officer","RAS Observatory, Officer",-38.13617547,145.38220000,71.489,0.78756000,-0.61419000,optical,,,http://www.global-rent-a-scope.com/,,"Wed, 17 Sep 2025 18:08:55 GMT","e03 ras observatory, officer ras observatory, officer"
E04,"Pacific Sky Observatory, Saipan","Pacific Sky Observatory, Saipan",15.15653685,145.74030000,92.269,0.96545000,0.25977000,optical,,,,,"Wed, 17 Sep 2025 18:12:06 GMT","e04 pacific sky observatory, saipan pacific sky observatory, saipan"
E05,"Earl Hill Observatory, Trinity Beach","Earl Hill Observatory, Trinity Beach",-16.79467008,145.69721000,73.132,0.95762500,-0.28709200,optical,2008-08-05,,,,"Wed, 17 Sep 2025 18:12:06 GMT","e05 earl hill observatory, trinity beach earl hill observatory, trinity beach"
E07,Murrumbateman,Murrumbateman,-34.95869640,148.99889000,595.804,0.82054400,-0.56983000,optical,2011-02-24,,,,"Wed, 17 Sep 2025 18:12:06 GMT",e07 murrumbateman murrumbateman
E08,"Wobblesock Observatory, Coonabarabran","Wobblesock Observatory, Coonabarabran",-31.22698819,149.33431000,600.559,0.85597100,-0.51547200,optical,2008-08-05,,,,"Wed, 17 Sep 2025 18:12:06 GMT","e08 wobblesock observatory, coonabarabran wobblesock observatory, coonabarabran"
E09,"Oakley Southern Sky Observatory, Coonabarabran","Oakley Southern Sky Observatory, Coonabarabran",-31.28146035,149.08140000,826.981,0.85551000,-0.51630000,optical,2007-12-12,,http://www.rose-hulman.edu/Users/groups/Observatory/events.htm,,"Wed, 17 Sep 2025 18:12:06 GMT","e09 oakley southern sky observatory, coonabarabran oakley southern sky observatory, coonabarabran"
E10,Siding Spring-Faulkes Telescope South,Siding Spring-Faulkes Telescope South,-31.27280315,149.07085000,1154.263,0.85563200,-0.51619800,optical,2007-01-05,,,,"Tue, 26 May 2026 20:34:56 GMT",e10 siding spring faulkes telescope south siding spring faulkes telescope south
E11,"Frog Rock Observatory, Mudgee","Frog Rock Observatory, Mudgee",-32.45603108,149.66270000,543.425,0.84469000,-0.53362000,optical,,,http://my.hwy.com.au/~sjquirk/,,"Wed, 17 Sep 2025 18:12:06 GMT","e11 frog rock observatory, mudgee frog rock observatory, mudgee"
E12,Siding Spring Survey,Siding Spring Survey,-31.27345277,149.06420000,1183.093,0.85563000,-0.51621000,optical,,,,,"Wed, 27 May 2026 23:09:26 GMT",e12 siding spring survey siding spring survey
E13,Wanniassa,Wanniassa,-35.39039137,149.09690000,612.538,0.81622000,-0.57597000,optical,,,http://members.pcug.org.au/~vello/,,"Wed, 17 Sep 2025 18:12:06 GMT",e13 wanniassa wanniassa
E14,"Hunters Hill Observatory, Ngunnawal","Hunters Hill Observatory, Ngunnawal",-35.16246027,149.11000000,690.784,0.81852000,-0.57274000,optical,,,http://www.david-higgins.com/,,"Wed, 17 Sep 2025 18:12:06 GMT","e14 hunters hill observatory, ngunnawal hunters hill observatory, ngunnawal"
E15,"Magellan Observatory, near Goulburn","Magellan Observatory, near Goulburn",-34.99867018,149.60610000,709.726,0.82016000,-0.57041000,optical,,,,,"Wed, 17 Sep 2025 18:12:06 GMT","e15 magellan observatory, near goulburn magellan observatory, near goulburn"
E16,"Grove Creek Observatory, Trunkey","Grove Creek Observatory, Trunkey",-33.82962186,149.36624000,952.896,0.83168400,-0.55365600,optical,,,http://www.gco.org.au,,"Wed, 17 Sep 2025 18:12:06 GMT","e16 grove creek observatory, trunkey grove creek observatory, trunkey"
E17,Leura,Leura,-33.70683624,150.34170000,1174.895,0.83290000,-0.55190000,optical,2007-09-17,,,,"Wed, 17 Sep 2025 18:12:06 GMT",e17 leura leura
E18,"BDI Observatory, Regents Park","BDI Observatory, Regents Park",-34.01041061,151.02714000,104.663,0.82981900,-0.55619100,optical,2008-03-10,,,,"Wed, 17 Sep 2025 18:12:06 GMT","e18 bdi observatory, regents park bdi observatory, regents park"
E19,Kingsgrove,Kingsgrove,-33.94765851,151.09580000,35.946,0.83042000,-0.55528000,optical,,,,,"Wed, 17 Sep 2025 18:12:06 GMT",e19 kingsgrove kingsgrove
E20,Marsfield,Marsfield,-33.77050463,151.10320000,108.886,0.83214600,-0.55272800,optical,2009-03-04,,,,"Wed, 17 Sep 2025 18:12:06 GMT",e20 marsfield marsfield
E21,"Norma Rose Observatory, Leyburn","Norma Rose Observatory, Leyburn",-27.98579007,151.56670000,609.763,0.88380000,-0.46650000,optical,,,,,"Wed, 17 Sep 2025 18:12:06 GMT","e21 norma rose observatory, leyburn norma rose observatory, leyburn"
E22,"Univ. of Southern Queensland Obs., Mt. Kent","Univ. of Southern Queensland Obs., Mt. Kent",-27.79771924,151.85500000,669.134,0.88533700,-0.46361600,optical,2009-07-30,,,,"Wed, 17 Sep 2025 18:12:06 GMT","e22 univ. of southern queensland obs., mt. kent univ. of southern queensland obs., mt. kent"
E23,Arcadia,Arcadia,-33.62119650,151.07119000,181.511,0.83359600,-0.55057400,optical,2010-03-09,,http://www.arcadiaobservatory.org/,,"Wed, 17 Sep 2025 18:12:06 GMT",e23 arcadia arcadia
E24,"Tangra Observatory, St. Clair","Tangra Observatory, St. Clair",-33.80970624,150.77690000,56.332,0.83176000,-0.55329000,optical,2010-09-09,,,,"Wed, 17 Sep 2025 18:12:06 GMT","e24 tangra observatory, st. clair tangra observatory, st. clair"
E25,Rochedale (APTA),Rochedale (APTA),-27.56395542,153.11700000,-6.599,0.88713000,-0.45997000,optical,,,,,"Wed, 17 Sep 2025 18:12:06 GMT",e25 rochedale (apta) rochedale (apta)
E26,"RAS Observatory, Biggera Waters","RAS Observatory, Biggera Waters",-27.93391504,153.39710000,13.265,0.88414000,-0.46566000,optical,,,http://www.global-rent-a-scope.com/,,"Wed, 17 Sep 2025 18:08:55 GMT","e26 ras observatory, biggera waters ras observatory, biggera waters"
E27,Thornlands,Thornlands,-27.56628523,153.26670000,-87.677,0.88710000,-0.46000000,optical,2007-03-18,,,,"Wed, 17 Sep 2025 18:12:06 GMT",e27 thornlands thornlands
E28,"Kuriwa Observatory, Hawkesbury Heights","Kuriwa Observatory, Hawkesbury Heights",-33.66438515,150.64105000,304.925,0.83319600,-0.55121000,optical,2010-09-29,,,,"Wed, 17 Sep 2025 18:12:06 GMT","e28 kuriwa observatory, hawkesbury heights kuriwa observatory, hawkesbury heights"
E29,Mardella Observatory,Mardella Observatory,-32.30979578,115.95533300,-13.714,0.84597800,-0.53142600,optical,2024-11-14,,https://www.icrar.org/outreach-education/spirit/about-spirit/,,"Wed, 17 Sep 2025 18:12:06 GMT",e29 mardella observatory mardella observatory
E41,Strathalbyn,Strathalbyn,-35.24043036,138.89025000,112.100,0.81766400,-0.57379600,optical,2025-12-26,,https://southerncomets.info/,,"Tue, 20 Jan 2026 16:37:02 GMT",e41 strathalbyn strathalbyn
E42,"AUSTRALIA1/SRI, Swan Reach","AUSTRALIA1/SRI, Swan Reach",-34.54399848,139.57019000,54.911,0.82458600,-0.56385500,optical,2026-01-12,,https://www.telescopenetwork.eu/,,"Thu, 26 Feb 2026 23:02:37 GMT","e42 australia1/sri, swan reach australia1/sri, swan reach"
E52,"The Rock Regional Observatory, The Rock","The Rock Regional Observatory, The Rock",-35.26793498,147.09597000,214.892,0.81740100,-0.57419600,optical,2025-03-12,,https://therockregionalobservatory.com/,,"Wed, 17 Sep 2025 18:12:06 GMT","e52 the rock regional observatory, the rock the rock regional observatory, the rock"
E54,TransAstra at Springbrook,TransAstra at Springbrook,-31.28173600,149.08147000,838.089,0.85550900,-0.51630500,optical,2026-04-15,,https://www.transastra.com/products/tko,,"Tue, 21 Apr 2026 20:39:03 GMT",e54 transastra at springbrook transastra at springbrook
E55,GOTO South,GOTO South,-31.27375135,149.06411000,1128.579,0.85562000,-0.51621000,optical,2024-12-27,,https://goto-observatory.org/,,"Wed, 17 Sep 2025 18:12:06 GMT",e55 goto south goto south
E62,"Slooh.com Australia Observatory, Coonabarabran","Slooh.com Australia, Coonabarabran",-31.28173600,149.08135000,838.089,0.85550900,-0.51630500,optical,2024-07-21,,,,"Wed, 17 Sep 2025 18:08:55 GMT","e62 slooh.com australia observatory, coonabarabran slooh.com australia, coonabarabran"
E81,Nelson,Nelson,-41.27445890,173.26170000,124.226,0.75267000,-0.65622000,optical,2011-03-13,,,,"Wed, 17 Sep 2025 18:12:06 GMT",e81 nelson nelson
E83,"Wither Observatory, Witherlea","Wither Observatory, Witherlea",-41.53573492,173.95703000,13.825,0.74964800,-0.65962100,optical,2013-06-22,,,,"Wed, 17 Sep 2025 18:12:06 GMT","e83 wither observatory, witherlea wither observatory, witherlea"
E84,Twizel Observatory,Twizel Observatory,-44.25748061,170.10187200,472.176,0.71743430,-0.69439660,optical,2025-08-26,,,,"Tue, 30 Sep 2025 19:50:21 GMT",e84 twizel observatory twizel observatory
E85,Farm Cove,Farm Cove,-36.89580556,174.89400000,6.488,0.80069600,-0.59706400,optical,2008-04-03,,,,"Wed, 17 Sep 2025 18:12:06 GMT",e85 farm cove farm cove
E86,"Speranza Observatory, Otaki","Speranza Observatory, Otaki",-40.76180968,175.16936700,54.546,0.75852000,-0.64947800,optical,2025-02-14,,,,"Wed, 17 Sep 2025 18:12:06 GMT","e86 speranza observatory, otaki speranza observatory, otaki"
E87,Turitea,Turitea,-40.41159228,175.65400000,79.671,0.76249000,-0.64485000,optical,2011-09-22,,,,"Wed, 17 Sep 2025 18:12:06 GMT",e87 turitea turitea
E89,"Geyserland Observatory, Pukehangi","Geyserland Observatory, Pukehangi",-38.13601487,176.20400000,300.764,0.78759000,-0.61421000,optical,2011-05-30,,,,"Wed, 17 Sep 2025 18:12:06 GMT","e89 geyserland observatory, pukehangi geyserland observatory, pukehangi"
E94,"Possum Observatory, Gisborne","Possum Observatory, Gisborne",-38.62991961,177.88331000,10.950,0.78221700,-0.62092000,optical,2007-10-18,,http://www.possumobservatory.co.nz/index.htm,,"Wed, 17 Sep 2025 18:12:06 GMT","e94 possum observatory, gisborne possum observatory, gisborne"
F51,"Pan-STARRS 1, Haleakala","Pan-STARRS 1, Haleakala",20.70723356,-156.25591000,3067.694,0.93624100,0.35154300,optical,2008-01-01,,,,"Thu, 18 Jun 2026 16:17:11 GMT","f51 pan starrs 1, haleakala pan starrs 1, haleakala"
F52,"Pan-STARRS 2, Haleakala","Pan-STARRS 2, Haleakala",20.70738200,-156.25591000,3060.272,0.93623900,0.35154500,optical,2008-01-01,,,,"Thu, 18 Jun 2026 16:17:11 GMT","f52 pan starrs 2, haleakala pan starrs 2, haleakala"
F59,"Ironwood Remote Observatory, Hawaii","Ironwood Remote Observatory, Hawaii",21.31109767,-158.05900000,27.387,0.93203700,0.36116000,optical,2009-08-31,,,,"Wed, 17 Sep 2025 18:12:06 GMT","f59 ironwood remote observatory, hawaii ironwood remote observatory, hawaii"
F60,"Ironwood Observatory, Hawaii","Ironwood Observatory, Hawaii",21.64463399,-158.04717000,199.037,0.92994200,0.36655800,optical,2009-08-31,,,,"Wed, 17 Sep 2025 18:12:06 GMT","f60 ironwood observatory, hawaii ironwood observatory, hawaii"
F65,Haleakala-Faulkes Telescope North,Haleakala-Faulkes Telescope North,20.70700497,-156.25750000,3044.485,0.93623900,0.35153800,optical,,,,,"Tue, 26 May 2026 20:34:56 GMT",f65 haleakala faulkes telescope north haleakala faulkes telescope north
F84,"Hibiscus Observatory, Punaauia","Hibiscus Observatory, Punaauia",-17.63406994,-149.61580000,-23.926,0.95330000,-0.30100000,optical,,,,,"Wed, 17 Sep 2025 18:12:06 GMT","f84 hibiscus observatory, punaauia hibiscus observatory, punaauia"
F85,"Tiki Observatory, Punaauia","Tiki Observatory, Punaauia",-17.63406994,-149.61580000,-23.926,0.95330000,-0.30100000,optical,,,,,"Wed, 17 Sep 2025 18:12:06 GMT","f85 tiki observatory, punaauia tiki observatory, punaauia"
F86,"Moana Observatory, Punaauia","Moana Observatory, Punaauia",-17.63421979,-149.61619000,8.116,0.95330400,-0.30100400,optical,2009-03-20,,,,"Wed, 17 Sep 2025 18:12:06 GMT","f86 moana observatory, punaauia moana observatory, punaauia"
G00,"AZM Martinsberg, Oed","AZM Martinsberg, Oed",48.38156120,15.12600000,914.441,0.66550800,0.74408000,optical,2021-08-12,,,,"Wed, 17 Sep 2025 18:12:06 GMT","g00 azm martinsberg, oed azm martinsberg, oed"
G01,Universitaetssternwarte Oldenburg,Universitaetssternwarte Oldenburg,53.15284384,8.16528000,53.447,0.60097700,0.79659700,optical,2021-05-31,,,,"Wed, 17 Sep 2025 18:12:06 GMT",g01 universitaetssternwarte oldenburg universitaetssternwarte oldenburg
G02,"KYSUCE Observatory, Kysucke Nove Mesto","KYSUCE Observatory, Kysucke Nove Mesto",49.30731338,18.76539000,460.805,0.65330700,0.75465000,optical,2021-06-07,,,,"Wed, 17 Sep 2025 18:12:06 GMT","g02 kysuce observatory, kysucke nove mesto kysuce observatory, kysucke nove mesto"
G03,"Capricornus Observatory, Csokako","Capricornus Observatory, Csokako",47.36299458,18.26061000,361.552,0.67862000,0.73210400,optical,2021-04-10,,,,"Wed, 17 Sep 2025 18:12:06 GMT","g03 capricornus observatory, csokako capricornus observatory, csokako"
G04,"Schuelerlabor Astronomie St. 7, Wuppertal","Schuelerlabor Astronomie St. 7, Wuppertal",51.23070321,7.14133000,385.881,0.62750200,0.77608200,optical,,,,,"Wed, 17 Sep 2025 18:12:06 GMT","g04 schuelerlabor astronomie st. 7, wuppertal schuelerlabor astronomie st. 7, wuppertal"
G05,"Piconcillo, Sierra Morena","Piconcillo, Sierra Morena",38.17727990,-5.46637000,582.288,0.78718100,0.61480200,optical,2020-10-29,,,,"Wed, 17 Sep 2025 18:12:06 GMT","g05 piconcillo, sierra morena piconcillo, sierra morena"
G06,"Dordrecht, Sterrenburg","Dordrecht, Sterrenburg",51.77921531,4.67150000,45.402,0.61998000,0.78199600,optical,2020-08-01,,,,"Wed, 17 Sep 2025 18:12:06 GMT","g06 dordrecht, sterrenburg dordrecht, sterrenburg"
G07,Millau Observatory,Millau Observatory,44.09600136,3.06386000,464.358,0.71939400,0.69237800,optical,2020-02-23,,,,"Wed, 17 Sep 2025 18:12:06 GMT",g07 millau observatory millau observatory
G08,"Observatorio Les Pedritxes, Matadepera","Observatorio Les Pedritxes, Matadepera",41.62026770,1.99694000,703.896,0.74875200,0.66079400,optical,2020-02-22,,,,"Wed, 17 Sep 2025 18:12:06 GMT","g08 observatorio les pedritxes, matadepera observatorio les pedritxes, matadepera"
G09,"SWF Observatory, South Woodham Ferrers","SWF Observatory, South Woodham Ferrers",51.64753619,0.61056000,55.563,0.62178400,0.78057400,optical,2020-02-16,,,,"Wed, 17 Sep 2025 18:12:06 GMT","g09 swf observatory, south woodham ferrers swf observatory, south woodham ferrers"
G10,"Clavier Observatory, Lora Del Rio","Clavier Observatory, Lora Del Rio",37.66786053,-5.54945000,131.429,0.79257400,0.60776500,optical,2020-02-06,,,,"Wed, 17 Sep 2025 18:12:06 GMT","g10 clavier observatory, lora del rio clavier observatory, lora del rio"
G11,"Breitenweg Observatory, Herkenrath","Breitenweg Observatory, Herkenrath",50.99327500,7.18379000,247.044,0.63071200,0.77346500,optical,2020-08-05,,,,"Wed, 17 Sep 2025 18:12:06 GMT","g11 breitenweg observatory, herkenrath breitenweg observatory, herkenrath"
G12,"Sternwarte EG, Lippstadt","Sternwarte EG, Lippstadt",51.67639436,8.33060000,167.230,0.62140000,0.78090000,optical,2020-10-19,,,,"Wed, 17 Sep 2025 18:12:06 GMT","g12 sternwarte eg, lippstadt sternwarte eg, lippstadt"
G13,"Astronomihagen, Fannrem","Astronomihagen, Fannrem",63.21408010,9.77164000,69.406,0.45187000,0.88910500,optical,2020-09-15,,,,"Wed, 17 Sep 2025 18:12:06 GMT","g13 astronomihagen, fannrem astronomihagen, fannrem"
G14,"Novaloop Observatory, Mougins","Novaloop Observatory, Mougins",43.60912713,7.00520000,257.792,0.72524700,0.68623900,optical,2021-03-24,,,,"Wed, 17 Sep 2025 18:12:06 GMT","g14 novaloop observatory, mougins novaloop observatory, mougins"
G15,"Magroforte Observatory, Alessandria","Magroforte Observatory, Alessandria",44.77200492,9.11830000,570.161,0.71116000,0.70080000,optical,2021-08-27,,,,"Wed, 17 Sep 2025 18:12:06 GMT","g15 magroforte observatory, alessandria magroforte observatory, alessandria"
G16,"OmegaLab Observatory, Palermo","OmegaLab Observatory, Palermo",38.10030727,13.34869000,93.184,0.78794800,0.61370100,optical,2020-06-23,,,,"Wed, 17 Sep 2025 18:12:06 GMT","g16 omegalab observatory, palermo omegalab observatory, palermo"
G17,"BAS Observatory, Scandicci","BAS Observatory, Scandicci",43.75213325,11.20261000,94.844,0.72350800,0.68802300,optical,2020-06-25,,,,"Wed, 17 Sep 2025 18:12:06 GMT","g17 bas observatory, scandicci bas observatory, scandicci"
G18,"ALMO Observatory, Padulle","ALMO Observatory, Padulle",44.62693583,11.28056000,59.392,0.71288100,0.69894700,optical,2020-06-01,,,,"Wed, 17 Sep 2025 18:12:06 GMT","g18 almo observatory, padulle almo observatory, padulle"
G19,"Immanuel Kant Observatory,Limbach","Immanuel Kant Observatory,Limbach",50.86058784,12.74600000,360.491,0.63252000,0.77202000,optical,2019-08-31,,,,"Wed, 17 Sep 2025 18:12:06 GMT","g19 immanuel kant observatory,limbach immanuel kant observatory,limbach"
G20,Brignoles Observatory,Brignoles Observatory,43.40123318,6.05989000,283.078,0.72774300,0.68361500,optical,2020-01-05,,,,"Wed, 17 Sep 2025 18:12:06 GMT",g20 brignoles observatory brignoles observatory
G21,Osservatorio Castrofilippo,Osservatorio Castrofilippo,37.34712503,13.73789000,546.608,0.79602400,0.60337700,optical,2020-05-23,,,,"Wed, 17 Sep 2025 18:12:06 GMT",g21 osservatorio castrofilippo osservatorio castrofilippo
G22,"Experimenta Observatory, Heilbronn","Experimenta Observatory, Heilbronn",49.14448822,9.21439000,244.234,0.65543500,0.75277000,optical,2020-03-27,,,,"Wed, 17 Sep 2025 18:12:06 GMT","g22 experimenta observatory, heilbronn experimenta observatory, heilbronn"
G23,"Vulpecula Observatory, Budapest","Vulpecula Observatory, Budapest",47.58869797,19.09234000,151.026,0.67569800,0.73473900,optical,2019-12-29,,,,"Wed, 17 Sep 2025 18:12:06 GMT","g23 vulpecula observatory, budapest vulpecula observatory, budapest"
G24,Dettenhausen,Dettenhausen,48.61281656,9.09350000,479.991,0.66244300,0.74670100,optical,2018-07-23,,,,"Wed, 17 Sep 2025 18:12:06 GMT",g24 dettenhausen dettenhausen
G25,Sherbrooke,Sherbrooke,45.41560970,-71.89500000,146.070,0.70317000,0.70867000,optical,2012-10-21,,,,"Wed, 17 Sep 2025 18:12:06 GMT",g25 sherbrooke sherbrooke
G26,"Fushan Observatory, Mt Shaohua","Fushan Observatory, Mt Shaohua",34.50833420,109.82360000,460.693,0.82499000,0.56338000,optical,2012-11-13,,,,"Wed, 17 Sep 2025 18:12:06 GMT","g26 fushan observatory, mt shaohua fushan observatory, mt shaohua"
G27,"Fabra Observatory, Montsec","Fabra Observatory, Montsec",42.05165591,0.72935000,1573.449,0.74384200,0.66648300,optical,2012-09-09,,,,"Wed, 17 Sep 2025 18:12:06 GMT","g27 fabra observatory, montsec fabra observatory, montsec"
G28,"Wyncroft Observatory, Attleborough","Wyncroft Observatory, Attleborough",52.51099389,1.00850000,43.753,0.60990000,0.78983000,optical,2012-11-09,,,,"Wed, 17 Sep 2025 18:12:06 GMT","g28 wyncroft observatory, attleborough wyncroft observatory, attleborough"
G29,Requena,Requena,39.49138141,-1.08760000,685.084,0.77285000,0.63263000,optical,2012-11-01,,,,"Wed, 17 Sep 2025 18:12:06 GMT",g29 requena requena
G30,Casselman,Casselman,45.30612906,-75.09281000,60.412,0.70451800,0.70732000,optical,2013-08-21,,,,"Wed, 17 Sep 2025 18:12:06 GMT",g30 casselman casselman
G31,CCAT Trieste,CCAT Trieste,45.71467078,13.72530000,248.429,0.69946000,0.71233000,optical,2012-11-07,,,,"Wed, 17 Sep 2025 18:12:06 GMT",g31 ccat trieste ccat trieste
G32,"Elena Remote Observatory, San Pedro de Atacama","Elena Remote Observatory, San Pedro de Atacama",-22.95323145,-68.17960000,2399.398,0.92163900,-0.38771300,optical,2012-11-01,,,,"Wed, 17 Sep 2025 18:12:06 GMT","g32 elena remote observatory, san pedro de atacama elena remote observatory, san pedro de atacama"
G33,Wickede,Wickede,51.52882797,7.60879000,100.996,0.62341100,0.77929300,optical,2012-10-13,,,,"Wed, 17 Sep 2025 18:12:06 GMT",g33 wickede wickede
G34,Oberfrauendorf,Oberfrauendorf,50.86000246,13.70150000,553.290,0.63254700,0.77203700,optical,2012-10-11,,,,"Thu, 26 Feb 2026 22:01:28 GMT",g34 oberfrauendorf oberfrauendorf
G35,"Elephant Head Obsevatory, Sahuarita","Elephant Head Obsevatory, Sahuarita",31.94504843,-110.84211000,930.483,0.84947600,0.52613400,optical,2012-10-20,,,,"Wed, 17 Sep 2025 18:12:06 GMT","g35 elephant head obsevatory, sahuarita elephant head obsevatory, sahuarita"
G36,Calar Alto-CASADO,Calar Alto-CASADO,37.22288449,-2.54750000,2182.862,0.79753800,0.60181200,optical,2012-10-25,,,,"Wed, 17 Sep 2025 18:12:06 GMT",g36 calar alto casado calar alto casado
G37,Lowell Discovery Telescope,Lowell Discovery Telescope,34.74437530,-111.42221000,2346.557,0.82290000,0.56692700,optical,2012-10-11,,,,"Wed, 17 Sep 2025 18:08:55 GMT",g37 lowell discovery telescope lowell discovery telescope
G38,"Observatorio La Senda, Cabanillas del Campo","Observatorio La Senda, Cabanillas del Campo",40.64112929,-3.23158000,700.092,0.75996700,0.64795100,optical,2012-10-16,,,,"Wed, 17 Sep 2025 18:12:06 GMT","g38 observatorio la senda, cabanillas del campo observatorio la senda, cabanillas del campo"
G39,"ROAD, San Pedro de Atacama","ROAD, San Pedro de Atacama",-22.95310297,-68.17961000,2400.297,0.92164000,-0.38771100,optical,2013-06-18,,,,"Wed, 17 Sep 2025 18:12:06 GMT","g39 road, san pedro de atacama road, san pedro de atacama"
G40,Slooh.com Canary Islands Observatory,Slooh.com Canary Islands Observatory,28.29971749,-16.50826000,2370.043,0.88147000,0.47144100,optical,2012-09-21,,,,"Wed, 17 Sep 2025 18:08:55 GMT",g40 slooh.com canary islands observatory slooh.com canary islands observatory
G41,"Insperity Observatory, Humble","Insperity Observatory, Humble",29.96707410,-95.26184000,22.186,0.86704000,0.49657500,optical,2012-08-16,,,,"Wed, 17 Sep 2025 18:12:06 GMT","g41 insperity observatory, humble insperity observatory, humble"
G42,"Observatorio Astronómico UAdeC, Saltillo","Observatorio Astronomico UAdeC, Saltillo",25.42782868,-100.97700000,1591.256,0.90391000,0.42687000,optical,2012-06-27,,,,"Wed, 17 Sep 2025 18:12:06 GMT","g42 observatorio astronomico uadec, saltillo observatorio astronomico uadec, saltillo"
G43,"Observatorio Buenaventura Suarez, San Luis","Observatorio Buenaventura Suarez, San Luis",-33.15218359,-66.31210000,835.541,0.83817000,-0.54382000,optical,2012-03-16,,,,"Wed, 17 Sep 2025 18:12:06 GMT","g43 observatorio buenaventura suarez, san luis observatorio buenaventura suarez, san luis"
G44,"Observatorio Longa Vista, Sao Paulo","Observatorio Longa Vista, Sao Paulo",-22.98724244,-46.69390000,816.588,0.92118000,-0.38816000,optical,2012-03-11,,http://www.longavista.com.br/,,"Wed, 17 Sep 2025 18:12:06 GMT","g44 observatorio longa vista, sao paulo observatorio longa vista, sao paulo"
G45,"Space Surveillance Telescope, Atom Site","Space Surveillance Telescope, Atom Site",33.73941947,-106.36436000,2422.341,0.83274800,0.55248000,optical,2011-11-18,,,,"Wed, 17 Sep 2025 18:12:06 GMT","g45 space surveillance telescope, atom site space surveillance telescope, atom site"
G46,Pinto Valley Observatory,Pinto Valley Observatory,35.22456794,-115.33847000,1664.441,0.81802200,0.57371100,optical,2011-11-03,,http://pintovalleyobservatory.com/,,"Wed, 17 Sep 2025 18:12:06 GMT",g46 pinto valley observatory pinto valley observatory
G47,"HillTopTop Observatory, Edgewood","HillTopTop Observatory, Edgewood",35.04971166,-106.19346000,2085.559,0.81982700,0.57126100,optical,2011-10-13,,,,"Wed, 17 Sep 2025 18:12:06 GMT","g47 hilltoptop observatory, edgewood hilltoptop observatory, edgewood"
G48,"Harlingten Research Observatory, Rancho Hildalgo","Harlingten Research Observatory, Rancho Hildalgo",31.94691768,-108.89852000,1345.382,0.84951400,0.52619600,optical,2011-10-06,,,,"Wed, 17 Sep 2025 18:12:06 GMT","g48 harlingten research observatory, rancho hildalgo harlingten research observatory, rancho hildalgo"
G49,Minnetonka,Minnetonka,44.95420780,-93.40570000,296.278,0.70889000,0.70302000,optical,2011-08-25,,,,"Wed, 17 Sep 2025 18:12:06 GMT",g49 minnetonka minnetonka
G50,"Organ Mesa Observatory, Las Cruces","Organ Mesa Observatory, Las Cruces",32.29602655,-106.67000000,1375.158,0.84629000,0.53134000,optical,2011-07-01,,,,"Wed, 17 Sep 2025 18:12:06 GMT","g50 organ mesa observatory, las cruces organ mesa observatory, las cruces"
G51,"Byrne Observatory, Sedgwick Reserve","Byrne Observatory, Sedgwick Reserve",34.69146078,-120.04222000,326.876,0.82316400,0.56599000,optical,2011-03-15,,,,"Wed, 17 Sep 2025 18:12:06 GMT","g51 byrne observatory, sedgwick reserve byrne observatory, sedgwick reserve"
G52,"Stone Edge Observatory, El Verano","Stone Edge Observatory, El Verano",38.28870589,-122.50396000,63.804,0.78591700,0.61627500,optical,2010-11-30,,,,"Wed, 17 Sep 2025 18:12:06 GMT","g52 stone edge observatory, el verano stone edge observatory, el verano"
G53,"Alder Springs Observatory, Auberry","Alder Springs Observatory, Auberry",37.07051216,-119.41273000,1411.020,0.79904300,0.59962500,optical,2010-12-17,,,,"Wed, 17 Sep 2025 18:12:06 GMT","g53 alder springs observatory, auberry alder springs observatory, auberry"
G54,Hemet,Hemet,33.69376110,-116.93700000,590.874,0.83295000,0.55166000,optical,2009-12-04,,,,"Wed, 17 Sep 2025 18:12:06 GMT",g54 hemet hemet
G55,Bakersfield,Bakersfield,35.37074736,-118.90467000,167.716,0.81636100,0.57565100,optical,2009-10-04,,,,"Wed, 17 Sep 2025 18:12:06 GMT",g55 bakersfield bakersfield
G56,Walnut Creek,Walnut Creek,37.92410365,-122.07060000,41.308,0.78983000,0.61128000,optical,2008-10-18,,,,"Wed, 17 Sep 2025 18:12:06 GMT",g56 walnut creek walnut creek
G57,"Dilbert Observatory, Forest Grove","Dilbert Observatory, Forest Grove",45.53248548,-123.14360000,73.140,0.70171000,0.71009000,optical,2004-09-24,,,,"Wed, 17 Sep 2025 18:12:06 GMT","g57 dilbert observatory, forest grove dilbert observatory, forest grove"
G58,"Chabot Space and Science Center, Oakland","Chabot Space and Science Center, Oakland",37.81932825,-122.18200000,450.333,0.79100000,0.60988000,optical,2008-07-07,,http://www.chabotspace.org/,,"Wed, 17 Sep 2025 18:12:06 GMT","g58 chabot space and science center, oakland chabot space and science center, oakland"
G59,"Maiden Lane Obs., Bainbridge Island","Maiden Lane Obs., Bainbridge Island",47.66177482,-122.54700000,85.637,0.67475000,0.73559000,optical,2005-03-07,,,,"Wed, 17 Sep 2025 18:12:06 GMT","g59 maiden lane obs., bainbridge island maiden lane obs., bainbridge island"
G60,"Carroll Observatory, Montecito","Carroll Observatory, Montecito",34.44840681,-119.66112000,181.689,0.82554400,0.56249600,optical,2008-06-06,,http://physics.westmont.edu/observatory/index.html,,"Wed, 17 Sep 2025 18:12:06 GMT","g60 carroll observatory, montecito carroll observatory, montecito"
G61,Pleasanton,Pleasanton,37.65593058,-121.84760000,124.607,0.79270000,0.60760000,optical,,,,,"Wed, 17 Sep 2025 18:12:06 GMT",g61 pleasanton pleasanton
G62,"Sunriver Nature Center Observatory, Sunriver","Sunriver Nature Center Observatory, Sunriver",43.87636746,-121.45310000,1248.113,0.72214000,0.68971000,optical,,,,,"Wed, 17 Sep 2025 18:12:06 GMT","g62 sunriver nature center observatory, sunriver sunriver nature center observatory, sunriver"
G63,"Mill Creek Observatory, The Dalles","Mill Creek Observatory, The Dalles",45.54911017,-121.31420000,225.887,0.70152000,0.71031000,optical,,,,,"Wed, 17 Sep 2025 18:12:06 GMT","g63 mill creek observatory, the dalles mill creek observatory, the dalles"
G64,Blue Canyon Observatory,Blue Canyon Observatory,39.27418445,-120.70890000,1516.383,0.77535000,0.62979000,optical,,,,,"Wed, 17 Sep 2025 18:12:06 GMT",g64 blue canyon observatory blue canyon observatory
G65,"Vulcan North, Lick Observatory, Mount Hamilton","Vulcan North, Lick Observatory, Mount Hamilton",37.34252161,-121.63880000,1247.819,0.79616000,0.60338000,optical,,,,,"Wed, 17 Sep 2025 18:12:06 GMT","g65 vulcan north, lick observatory, mount hamilton vulcan north, lick observatory, mount hamilton"
G66,"Lake Forest Observatory, Forest Hills","Lake Forest Observatory, Forest Hills",38.71218307,-121.08310000,236.864,0.78135000,0.62206000,optical,,,,,"Wed, 17 Sep 2025 18:12:06 GMT","g66 lake forest observatory, forest hills lake forest observatory, forest hills"
G67,"Rancho Del Sol, Camino","Rancho Del Sol, Camino",38.72105924,-120.63500000,945.071,0.78134000,0.62225000,optical,,,http://rdelsol.com/,,"Wed, 17 Sep 2025 18:12:06 GMT","g67 rancho del sol, camino rancho del sol, camino"
G68,"Sierra Stars Observatory, Markleeville","Sierra Stars Observatory, Markleeville",38.81165576,-119.77500000,1661.047,0.78044000,0.62355000,optical,,,,,"Wed, 17 Sep 2025 18:12:06 GMT","g68 sierra stars observatory, markleeville sierra stars observatory, markleeville"
G69,"Via Capote Sky Observatory, Thousand Oaks","Via Capote Sky Observatory, Thousand Oaks",34.16963573,-118.98420000,282.798,0.82829000,0.55850000,optical,,,,,"Wed, 17 Sep 2025 18:12:06 GMT","g69 via capote sky observatory, thousand oaks via capote sky observatory, thousand oaks"
G70,"Francisquito Observatory, Los Angeles","Francisquito Observatory, Los Angeles",34.46320835,-118.54530000,426.547,0.82543000,0.56273000,optical,,,,,"Wed, 17 Sep 2025 18:12:06 GMT","g70 francisquito observatory, los angeles francisquito observatory, los angeles"
G71,Rancho Palos Verdes,Rancho Palos Verdes,33.77158670,-118.39530000,296.567,0.83216000,0.55276000,optical,,,,,"Wed, 17 Sep 2025 18:12:06 GMT",g71 rancho palos verdes rancho palos verdes
G72,University Hills,University Hills,34.06420004,-118.17592000,147.900,0.82930100,0.55697000,optical,,,,,"Wed, 17 Sep 2025 18:12:06 GMT",g72 university hills university hills
G73,Mount Wilson-TIE,Mount Wilson-TIE,34.21337802,-118.06000000,1652.054,0.82804000,0.55925000,optical,,,,,"Wed, 17 Sep 2025 18:08:55 GMT",g73 mount wilson tie mount wilson tie
G74,"Boulder Knolls Observatory, Escondido","Boulder Knolls Observatory, Escondido",33.22502571,-117.11462000,472.932,0.83742900,0.54484900,optical,2010-09-15,,,,"Wed, 17 Sep 2025 18:12:06 GMT","g74 boulder knolls observatory, escondido boulder knolls observatory, escondido"
G75,"Starry Knight Observatory, Coto de Caza","Starry Knight Observatory, Coto de Caza",33.48360490,-116.72170000,1569.687,0.83510000,0.54870000,optical,,,,,"Wed, 17 Sep 2025 18:12:06 GMT","g75 starry knight observatory, coto de caza starry knight observatory, coto de caza"
G76,"Altimira Observatory, Coto de Caza","Altimira Observatory, Coto de Caza",33.59185152,-117.58220000,193.333,0.83388000,0.55015000,optical,,,,,"Wed, 17 Sep 2025 18:12:06 GMT","g76 altimira observatory, coto de caza altimira observatory, coto de caza"
G77,Baldwin Lake,Baldwin Lake,34.28397238,-116.28170000,2046.857,0.82740000,0.56030000,optical,2005-10-08,,,,"Wed, 17 Sep 2025 18:12:06 GMT",g77 baldwin lake baldwin lake
G78,"Desert Wanderer Observatory, El Centro","Desert Wanderer Observatory, El Centro",32.78011505,-115.68730000,-5.267,0.84158000,0.53832000,optical,,,,,"Wed, 17 Sep 2025 18:12:06 GMT","g78 desert wanderer observatory, el centro desert wanderer observatory, el centro"
G79,Goat Mountain Astronomical Research Station,Goat Mountain Astronomical Research Station,34.29109684,-116.38350000,887.512,0.82718000,0.56030000,optical,,,,,"Wed, 17 Sep 2025 18:12:06 GMT",g79 goat mountain astronomical research station goat mountain astronomical research station
G80,"Sierra Remote Observatories, Auberry","Sierra Remote Observatories, Auberry",37.07038684,-119.41270000,1376.529,0.79904000,0.59962000,optical,2008-10-21,,,,"Wed, 17 Sep 2025 18:12:06 GMT","g80 sierra remote observatories, auberry sierra remote observatories, auberry"
G81,Temecula,Temecula,33.48689729,-117.08700000,312.400,0.83490400,0.54863900,optical,2009-01-02,,,,"Wed, 17 Sep 2025 18:12:06 GMT",g81 temecula temecula
G82,"SARA Observatory, Kitt Peak","SARA Observatory, Kitt Peak",31.96052844,-111.59943000,2046.469,0.84948200,0.52645500,optical,2009-05-19,,,,"Wed, 17 Sep 2025 18:12:06 GMT","g82 sara observatory, kitt peak sara observatory, kitt peak"
G83,Mt. Graham-LBT,Mt. Graham-LBT,32.70148254,-109.88961000,3182.319,0.84274000,0.53744000,optical,2009-03-26,,http://www.lbto.org/,,"Tue, 26 May 2026 20:34:56 GMT",g83 mt. graham lbt mt. graham lbt
G84,Mount Lemmon SkyCenter,Mount Lemmon SkyCenter,32.44252635,-110.78916000,2780.533,0.84511200,0.53361000,optical,2009-04-03,,,,"Wed, 28 Jan 2026 20:10:57 GMT",g84 mount lemmon skycenter mount lemmon skycenter
G85,"Vermillion Cliffs Observatory, Kanab","Vermillion Cliffs Observatory, Kanab",37.02903321,-112.43482000,1603.218,0.79950200,0.59906700,optical,2007-12-28,,,,"Wed, 17 Sep 2025 18:12:06 GMT","g85 vermillion cliffs observatory, kanab vermillion cliffs observatory, kanab"
G86,Tucson-Winterhaven,Tucson-Winterhaven,32.26972037,-110.93030000,739.026,0.84645000,0.53090000,optical,2007-10-30,,,,"Wed, 17 Sep 2025 18:12:06 GMT",g86 tucson winterhaven tucson winterhaven
G87,"Calvin M. Hooper Memorial Observatory, Hyde Park","Calvin M. Hooper Memorial Observatory, Hyde Park",41.80802840,-111.81060000,1421.821,0.74666000,0.66331000,optical,2006-06-02,,,,"Wed, 17 Sep 2025 18:12:06 GMT","g87 calvin m. hooper memorial observatory, hyde park calvin m. hooper memorial observatory, hyde park"
G88,"LAMP Observatory, New River","LAMP Observatory, New River",33.93391761,-112.11190000,701.494,0.83064000,0.55514000,optical,,,,,"Wed, 17 Sep 2025 18:12:06 GMT","g88 lamp observatory, new river lamp observatory, new river"
G89,"Kachina Observatory, Flagstaff","Kachina Observatory, Flagstaff",35.09947347,-111.69310000,2089.860,0.81933000,0.57197000,optical,,,,,"Wed, 17 Sep 2025 18:12:06 GMT","g89 kachina observatory, flagstaff kachina observatory, flagstaff"
G90,"Three Buttes Observatory, Tucson","Three Buttes Observatory, Tucson",32.64228546,-111.03420000,1016.691,0.84301000,0.53639000,optical,2003-05-21,,http://www.threebuttes.com/,,"Wed, 17 Sep 2025 18:12:06 GMT","g90 three buttes observatory, tucson three buttes observatory, tucson"
G91,"Whipple Observatory, Mt. Hopkins--2MASS","Whipple Observatory, Mt. Hopkins--2MASS",31.68070623,-110.87810000,2287.863,0.85208000,0.52234000,optical,,,,,"Wed, 17 Sep 2025 18:12:06 GMT","g91 whipple observatory, mt. hopkins 2mass whipple observatory, mt. hopkins 2mass"
G92,"Jarnac Observatory, Vail","Jarnac Observatory, Vail",31.97618811,-110.71860000,1010.267,0.84920000,0.52660000,optical,,,http://www.jarnac.org/,,"Wed, 17 Sep 2025 18:12:06 GMT","g92 jarnac observatory, vail jarnac observatory, vail"
G93,"Sonoita Research Observatory, Sonoita","Sonoita Research Observatory, Sonoita",31.66244226,-110.62740000,1562.724,0.85215000,0.52201000,optical,,,,,"Wed, 17 Sep 2025 18:12:06 GMT","g93 sonoita research observatory, sonoita sonoita research observatory, sonoita"
G94,"Sonoran Skies Observatory, St. David","Sonoran Skies Observatory, St. David",31.92846195,-110.07330000,1542.512,0.84971000,0.52594000,optical,,,,,"Wed, 17 Sep 2025 18:12:06 GMT","g94 sonoran skies observatory, st. david sonoran skies observatory, st. david"
G95,"Hereford Arizona Observatory, Hereford","Hereford Arizona Observatory, Hereford",31.45217061,-110.23780000,1386.767,0.85404000,0.51888000,optical,,,,,"Wed, 17 Sep 2025 18:12:06 GMT","g95 hereford arizona observatory, hereford hereford arizona observatory, hereford"
G96,University of Arizona Mt. Lemmon Survey,University of Arizona Mt. Lemmon Survey,32.44272907,-110.78872000,2757.041,0.84510700,0.53361100,optical,2007-09-14,,https://catalina.lpl.arizona.edu/,Mt. Lemmon Survey,"Tue, 26 May 2026 20:34:56 GMT",g96 university of arizona mt. lemmon survey university of arizona mt. lemmon survey mt. lemmon survey
G97,"Astronomical League Alpha Observatory, Portal","Astronomical League Alpha Observatory, Portal",31.93321515,-109.13060000,1420.131,0.84965000,0.52600000,optical,,,,,"Wed, 17 Sep 2025 18:12:06 GMT","g97 astronomical league alpha observatory, portal astronomical league alpha observatory, portal"
G98,"Calvin-Rehoboth Observatory, Rehoboth","Calvin-Rehoboth Observatory, Rehoboth",35.52543276,-108.65646000,2021.922,0.81503700,0.57801200,optical,,,http://www.calvin.edu/academic/phys/observatory/,,"Wed, 17 Sep 2025 18:12:06 GMT","g98 calvin rehoboth observatory, rehoboth calvin rehoboth observatory, rehoboth"
G99,"NF Observatory, Silver City","NF Observatory, Silver City",32.77098148,-108.18960000,1921.643,0.84192000,0.53835000,optical,,,http://nfo.edu/,,"Wed, 17 Sep 2025 18:12:06 GMT","g99 nf observatory, silver city nf observatory, silver city"
H00,Tyrone,Tyrone,32.71083728,-108.30130000,1802.182,0.84247000,0.53746000,optical,,,,,"Wed, 17 Sep 2025 18:12:06 GMT",h00 tyrone tyrone
H01,"Magdalena Ridge Observatory, Socorro","Magdalena Ridge Observatory, Socorro",33.98482886,-107.18933000,3229.407,0.83047400,0.55609600,optical,2018-04-27,,http://www.mro.nmt.edu/,,"Wed, 17 Sep 2025 18:12:06 GMT","h01 magdalena ridge observatory, socorro magdalena ridge observatory, socorro"
H02,"Sulphur Flats Observatory, La Cueva","Sulphur Flats Observatory, La Cueva",35.88235193,-106.62940000,2397.097,0.81146000,0.58309000,optical,2004-10-10,,,,"Wed, 17 Sep 2025 18:12:06 GMT","h02 sulphur flats observatory, la cueva sulphur flats observatory, la cueva"
H03,"Sandia View Observatory, Rio Rancho","Sandia View Observatory, Rio Rancho",35.27322681,-106.64470000,1637.966,0.81753000,0.57440000,optical,2003-09-09,,,,"Wed, 17 Sep 2025 18:12:06 GMT","h03 sandia view observatory, rio rancho sandia view observatory, rio rancho"
H04,Santa Fe,Santa Fe,35.64020945,-105.97400000,2062.358,0.81388000,0.57964000,optical,,,,,"Wed, 17 Sep 2025 18:12:06 GMT",h04 santa fe santa fe
H05,"Edmund Kline Observatory, Deer Trail","Edmund Kline Observatory, Deer Trail",39.64430610,-103.92930000,1561.932,0.77126000,0.63477000,optical,2006-08-26,,,,"Wed, 17 Sep 2025 18:12:06 GMT","h05 edmund kline observatory, deer trail edmund kline observatory, deer trail"
H06,"iTelescope Observatory, Mayhill","iTelescope Observatory, Mayhill",32.90332238,-105.52870000,2226.750,0.84071200,0.54031000,optical,2013-04-17,,http://www.itelescope.net/,,"Wed, 17 Sep 2025 18:08:55 GMT","h06 itelescope observatory, mayhill itelescope observatory, mayhill"
H07,"7300 Observatory, Cloudcroft","7300 Observatory, Cloudcroft",32.90335361,-105.52866000,2221.395,0.84071100,0.54031000,optical,2009-02-19,,,,"Wed, 17 Sep 2025 18:12:06 GMT","h07 7300 observatory, cloudcroft 7300 observatory, cloudcroft"
H08,"BlackBird Observatory, Cloudcroft","BlackBird Observatory, Cloudcroft",32.90397542,-105.52919000,2220.448,0.84070500,0.54031900,optical,2009-02-19,,,,"Wed, 17 Sep 2025 18:12:06 GMT","h08 blackbird observatory, cloudcroft blackbird observatory, cloudcroft"
H09,"Antelope Hills Observatory, Bennett","Antelope Hills Observatory, Bennett",39.69666563,-104.41140000,1744.216,0.77070000,0.63549000,optical,,,http://www.antelopehillsobservatory.org/,,"Wed, 17 Sep 2025 18:12:06 GMT","h09 antelope hills observatory, bennett antelope hills observatory, bennett"
H10,"Tzec Maun Observatory, Mayhill","Tzec Maun Observatory, Mayhill",32.90330534,-105.52859000,2217.930,0.84071100,0.54030900,optical,2009-02-19,,http://www.tzecmaun.org/,,"Wed, 17 Sep 2025 18:12:06 GMT","h10 tzec maun observatory, mayhill tzec maun observatory, mayhill"
H11,"LightBuckets Observatory, Rodeo","LightBuckets Observatory, Rodeo",31.86103708,-109.01600000,1245.953,0.85029000,0.52492000,optical,2008-09-22,,,,"Wed, 17 Sep 2025 18:12:06 GMT","h11 lightbuckets observatory, rodeo lightbuckets observatory, rodeo"
H12,"TechDome, Mayhill","TechDome, Mayhill",32.90317758,-105.52922000,2216.355,0.84071200,0.54030700,optical,2009-02-19,,http://SchickWorld.com/,,"Wed, 17 Sep 2025 18:12:06 GMT","h12 techdome, mayhill techdome, mayhill"
H13,"Lenomiya Observatory, Casa Grande","Lenomiya Observatory, Casa Grande",32.90179103,-111.74788000,422.788,0.84048900,0.54013400,optical,2009-10-03,,http://www.lenomiyaobs.org/,,"Wed, 17 Sep 2025 18:12:06 GMT","h13 lenomiya observatory, casa grande lenomiya observatory, casa grande"
H14,"Morning Star Observatory, Tucson","Morning Star Observatory, Tucson",32.27581375,-110.78767000,803.704,0.84640200,0.53099500,optical,2009-11-04,,,,"Wed, 17 Sep 2025 18:12:06 GMT","h14 morning star observatory, tucson morning star observatory, tucson"
H15,"ISON-NM Observatory, Mayhill","ISON-NM Observatory, Mayhill",32.90325708,-105.52844000,2214.465,0.84071100,0.54030800,optical,2010-05-23,,http://www.spaceobs.org/en,,"Wed, 17 Sep 2025 18:12:06 GMT","h15 ison nm observatory, mayhill ison nm observatory, mayhill"
H16,"HUT Observatory, Eagle","HUT Observatory, Eagle",39.63256973,-106.71100000,2635.533,0.77152000,0.63472000,optical,2010-11-01,,,,"Wed, 17 Sep 2025 18:12:06 GMT","h16 hut observatory, eagle hut observatory, eagle"
H17,Angel Peaks Observatory,Angel Peaks Observatory,38.51688288,-105.61667000,2777.119,0.78378300,0.61965200,optical,2010-11-30,,,,"Wed, 17 Sep 2025 18:12:06 GMT",h17 angel peaks observatory angel peaks observatory
H18,"Vail View Observatory, Vail","Vail View Observatory, Vail",31.97387805,-110.71202000,1083.419,0.84923100,0.52657200,optical,2011-02-02,,,,"Wed, 17 Sep 2025 18:12:06 GMT","h18 vail view observatory, vail vail view observatory, vail"
H19,"Lone Star Observatory, Caney","Lone Star Observatory, Caney",34.18315142,-96.13741000,175.230,0.82814400,0.55868500,optical,2010-10-09,,http://www.lonestarobservatory.org,,"Wed, 17 Sep 2025 18:12:06 GMT","h19 lone star observatory, caney lone star observatory, caney"
H20,"Eastern Illinois University Obs., Charleston","Eastern Illinois University Obs., Charleston",39.47722134,-88.18318000,216.160,0.77295000,0.63239300,optical,2010-09-14,,,,"Wed, 17 Sep 2025 18:12:06 GMT","h20 eastern illinois university obs., charleston eastern illinois university obs., charleston"
H21,"Astronomical Research Observatory, Westfield","Astronomical Research Observatory, Westfield",39.48305392,-87.96827000,212.482,0.77288500,0.63247100,optical,2009-11-02,,,,"Wed, 17 Sep 2025 18:12:06 GMT","h21 astronomical research observatory, westfield astronomical research observatory, westfield"
H22,Terre Haute,Terre Haute,39.34637271,-87.26290000,83.258,0.77438000,0.63062000,optical,2009-07-03,,,,"Wed, 17 Sep 2025 18:12:06 GMT",h22 terre haute terre haute
H23,"Pear Tree Observatory, Valparaiso","Pear Tree Observatory, Valparaiso",30.50628960,-86.50142000,10.762,0.86231900,0.50467100,optical,2009-06-12,,,,"Wed, 17 Sep 2025 18:12:06 GMT","h23 pear tree observatory, valparaiso pear tree observatory, valparaiso"
H24,"J. C. Veen Observatory, Lowell","J. C. Veen Observatory, Lowell",42.90531156,-85.40119000,254.598,0.73364800,0.67731000,optical,2009-06-10,,,,"Wed, 17 Sep 2025 18:12:06 GMT","h24 j. c. veen observatory, lowell j. c. veen observatory, lowell"
H25,"Harvest Moon Observatory, Northfield","Harvest Moon Observatory, Northfield",44.49930908,-93.12918000,289.310,0.71446700,0.69738800,optical,2009-04-12,,,,"Wed, 17 Sep 2025 18:12:06 GMT","h25 harvest moon observatory, northfield harvest moon observatory, northfield"
H26,"Doc Greiner Research Observatory, Janesvillle","Doc Greiner Research Observatory, Janesvillle",42.78557519,-89.21078000,330.805,0.73507500,0.67578900,optical,2009-03-07,,,,"Wed, 17 Sep 2025 18:12:06 GMT","h26 doc greiner research observatory, janesvillle doc greiner research observatory, janesvillle"
H27,"Moonglow Observatory, Warrensburg","Moonglow Observatory, Warrensburg",38.82908798,-93.76866000,222.124,0.78007400,0.62364500,optical,2008-12-30,,,,"Wed, 17 Sep 2025 18:12:06 GMT","h27 moonglow observatory, warrensburg moonglow observatory, warrensburg"
H28,"Preston Hills Observatory, Celina","Preston Hills Observatory, Celina",33.27595151,-96.76850000,233.234,0.83691200,0.54556900,optical,2008-11-04,,,,"Wed, 17 Sep 2025 18:12:06 GMT","h28 preston hills observatory, celina preston hills observatory, celina"
H29,"Ivywood Observatory, Edmond","Ivywood Observatory, Edmond",35.63435688,-97.45060000,341.078,0.81372000,0.57940000,optical,,,,,"Wed, 17 Sep 2025 18:12:06 GMT","h29 ivywood observatory, edmond ivywood observatory, edmond"
H30,"University of Oklahoma Observatory, Norman","University of Oklahoma Observatory, Norman",35.20240500,-97.44420000,381.550,0.81808000,0.57328000,optical,,,http://observatory.ou.edu/,,"Wed, 17 Sep 2025 18:12:06 GMT","h30 university of oklahoma observatory, norman university of oklahoma observatory, norman"
H31,"Star Ridge Observatory, Weimar","Star Ridge Observatory, Weimar",29.61241075,-96.67000000,78.425,0.87011000,0.49123000,optical,,,,,"Wed, 17 Sep 2025 18:12:06 GMT","h31 star ridge observatory, weimar star ridge observatory, weimar"
H32,"Texas A&M Physics Observatory, College Station","Texas A&M Physics Observatory, College Station",30.57271766,-96.36660000,67.805,0.86174000,0.50567000,optical,2005-12-22,,,,"Wed, 17 Sep 2025 18:12:06 GMT","h32 texas a&m physics observatory, college station texas a&m physics observatory, college station"
H33,"Bixhoma Observatory, Bixby","Bixhoma Observatory, Bixby",36.00802734,-95.87830000,220.009,0.80990000,0.58466000,optical,,,,,"Wed, 17 Sep 2025 18:12:06 GMT","h33 bixhoma observatory, bixby bixhoma observatory, bixby"
H34,Chapel Hill,Chapel Hill,32.30931390,-95.17420000,118.516,0.84600000,0.53143000,optical,,,,,"Wed, 17 Sep 2025 18:12:06 GMT",h34 chapel hill chapel hill
H35,Leavenworth,Leavenworth,39.36205373,-95.04830000,273.708,0.77423000,0.63085000,optical,,,,,"Wed, 17 Sep 2025 18:12:06 GMT",h35 leavenworth leavenworth
H36,"Sandlot Observatory, Scranton","Sandlot Observatory, Scranton",38.79771765,-95.70655000,318.375,0.78042800,0.62322900,optical,,,https://sites.google.com/a/sitechservo.info/gary-hug-s-site/,,"Wed, 17 Sep 2025 18:12:06 GMT","h36 sandlot observatory, scranton sandlot observatory, scranton"
H37,"Grems Timmons Observatories, Graettinger","Grems Timmons Observatories, Graettinger",43.25824743,-94.79970000,439.513,0.72947000,0.68182000,optical,,,,,"Wed, 17 Sep 2025 18:12:06 GMT","h37 grems timmons observatories, graettinger grems timmons observatories, graettinger"
H38,"Timberline Observatory, Urbandale","Timberline Observatory, Urbandale",41.43976513,-94.01360000,311.083,0.75079000,0.65840000,optical,2005-07-15,,,,"Wed, 17 Sep 2025 18:12:06 GMT","h38 timberline observatory, urbandale timberline observatory, urbandale"
H39,"S.O.S. Observatory, Minneapolis","S.O.S. Observatory, Minneapolis",44.90956846,-93.31720000,302.175,0.70944000,0.70247000,optical,,,,,"Wed, 17 Sep 2025 18:12:06 GMT","h39 s.o.s. observatory, minneapolis s.o.s. observatory, minneapolis"
H40,Nubbin Ridge Observatory,Nubbin Ridge Observatory,34.48476377,-93.26940000,211.586,0.82519000,0.56302000,optical,,,,,"Wed, 17 Sep 2025 18:12:06 GMT",h40 nubbin ridge observatory nubbin ridge observatory
H41,Petit Jean Mountain,Petit Jean Mountain,35.13958209,-92.92580000,307.526,0.81870000,0.57238000,optical,,,,,"Wed, 17 Sep 2025 18:12:06 GMT",h41 petit jean mountain petit jean mountain
H42,"Wartburg College Observatory, Waverly","Wartburg College Observatory, Waverly",42.73379292,-92.49220000,266.991,0.73568000,0.67512000,optical,,,,,"Wed, 17 Sep 2025 18:12:06 GMT","h42 wartburg college observatory, waverly wartburg college observatory, waverly"
H43,Conway,Conway,35.08843981,-92.50020000,60.312,0.81918000,0.57163000,optical,,,,,"Wed, 17 Sep 2025 18:12:06 GMT",h43 conway conway
H44,Cascade Mountain,Cascade Mountain,35.12781114,-92.20180000,168.442,0.81880000,0.57220000,optical,,,,,"Wed, 17 Sep 2025 18:12:06 GMT",h44 cascade mountain cascade mountain
H45,"Arkansas Sky Obs., Petit Jean Mountain South","Arkansas Sky Obs., Petit Jean Mountain South",35.11980158,-92.91690000,323.153,0.81890000,0.57210000,optical,,,,,"Wed, 25 Feb 2026 17:02:11 GMT","h45 arkansas sky obs., petit jean mountain south arkansas sky obs., petit jean mountain south"
H46,"Ricky Observatory, Blue Springs","Ricky Observatory, Blue Springs",39.00360597,-94.27030000,338.758,0.77818000,0.62602000,optical,,,,,"Wed, 17 Sep 2025 18:12:06 GMT","h46 ricky observatory, blue springs ricky observatory, blue springs"
H47,Vicksburg,Vicksburg,32.26621327,-90.85610000,40.872,0.84639000,0.53079000,optical,2005-08-14,,,,"Wed, 17 Sep 2025 18:12:06 GMT",h47 vicksburg vicksburg
H48,"PSU Greenbush Observatory, Pittsburg","PSU Greenbush Observatory, Pittsburg",37.51315524,-94.98610000,322.413,0.79424000,0.60565000,optical,,,http://www.pittstate.edu/pr/universitas/Aimingforthestars.html,,"Wed, 17 Sep 2025 18:12:06 GMT","h48 psu greenbush observatory, pittsburg psu greenbush observatory, pittsburg"
H49,"ATU Astronomical Observatory, Russellville","ATU Astronomical Observatory, Russellville",35.29481654,-93.13640000,129.629,0.81712000,0.57457000,optical,,,http://www.atu.edu/physics/Observatory.php,,"Wed, 17 Sep 2025 18:12:06 GMT","h49 atu astronomical observatory, russellville atu astronomical observatory, russellville"
H50,"University of Central Arkansas Obs., Conway","University of Central Arkansas Obs., Conway",35.08160541,-92.45861000,96.702,0.81925300,0.57153600,optical,2008-01-17,,http://faculty.uca.edu/saustin/Astronomy/observatory.html,,"Wed, 17 Sep 2025 18:12:06 GMT","h50 university of central arkansas obs., conway university of central arkansas obs., conway"
H51,"Greiner Research Observatory, Verona","Greiner Research Observatory, Verona",43.11988712,-89.59970000,880.440,0.73117000,0.68011000,optical,,,,,"Wed, 17 Sep 2025 18:12:06 GMT","h51 greiner research observatory, verona greiner research observatory, verona"
H52,"Hawkeye Observatory, Durand","Hawkeye Observatory, Durand",42.43893591,-89.32646000,230.250,0.73915100,0.67133500,optical,2010-02-13,,http://hawkeye-observatory.com/,,"Wed, 17 Sep 2025 18:12:06 GMT","h52 hawkeye observatory, durand hawkeye observatory, durand"
H53,Thompsonville,Thompsonville,37.94523437,-88.77158000,155.072,0.78961800,0.61158100,optical,2007-10-29,,,,"Wed, 17 Sep 2025 18:12:06 GMT",h53 thompsonville thompsonville
H54,"Cedar Drive Observatory, Pulaski","Cedar Drive Observatory, Pulaski",44.61534296,-88.34860000,302.437,0.71305000,0.69883000,optical,,,,,"Wed, 17 Sep 2025 18:12:06 GMT","h54 cedar drive observatory, pulaski cedar drive observatory, pulaski"
H55,"Astronomical Research Observatory, Charleston","Astronomical Research Observatory, Charleston",39.48812219,-88.14420000,221.589,0.77283000,0.63254000,optical,2009-10-24,,http://www.astro-research.org/observatory_directory.htm,,"Wed, 17 Sep 2025 18:12:06 GMT","h55 astronomical research observatory, charleston astronomical research observatory, charleston"
H56,Northbrook Meadow Observatory,Northbrook Meadow Observatory,42.13635137,-87.83236000,197.179,0.74269300,0.66743300,optical,2007-10-08,,,,"Wed, 17 Sep 2025 18:12:06 GMT",h56 northbrook meadow observatory northbrook meadow observatory
H57,"Ohio State University Observatory, Lima","Ohio State University Observatory, Lima",40.73516665,-84.02754000,283.544,0.75885000,0.64915000,optical,2008-12-05,,,,"Wed, 17 Sep 2025 18:12:06 GMT","h57 ohio state university observatory, lima ohio state university observatory, lima"
H58,"NASA/MSFC ALaMO, Redstone Arsenal","NASA/MSFC ALaMO, Redstone Arsenal",34.65668437,-86.66470000,186.303,0.82349000,0.56548000,optical,,,,,"Wed, 17 Sep 2025 18:12:06 GMT","h58 nasa/msfc alamo, redstone arsenal nasa/msfc alamo, redstone arsenal"
H59,"Prairie Grass Observatory, Camp Cullom","Prairie Grass Observatory, Camp Cullom",40.31310133,-86.63490000,242.890,0.76362000,0.64356000,optical,,,,,"Wed, 17 Sep 2025 18:12:06 GMT","h59 prairie grass observatory, camp cullom prairie grass observatory, camp cullom"
H60,"Heartland Observatory, Carmel","Heartland Observatory, Carmel",39.97309716,-86.13458000,232.805,0.76743500,0.63903400,optical,2008-10-04,,,,"Wed, 17 Sep 2025 18:12:06 GMT","h60 heartland observatory, carmel heartland observatory, carmel"
H61,Newcastle,Newcastle,43.91582757,-78.58311000,94.546,0.72153300,0.69008000,optical,2008-11-13,,,,"Wed, 17 Sep 2025 18:12:06 GMT",h61 newcastle newcastle
H62,Calvin College Observatory,Calvin College Observatory,42.93041571,-85.58830000,252.488,0.73335000,0.67763000,optical,,,http://www.calvin.edu/observatory,,"Wed, 17 Sep 2025 18:12:06 GMT",h62 calvin college observatory calvin college observatory
H63,"DeKalb Observatory, Auburn","DeKalb Observatory, Auburn",41.31119188,-85.07240000,311.840,0.75227000,0.65672000,optical,2004-10-11,,http://www.starkey.ws/donspers.html,,"Wed, 17 Sep 2025 18:12:06 GMT","h63 dekalb observatory, auburn dekalb observatory, auburn"
H64,"Thomas More College Observatory, Crestview Hills","Thomas More College Observatory, Crestview Hills",39.02093649,-84.56360000,91.603,0.77796000,0.62623000,optical,,,,,"Wed, 17 Sep 2025 18:12:06 GMT","h64 thomas more college observatory, crestview hills thomas more college observatory, crestview hills"
H65,"Waltonfields Observatory, Walton","Waltonfields Observatory, Walton",38.84093951,-84.56360000,265.992,0.77995000,0.62381000,optical,,,,,"Wed, 17 Sep 2025 18:12:06 GMT","h65 waltonfields observatory, walton waltonfields observatory, walton"
H66,Yellow Springs,Yellow Springs,39.78357447,-83.85400000,312.242,0.76956000,0.63651000,optical,2005-10-17,,,,"Wed, 17 Sep 2025 18:12:06 GMT",h66 yellow springs yellow springs
H67,"Stonegate Observatory, Ann Arbor","Stonegate Observatory, Ann Arbor",42.29771878,-83.83759000,269.553,0.74081300,0.66952200,optical,,,,,"Wed, 17 Sep 2025 18:12:06 GMT","h67 stonegate observatory, ann arbor stonegate observatory, ann arbor"
H68,"Red Barn Observatory, Ty Ty","Red Barn Observatory, Ty Ty",31.41026302,-83.65176000,86.516,0.85424600,0.51815200,optical,2008-10-27,,,,"Wed, 17 Sep 2025 18:12:06 GMT","h68 red barn observatory, ty ty red barn observatory, ty ty"
H69,"Perkins Observatory, Delaware","Perkins Observatory, Delaware",40.25121934,-83.05537000,271.480,0.76432000,0.64274100,optical,2003-03-23,,,,"Wed, 17 Sep 2025 18:12:06 GMT","h69 perkins observatory, delaware perkins observatory, delaware"
H70,Asheville,Asheville,35.60087426,-82.55420000,817.833,0.81412000,0.57897000,optical,,,,,"Wed, 17 Sep 2025 18:12:06 GMT",h70 asheville asheville
H71,Chula,Chula,31.56034663,-83.51718000,99.077,0.85288500,0.52037800,optical,2007-11-15,,,,"Wed, 17 Sep 2025 18:12:06 GMT",h71 chula chula
H72,"Evelyn L. Egan Observatory, Fort Myers","Evelyn L. Egan Observatory, Fort Myers",26.46031341,-81.77420000,8.989,0.89584000,0.44289000,optical,,,,,"Wed, 17 Sep 2025 18:12:06 GMT","h72 evelyn l. egan observatory, fort myers evelyn l. egan observatory, fort myers"
H73,"Lakeland Astronomical Observatory, Kirtland","Lakeland Astronomical Observatory, Kirtland",41.63743452,-81.36490000,248.220,0.74850000,0.66097000,optical,,,,,"Wed, 17 Sep 2025 18:12:06 GMT","h73 lakeland astronomical observatory, kirtland lakeland astronomical observatory, kirtland"
H74,"Bar J Observatory, New Smyrna Beach","Bar J Observatory, New Smyrna Beach",28.91555670,-81.12530000,6.785,0.87602000,0.48066000,optical,,,,,"Wed, 17 Sep 2025 18:12:06 GMT","h74 bar j observatory, new smyrna beach bar j observatory, new smyrna beach"
H75,"Indian Hill North Observatory, Huntsburg","Indian Hill North Observatory, Huntsburg",41.54781033,-81.08144000,375.565,0.74955100,0.65981600,optical,2008-11-09,,,,"Wed, 17 Sep 2025 18:12:06 GMT","h75 indian hill north observatory, huntsburg indian hill north observatory, huntsburg"
H76,"Oakridge Observatory, Miami","Oakridge Observatory, Miami",25.65725598,-80.58670000,24.957,0.90197000,0.43036000,optical,,,http://www.pbase.com/adamstuart,,"Wed, 17 Sep 2025 18:12:06 GMT","h76 oakridge observatory, miami oakridge observatory, miami"
H77,Buehler Observatory,Buehler Observatory,26.07901780,-80.23470000,-1.415,0.89877000,0.43695000,optical,,,,,"Wed, 17 Sep 2025 18:12:06 GMT",h77 buehler observatory buehler observatory
H78,"University of Nariño Observatory, Pasto","University of Narino Observatory, Pasto",1.21264451,-77.29104000,2586.683,1.00018300,0.02103000,optical,2008-07-12,,,,"Wed, 17 Sep 2025 18:12:06 GMT","h78 university of narino observatory, pasto university of narino observatory, pasto"
H79,"York University Observatory, Toronto","York University Observatory, Toronto",43.77387480,-79.50730000,200.569,0.72325800,0.68830800,optical,,,,,"Wed, 17 Sep 2025 18:12:06 GMT","h79 york university observatory, toronto york university observatory, toronto"
H80,"Halsted Observatory, Princeton","Halsted Observatory, Princeton",40.34886020,-74.66433000,49.820,0.76319400,0.64401500,optical,,,,,"Wed, 17 Sep 2025 18:12:06 GMT","h80 halsted observatory, princeton halsted observatory, princeton"
H81,"Hartung-Boothroyd Observatory, Ithaca","Hartung-Boothroyd Observatory, Ithaca",42.45823841,-76.38461000,531.977,0.73895900,0.67161500,optical,2010-11-09,,,,"Wed, 17 Sep 2025 18:12:06 GMT","h81 hartung boothroyd observatory, ithaca hartung boothroyd observatory, ithaca"
H82,"CBA-NOVAC Observatory, Front Royal","CBA-NOVAC Observatory, Front Royal",38.98548970,-78.21610000,187.551,0.77836000,0.62576000,optical,,,,,"Wed, 17 Sep 2025 18:12:06 GMT","h82 cba novac observatory, front royal cba novac observatory, front royal"
H83,"Timberlake Observatory, Oakton","Timberlake Observatory, Oakton",38.90249626,-77.33590000,121.929,0.77926000,0.62463000,optical,,,,,"Wed, 17 Sep 2025 18:12:06 GMT","h83 timberlake observatory, oakton timberlake observatory, oakton"
H84,"Northview Observatory, Mendon","Northview Observatory, Mendon",42.99376287,-77.50390000,182.582,0.73259000,0.67843000,optical,,,,,"Wed, 17 Sep 2025 18:12:06 GMT","h84 northview observatory, mendon northview observatory, mendon"
H85,Silver Spring,Silver Spring,39.03197235,-76.99710000,99.444,0.77784000,0.62638000,optical,,,,,"Wed, 17 Sep 2025 18:12:06 GMT",h85 silver spring silver spring
H86,"CBA-East Observatory, Laurel","CBA-East Observatory, Laurel",39.11443349,-76.84240000,55.923,0.77693000,0.62749000,optical,,,,,"Wed, 17 Sep 2025 18:12:06 GMT","h86 cba east observatory, laurel cba east observatory, laurel"
H87,"Fenwick Observatory, Richmond","Fenwick Observatory, Richmond",37.61858155,-77.56390000,69.084,0.79309000,0.60708000,optical,,,,,"Wed, 17 Sep 2025 18:12:06 GMT","h87 fenwick observatory, richmond fenwick observatory, richmond"
H88,"Hope Observatory, Belcamp","Hope Observatory, Belcamp",39.47531461,-76.24230000,41.797,0.77295000,0.63235000,optical,,,,,"Wed, 17 Sep 2025 18:12:06 GMT","h88 hope observatory, belcamp hope observatory, belcamp"
H89,"Galaxy Blues Observatory, Gatineau","Galaxy Blues Observatory, Gatineau",45.48054671,-75.70250000,22.106,0.70235000,0.70945000,optical,,,http://www.vasseur.ca/h89/index.php,,"Wed, 17 Sep 2025 18:12:06 GMT","h89 galaxy blues observatory, gatineau galaxy blues observatory, gatineau"
H90,Ottawa,Ottawa,45.45497940,-75.52690000,44.009,0.70267000,0.70914000,optical,,,,,"Wed, 17 Sep 2025 18:12:06 GMT",h90 ottawa ottawa
H91,"Reynolds Observatory, Potsdam","Reynolds Observatory, Potsdam",44.67811813,-74.95161000,137.651,0.71226300,0.69959000,optical,,,,,"Wed, 17 Sep 2025 18:12:06 GMT","h91 reynolds observatory, potsdam reynolds observatory, potsdam"
H92,Arcturus Observatory,Arcturus Observatory,39.93383492,-74.37890000,33.725,0.76785000,0.63849000,optical,,,,,"Wed, 17 Sep 2025 18:12:06 GMT",h92 arcturus observatory arcturus observatory
H93,Berkeley Heights,Berkeley Heights,40.68981876,-74.42420000,73.146,0.75934000,0.64853000,optical,,,,,"Wed, 17 Sep 2025 18:12:06 GMT",h93 berkeley heights berkeley heights
H94,Cedar Knolls,Cedar Knolls,40.82506290,-74.45610000,134.831,0.75781000,0.65032000,optical,2007-04-09,,,,"Wed, 17 Sep 2025 18:12:06 GMT",h94 cedar knolls cedar knolls
H95,"NJIT Observatory, Newark","NJIT Observatory, Newark",40.74175682,-74.17880000,30.019,0.75874500,0.64921100,optical,2008-03-14,,,,"Wed, 17 Sep 2025 18:12:06 GMT","h95 njit observatory, newark njit observatory, newark"
H96,"Observatoire des Pléïades, Mandeville","Observatoire des Pleiades, Mandeville",46.35383868,-73.38580000,132.711,0.69143000,0.72005000,optical,,,,,"Wed, 17 Sep 2025 18:12:06 GMT","h96 observatoire des pleiades, mandeville observatoire des pleiades, mandeville"
H97,"Talcott Mountain Science Center, Avon","Talcott Mountain Science Center, Avon",41.81135509,-72.79868000,271.967,0.74648700,0.66323300,optical,,,,,"Wed, 17 Sep 2025 18:12:06 GMT","h97 talcott mountain science center, avon talcott mountain science center, avon"
H98,"Dark Rosanne Obs., Middlefield","Dark Rosanne Obs., Middlefield",41.51692159,-72.73450000,54.813,0.74987000,0.65938000,optical,,,,,"Wed, 17 Sep 2025 18:12:06 GMT","h98 dark rosanne obs., middlefield dark rosanne obs., middlefield"
H99,"Sunhill Observatory, Newton","Sunhill Observatory, Newton",42.33058136,-71.19640000,30.581,0.74040000,0.66992000,optical,,,,,"Wed, 17 Sep 2025 18:12:06 GMT","h99 sunhill observatory, newton sunhill observatory, newton"
I00,"Carbuncle Hill Observatory, Coventry","Carbuncle Hill Observatory, Coventry",41.68455126,-71.77060000,123.605,0.74794000,0.66157000,optical,,,,,"Wed, 17 Sep 2025 18:12:06 GMT","i00 carbuncle hill observatory, coventry carbuncle hill observatory, coventry"
I01,"Clay Center Observatory, Brookline","Clay Center Observatory, Brookline",42.30756089,-71.13747000,91.625,0.74067700,0.66963000,optical,,,,,"Wed, 17 Sep 2025 18:12:06 GMT","i01 clay center observatory, brookline clay center observatory, brookline"
I02,"Cerro Tololo Observatory, La Serena--2MASS","Cerro Tololo Observatory, La Serena--2MASS",-30.16772205,-70.80510000,2141.045,0.86558000,-0.49976000,optical,,,,,"Wed, 17 Sep 2025 18:12:06 GMT","i02 cerro tololo observatory, la serena 2mass cerro tololo observatory, la serena 2mass"
I03,"European Southern Obs., La Silla--ASTROVIRTEL","European Southern Obs., La Silla--ASTROVIRTEL",-29.25881957,-70.73374000,2345.365,0.87344000,-0.48605200,optical,,,,,"Wed, 17 Sep 2025 18:08:55 GMT","i03 european southern obs., la silla astrovirtel european southern obs., la silla astrovirtel"
I04,Mamalluca Observatory,Mamalluca Observatory,-29.98992200,-70.68480000,673.318,0.86693000,-0.49697000,optical,2003-04-02,,,,"Wed, 17 Sep 2025 18:12:06 GMT",i04 mamalluca observatory mamalluca observatory
I05,Las Campanas Observatory-TIE,Las Campanas Observatory-TIE,-29.00355177,-70.70200000,2270.364,0.87559000,-0.48217000,optical,,,,,"Wed, 17 Sep 2025 18:08:55 GMT",i05 las campanas observatory tie las campanas observatory tie
I06,"Werner Schmidt Obs., Dennis-Yarmouth Regional HS","Werner Schmidt Obs., Dennis-Yarmouth Regional HS",41.67758933,-70.19390000,32.919,0.74801000,0.66147000,optical,,,http://www.ccas.ws/cape_cod_observatory.htm,,"Wed, 17 Sep 2025 18:12:06 GMT","i06 werner schmidt obs., dennis yarmouth regional hs werner schmidt obs., dennis yarmouth regional hs"
I07,"Conlin Hill Observatory, Oxford","Conlin Hill Observatory, Oxford",42.12908069,-71.90290000,300.849,0.74279000,0.66735000,optical,,,,,"Wed, 17 Sep 2025 18:12:06 GMT","i07 conlin hill observatory, oxford conlin hill observatory, oxford"
I08,"Alianza S4, Cerro Burek","Alianza S4, Cerro Burek",-31.78677513,-69.30680000,2664.778,0.85116000,-0.52394000,optical,2007-10-06,,,,"Wed, 17 Sep 2025 18:12:06 GMT","i08 alianza s4, cerro burek alianza s4, cerro burek"
I09,Cerro Armazones,Cerro Armazones,-24.59774079,-70.19623000,2705.656,0.91016600,-0.41387500,optical,2007-11-23,,,,"Wed, 17 Sep 2025 18:12:06 GMT",i09 cerro armazones cerro armazones
I10,"CAO, San Pedro de Atacama (until 2012)","CAO, San Pedro de Atacama (until 2012)",-22.95229531,-68.18000000,2431.668,0.92165000,-0.38770000,optical,,,,,"Wed, 17 Sep 2025 18:12:06 GMT","i10 cao, san pedro de atacama (until 2012) cao, san pedro de atacama (until 2012)"
I11,"Gemini South Observatory, Cerro Pachon","Gemini South Observatory, Cerro Pachon",-30.24063883,-70.73655000,2715.360,0.86502000,-0.50090100,optical,2008-07-30,,http://www.gemini.edu/,,"Tue, 26 May 2026 20:34:56 GMT","i11 gemini south observatory, cerro pachon gemini south observatory, cerro pachon"
I12,"Phillips Academy Observatory, Andover","Phillips Academy Observatory, Andover",42.64755334,-71.12947000,98.156,0.73667900,0.67399800,optical,2008-11-06,,,,"Wed, 17 Sep 2025 18:12:06 GMT","i12 phillips academy observatory, andover phillips academy observatory, andover"
I13,"Burleith Observatory, Washington D.C.","Burleith Observatory, Washington D.C.",38.91497970,-77.06994000,60.215,0.77911600,0.62479300,optical,2009-02-02,,,,"Wed, 17 Sep 2025 18:12:06 GMT","i13 burleith observatory, washington d.c. burleith observatory, washington d.c."
I14,"Tigh Speuran Observatory, Framingham","Tigh Speuran Observatory, Framingham",42.33961909,-71.41069000,65.123,0.74029800,0.67004000,optical,2009-03-01,,,,"Wed, 17 Sep 2025 18:12:06 GMT","i14 tigh speuran observatory, framingham tigh speuran observatory, framingham"
I15,"Wishing Star Observatory, Barrington","Wishing Star Observatory, Barrington",41.76152285,-71.29924000,4.540,0.74703400,0.66255800,optical,2009-08-23,,,,"Wed, 17 Sep 2025 18:12:06 GMT","i15 wishing star observatory, barrington wishing star observatory, barrington"
I16,"IAA-AI Atacama, San Pedro de Atacama","IAA-AI Atacama, San Pedro de Atacama",-22.95335993,-68.17967000,2398.500,0.92163800,-0.38771500,optical,2009-10-14,,,,"Wed, 17 Sep 2025 18:12:06 GMT","i16 iaa ai atacama, san pedro de atacama iaa ai atacama, san pedro de atacama"
I17,"Thomas G. Cupillari Observatory, Fleetville","Thomas G. Cupillari Observatory, Fleetville",41.59635189,-75.67794000,400.503,0.74899300,0.66045100,optical,2009-12-19,,,,"Wed, 17 Sep 2025 18:12:06 GMT","i17 thomas g. cupillari observatory, fleetville thomas g. cupillari observatory, fleetville"
I18,"Fan Mountain Observatory, Covesville","Fan Mountain Observatory, Covesville",37.87839196,-78.69330000,536.848,0.79038000,0.61070000,optical,2009-12-11,,,,"Wed, 17 Sep 2025 18:08:55 GMT","i18 fan mountain observatory, covesville fan mountain observatory, covesville"
I19,"Observatorio El Gato Gris, Tanti","Observatorio El Gato Gris, Tanti",-31.35680274,-64.59289000,863.488,0.85483400,-0.51742200,optical,2009-05-02,,http://www.aoacm.com.ar/,,"Wed, 17 Sep 2025 18:12:06 GMT","i19 observatorio el gato gris, tanti observatorio el gato gris, tanti"
I20,"Observatorio Astronomico Salvador, Río Cuarto","Observatorio Astronomico Salvador, Rio Cuarto",-33.10659728,-64.31839000,437.449,0.83855100,-0.54312200,optical,2009-01-04,,http://astrosurf.com/salvador/,,"Wed, 17 Sep 2025 18:12:06 GMT","i20 observatorio astronomico salvador, rio cuarto observatorio astronomico salvador, rio cuarto"
I21,"El Condor Observatory, Córdoba","El Condor Observatory, Cordoba",-31.37105352,-64.17190000,452.292,0.85465000,-0.51760000,optical,2008-08-11,,,,"Wed, 17 Sep 2025 18:12:06 GMT","i21 el condor observatory, cordoba el condor observatory, cordoba"
I22,"Abbey Ridge Observatory, Stillwater Lake","Abbey Ridge Observatory, Stillwater Lake",44.68935776,-63.82601000,90.165,0.71212000,0.69972400,optical,,,https://abbeyridgeobservatory.ca/,,"Wed, 17 Sep 2025 18:08:55 GMT","i22 abbey ridge observatory, stillwater lake abbey ridge observatory, stillwater lake"
I23,"Frosty Cold Observatory, Mash Harbor","Frosty Cold Observatory, Mash Harbor",44.52075740,-67.73351000,2.827,0.71417300,0.69762300,optical,2010-03-17,,,,"Wed, 17 Sep 2025 18:12:06 GMT","i23 frosty cold observatory, mash harbor frosty cold observatory, mash harbor"
I24,"Lake of the Woods Observatory, Locust Grove","Lake of the Woods Observatory, Locust Grove",38.34284729,-77.76940000,122.348,0.78534000,0.61702000,optical,2010-03-21,,,,"Wed, 17 Sep 2025 18:12:06 GMT","i24 lake of the woods observatory, locust grove lake of the woods observatory, locust grove"
I25,"ECCCO Observatory, Bosque Alegre","ECCCO Observatory, Bosque Alegre",-31.79528985,-64.55619000,1201.575,0.85088700,-0.52394500,optical,2010-05-11,,,,"Wed, 17 Sep 2025 18:12:06 GMT","i25 eccco observatory, bosque alegre eccco observatory, bosque alegre"
I26,"Observatorio Kappa Crucis, Córdoba","Observatorio Kappa Crucis, Cordoba",-31.42422502,-64.17860000,464.124,0.85417000,-0.51839000,optical,2010-09-06,,,,"Wed, 17 Sep 2025 18:12:06 GMT","i26 observatorio kappa crucis, cordoba observatorio kappa crucis, cordoba"
I27,"Barred Owl Observatory, Carp","Barred Owl Observatory, Carp",45.34743820,-75.99940000,95.617,0.70401000,0.70783000,optical,2010-11-11,,,,"Wed, 17 Sep 2025 18:12:06 GMT","i27 barred owl observatory, carp barred owl observatory, carp"
I28,"Starhoo Observatory, Lakeville","Starhoo Observatory, Lakeville",41.81383686,-70.91110000,30.765,0.74643000,0.66324000,optical,2010-12-03,,,,"Wed, 17 Sep 2025 18:12:06 GMT","i28 starhoo observatory, lakeville starhoo observatory, lakeville"
I29,"Middlesex School Observatory, Concord","Middlesex School Observatory, Concord",42.49840497,-71.36696000,60.091,0.73843200,0.67208100,optical,2011-03-01,,,,"Wed, 17 Sep 2025 18:12:06 GMT","i29 middlesex school observatory, concord middlesex school observatory, concord"
I30,Observatorio Geminis Austral,Observatorio Geminis Austral,-32.98447260,-60.65830000,64.404,0.83966000,-0.54131000,optical,2002-06-19,,,,"Wed, 17 Sep 2025 18:12:06 GMT",i30 observatorio geminis austral observatorio geminis austral
I31,Observatorio Astronomico del Colegio Cristo Rey,Observatorio Astronomico del Colegio Cristo Rey,-32.95368477,-60.63510000,54.300,0.83995000,-0.54086000,optical,,,,,"Wed, 17 Sep 2025 18:12:06 GMT",i31 observatorio astronomico del colegio cristo rey observatorio astronomico del colegio cristo rey
I32,"Observatorio Beta Orionis, Rosario","Observatorio Beta Orionis, Rosario",-32.98063889,-60.65360000,16.582,0.83969000,-0.54125000,optical,2008-06-24,,http://www.frimecargentina.com.ar/betaorionis/,,"Wed, 17 Sep 2025 18:12:06 GMT","i32 observatorio beta orionis, rosario observatorio beta orionis, rosario"
I33,"SOAR, Cerro Pachon","SOAR, Cerro Pachon",-30.23792336,-70.73369000,2776.053,0.86505200,-0.50086500,optical,2010-03-25,,,,"Tue, 26 May 2026 20:34:56 GMT","i33 soar, cerro pachon soar, cerro pachon"
I34,Morgantown,Morgantown,40.14674897,-75.87030000,155.075,0.76548000,0.64134000,optical,2011-03-30,,,,"Wed, 17 Sep 2025 18:12:06 GMT",i34 morgantown morgantown
I35,Sidoli,Sidoli,-34.80725920,-58.44280000,47.783,0.82198000,-0.56762000,optical,2010-11-25,,,,"Wed, 17 Sep 2025 18:12:06 GMT",i35 sidoli sidoli
I36,"Observatorio Los Campitos, Cañuelas","Observatorio Los Campitos, Canuelas",-35.00810946,-58.71729000,25.958,0.81997800,-0.57048300,optical,2009-01-01,,,,"Wed, 17 Sep 2025 18:12:06 GMT","i36 observatorio los campitos, canuelas observatorio los campitos, canuelas"
I37,"Astrodomi Observatory, Santa Rita","Astrodomi Observatory, Santa Rita",-34.44003963,-58.64725000,1.404,0.82560300,-0.56236000,optical,2008-09-01,,,,"Wed, 17 Sep 2025 18:12:06 GMT","i37 astrodomi observatory, santa rita astrodomi observatory, santa rita"
I38,"Observatorio Los Algarrobos, Salto","Observatorio Los Algarrobos, Salto",-31.39253789,-57.97859000,37.594,0.85440000,-0.51788500,optical,2009-07-22,,http://www.olasu.com.uy/,,"Wed, 17 Sep 2025 18:12:06 GMT","i38 observatorio los algarrobos, salto observatorio los algarrobos, salto"
I39,"Observatorio Cruz del Sur, San Justo","Observatorio Cruz del Sur, San Justo",-34.66965764,-58.57339000,33.825,0.82334200,-0.56565200,optical,2010-09-14,,,,"Wed, 17 Sep 2025 18:12:06 GMT","i39 observatorio cruz del sur, san justo observatorio cruz del sur, san justo"
I40,La Silla--TRAPPIST,La Silla--TRAPPIST,-29.25460777,-70.73939000,2317.699,0.87347200,-0.48598600,optical,2011-02-14,,http://arachnos.astro.ulg.ac.be/Sci/Trappist/Trappist_main/Home.html,,"Wed, 17 Sep 2025 18:12:06 GMT",i40 la silla trappist la silla trappist
I41,Palomar Mountain--ZTF,Palomar Mountain--ZTF,33.35733646,-116.85978000,1663.906,0.83632200,0.54687500,optical,,,http://ptf.caltech.edu,,"Tue, 26 May 2026 20:34:56 GMT",i41 palomar mountain ztf palomar mountain ztf
I42,Westport Observatory,Westport Observatory,41.59623045,-71.09190000,21.794,0.74895000,0.66041000,optical,2012-04-28,,,,"Wed, 17 Sep 2025 18:12:06 GMT",i42 westport observatory westport observatory
I43,"Tarleton State University Obs., Stephenville","Tarleton State University Obs., Stephenville",32.21618930,-98.09763000,395.297,0.84690100,0.53008400,optical,2011-04-07,,,,"Wed, 17 Sep 2025 18:12:06 GMT","i43 tarleton state university obs., stephenville tarleton state university obs., stephenville"
I44,"Northwest Florida State College, Niceville","Northwest Florida State College, Niceville",30.54203118,-86.48240000,59.119,0.86201000,0.50521000,optical,2011-05-20,,,,"Wed, 17 Sep 2025 18:12:06 GMT","i44 northwest florida state college, niceville northwest florida state college, niceville"
I45,"W Crusis Astronomical Observatory, San Justo","W Crusis Astronomical Observatory, San Justo",-34.67791921,-58.57190000,31.870,0.82326000,-0.56577000,optical,2011-09-07,,https://oawc2010.wixsite.com/oawc,,"Wed, 17 Sep 2025 18:12:06 GMT","i45 w crusis astronomical observatory, san justo w crusis astronomical observatory, san justo"
I46,"The Cottage Observatory, Altoona","The Cottage Observatory, Altoona",40.46473976,-78.38920000,332.673,0.76192000,0.64558000,optical,2011-11-26,,,,"Wed, 17 Sep 2025 18:12:06 GMT","i46 the cottage observatory, altoona the cottage observatory, altoona"
I47,"Pierre Auger Observatory, Malargüe","Pierre Auger Observatory, Malargue",-35.49543956,-69.44970000,1394.019,0.81526000,-0.57753000,optical,2011-12-08,,,,"Wed, 17 Sep 2025 18:12:06 GMT","i47 pierre auger observatory, malargue pierre auger observatory, malargue"
I48,"Observatorio El Catalejo, Santa Rosa","Observatorio El Catalejo, Santa Rosa",-36.63777240,-64.32430000,139.659,0.80340000,-0.59348000,optical,2012-01-30,,,,"Wed, 17 Sep 2025 18:12:06 GMT","i48 observatorio el catalejo, santa rosa observatorio el catalejo, santa rosa"
I49,"Sunflower Observatory, Santa Fe","Sunflower Observatory, Santa Fe",35.70917680,-106.01383000,2085.112,0.81318300,0.58061700,optical,2012-02-06,,,,"Wed, 17 Sep 2025 18:12:06 GMT","i49 sunflower observatory, santa fe sunflower observatory, santa fe"
I50,"P2 Observatory, Mayhill","P2 Observatory, Mayhill",32.90327411,-105.52858000,2223.285,0.84071200,0.54030900,optical,2012-02-12,,,,"Wed, 17 Sep 2025 18:12:06 GMT","i50 p2 observatory, mayhill p2 observatory, mayhill"
I51,Clinton,Clinton,38.71155677,-76.94530000,17.659,0.78133000,0.62203000,optical,2012-04-29,,,,"Wed, 17 Sep 2025 18:12:06 GMT",i51 clinton clinton
I52,"Steward Observatory, Mt. Lemmon Station","Steward Observatory, Mt. Lemmon Station",32.44257036,-110.78892000,2760.963,0.84510900,0.53360900,optical,2012-09-28,,,,"Tue, 26 May 2026 20:34:56 GMT","i52 steward observatory, mt. lemmon station steward observatory, mt. lemmon station"
I53,Armilla,Armilla,37.14005758,-3.62170000,668.421,0.79822000,0.60052000,optical,2012-09-09,,,,"Wed, 17 Sep 2025 18:12:06 GMT",i53 armilla armilla
I54,"Observatorio Las Vaguadas, Badajoz","Observatorio Las Vaguadas, Badajoz",38.84899902,-6.96919000,192.183,0.77985300,0.62391200,optical,2012-08-26,,,,"Wed, 17 Sep 2025 18:12:06 GMT","i54 observatorio las vaguadas, badajoz observatorio las vaguadas, badajoz"
I55,Valencia,Valencia,39.49150336,-0.35786000,26.791,0.77276900,0.63256600,optical,2012-06-29,,,,"Wed, 17 Sep 2025 18:12:06 GMT",i55 valencia valencia
I56,"Observatorio Astronómico John Beckman, Almería","Observatorio Astronomico John Beckman, Almeria",36.84984995,-2.28934000,55.976,0.80118200,0.59642900,optical,2012-06-18,,,,"Wed, 17 Sep 2025 18:12:06 GMT","i56 observatorio astronomico john beckman, almeria observatorio astronomico john beckman, almeria"
I57,Elche,Elche,38.30157069,-0.67440000,159.307,0.78579000,0.61646000,optical,2012-06-12,,http://observatorioelche.blogspot.com.es,,"Wed, 17 Sep 2025 18:12:06 GMT",i57 elche elche
I58,Bétera,Betera,39.55659571,-0.46260000,126.844,0.77206000,0.63345000,optical,2012-04-25,,,,"Wed, 17 Sep 2025 18:12:06 GMT",i58 betera betera
I59,"Observatorio Fuente de los matos, Muriedas","Observatorio Fuente de los matos, Muriedas",43.41570577,-3.84420000,21.837,0.72754000,0.68377000,optical,2012-03-27,,,,"Wed, 17 Sep 2025 18:12:06 GMT","i59 observatorio fuente de los matos, muriedas observatorio fuente de los matos, muriedas"
I60,Guernanderf,Guernanderf,47.72228026,-2.82190000,85.902,0.67397000,0.73630000,optical,2012-03-17,,,,"Wed, 17 Sep 2025 18:12:06 GMT",i60 guernanderf guernanderf
I61,Ourense,Ourense,42.32660138,-7.85060000,231.807,0.74047000,0.66989000,optical,2011-12-31,,,,"Wed, 17 Sep 2025 18:12:06 GMT",i61 ourense ourense
I62,Observatorio Helios Ontígola,Observatorio Helios Ontigola,40.00968848,-3.57361000,619.188,0.76707200,0.63956100,optical,2011-12-28,,,,"Wed, 17 Sep 2025 18:12:06 GMT",i62 observatorio helios ontigola observatorio helios ontigola
I63,"Cygnus Observatory, New Airesford","Cygnus Observatory, New Airesford",51.08584798,-1.16700000,80.444,0.62944000,0.77446000,optical,2011-11-07,,,,"Wed, 17 Sep 2025 18:12:06 GMT","i63 cygnus observatory, new airesford cygnus observatory, new airesford"
I64,Maidenhead,Maidenhead,51.51943844,-0.70614000,26.919,0.62353200,0.77918200,optical,2011-01-02,,,,"Wed, 17 Sep 2025 18:12:06 GMT",i64 maidenhead maidenhead
I65,Yunquera,Yunquera,36.73629582,-4.92040000,729.823,0.80245000,0.59491000,optical,2011-10-16,,,,"Wed, 17 Sep 2025 18:12:06 GMT",i65 yunquera yunquera
I66,"Taurus Australis Observatory, Brasilia","Taurus Australis Observatory, Brasilia",-15.85742558,-48.00000000,1093.345,0.96235000,-0.27153000,optical,2010-01-05,,,,"Wed, 17 Sep 2025 18:12:06 GMT","i66 taurus australis observatory, brasilia taurus australis observatory, brasilia"
I67,Hartley Wintney,Hartley Wintney,51.30646078,-0.91247000,68.548,0.62644000,0.77687000,optical,2012-01-30,,,,"Wed, 17 Sep 2025 18:12:06 GMT",i67 hartley wintney hartley wintney
I68,Pousada dos Anoes Observatory,Pousada dos Anoes Observatory,-14.31730373,-47.50190000,1122.420,0.96931000,-0.24573000,optical,2008-07-27,,,,"Wed, 17 Sep 2025 18:12:06 GMT",i68 pousada dos anoes observatory pousada dos anoes observatory
I69,"AGM Observatory, Marrakech","AGM Observatory, Marrakech",31.62744567,-7.99310000,444.540,0.85232000,0.52140000,optical,2011-12-02,,,,"Wed, 17 Sep 2025 18:12:06 GMT","i69 agm observatory, marrakech agm observatory, marrakech"
I70,"Gedney House Observatory, Kirton","Gedney House Observatory, Kirton",52.92652825,-0.05842000,7.725,0.60412800,0.79421700,optical,2011-09-05,,,,"Wed, 17 Sep 2025 18:12:06 GMT","i70 gedney house observatory, kirton gedney house observatory, kirton"
I71,"Observatorio Los Milanos, Caceres","Observatorio Los Milanos, Caceres",39.44923079,-6.33020000,549.140,0.77330000,0.63205000,optical,2011-08-15,,,,"Wed, 17 Sep 2025 18:12:06 GMT","i71 observatorio los milanos, caceres observatorio los milanos, caceres"
I72,"Observatorio Carpe-Noctem, Madrid","Observatorio Carpe-Noctem, Madrid",40.71135403,-4.01510000,1204.936,0.75923000,0.64893000,optical,2011-07-22,,http://estelario.blogspot.com.es/,,"Wed, 17 Sep 2025 18:12:06 GMT","i72 observatorio carpe noctem, madrid observatorio carpe noctem, madrid"
I73,"Salvia Observatory, Saulges","Salvia Observatory, Saulges",47.98265693,-0.41289000,146.646,0.67061100,0.73935300,optical,2011-08-30,,,,"Wed, 17 Sep 2025 18:12:06 GMT","i73 salvia observatory, saulges salvia observatory, saulges"
I74,"Baxter Garden Observatory, Salisbury","Baxter Garden Observatory, Salisbury",51.07481632,-1.81261000,63.100,0.62958800,0.77433700,optical,2011-08-31,,,,"Wed, 17 Sep 2025 18:12:06 GMT","i74 baxter garden observatory, salisbury baxter garden observatory, salisbury"
I75,"Observatorio Los Caracoles, Castello","Observatorio Los Caracoles, Castello",39.97913923,-0.03500000,87.807,0.76735000,0.63910000,optical,2011-08-18,,,,"Wed, 17 Sep 2025 18:12:06 GMT","i75 observatorio los caracoles, castello observatorio los caracoles, castello"
I76,"Observatorio Tesla, Valdemorillo","Observatorio Tesla, Valdemorillo",40.50069930,-4.06319000,831.503,0.76157300,0.64610700,optical,2011-06-03,,,,"Wed, 17 Sep 2025 18:12:06 GMT","i76 observatorio tesla, valdemorillo observatorio tesla, valdemorillo"
I77,"CEAMIG-REA Observatory, Belo Horizonte","CEAMIG-REA Observatory, Belo Horizonte",-19.83031304,-43.99750000,854.378,0.94119000,-0.33714000,optical,,,http://www.ceamig.org.br/2_obse/ceamigrea.htm,,"Wed, 17 Sep 2025 18:12:06 GMT","i77 ceamig rea observatory, belo horizonte ceamig rea observatory, belo horizonte"
I78,"Observatorio Principia, Málaga","Observatorio Principia, Malaga",36.73340873,-4.42790000,92.763,0.80240000,0.59481000,optical,2011-06-13,,,,"Wed, 17 Sep 2025 18:12:06 GMT","i78 observatorio principia, malaga observatorio principia, malaga"
I79,"AstroCamp, Nerpio","AstroCamp, Nerpio",38.16563869,-2.32670000,1586.449,0.78743000,0.61474000,optical,2011-06-12,,,,"Wed, 17 Sep 2025 18:12:06 GMT","i79 astrocamp, nerpio astrocamp, nerpio"
I80,"Rose Cottage Observatory, Keighley","Rose Cottage Observatory, Keighley",53.88200246,-1.86672000,218.097,0.59076200,0.80418300,optical,2011-04-28,,,,"Wed, 17 Sep 2025 18:12:06 GMT","i80 rose cottage observatory, keighley rose cottage observatory, keighley"
I81,"Tarbatness Observatory, Portmahomack","Tarbatness Observatory, Portmahomack",57.84412228,-3.79889000,48.754,0.53351000,0.84296700,optical,2011-04-28,,,,"Wed, 17 Sep 2025 18:12:06 GMT","i81 tarbatness observatory, portmahomack tarbatness observatory, portmahomack"
I82,Güímar,Guimar,28.31720599,-16.42030000,371.523,0.88105000,0.47156000,optical,2011-04-03,,,,"Wed, 17 Sep 2025 18:12:06 GMT",i82 guimar guimar
I83,"Cherryvalley Observatory, Rathmolyon","Cherryvalley Observatory, Rathmolyon",53.48703981,-6.81000000,50.396,0.59630000,0.80008000,optical,2010-02-17,,,,"Wed, 17 Sep 2025 18:12:06 GMT","i83 cherryvalley observatory, rathmolyon cherryvalley observatory, rathmolyon"
I84,"Cerro del Viento, Badajoz","Cerro del Viento, Badajoz",38.86624296,-6.97880000,235.648,0.77967000,0.62415000,optical,2011-01-28,,,,"Wed, 17 Sep 2025 18:12:06 GMT","i84 cerro del viento, badajoz cerro del viento, badajoz"
I85,Las Negras,Las Negras,36.88077045,-2.01520000,62.080,0.80086000,0.59686000,optical,2010-11-24,,,,"Wed, 17 Sep 2025 18:12:06 GMT",i85 las negras las negras
I86,"Observatorio UCM, Madrid","Observatorio UCM, Madrid",40.45110373,-3.72610000,633.940,0.76211000,0.64543000,optical,2010-11-10,,,,"Wed, 17 Sep 2025 18:12:06 GMT","i86 observatorio ucm, madrid observatorio ucm, madrid"
I87,"Astroshot Observatory, Monasterevin","Astroshot Observatory, Monasterevin",53.13641847,-7.04070000,92.528,0.60121000,0.79643000,optical,2010-10-13,,http://www.astroshot.com,,"Wed, 17 Sep 2025 18:12:06 GMT","i87 astroshot observatory, monasterevin astroshot observatory, monasterevin"
I88,Fuensanta de Martos,Fuensanta de Martos,37.64677874,-3.91770000,710.351,0.79287000,0.60753000,optical,2010-10-04,,http://astroccd.wordpress.com/home/,,"Wed, 17 Sep 2025 18:12:06 GMT",i88 fuensanta de martos fuensanta de martos
I89,"iTelescope Observatory, Nerpio","iTelescope Observatory, Nerpio",38.16528371,-2.32610000,1636.596,0.78744000,0.61474000,optical,2010-09-16,,https://www.itelescope.net,,"Wed, 17 Sep 2025 18:08:55 GMT","i89 itelescope observatory, nerpio itelescope observatory, nerpio"
I90,Blackrock Castle Observatory,Blackrock Castle Observatory,51.90037653,-8.40240000,13.535,0.61831500,0.78329800,optical,2010-08-26,,http://www.bco.ie/,,"Wed, 17 Sep 2025 18:12:06 GMT",i90 blackrock castle observatory blackrock castle observatory
I91,Retamar,Retamar,36.84849347,-2.30750000,22.865,0.80119200,0.59640700,optical,2010-08-25,,,,"Wed, 17 Sep 2025 18:12:06 GMT",i91 retamar retamar
I92,"Astreo Observatory, Mairena del Aljarafe","Astreo Observatory, Mairena del Aljarafe",37.34558244,-6.04711000,119.110,0.79598700,0.60331500,optical,2010-08-20,,,,"Wed, 17 Sep 2025 18:12:06 GMT","i92 astreo observatory, mairena del aljarafe astreo observatory, mairena del aljarafe"
I93,St Pardon de Conques,St Pardon de Conques,44.55867042,-0.20296000,68.204,0.71371700,0.69810100,optical,2010-09-07,,,,"Wed, 17 Sep 2025 18:12:06 GMT",i93 st pardon de conques st pardon de conques
I94,"Observatorio Rho Ophiocus, Las Rozas de Madrid","Observatorio Rho Ophiocus, Las Rozas de Madrid",40.49558361,-3.86330000,740.516,0.76162000,0.64603000,optical,2010-06-08,,,,"Wed, 17 Sep 2025 18:12:06 GMT","i94 observatorio rho ophiocus, las rozas de madrid observatorio rho ophiocus, las rozas de madrid"
I95,Observatorio de la Hita,Observatorio de la Hita,39.56861257,-3.18606000,674.871,0.77199300,0.63366600,optical,2010-05-31,,,,"Wed, 17 Sep 2025 18:12:06 GMT",i95 observatorio de la hita observatorio de la hita
I96,"Hyperion Observatory, Urbanizacion Caraquiz","Hyperion Observatory, Urbanizacion Caraquiz",40.79353734,-3.49616000,676.261,0.75823300,0.64996000,optical,2010-05-10,,http://www.datsi.fi.upm.es/~aperez/astronomia_ing.html,,"Wed, 17 Sep 2025 18:12:06 GMT","i96 hyperion observatory, urbanizacion caraquiz hyperion observatory, urbanizacion caraquiz"
I97,"Penn Heights Observatory, Rickmansworth","Penn Heights Observatory, Rickmansworth",51.63993470,-0.49822000,66.024,0.62188900,0.78049300,optical,2010-03-07,,,,"Wed, 17 Sep 2025 18:12:06 GMT","i97 penn heights observatory, rickmansworth penn heights observatory, rickmansworth"
I98,El Berrueco,El Berrueco,40.88327466,-3.58661000,1054.420,0.75725600,0.65118100,optical,2010-02-04,,,,"Wed, 17 Sep 2025 18:12:06 GMT",i98 el berrueco el berrueco
I99,"Observatorio Blanquita, Vaciamadrid","Observatorio Blanquita, Vaciamadrid",40.35249595,-3.53957000,618.799,0.76322100,0.64412100,optical,2010-01-31,,http://www.ea4su.org/astro.html,,"Wed, 17 Sep 2025 18:12:06 GMT","i99 observatorio blanquita, vaciamadrid observatorio blanquita, vaciamadrid"
J00,Segorbe,Segorbe,39.85256067,-0.49440000,387.410,0.76880000,0.63744000,optical,2009-10-11,,,,"Wed, 17 Sep 2025 18:12:06 GMT",j00 segorbe segorbe
J01,"Observatorio Cielo Profundo, Leon","Observatorio Cielo Profundo, Leon",42.37768623,-5.71550000,813.633,0.73993800,0.67060900,optical,2009-09-28,,http://cieloprofundo.net,,"Wed, 17 Sep 2025 18:12:06 GMT","j01 observatorio cielo profundo, leon observatorio cielo profundo, leon"
J02,Busot,Busot,38.47583533,-0.44500000,187.307,0.78391000,0.61884000,optical,2009-10-02,,http://www.obrimed.es/j02,,"Wed, 17 Sep 2025 18:12:06 GMT",j02 busot busot
J03,"Gothers Observatory, St. Dennis","Gothers Observatory, St. Dennis",50.39417241,-4.86750000,142.351,0.63878700,0.76683300,optical,2009-09-22,,,,"Wed, 17 Sep 2025 18:12:06 GMT","j03 gothers observatory, st. dennis gothers observatory, st. dennis"
J04,"ESA Optical Ground Station, Tenerife","ESA Optical Ground Station, Tenerife",28.30095656,-16.51182300,2451.254,0.88147100,0.47146600,optical,2009-08-02,,http://www.iac.es/eno.php?op1=3&op2=6&lang=en&id=7,,"Tue, 26 May 2026 20:34:56 GMT","j04 esa optical ground station, tenerife esa optical ground station, tenerife"
J05,"Bootes Observatory, Boecillo","Bootes Observatory, Boecillo",41.54555462,-4.70361000,715.997,0.74961700,0.65982200,optical,2009-07-13,,,,"Wed, 17 Sep 2025 18:12:06 GMT","j05 bootes observatory, boecillo bootes observatory, boecillo"
J06,"Trent Astronomical Observatory, Clifton","Trent Astronomical Observatory, Clifton",52.90912912,-1.18753000,48.065,0.60437400,0.79403900,optical,2009-06-22,,,,"Wed, 17 Sep 2025 18:12:06 GMT","j06 trent astronomical observatory, clifton trent astronomical observatory, clifton"
J07,"Observatorio SPAG Monfragüe, Palazuelo-Empalme","Observatorio SPAG Monfrague, Palazuelo-Empalme",39.93515839,-6.10457000,414.609,0.76788100,0.63854600,optical,2009-06-04,,,,"Wed, 17 Sep 2025 18:12:06 GMT","j07 observatorio spag monfrague, palazuelo empalme observatorio spag monfrague, palazuelo empalme"
J08,"Observatorio Zonalunar, Puzol","Observatorio Zonalunar, Puzol",39.62713051,-0.34510000,64.968,0.77127000,0.63439000,optical,2009-05-19,,,,"Wed, 17 Sep 2025 18:12:06 GMT","j08 observatorio zonalunar, puzol observatorio zonalunar, puzol"
J09,Balbriggan,Balbriggan,53.61529637,-6.20830000,53.249,0.59450000,0.80141000,optical,2009-05-05,,,,"Wed, 17 Sep 2025 18:12:06 GMT",j09 balbriggan balbriggan
J10,Alicante,Alicante,38.42600323,-0.40161000,86.946,0.78443700,0.61815100,optical,2009-03-26,,,,"Wed, 17 Sep 2025 18:12:06 GMT",j10 alicante alicante
J11,Matosinhos,Matosinhos,41.76596243,-8.68231000,17.313,0.74698400,0.66261700,optical,2009-03-26,,,,"Wed, 17 Sep 2025 18:12:06 GMT",j11 matosinhos matosinhos
J12,Caraquiz,Caraquiz,40.79249628,-3.48939000,702.855,0.75824800,0.64994900,optical,2009-03-16,,http://www.miguelmuro.com,,"Wed, 17 Sep 2025 18:12:06 GMT",j12 caraquiz caraquiz
J13,La Palma-Liverpool Telescope,La Palma-Liverpool Telescope,28.76251350,-17.87920000,2387.562,0.87763000,0.47851000,optical,2009-03-07,,https://telescope.livjm.ac.uk/,,"Wed, 17 Sep 2025 18:08:55 GMT",j13 la palma liverpool telescope la palma liverpool telescope
J14,La Corte,La Corte,28.40503021,-14.00719000,211.576,0.88030300,0.47289100,optical,2009-03-02,,,,"Wed, 17 Sep 2025 18:12:06 GMT",j14 la corte la corte
J15,Muxagata,Muxagata,41.03669656,-7.16939000,339.214,0.75542000,0.65312500,optical,2009-03-02,,,,"Wed, 17 Sep 2025 18:12:06 GMT",j15 muxagata muxagata
J16,"An Carraig Observatory, Loughinisland","An Carraig Observatory, Loughinisland",54.33832126,-5.79644000,17.867,0.58429200,0.80882600,optical,2009-01-14,,,,"Wed, 17 Sep 2025 18:12:06 GMT","j16 an carraig observatory, loughinisland an carraig observatory, loughinisland"
J17,Ragdon,Ragdon,52.52560129,-2.79687000,308.325,0.60972300,0.79001800,optical,2009-01-02,,,,"Wed, 17 Sep 2025 18:12:06 GMT",j17 ragdon ragdon
J18,"Dingle Observatory, Montgomery","Dingle Observatory, Montgomery",52.51060756,-3.09400000,197.302,0.60992000,0.78984500,optical,2008-11-28,,http://dingleastro.blogspot.com,,"Wed, 17 Sep 2025 18:12:06 GMT","j18 dingle observatory, montgomery dingle observatory, montgomery"
J19,El Maestrat,El Maestrat,40.22144730,-0.16964000,406.689,0.76467100,0.64235900,optical,2008-10-21,,,,"Wed, 17 Sep 2025 18:12:06 GMT",j19 el maestrat el maestrat
J20,Aravaca,Aravaca,40.45934569,-3.78074000,651.669,0.76201900,0.64554100,optical,2008-09-08,,,,"Wed, 17 Sep 2025 18:12:06 GMT",j20 aravaca aravaca
J21,El Boalo,El Boalo,40.72328034,-3.91997000,956.492,0.75906500,0.64906200,optical,2008-07-18,,,,"Wed, 17 Sep 2025 18:12:06 GMT",j21 el boalo el boalo
J22,"Tacande Observatory, La Palma","Tacande Observatory, La Palma",28.64155869,-17.86765000,754.027,0.87841500,0.47654300,optical,2008-06-30,,,,"Wed, 17 Sep 2025 18:12:06 GMT","j22 tacande observatory, la palma tacande observatory, la palma"
J23,Centre Astronomique de La Couyere,Centre Astronomique de La Couyere,47.89304652,-1.50639000,91.409,0.67176500,0.73830000,optical,2008-05-25,,,,"Wed, 17 Sep 2025 18:12:06 GMT",j23 centre astronomique de la couyere centre astronomique de la couyere
J24,Observatorio Altamira,Observatorio Altamira,28.24677680,-16.44281000,596.982,0.88166100,0.47049900,optical,2008-04-29,,http://altamiraobs.org.es,,"Wed, 17 Sep 2025 18:12:06 GMT",j24 observatorio altamira observatorio altamira
J25,"Penamayor Observatory, Nava","Penamayor Observatory, Nava",43.35910845,-5.51117000,230.445,0.72824100,0.68307600,optical,2008-06-27,,,,"Wed, 17 Sep 2025 18:12:06 GMT","j25 penamayor observatory, nava penamayor observatory, nava"
J26,"The Spaceguard Centre, Knighton","The Spaceguard Centre, Knighton",52.32504097,-3.01881000,419.583,0.61250700,0.78789800,optical,2008-04-01,,,,"Wed, 17 Sep 2025 18:08:55 GMT","j26 the spaceguard centre, knighton the spaceguard centre, knighton"
J27,El Guijo Observatory,El Guijo Observatory,40.60751018,-4.03101000,908.901,0.76037300,0.64752800,optical,2008-04-09,,,,"Wed, 17 Sep 2025 18:12:06 GMT",j27 el guijo observatory el guijo observatory
J28,Jaen,Jaen,37.78162253,-3.78619000,497.172,0.79140800,0.60936600,optical,2008-04-03,,,,"Wed, 17 Sep 2025 18:12:06 GMT",j28 jaen jaen
J29,"Observatorio Nira, Tias","Observatorio Nira, Tias",28.95774324,-13.65787000,223.276,0.87569500,0.48131800,optical,2008-03-26,,,,"Wed, 17 Sep 2025 18:12:06 GMT","j29 observatorio nira, tias observatorio nira, tias"
J30,"Observatorio Ventilla, Madrid","Observatorio Ventilla, Madrid",40.46831111,-3.70700000,712.926,0.76192500,0.64566600,optical,2008-03-02,,,,"Wed, 17 Sep 2025 18:12:06 GMT","j30 observatorio ventilla, madrid observatorio ventilla, madrid"
J31,La Axarquia,La Axarquia,36.72951276,-4.22589000,128.250,0.80244500,0.59475900,optical,2008-02-28,,,,"Wed, 17 Sep 2025 18:12:06 GMT",j31 la axarquia la axarquia
J32,Aljaraque,Aljaraque,37.27048586,-7.02231000,38.792,0.79676900,0.60226800,optical,2008-02-25,,,,"Wed, 17 Sep 2025 18:12:06 GMT",j32 aljaraque aljaraque
J33,"University of Hertfordshire Obs., Bayfordbury","University of Hertfordshire Obs., Bayfordbury",51.77498812,-0.09400000,66.718,0.62004000,0.78195300,optical,2007-12-13,,http://bayfordbury.herts.ac.uk,,"Wed, 17 Sep 2025 18:12:06 GMT","j33 university of hertfordshire obs., bayfordbury university of hertfordshire obs., bayfordbury"
J34,La Fecha,La Fecha,41.62518878,-4.77289000,703.264,0.74869500,0.66085800,optical,2007-12-04,,,,"Wed, 17 Sep 2025 18:12:06 GMT",j34 la fecha la fecha
J35,"Tucci Observatory, Martos","Tucci Observatory, Martos",37.71248845,-3.97089000,678.210,0.79216700,0.60843200,optical,2007-12-05,,,,"Wed, 17 Sep 2025 18:12:06 GMT","j35 tucci observatory, martos tucci observatory, martos"
J36,"Observatorio DiezALaOnce, Illana","Observatorio DiezALaOnce, Illana",40.17190311,-3.05481000,0.007,0.76517900,0.64165900,optical,2010-04-18,,,,"Wed, 17 Sep 2025 18:12:06 GMT","j36 observatorio diezalaonce, illana observatorio diezalaonce, illana"
J37,Huelva,Huelva,37.25867012,-6.93531000,34.861,0.79689300,0.60210400,optical,2007-11-11,,,,"Wed, 17 Sep 2025 18:12:06 GMT",j37 huelva huelva
J38,"Observatorio La Vara, Valdés","Observatorio La Vara, Valdes",43.47266003,-6.39076000,278.578,0.72688700,0.68451800,optical,2008-05-16,,http://www.elobservatoriu.com,,"Wed, 17 Sep 2025 18:12:06 GMT","j38 observatorio la vara, valdes observatorio la vara, valdes"
J39,Ingenio,Ingenio,27.92021007,-15.43640000,291.005,0.88429000,0.46547000,optical,2007-10-10,,,,"Wed, 17 Sep 2025 18:12:06 GMT",j39 ingenio ingenio
J40,Málaga,Malaga,36.71876308,-4.44153000,41.990,0.80254600,0.59460100,optical,2008-05-08,,,,"Wed, 17 Sep 2025 18:12:06 GMT",j40 malaga malaga
J41,Raheny,Raheny,53.38056056,-6.18110000,25.850,0.59779000,0.79897000,optical,2007-09-14,,http://www.webtreatz.com/,,"Wed, 17 Sep 2025 18:12:06 GMT",j41 raheny raheny
J42,Puzol,Puzol,39.61690587,-0.30110000,35.939,0.77138000,0.63425000,optical,2007-09-03,,,,"Wed, 17 Sep 2025 18:12:06 GMT",j42 puzol puzol
J43,"Oukaïmeden Observatory, Marrakech","Oukaimeden Observatory, Marrakech",31.20643747,-7.86646000,2724.603,0.85644100,0.51533900,optical,2012-03-21,,,,"Wed, 17 Sep 2025 18:12:06 GMT","j43 oukaimeden observatory, marrakech oukaimeden observatory, marrakech"
J44,"Observatorio Iturrieta, Alava","Observatorio Iturrieta, Alava",42.79336435,-2.34480000,1001.489,0.73506000,0.67596000,optical,,,,,"Wed, 17 Sep 2025 18:12:06 GMT","j44 observatorio iturrieta, alava observatorio iturrieta, alava"
J45,"Observatorio Montana Cabreja, Vega de San Mateo","Observatorio Montana Cabreja, Vega de San Mateo",28.01162866,-15.53265000,875.458,0.88362600,0.46691600,optical,,,http://www.astrored.net/obsmcabreja/,,"Wed, 17 Sep 2025 18:12:06 GMT","j45 observatorio montana cabreja, vega de san mateo observatorio montana cabreja, vega de san mateo"
J46,"Observatorio Montana Blanca, Tias","Observatorio Montana Blanca, Tias",28.95747974,-13.64060000,170.668,0.87569000,0.48131000,optical,,,,,"Wed, 17 Sep 2025 18:12:06 GMT","j46 observatorio montana blanca, tias observatorio montana blanca, tias"
J47,Observatorio Nazaret,Observatorio Nazaret,29.04137403,-13.55600000,366.148,0.87501000,0.48260000,optical,,,http://astrosurf.com/nazaret/,,"Wed, 17 Sep 2025 18:12:06 GMT",j47 observatorio nazaret observatorio nazaret
J48,"Observatory Mackay, La Laguna","Observatory Mackay, La Laguna",28.47221429,-16.30400000,378.096,0.87977000,0.47393000,optical,,,,,"Wed, 17 Sep 2025 18:12:06 GMT","j48 observatory mackay, la laguna observatory mackay, la laguna"
J49,Santa Pola,Santa Pola,38.19262090,-0.55180000,47.197,0.78695000,0.61496000,optical,,,http://buscandocometas.blogia.com/,,"Wed, 17 Sep 2025 18:12:06 GMT",j49 santa pola santa pola
J50,La Palma-NEON,La Palma-NEON,28.76021952,-17.88240000,2320.718,0.87764000,0.47847000,optical,,,,,"Wed, 17 Sep 2025 18:12:06 GMT",j50 la palma neon la palma neon
J51,"Observatorio Atlante, Tenerife","Observatorio Atlante, Tenerife",28.46557179,-16.27102000,116.745,0.87978900,0.47380900,optical,2008-05-07,,http://atlante.org.es/,,"Wed, 17 Sep 2025 18:12:06 GMT","j51 observatorio atlante, tenerife observatorio atlante, tenerife"
J52,Observatorio Pinsoro,Observatorio Pinsoro,42.19902932,-1.33920000,367.498,0.74198000,0.66826000,optical,,,,,"Wed, 17 Sep 2025 18:12:06 GMT",j52 observatorio pinsoro observatorio pinsoro
J53,Posadas,Posadas,37.80193253,-5.10722000,98.402,0.79114200,0.60960700,optical,2008-05-07,,http://algieba.blogalia.com/,,"Wed, 17 Sep 2025 18:12:06 GMT",j53 posadas posadas
J54,Bradford Robotic Telescope,Bradford Robotic Telescope,28.29810828,-16.50940000,2418.862,0.88149000,0.47142000,optical,,,http://www.telescope.org/,,"Wed, 17 Sep 2025 18:12:06 GMT",j54 bradford robotic telescope bradford robotic telescope
J55,Los Altos de Arguineguin Observatory,Los Altos de Arguineguin Observatory,27.76886865,-15.68560000,87.595,0.88549000,0.46313000,optical,,,,,"Wed, 17 Sep 2025 18:12:06 GMT",j55 los altos de arguineguin observatory los altos de arguineguin observatory
J56,Observatorio La Avejerilla,Observatorio La Avejerilla,27.96285972,-15.54640000,1859.732,0.88416000,0.46624000,optical,,,,,"Wed, 17 Sep 2025 18:12:06 GMT",j56 observatorio la avejerilla observatorio la avejerilla
J57,Centro Astronómico Alto Turia 1,Centro Astronomico Alto Turia 1,39.95028030,-1.10917000,1329.998,0.76782200,0.63884000,optical,,,https://astroava.org/,"Centro Astronomico Alto Turia, Valencia","Mon, 11 May 2026 20:20:17 GMT","j57 centro astronomico alto turia 1 centro astronomico alto turia 1 centro astronomico alto turia, valencia"
J58,"Brynllefrith Observatory, Llantwit Fardre","Brynllefrith Observatory, Llantwit Fardre",51.55607127,-3.33560000,112.692,0.62304000,0.77959000,optical,,,,,"Wed, 17 Sep 2025 18:12:06 GMT","j58 brynllefrith observatory, llantwit fardre brynllefrith observatory, llantwit fardre"
J59,"Observatorio Linceo, Santander","Observatorio Linceo, Santander",43.46443548,-3.79744000,18.775,0.72695600,0.68438600,optical,2008-05-07,,http://www.astrosurf.com/linceot/,,"Wed, 17 Sep 2025 18:12:06 GMT","j59 observatorio linceo, santander observatorio linceo, santander"
J60,"Tocororo Observatory, Arquillinos","Tocororo Observatory, Arquillinos",41.71143705,-5.65940000,990.336,0.74773000,0.66201000,optical,2006-05-29,,,,"Wed, 17 Sep 2025 18:12:06 GMT","j60 tocororo observatory, arquillinos tocororo observatory, arquillinos"
J61,"Brownstown Observatory, Kilcloon","Brownstown Observatory, Kilcloon",53.42354157,-6.57360000,48.555,0.59719000,0.79942000,optical,,,http://www.sweeneysite.com/,,"Wed, 17 Sep 2025 18:12:06 GMT","j61 brownstown observatory, kilcloon brownstown observatory, kilcloon"
J62,"Kingsland Observatory, Boyle","Kingsland Observatory, Boyle",53.92315353,-8.36550000,91.045,0.59017000,0.80459000,optical,,,,,"Wed, 17 Sep 2025 18:12:06 GMT","j62 kingsland observatory, boyle kingsland observatory, boyle"
J63,San Gabriel,San Gabriel,38.32929450,-0.51690000,71.081,0.78548000,0.61683000,optical,,,,,"Wed, 17 Sep 2025 18:12:06 GMT",j63 san gabriel san gabriel
J64,La Mata,La Mata,38.02847820,-0.65410000,22.634,0.78871000,0.61271000,optical,,,,,"Wed, 17 Sep 2025 18:12:06 GMT",j64 la mata la mata
J65,Celbridge,Celbridge,53.34445391,-6.55030000,73.332,0.59830000,0.79860000,optical,2007-09-15,,http://www.astroshack.net,,"Wed, 17 Sep 2025 18:12:06 GMT",j65 celbridge celbridge
J66,Kinver,Kinver,52.45287661,-2.21670000,104.160,0.61071000,0.78922000,optical,,,,,"Wed, 17 Sep 2025 18:12:06 GMT",j66 kinver kinver
J67,Observatorio La Puebla de Vallbona,Observatorio La Puebla de Vallbona,39.63985748,-0.53330000,158.721,0.77114000,0.63457000,optical,,,,,"Wed, 17 Sep 2025 18:12:06 GMT",j67 observatorio la puebla de vallbona observatorio la puebla de vallbona
J68,"Tweenhills Observatory, Hartpury","Tweenhills Observatory, Hartpury",51.91409810,-2.29450000,48.568,0.61813000,0.78345000,optical,2005-09-18,,http://www.dmiller.demon.co.uk/astronomy.htm,,"Wed, 17 Sep 2025 18:12:06 GMT","j68 tweenhills observatory, hartpury tweenhills observatory, hartpury"
J69,"North Observatory, Clanfield","North Observatory, Clanfield",50.93898568,-1.01966000,200.809,0.63144300,0.77286300,optical,2019-03-14,,http://www.hantsastro.org.uk/,,"Wed, 07 Jan 2026 19:35:42 GMT","j69 north observatory, clanfield north observatory, clanfield"
J70,"Obs. Astronómico Vega del Thader, El Palmar","Obs. Astronomico Vega del Thader, El Palmar",37.93892005,-1.15960000,110.059,0.78968000,0.61149000,optical,,,,,"Wed, 17 Sep 2025 18:12:06 GMT","j70 obs. astronomico vega del thader, el palmar obs. astronomico vega del thader, el palmar"
J71,Willow Bank Observatory,Willow Bank Observatory,53.68726500,-2.10530000,177.141,0.59350000,0.80217000,optical,2007-08-24,,,,"Wed, 17 Sep 2025 18:12:06 GMT",j71 willow bank observatory willow bank observatory
J72,Valle del Sol,Valle del Sol,37.84981694,-1.03360000,252.156,0.79065000,0.61028000,optical,,,,,"Wed, 17 Sep 2025 18:12:06 GMT",j72 valle del sol valle del sol
J73,Quainton,Quainton,51.87246881,-0.91670000,33.738,0.61870000,0.78300000,optical,2004-09-27,,,,"Wed, 17 Sep 2025 18:12:06 GMT",j73 quainton quainton
J74,Bilbao,Bilbao,43.25163184,-2.90390000,10.694,0.72950000,0.68169000,optical,,,,,"Wed, 17 Sep 2025 18:12:06 GMT",j74 bilbao bilbao
J75,"OAM Observatory, La Sagra","OAM Observatory, La Sagra",37.98239945,-2.56529000,1513.539,0.78938800,0.61222200,optical,,,,,"Tue, 26 May 2026 20:34:56 GMT","j75 oam observatory, la sagra oam observatory, la sagra"
J76,La Murta,La Murta,37.84024228,-1.20282000,403.750,0.79077100,0.61016300,optical,2008-05-11,,,,"Wed, 17 Sep 2025 18:12:06 GMT",j76 la murta la murta
J77,"Golden Hill Observatory, Stourton Caundle","Golden Hill Observatory, Stourton Caundle",50.93094634,-2.40530000,80.627,0.63154000,0.77276000,optical,,,,,"Wed, 17 Sep 2025 18:12:06 GMT","j77 golden hill observatory, stourton caundle golden hill observatory, stourton caundle"
J78,Murcia,Murcia,38.01466709,-1.17560000,119.405,0.78887000,0.61253000,optical,,,http://www.elcaracas.com/,,"Wed, 17 Sep 2025 18:12:06 GMT",j78 murcia murcia
J79,"Observatorio Calarreona, Aguilas","Observatorio Calarreona, Aguilas",37.38909458,-1.61934000,27.093,0.79551600,0.60390800,optical,2008-05-07,,,,"Wed, 17 Sep 2025 18:12:06 GMT","j79 observatorio calarreona, aguilas observatorio calarreona, aguilas"
J80,Sainte Helene,Sainte Helene,44.97368557,-0.89170000,24.314,0.70862000,0.70323000,optical,,,,,"Wed, 17 Sep 2025 18:12:06 GMT",j80 sainte helene sainte helene
J81,Guirguillano,Guirguillano,42.71174502,-1.86511000,644.238,0.73598400,0.67487800,optical,,,,,"Wed, 17 Sep 2025 18:12:06 GMT",j81 guirguillano guirguillano
J82,Leyland,Leyland,53.68488939,-2.69330000,-182.618,0.59350000,0.80210000,optical,,,,,"Wed, 17 Sep 2025 18:12:06 GMT",j82 leyland leyland
J83,"Olive Farm Observatory, Hoghton","Olive Farm Observatory, Hoghton",53.74034540,-2.61170000,33.219,0.59274000,0.80270000,optical,,,,,"Wed, 17 Sep 2025 18:12:06 GMT","j83 olive farm observatory, hoghton olive farm observatory, hoghton"
J84,"South Observatory, Clanfield","South Observatory, Clanfield",50.93864957,-1.01970000,124.370,0.63144000,0.77285000,optical,,,http://www.hantsastro.org.uk/,,"Wed, 17 Sep 2025 18:12:06 GMT","j84 south observatory, clanfield south observatory, clanfield"
J85,Makerstoun,Makerstoun,55.57856931,-2.51670000,366.748,0.56660000,0.82130000,optical,,,,,"Wed, 17 Sep 2025 18:12:06 GMT",j85 makerstoun makerstoun
J86,Sierra Nevada Observatory,Sierra Nevada Observatory,37.06413375,-3.38470000,2930.413,0.79930000,0.59968000,optical,,,,,"Wed, 17 Sep 2025 18:12:06 GMT",j86 sierra nevada observatory sierra nevada observatory
J87,La Cañada,La Canada,40.60397191,-4.49330000,1386.908,0.76047000,0.64753000,optical,2008-01-04,,https://www.lacañada.es/,,"Thu, 16 Jul 2026 03:40:54 GMT",j87 la canada la canada
J88,"Strawberry Field Obs., Southampton","Strawberry Field Obs., Southampton",50.92243652,-1.44080000,27.692,0.63165000,0.77266000,optical,,,,,"Wed, 17 Sep 2025 18:12:06 GMT","j88 strawberry field obs., southampton strawberry field obs., southampton"
J89,Tres Cantos Observatory,Tres Cantos Observatory,40.59861508,-3.71390000,708.938,0.76045000,0.64739000,optical,,,,,"Wed, 17 Sep 2025 18:12:06 GMT",j89 tres cantos observatory tres cantos observatory
J90,West Challow,West Challow,51.59448111,-1.46830000,60.499,0.62251000,0.78000000,optical,,,,,"Wed, 17 Sep 2025 18:12:06 GMT",j90 west challow west challow
J91,"Alt emporda Observatory, Figueres","Alt emporda Observatory, Figueres",42.27295359,-2.95170000,241.964,0.74110000,0.66920000,optical,2002-06-25,,,,"Wed, 17 Sep 2025 18:12:06 GMT","j91 alt emporda observatory, figueres alt emporda observatory, figueres"
J92,Beaconsfield,Beaconsfield,51.62214186,-0.65130000,144.628,0.62214000,0.78031000,optical,,,,,"Wed, 17 Sep 2025 18:12:06 GMT",j92 beaconsfield beaconsfield
J93,"Mount Tuffley Observatory, Gloucester","Mount Tuffley Observatory, Gloucester",51.83083905,-2.25740000,22.273,0.61927000,0.78255000,optical,,,,,"Wed, 17 Sep 2025 18:12:06 GMT","j93 mount tuffley observatory, gloucester mount tuffley observatory, gloucester"
J94,Abbeydale,Abbeydale,51.84426492,-2.21140000,65.125,0.61909000,0.78270000,optical,,,,,"Wed, 17 Sep 2025 18:12:06 GMT",j94 abbeydale abbeydale
J95,Great Shefford,Great Shefford,51.47495689,-1.44699000,157.792,0.62415200,0.77871500,optical,2017-07-23,,http://www.birtwhistle.org.uk,,"Mon, 12 Jan 2026 17:12:34 GMT",j95 great shefford great shefford
J96,Observatorio de Cantabria,Observatorio de Cantabria,42.77161713,-3.94331000,1076.998,0.73532600,0.67569000,optical,2007-10-21,,,,"Wed, 17 Sep 2025 18:12:06 GMT",j96 observatorio de cantabria observatorio de cantabria
J97,Alginet,Alginet,39.25057321,-0.46670000,-214.610,0.77540000,0.62930000,optical,,,,,"Wed, 17 Sep 2025 18:12:06 GMT",j97 alginet alginet
J98,Observatorio Manises,Observatorio Manises,39.49326152,-0.46560000,30.624,0.77275000,0.63259000,optical,,,,,"Wed, 17 Sep 2025 18:12:06 GMT",j98 observatorio manises observatorio manises
J99,Burjassot,Burjassot,39.50801018,-0.42192000,49.675,0.77258900,0.63279000,optical,2007-09-18,,,,"Wed, 17 Sep 2025 18:12:06 GMT",j99 burjassot burjassot
K00,Hanau,Hanau,50.10764985,8.94836000,152.580,0.64263000,0.76363900,optical,2021-09-02,,,,"Wed, 17 Sep 2025 18:12:06 GMT",k00 hanau hanau
K01,"Astrognosis Observatory, Bradwell","Astrognosis Observatory, Bradwell",51.87747826,0.62091000,82.771,0.61863600,0.78306000,optical,2016-02-26,,,,"Wed, 17 Sep 2025 18:12:06 GMT","k01 astrognosis observatory, bradwell astrognosis observatory, bradwell"
K02,"Eastwood Observatory, Leigh on Sea","Eastwood Observatory, Leigh on Sea",51.56880519,0.66761000,30.530,0.62285800,0.77971800,optical,2015-11-13,,,,"Wed, 17 Sep 2025 18:12:06 GMT","k02 eastwood observatory, leigh on sea eastwood observatory, leigh on sea"
K03,Observatori AAS Montsec,Observatori AAS Montsec,42.01897788,0.74411000,799.542,0.74413300,0.66597900,optical,2016-10-07,,,,"Wed, 17 Sep 2025 18:12:06 GMT",k03 observatori aas montsec observatori aas montsec
K04,"Lo Fossil Observatory, Ager","Lo Fossil Observatory, Ager",42.01926380,0.74416000,802.404,0.74413000,0.66598300,optical,2016-10-23,,,,"Wed, 17 Sep 2025 18:12:06 GMT","k04 lo fossil observatory, ager lo fossil observatory, ager"
K05,"Eden Observatory, Banham","Eden Observatory, Banham",52.45428503,1.02311000,88.276,0.61068900,0.78923300,optical,2016-10-12,,,,"Wed, 17 Sep 2025 18:12:06 GMT","k05 eden observatory, banham eden observatory, banham"
K06,"Observatorio Montagut, Can Sola","Observatorio Montagut, Can Sola",41.53887884,1.99950000,408.377,0.74965800,0.65970300,optical,2019-06-28,,,,"Wed, 17 Sep 2025 18:12:06 GMT","k06 observatorio montagut, can sola observatorio montagut, can sola"
K07,"Observatoire de Gravelle, St. Maurice","Observatoire de Gravelle, St. Maurice",48.81749159,2.46140000,177.290,0.65973000,0.74902000,optical,2016-12-09,,,,"Wed, 17 Sep 2025 18:12:06 GMT","k07 observatoire de gravelle, st. maurice observatoire de gravelle, st. maurice"
K08,"Observatorio Lledoner, Vallirana","Observatorio Lledoner, Vallirana",41.38697961,1.88000000,497.812,0.75142000,0.65773000,optical,2016-10-22,,,,"Wed, 17 Sep 2025 18:12:06 GMT","k08 observatorio lledoner, vallirana observatorio lledoner, vallirana"
K09,Llica d'Amunt,Llica d\'Amunt,41.60281236,2.24000000,159.075,0.74889000,0.66051000,optical,2014-04-22,,,,"Wed, 17 Sep 2025 18:12:06 GMT",k09 llica d'amunt llica d\'amunt
K10,"Micro Palomar, Reilhanette","Micro Palomar, Reilhanette",44.17013754,5.42140000,601.308,0.71851000,0.69332000,optical,2016-02-16,,,,"Wed, 17 Sep 2025 18:12:06 GMT","k10 micro palomar, reilhanette micro palomar, reilhanette"
K11,Observatoire de Pommier,Observatoire de Pommier,45.87943273,2.88079000,764.826,0.69745800,0.71439000,optical,2015-09-27,,,,"Wed, 17 Sep 2025 18:12:06 GMT",k11 observatoire de pommier observatoire de pommier
K12,Obsevatorio Astronomico de Marratxi,Obsevatorio Astronomico de Marratxi,39.63286841,2.72670000,95.681,0.77121000,0.63447000,optical,2014-01-28,,,,"Wed, 17 Sep 2025 18:12:06 GMT",k12 obsevatorio astronomico de marratxi obsevatorio astronomico de marratxi
K13,"Albireo Observatory, Inca","Albireo Observatory, Inca",39.72833782,2.91240000,105.227,0.77015000,0.63575000,optical,2014-01-24,,,,"Wed, 17 Sep 2025 18:12:06 GMT","k13 albireo observatory, inca albireo observatory, inca"
K14,Observatorio de Sencelles,Observatorio de Sencelles,39.66103922,2.91310000,119.688,0.77090000,0.63485000,optical,2014-04-24,,,,"Wed, 17 Sep 2025 18:12:06 GMT",k14 observatorio de sencelles observatorio de sencelles
K15,Murviel-lès-Montpellier,Murviel-les-Montpellier,43.61588128,3.75522000,135.854,0.72515200,0.68631100,optical,2013-08-15,,,,"Wed, 17 Sep 2025 18:12:06 GMT",k15 murviel les montpellier murviel les montpellier
K16,Reilhanette,Reilhanette,44.16741452,5.42106000,574.125,0.71854000,0.69328300,optical,2015-12-13,,,,"Wed, 17 Sep 2025 18:12:06 GMT",k16 reilhanette reilhanette
K17,"Observatoire des Valentines, Bex","Observatoire des Valentines, Bex",46.24761294,7.02679000,442.025,0.69280200,0.71880600,optical,2015-12-14,,,,"Wed, 17 Sep 2025 18:12:06 GMT","k17 observatoire des valentines, bex observatoire des valentines, bex"
K18,Hésingue,Hesingue,47.57561192,7.52420000,279.538,0.67588000,0.73460000,optical,2015-08-30,,,,"Wed, 17 Sep 2025 18:12:06 GMT",k18 hesingue hesingue
K19,"PASTIS Observatory, Banon","PASTIS Observatory, Banon",43.99945862,5.64731000,629.146,0.72058200,0.69118700,optical,2015-09-07,,,,"Wed, 17 Sep 2025 18:12:06 GMT","k19 pastis observatory, banon pastis observatory, banon"
K20,"Danastro Observatory, Romerée","Danastro Observatory, Romeree",50.13546753,4.68015000,185.393,0.64226100,0.76395400,optical,2013-03-05,,,,"Wed, 17 Sep 2025 18:12:06 GMT","k20 danastro observatory, romeree danastro observatory, romeree"
K21,Saint-Saturnin-lès-Avignon,Saint-Saturnin-les-Avignon,43.95856657,4.92920000,38.024,0.72101000,0.69061000,optical,2012-12-13,,,,"Wed, 17 Sep 2025 18:12:06 GMT",k21 saint saturnin les avignon saint saturnin les avignon
K22,"Les Barres Observatory, Lamanon","Les Barres Observatory, Lamanon",43.69310495,5.07611000,123.798,0.72422200,0.68728300,optical,2015-05-09,,,,"Wed, 17 Sep 2025 18:12:06 GMT","k22 les barres observatory, lamanon les barres observatory, lamanon"
K23,Gorgonzola,Gorgonzola,45.53572402,9.40230000,166.700,0.70168000,0.71014000,optical,2015-08-02,,,,"Wed, 17 Sep 2025 18:12:06 GMT",k23 gorgonzola gorgonzola
K24,Schmelz,Schmelz,49.44320676,6.86069000,251.229,0.65148700,0.75616800,optical,2015-03-24,,,,"Wed, 17 Sep 2025 18:12:06 GMT",k24 schmelz schmelz
K25,"Observatoire Haute Provence Sud, Saint-Michel-l'Observatoire","Haute Provence Sud, Saint-Michel-l\'Observatoire",43.91683539,5.71360000,529.978,0.72157000,0.69014000,optical,2013-10-09,,,,"Wed, 17 Sep 2025 18:12:06 GMT","k25 observatoire haute provence sud, saint michel l'observatoire haute provence sud, saint michel l\'observatoire"
K26,Contern,Contern,49.58222687,6.22010000,317.972,0.64965000,0.75775000,optical,2015-04-30,,,,"Wed, 17 Sep 2025 18:12:06 GMT",k26 contern contern
K27,"St-Martin Observatory, Amathay Vésigneux","St-Martin Observatory, Amathay Vesigneux",47.02659665,6.20940000,715.395,0.68296000,0.72816000,optical,2014-06-05,,,,"Wed, 17 Sep 2025 18:12:06 GMT","k27 st martin observatory, amathay vesigneux st martin observatory, amathay vesigneux"
K28,Sternwarte Eckdorf,Sternwarte Eckdorf,50.80415847,6.89470000,127.253,0.63326000,0.77137000,optical,2015-01-21,,,,"Wed, 17 Sep 2025 18:12:06 GMT",k28 sternwarte eckdorf sternwarte eckdorf
K29,Stellarium Gornergrat,Stellarium Gornergrat,45.98338814,7.78347000,3140.387,0.69641500,0.71591800,optical,2014-11-14,,,,"Wed, 17 Sep 2025 18:12:06 GMT",k29 stellarium gornergrat stellarium gornergrat
K30,Lüscherz,Luscherz,47.04661800,7.14839000,429.010,0.68267400,0.72836500,optical,2014-01-03,,,,"Wed, 17 Sep 2025 18:12:06 GMT",k30 luscherz luscherz
K31,Osservatorio Astronomico di Bellino,Osservatorio Astronomico di Bellino,44.57932046,7.00361000,1782.838,0.71365600,0.69854600,optical,2013-02-06,,,,"Wed, 17 Sep 2025 18:12:06 GMT",k31 osservatorio astronomico di bellino osservatorio astronomico di bellino
K32,"Maritime Alps Observatory, Cuneo","Maritime Alps Observatory, Cuneo",44.36377733,7.52964000,574.054,0.71615200,0.69573300,optical,2013-12-01,,,,"Wed, 17 Sep 2025 18:12:06 GMT","k32 maritime alps observatory, cuneo maritime alps observatory, cuneo"
K33,San Defendente,San Defendente,44.39466260,7.49761000,568.437,0.71577500,0.69611700,optical,2013-01-02,,,,"Wed, 17 Sep 2025 18:12:06 GMT",k33 san defendente san defendente
K34,Turin,Turin,45.10922696,7.70050000,215.614,0.70697000,0.70492000,optical,2012-12-06,,,,"Wed, 17 Sep 2025 18:12:06 GMT",k34 turin turin
K35,Huenfelden,Huenfelden,50.31300531,8.16369000,202.201,0.63988300,0.76593700,optical,2013-05-01,,,,"Wed, 17 Sep 2025 18:12:06 GMT",k35 huenfelden huenfelden
K36,Ebersheim,Ebersheim,49.91818270,8.24887000,205.462,0.64516700,0.76152200,optical,2013-02-03,,,,"Wed, 17 Sep 2025 18:12:06 GMT",k36 ebersheim ebersheim
K37,Cereseto,Cereseto,45.07514032,8.31480000,119.319,0.70738000,0.70449000,optical,2013-09-05,,,,"Wed, 17 Sep 2025 18:12:06 GMT",k37 cereseto cereseto
K38,"M57 Observatory, Saltrio","M57 Observatory, Saltrio",45.87378184,8.91824000,547.730,0.69750500,0.71429700,optical,2018-07-08,,,,"Wed, 17 Sep 2025 18:12:06 GMT","k38 m57 observatory, saltrio m57 observatory, saltrio"
K39,Serra Observatory,Serra Observatory,44.53354328,8.95556000,568.403,0.71408000,0.69784400,optical,2014-07-18,,,,"Wed, 17 Sep 2025 18:12:06 GMT",k39 serra observatory serra observatory
K40,Altdorf,Altdorf,48.62547995,9.01350000,505.801,0.66228000,0.74685000,optical,2014-08-23,,,,"Wed, 17 Sep 2025 18:12:06 GMT",k40 altdorf altdorf
K41,"Vegaquattro Astronomical Observatory, Novi Ligure","Vegaquattro Astronomical Obs., Novi Ligure",44.77118035,8.79300000,209.721,0.71113000,0.70075000,optical,2014-09-24,,http://www.vao.altervista.org/,,"Wed, 17 Sep 2025 18:12:06 GMT","k41 vegaquattro astronomical observatory, novi ligure vegaquattro astronomical obs., novi ligure"
K42,Knielingen,Knielingen,49.03583810,8.33320000,81.006,0.65685000,0.75151000,optical,2015-04-09,,,,"Wed, 17 Sep 2025 18:12:06 GMT",k42 knielingen knielingen
K43,"OVM Observatory, Chiesa in Valmalencom","OVM Observatory, Chiesa in Valmalencom",46.31009442,9.83890000,1688.794,0.69215000,0.71970000,optical,2014-04-02,,,,"Wed, 17 Sep 2025 18:12:06 GMT","k43 ovm observatory, chiesa in valmalencom ovm observatory, chiesa in valmalencom"
K44,"Marienburg Sternwarte, Hildesheim","Marienburg Sternwarte, Hildesheim",52.13040038,9.97331000,104.974,0.61516100,0.78577900,optical,2014-01-21,,,,"Wed, 17 Sep 2025 18:12:06 GMT","k44 marienburg sternwarte, hildesheim marienburg sternwarte, hildesheim"
K45,"Osservatorio Astronomico di Punta Falcone, Piombino","Oss. Astronomico di Punta Falcone, Piombino",42.93278837,10.49814000,53.424,0.73329900,0.67763900,optical,2015-01-12,,,,"Wed, 17 Sep 2025 18:12:06 GMT","k45 osservatorio astronomico di punta falcone, piombino oss. astronomico di punta falcone, piombino"
K46,Bamberg,Bamberg,49.88501214,10.91140000,210.436,0.64561000,0.76115000,optical,2013-12-13,,,,"Wed, 17 Sep 2025 18:12:06 GMT",k46 bamberg bamberg
K47,"BSCR Observatory, Santa Maria a Monte","BSCR Observatory, Santa Maria a Monte",43.68918507,10.68822000,16.458,0.72425700,0.68722200,optical,2013-12-07,,,,"Wed, 17 Sep 2025 18:12:06 GMT","k47 bscr observatory, santa maria a monte bscr observatory, santa maria a monte"
K48,"Keyhole Observatory, San Giorgio di Mantova","Keyhole Observatory, San Giorgio di Mantova",45.20918253,10.83881000,25.490,0.70571400,0.70612700,optical,2013-08-05,,,,"Wed, 17 Sep 2025 18:12:06 GMT","k48 keyhole observatory, san giorgio di mantova keyhole observatory, san giorgio di mantova"
K49,"Carpione Observatory, Spedaletto","Carpione Observatory, Spedaletto",43.68111368,11.18581000,253.580,0.72438100,0.68714600,optical,2012-12-24,,,,"Wed, 17 Sep 2025 18:12:06 GMT","k49 carpione observatory, spedaletto carpione observatory, spedaletto"
K50,"Sternwarte Feuerstein, Ebermannstadt","Sternwarte Feuerstein, Ebermannstadt",49.79011189,11.13300000,489.331,0.64690300,0.76011600,optical,2014-05-05,,,,"Wed, 17 Sep 2025 18:12:06 GMT","k50 sternwarte feuerstein, ebermannstadt sternwarte feuerstein, ebermannstadt"
K51,"Osservatorio del Celado, Castello Tesino","Osservatorio del Celado, Castello Tesino",46.02948050,11.65789000,1295.321,0.69563600,0.71626800,optical,2013-09-14,,,,"Wed, 17 Sep 2025 18:12:06 GMT","k51 osservatorio del celado, castello tesino osservatorio del celado, castello tesino"
K52,"Gwen Observatory, San Francesco al Campo","Gwen Observatory, San Francesco al Campo",45.23055888,7.64780000,300.700,0.70548000,0.70642000,optical,2015-01-05,,,,"Wed, 17 Sep 2025 18:12:06 GMT","k52 gwen observatory, san francesco al campo gwen observatory, san francesco al campo"
K53,Marina di Cerveteri,Marina di Cerveteri,41.98136195,12.04564000,6.878,0.74447900,0.66540900,optical,2014-10-30,,,,"Wed, 17 Sep 2025 18:12:06 GMT",k53 marina di cerveteri marina di cerveteri
K54,Astronomical Observatory University of Siena,Astronomical Observatory University of Siena,43.31266620,11.33678000,290.115,0.72880300,0.68249400,optical,2014-12-02,,,,"Wed, 17 Sep 2025 18:12:06 GMT",k54 astronomical observatory university of siena astronomical observatory university of siena
K55,Wallhausen,Wallhausen,49.88687742,7.76500000,219.119,0.64558600,0.76117200,optical,2015-06-29,,,,"Wed, 17 Sep 2025 18:12:06 GMT",k55 wallhausen wallhausen
K56,Osservatorio di Foligno,Osservatorio di Foligno,42.96026499,12.70497000,228.290,0.73299300,0.67800800,optical,2014-09-29,,,,"Wed, 17 Sep 2025 18:12:06 GMT",k56 osservatorio di foligno osservatorio di foligno
K57,Fiore Observatory,Fiore Observatory,45.78612189,13.04440000,-8.387,0.69854000,0.71317000,optical,2013-04-13,,,,"Wed, 17 Sep 2025 18:12:06 GMT",k57 fiore observatory fiore observatory
K58,Gevelsberg,Gevelsberg,51.30082232,7.44970000,407.621,0.62655000,0.77685000,optical,2015-03-08,,,,"Wed, 17 Sep 2025 18:12:06 GMT",k58 gevelsberg gevelsberg
K59,"Elsterland Observatory, Jeßnigk","Elsterland Observatory, Jessnigk",51.74799466,13.27744000,78.502,0.62041100,0.78166300,optical,2013-10-07,,,,"Wed, 17 Sep 2025 18:12:06 GMT","k59 elsterland observatory, jessnigk elsterland observatory, jessnigk"
K60,Lindby,Lindby,55.43594606,13.51069000,40.781,0.56862300,0.81984800,optical,2013-09-30,,,,"Wed, 17 Sep 2025 18:12:06 GMT",k60 lindby lindby
K61,Rokycany Observatory,Rokycany Observatory,49.75139978,13.60260000,406.024,0.64741000,0.75967000,optical,,,http://hvr.cz/en/,,"Wed, 17 Sep 2025 18:12:06 GMT",k61 rokycany observatory rokycany observatory
K62,Teplice Observatory,Teplice Observatory,50.63831790,13.84675000,277.752,0.63551400,0.76955700,optical,2015-04-18,,,,"Wed, 17 Sep 2025 18:12:06 GMT",k62 teplice observatory teplice observatory
K63,"G. Pascoli Observatory, Castelvecchio Pascoli (before June 2023)","G. Pascoli Observatory, Barga (before June 2023)",44.08278589,10.46252000,302.765,0.71953600,0.69219500,optical,2015-05-08,2023-05-31,,,"Wed, 17 Sep 2025 18:12:06 GMT","k63 g. pascoli observatory, castelvecchio pascoli (before june 2023) g. pascoli observatory, barga (before june 2023)"
K64,Waizenreuth,Waizenreuth,49.93547626,11.74397000,470.871,0.64496300,0.76174800,optical,2015-05-29,,,,"Wed, 17 Sep 2025 18:12:06 GMT",k64 waizenreuth waizenreuth
K65,Cesena,Cesena,44.14164621,12.23390000,16.482,0.71879000,0.69290000,optical,2015-06-04,,,,"Wed, 17 Sep 2025 18:12:06 GMT",k65 cesena cesena
K66,Osservatorio Astronomico di Anzio,Osservatorio Astronomico di Anzio,41.46335574,12.62861000,80.826,0.75049100,0.65868400,optical,2015-07-23,,,,"Wed, 17 Sep 2025 18:12:06 GMT",k66 osservatorio astronomico di anzio osservatorio astronomico di anzio
K67,"Bayerwald Sternwarte, Spiegelau","Bayerwald Sternwarte, Spiegelau",48.92765055,13.36100000,825.804,0.65835000,0.75036000,optical,2015-08-08,,,,"Wed, 17 Sep 2025 18:12:06 GMT","k67 bayerwald sternwarte, spiegelau bayerwald sternwarte, spiegelau"
K68,"Osservatorio Elianto, Pontecagnano","Osservatorio Elianto, Pontecagnano",40.65771029,14.90512000,112.220,0.75970900,0.64811000,optical,2015-09-20,,,,"Wed, 17 Sep 2025 18:12:06 GMT","k68 osservatorio elianto, pontecagnano osservatorio elianto, pontecagnano"
K69,Riethnordhausen,Riethnordhausen,51.09068520,10.99410000,137.844,0.62938000,0.77452000,optical,2015-09-30,,,,"Wed, 17 Sep 2025 18:12:06 GMT",k69 riethnordhausen riethnordhausen
K70,Rosarno,Rosarno,38.48920204,15.97360000,63.183,0.78375000,0.61901000,optical,2013-09-03,,,,"Wed, 17 Sep 2025 18:12:06 GMT",k70 rosarno rosarno
K71,Neutraubling,Neutraubling,48.98975676,12.21590000,309.234,0.65748000,0.75101000,optical,2015-10-02,,,,"Wed, 17 Sep 2025 18:12:06 GMT",k71 neutraubling neutraubling
K72,Celico,Celico,39.31104272,16.33960000,744.738,0.77485000,0.63021000,optical,2013-07-05,,,,"Wed, 17 Sep 2025 18:12:06 GMT",k72 celico celico
K73,Gravina in Puglia,Gravina in Puglia,40.82075549,16.41580000,395.869,0.75789000,0.65029000,optical,2015-01-31,,,,"Wed, 17 Sep 2025 18:12:06 GMT",k73 gravina in puglia gravina in puglia
K74,"Muensterschwarzach Observatory, Schwarzach","Muensterschwarzach Observatory, Schwarzach",49.80527603,10.23640000,182.839,0.64667000,0.76025000,optical,2015-11-16,,,,"Wed, 17 Sep 2025 18:12:06 GMT","k74 muensterschwarzach observatory, schwarzach muensterschwarzach observatory, schwarzach"
K75,"Astro Dolomites, Santa Cristina Valgardena","Astro Dolomites, Santa Cristina Valgardena",46.56047780,11.72890000,1529.161,0.68897000,0.72269000,optical,2015-12-25,,,,"Wed, 17 Sep 2025 18:12:06 GMT","k75 astro dolomites, santa cristina valgardena astro dolomites, santa cristina valgardena"
K76,"BSA Osservatorio, Savigliano","BSA Osservatorio, Savigliano",44.58052850,7.62898000,410.769,0.71348800,0.69841000,optical,2016-06-10,,http://osservatorioastronomicobsa.it/,,"Wed, 17 Sep 2025 18:12:06 GMT","k76 bsa osservatorio, savigliano bsa osservatorio, savigliano"
K77,"EHB01 Observatory, Engelhardsberg","EHB01 Observatory, Engelhardsberg",49.79736164,11.29030000,425.709,0.64680000,0.76019000,optical,2016-08-04,,,,"Wed, 17 Sep 2025 18:12:06 GMT","k77 ehb01 observatory, engelhardsberg ehb01 observatory, engelhardsberg"
K78,"iota Scorpii Observatory, La Spezia","iota Scorpii Observatory, La Spezia",44.12627415,9.85356000,109.960,0.71898700,0.69271800,optical,2016-08-01,,http://www.iotascorpiiobservatory.it/,,"Wed, 17 Sep 2025 18:12:06 GMT","k78 iota scorpii observatory, la spezia iota scorpii observatory, la spezia"
K79,Erfurt,Erfurt,50.95936950,11.05789000,282.953,0.63117500,0.77309700,optical,2016-08-28,,,,"Wed, 17 Sep 2025 18:12:06 GMT",k79 erfurt erfurt
K80,"Platanus Observatory, Lusowko","Platanus Observatory, Lusowko",52.44229811,16.63733000,132.216,0.61085900,0.78911100,optical,2016-09-16,,,,"Wed, 17 Sep 2025 18:12:06 GMT","k80 platanus observatory, lusowko platanus observatory, lusowko"
K81,"P.M.P.H.R. Deep Sky Observatory, Atina","P.M.P.H.R. Deep Sky Observatory, Atina",41.62462091,13.78511000,399.769,0.74866600,0.66081900,optical,2017-02-13,,,,"Wed, 17 Sep 2025 18:12:06 GMT","k81 p.m.p.h.r. deep sky observatory, atina p.m.p.h.r. deep sky observatory, atina"
K82,"Alphard Observatory, Ostuni","Alphard Observatory, Ostuni",40.68913092,17.58940000,259.816,0.75937000,0.64854000,optical,2016-09-25,,,,"Wed, 17 Sep 2025 18:12:06 GMT","k82 alphard observatory, ostuni alphard observatory, ostuni"
K83,"Osservatorio Astronomico Beppe Forti, Montelupo","Osservatorio Astronomico Beppe Forti, Montelupo",43.75533034,11.04317000,249.515,0.72348700,0.68808000,optical,2016-10-22,,https://www.gruppoastrofilimontelupo.it/,"Beppe Forti Astronomical Observatory, Montelupo","Mon, 03 Nov 2025 21:56:03 GMT","k83 osservatorio astronomico beppe forti, montelupo osservatorio astronomico beppe forti, montelupo beppe forti astronomical observatory, montelupo"
K84,"Felliscopio Observatory, Fellicarolo","Felliscopio Observatory, Fellicarolo",44.18768014,10.75861000,983.822,0.71834000,0.69358100,optical,2016-10-24,,,,"Wed, 17 Sep 2025 18:12:06 GMT","k84 felliscopio observatory, fellicarolo felliscopio observatory, fellicarolo"
K85,Kelmis,Kelmis,50.72399089,6.03161000,237.851,0.63435400,0.77049900,optical,2017-02-10,,,,"Wed, 17 Sep 2025 18:12:06 GMT",k85 kelmis kelmis
K86,Brescia,Brescia,45.54919365,10.18189000,198.915,0.70151600,0.71030800,optical,2016-10-22,,,,"Wed, 17 Sep 2025 18:12:06 GMT",k86 brescia brescia
K87,Dettelbach Vineyard Observatory,Dettelbach Vineyard Observatory,49.80768974,10.17011000,273.303,0.64664700,0.76028800,optical,2017-03-26,,http://www.k87dettelbachvineyardobservatory.bayern/,,"Wed, 17 Sep 2025 18:12:06 GMT",k87 dettelbach vineyard observatory dettelbach vineyard observatory
K88,"GINOP-KHK, Piszkéstető","GINOP-KHK, Piszkesteto",47.91745264,19.89367000,983.283,0.67154300,0.73868900,optical,2016-10-24,,,,"Sat, 27 Jun 2026 01:35:59 GMT","k88 ginop khk, piszkesteto ginop khk, piszkesteto"
K89,"Digital Stargate Observatory, Manciano","Digital Stargate Observatory, Manciano",42.48001174,11.56339000,203.858,0.73866500,0.67186000,optical,2017-04-17,,,,"Wed, 17 Sep 2025 18:12:06 GMT","k89 digital stargate observatory, manciano digital stargate observatory, manciano"
K90,Sopot Astronomical Observatory,Sopot Astronomical Observatory,44.53023792,20.54577000,323.345,0.71409300,0.69777600,optical,2013-08-13,,,,"Wed, 17 Sep 2025 18:12:06 GMT",k90 sopot astronomical observatory sopot astronomical observatory
K91,Sutherland-LCO A,Sutherland-LCO A,-32.38053950,20.81019000,1806.885,0.84556100,-0.53261800,optical,2013-03-23,,,,"Tue, 26 May 2026 20:34:56 GMT",k91 sutherland lco a sutherland lco a
K92,Sutherland-LCO B,Sutherland-LCO B,-32.38053950,20.81004000,1806.885,0.84556100,-0.53261800,optical,2013-03-23,,,,"Tue, 26 May 2026 20:34:56 GMT",k92 sutherland lco b sutherland lco b
K93,Sutherland-LCO C,Sutherland-LCO C,-32.38066741,20.81011000,1808.330,0.84556000,-0.53262000,optical,2013-03-23,,,,"Tue, 26 May 2026 20:34:56 GMT",k93 sutherland lco c sutherland lco c
K94,Sutherland,Sutherland,-32.37995679,20.81097000,1765.896,0.84556100,-0.53260600,optical,2014-06-19,,,,"Wed, 17 Sep 2025 18:12:06 GMT",k94 sutherland sutherland
K95,"MASTER-SAAO Observatory, Sutherland","MASTER-SAAO Observatory, Sutherland",-32.38048146,20.81106000,1757.488,0.84555500,-0.53261300,optical,2015-01-21,,,,"Wed, 17 Sep 2025 18:12:06 GMT","k95 master saao observatory, sutherland master saao observatory, sutherland"
K96,Savelli Observatory,Savelli Observatory,39.31440354,16.75119000,1215.195,0.77487000,0.63030200,optical,2017-03-31,,,,"Wed, 17 Sep 2025 18:12:06 GMT",k96 savelli observatory savelli observatory
K97,Freconrupt,Freconrupt,48.46768777,7.18026000,687.929,0.66436100,0.74505000,optical,2017-05-15,,,,"Wed, 17 Sep 2025 18:12:06 GMT",k97 freconrupt freconrupt
K98,"6ROADS Observatory 1, Wojnowko","6ROADS Observatory 1, Wojnowko",52.63384659,17.07217000,118.621,0.60820500,0.79114200,optical,2017-03-25,,,,"Wed, 17 Sep 2025 18:12:06 GMT","k98 6roads observatory 1, wojnowko 6roads observatory 1, wojnowko"
K99,Derenivka Observatory,Derenivka Observatory,48.56338079,22.45350000,234.670,0.66306400,0.74610200,optical,2014-10-05,,,,"Wed, 17 Sep 2025 18:08:55 GMT",k99 derenivka observatory derenivka observatory
L00,"East Rome Observatory, Rome","East Rome Observatory, Rome",41.90739870,12.53750000,93.139,0.74535000,0.66446000,optical,2017-06-10,,,,"Wed, 17 Sep 2025 18:12:06 GMT","l00 east rome observatory, rome east rome observatory, rome"
L01,"Višnjan Observatory, Tican","Visnjan Observatory, Tican",45.29089665,13.74930000,380.828,0.70474200,0.70716900,optical,2017-07-18,,,,"Wed, 17 Sep 2025 18:12:06 GMT","l01 visnjan observatory, tican visnjan observatory, tican"
L02,"NOAK Observatory, Stavraki","NOAK Observatory, Stavraki",39.65245218,20.81658000,580.299,0.77105100,0.63478100,optical,2017-07-10,,,,"Wed, 17 Sep 2025 18:12:06 GMT","l02 noak observatory, stavraki noak observatory, stavraki"
L03,"SGT Observatory, Gaflenz","SGT Observatory, Gaflenz",47.89662329,14.73081000,531.489,0.67176500,0.73839300,optical,2017-10-12,,,,"Wed, 17 Sep 2025 18:12:06 GMT","l03 sgt observatory, gaflenz sgt observatory, gaflenz"
L04,"ROASTERR-1 Observatory, Cluj-Napoca","ROASTERR-1 Observatory, Cluj-Napoca",46.82095152,23.59640000,394.183,0.68554400,0.72567500,optical,2013-10-06,,,,"Wed, 17 Sep 2025 18:12:06 GMT","l04 roasterr 1 observatory, cluj napoca roasterr 1 observatory, cluj napoca"
L05,"Dridri Observatory, Franciacorta","Dridri Observatory, Franciacorta",45.59658708,10.06990000,233.546,0.70093000,0.71089000,optical,2017-10-21,,,,"Wed, 17 Sep 2025 18:12:06 GMT","l05 dridri observatory, franciacorta dridri observatory, franciacorta"
L06,"Sormano 2 Observatory, Bellagio Via Lattea","Sormano 2 Observatory, Bellagio Via Lattea",45.97009976,9.25403000,372.705,0.69628000,0.71544500,optical,2017-07-30,,,,"Wed, 17 Sep 2025 18:12:06 GMT","l06 sormano 2 observatory, bellagio via lattea sormano 2 observatory, bellagio via lattea"
L07,"Osservatorio Salvatore di Giacomo, Agerola","Osservatorio Salvatore di Giacomo, Agerola",40.62392419,14.56406000,732.949,0.76016600,0.64772700,optical,2017-08-20,,,,"Wed, 17 Sep 2025 18:12:06 GMT","l07 osservatorio salvatore di giacomo, agerola osservatorio salvatore di giacomo, agerola"
L08,"Metsähovi Optical Telescope, Metsahovi","Metsahovi Optical Telescope, Metsahovi",60.22051333,24.39447000,72.527,0.49792600,0.86432500,optical,2014-12-19,,,,"Wed, 17 Sep 2025 18:12:06 GMT","l08 metsahovi optical telescope, metsahovi metsahovi optical telescope, metsahovi"
L09,Sutherland-LCO Aqawan A #1,Sutherland-LCO Aqawan A #1,-32.38064965,20.80987000,1799.528,0.84555900,-0.53261900,optical,2017-12-12,,,,"Tue, 26 May 2026 20:34:56 GMT",l09 sutherland lco aqawan a #1 sutherland lco aqawan a #1
L10,Kryoneri Observatory,Kryoneri Observatory,37.97221964,22.61860000,971.140,0.78943000,0.61203000,optical,2017-11-23,,,,"Wed, 17 Sep 2025 18:12:06 GMT",l10 kryoneri observatory kryoneri observatory
L11,Sandvreten Observatory,Sandvreten Observatory,59.80520617,17.20920000,79.093,0.50421000,0.86070000,optical,2017-11-11,,,,"Wed, 17 Sep 2025 18:12:06 GMT",l11 sandvreten observatory sandvreten observatory
L12,Koksijde,Koksijde,51.11303013,2.67789000,49.807,0.62906800,0.77475400,optical,2017-11-28,,,,"Wed, 17 Sep 2025 18:12:06 GMT",l12 koksijde koksijde
L13,"Stardust Observatory, Brasov","Stardust Observatory, Brasov",45.64159357,25.62193000,594.301,0.70040900,0.71147900,optical,2015-12-26,,,,"Wed, 17 Sep 2025 18:12:06 GMT","l13 stardust observatory, brasov stardust observatory, brasov"
L14,Planetarium de Vaulx-en-Velin Observatory,Planetarium de Vaulx-en-Velin Observatory,45.77781518,4.92247000,222.576,0.69866900,0.71309500,optical,2017-11-10,,,,"Wed, 17 Sep 2025 18:12:06 GMT",l14 planetarium de vaulx en velin observatory planetarium de vaulx en velin observatory
L15,"St. George Observatory, Ploiesti","St. George Observatory, Ploiesti",45.00700363,25.97839000,244.681,0.70823400,0.70366500,optical,2013-12-05,,,,"Wed, 17 Sep 2025 18:12:06 GMT","l15 st. george observatory, ploiesti st. george observatory, ploiesti"
L16,"Stardreams Observatory, Vǎlenii de Munte","Stardreams Observatory, Valenii de Munte",45.20369302,26.04561000,370.566,0.70582000,0.70609800,optical,2014-07-21,,,,"Wed, 17 Sep 2025 18:12:06 GMT","l16 stardreams observatory, valenii de munte stardreams observatory, valenii de munte"
L17,Observatori Astronòmic Albanyà,Observatori Astronomic Albanya,42.30671012,2.71140000,290.215,0.74071000,0.66964000,optical,2017-12-18,,,,"Wed, 17 Sep 2025 18:12:06 GMT",l17 observatori astronomic albanya observatori astronomic albanya
L18,"QOS Observatory, Zalistsi","QOS Observatory, Zalistsi",48.84829198,26.71828000,393.217,0.65934800,0.74939900,optical,2017-07-11,,,"Zalistci|QOS Observatory, Zalistci","Wed, 17 Sep 2025 18:12:06 GMT","l18 qos observatory, zalistsi qos observatory, zalistsi zalistci qos observatory, zalistci"
L19,"Osservatorio Felsina AAB, Montepastore","Osservatorio Felsina AAB, Montepastore",44.35628124,11.15258000,696.116,0.71625700,0.69565300,optical,2018-02-20,,,,"Wed, 17 Sep 2025 18:12:06 GMT","l19 osservatorio felsina aab, montepastore osservatorio felsina aab, montepastore"
L20,"AG_Sarajevo Observatory, Sarajevo","AG_Sarajevo Observatory, Sarajevo",43.84490480,18.32069000,550.793,0.72244100,0.68923900,optical,2018-05-17,,,,"Wed, 17 Sep 2025 18:12:06 GMT","l20 ag sarajevo observatory, sarajevo ag sarajevo observatory, sarajevo"
L21,"Ostrov Observatory, Constanța","Ostrov Observatory, Constanta",44.02758516,27.42128000,74.643,0.72017900,0.69147900,optical,2014-07-02,,,,"Wed, 17 Sep 2025 18:12:06 GMT","l21 ostrov observatory, constanta ostrov observatory, constanta"
L22,Bârlad Observatory,Barlad Observatory,46.23169444,27.66953000,78.936,0.69296300,0.71857300,optical,2013-09-20,,,,"Wed, 17 Sep 2025 18:12:06 GMT",l22 barlad observatory barlad observatory
L23,Schela Observatory,Schela Observatory,45.49962167,27.83190000,-4.861,0.70211000,0.70968000,optical,2013-11-03,,,Schela Observatory,"Wed, 17 Sep 2025 18:12:06 GMT",l23 schela observatory schela observatory schela observatory
L24,Gauteng,Gauteng,-26.10256649,27.92890000,1631.429,0.89882000,-0.43743000,optical,2013-02-07,,,,"Wed, 17 Sep 2025 18:12:06 GMT",l24 gauteng gauteng
L25,Smolęcin,Smolecin,53.35366812,14.43739000,105.315,0.59817400,0.79870000,optical,2017-08-17,,,,"Wed, 17 Sep 2025 18:12:06 GMT",l25 smolecin smolecin
L26,"Sanderphil Urban Observatory, Civitavecchia","Sanderphil Urban Observatory, Civitavecchia",42.07713489,11.81019000,55.454,0.74336800,0.66665300,optical,2018-05-20,,,,"Wed, 17 Sep 2025 18:12:06 GMT","l26 sanderphil urban observatory, civitavecchia sanderphil urban observatory, civitavecchia"
L27,"29PREMOTE Observatory, Dauban","29PREMOTE Observatory, Dauban",43.99983163,5.64704000,678.040,0.72058300,0.69119700,optical,2018-01-23,,,,"Wed, 17 Sep 2025 18:12:06 GMT","l27 29premote observatory, dauban 29premote observatory, dauban"
L28,ISON-Castelgrande Observatory,ISON-Castelgrande Observatory,40.81756638,15.46339000,1303.562,0.75803400,0.65034100,optical,2017-12-20,,,,"Wed, 17 Sep 2025 18:08:55 GMT",l28 ison castelgrande observatory ison castelgrande observatory
L29,"Drebach-South Observatory, Windhoek","Drebach-South Observatory, Windhoek",-23.46009966,18.01690000,1358.766,0.91802000,-0.39574000,optical,2018-05-02,,,,"Wed, 17 Sep 2025 18:12:06 GMT","l29 drebach south observatory, windhoek drebach south observatory, windhoek"
L30,"Lohbach Observatory, Benninghofen","Lohbach Observatory, Benninghofen",51.47690848,7.51469000,164.283,0.62412600,0.77873700,optical,2018-06-15,,,,"Wed, 17 Sep 2025 18:12:06 GMT","l30 lohbach observatory, benninghofen lohbach observatory, benninghofen"
L31,"RaSo Observatory, Chemnitz","RaSo Observatory, Chemnitz",50.86037379,12.85615000,371.648,0.63252400,0.77201900,optical,2018-02-15,,,,"Wed, 17 Sep 2025 18:12:06 GMT","l31 raso observatory, chemnitz raso observatory, chemnitz"
L32,Korea Microlensing Telescope Network-SAAO,Korea Microlensing Telescope Network-SAAO,-32.37886363,20.81044000,1802.290,0.84557600,-0.53259300,optical,2018-08-31,,,,"Wed, 17 Sep 2025 18:12:06 GMT",l32 korea microlensing telescope network saao korea microlensing telescope network saao
L33,Ananiv,Ananiv,47.73609457,29.95460000,68.818,0.67379000,0.73646000,optical,2014-08-01,,,Ananjev,"Wed, 17 Sep 2025 18:12:06 GMT",l33 ananiv ananiv ananjev
L34,"Galhassin Robotic Telescope, Isnello","Galhassin Robotic Telescope, Isnello",37.93935809,14.02061000,649.375,0.78974200,0.61154800,optical,2018-06-26,,,,"Wed, 28 Jan 2026 17:16:35 GMT","l34 galhassin robotic telescope, isnello galhassin robotic telescope, isnello"
L35,"DreamSky Observatory, Lisnyky","DreamSky Observatory, Lisnyky",50.26281320,30.50860000,138.377,0.64055000,0.76537000,optical,2016-07-03,,,,"Wed, 17 Sep 2025 18:12:06 GMT","l35 dreamsky observatory, lisnyky dreamsky observatory, lisnyky"
L36,Ondřejov--BlueEye600 Telescope,Ondrejov--BlueEye600 Telescope,49.90948378,14.78008000,561.359,0.64531900,0.76146700,optical,2018-09-24,,http://www.projectsoft.cz/en/roboticka-observator.php,,"Wed, 17 Sep 2025 18:12:06 GMT",l36 ondrejov blueeye600 telescope ondrejov blueeye600 telescope
L37,"Observatorio Alnitak, El Puerto de Santa María","Observatorio Alnitak, El Puerto de Santa Maria",36.58517934,-6.26117000,70.310,0.80393700,0.59273900,optical,2017-09-14,,,,"Wed, 17 Sep 2025 18:12:06 GMT","l37 observatorio alnitak, el puerto de santa maria observatorio alnitak, el puerto de santa maria"
L38,"Gartensternwarte Schafsweide, Sehlde","Gartensternwarte Schafsweide, Sehlde",52.09527447,9.69997000,139.928,0.61564800,0.78540700,optical,2019-03-06,,,,"Wed, 17 Sep 2025 18:12:06 GMT","l38 gartensternwarte schafsweide, sehlde gartensternwarte schafsweide, sehlde"
L39,"Osservatorio Spica, Signa","Osservatorio Spica, Signa",43.78920242,11.04031000,101.191,0.72306200,0.68849000,optical,2018-10-05,,,,"Wed, 17 Sep 2025 18:12:06 GMT","l39 osservatorio spica, signa osservatorio spica, signa"
L40,Sternwarte Saarbruecken Rastpfuhl,Sternwarte Saarbruecken Rastpfuhl,49.25281014,6.95681000,301.098,0.65401100,0.75401100,optical,2019-06-17,,,,"Wed, 17 Sep 2025 18:12:06 GMT",l40 sternwarte saarbruecken rastpfuhl sternwarte saarbruecken rastpfuhl
L41,Ponte Uso,Ponte Uso,43.98861862,12.30181000,361.611,0.72068300,0.69102200,optical,2019-08-19,,,,"Wed, 17 Sep 2025 18:12:06 GMT",l41 ponte uso ponte uso
L42,Observatory-Astrocamp Manciano,Observatory-Astrocamp Manciano,42.64682096,11.56330000,205.317,0.73670000,0.67400000,optical,2019-06-05,,,,"Wed, 17 Sep 2025 18:12:06 GMT",l42 observatory astrocamp manciano observatory astrocamp manciano
L43,"Ager, Leida","Ager, Leida",42.01918271,0.74439000,802.873,0.74413100,0.66598200,optical,2019-06-14,,,,"Wed, 17 Sep 2025 18:12:06 GMT","l43 ager, leida ager, leida"
L44,"AstroVal, Le Chenit","AstroVal, Le Chenit",46.61960319,6.22111000,1192.792,0.68818500,0.72336000,optical,2019-07-22,,,,"Wed, 17 Sep 2025 18:12:06 GMT","l44 astroval, le chenit astroval, le chenit"
L45,"ObsCT, Catania","ObsCT, Catania",37.53742477,15.06243000,260.101,0.79397500,0.60597900,optical,2019-07-01,,,,"Wed, 17 Sep 2025 18:12:06 GMT","l45 obsct, catania obsct, catania"
L46,Observatorio Majadahonda,Observatorio Majadahonda,40.46086224,-3.88061000,778.546,0.76201700,0.64557400,optical,2019-06-14,,,,"Wed, 17 Sep 2025 18:12:06 GMT",l46 observatorio majadahonda observatorio majadahonda
L47,"Osservatorio Astronomico, Piobbico","Osservatorio Astronomico, Piobbico",43.58589258,12.50711000,397.690,0.72554200,0.68596100,optical,2019-09-27,,,,"Wed, 17 Sep 2025 18:12:06 GMT","l47 osservatorio astronomico, piobbico osservatorio astronomico, piobbico"
L48,"CNVL Observatory, Baia Mare","CNVL Observatory, Baia Mare",47.65804905,23.56873000,256.017,0.67481600,0.73556600,optical,2019-07-01,,,,"Wed, 17 Sep 2025 18:12:06 GMT","l48 cnvl observatory, baia mare cnvl observatory, baia mare"
L49,"VEGA-Sternwarte, Dorfleiten","VEGA-Sternwarte, Dorfleiten",47.92389640,13.00730000,834.691,0.67144400,0.73874700,optical,2019-03-16,,,,"Wed, 17 Sep 2025 18:12:06 GMT","l49 vega sternwarte, dorfleiten vega sternwarte, dorfleiten"
L50,"GenShtab Observatory, Nauchnyi","GenShtab Observatory, Nauchnyi",44.73872903,34.01140000,585.951,0.71157000,0.70039000,optical,2015-09-27,,,"Nauchnij|GenShtab Observatory, Nauchnij","Wed, 17 Sep 2025 18:12:06 GMT","l50 genshtab observatory, nauchnyi genshtab observatory, nauchnyi nauchnij genshtab observatory, nauchnij"
L51,"MARGO, Nauchnyi","MARGO, Nauchnyi",44.72939746,34.01640000,635.865,0.71169000,0.70028000,optical,2013-11-03,,,"Nauchnij|MARGO, Nauchnij","Wed, 17 Sep 2025 18:12:06 GMT","l51 margo, nauchnyi margo, nauchnyi nauchnij margo, nauchnij"
L52,MASTER-Tavrida,MASTER-Tavrida,44.73012713,34.01694000,617.442,0.71167900,0.70028700,optical,2017-05-13,,,,"Wed, 17 Sep 2025 18:12:06 GMT",l52 master tavrida master tavrida
L53,"Aldo Agnetti Observatory, Como","Aldo Agnetti Observatory, Como",45.70520480,9.03381000,348.151,0.69958900,0.71222600,optical,2019-05-06,,,"Lomazzo Observatory, Como","Wed, 17 Sep 2025 18:12:06 GMT","l53 aldo agnetti observatory, como aldo agnetti observatory, como lomazzo observatory, como"
L54,"Berthelot Observatory, Hunedoara","Berthelot Observatory, Hunedoara",45.61653227,22.88878000,437.427,0.70070400,0.71115600,optical,2018-11-23,,,,"Wed, 17 Sep 2025 18:12:06 GMT","l54 berthelot observatory, hunedoara berthelot observatory, hunedoara"
L55,"Sura Gardens, Dnipro","Sura Gardens, Dnipro",48.32058346,35.08750000,142.406,0.66622200,0.74328300,optical,2019-07-06,,,,"Wed, 17 Sep 2025 18:12:06 GMT","l55 sura gardens, dnipro sura gardens, dnipro"
L56,"Sternwarte Limburg, Limburg","Sternwarte Limburg, Limburg",50.38155899,8.05858000,177.630,0.63896000,0.76669700,optical,2018-03-14,,,,"Wed, 17 Sep 2025 18:12:06 GMT","l56 sternwarte limburg, limburg sternwarte limburg, limburg"
L57,"Bacau Observatory, Bacau","Bacau Observatory, Bacau",46.56563200,26.90419000,204.822,0.68876200,0.72260100,optical,2019-03-23,,,,"Wed, 17 Sep 2025 18:12:06 GMT","l57 bacau observatory, bacau bacau observatory, bacau"
L58,Heavenly Owl observatory,Heavenly Owl observatory,46.33116397,30.57108000,78.153,0.69171000,0.71977100,optical,2017-09-14,,,,"Wed, 17 Sep 2025 18:12:06 GMT",l58 heavenly owl observatory heavenly owl observatory
L59,"Compustar Observatory, Rouen","Compustar Observatory, Rouen",49.43839898,1.22606000,205.177,0.65154600,0.75610800,optical,2019-12-01,,,,"Wed, 17 Sep 2025 18:12:06 GMT","l59 compustar observatory, rouen compustar observatory, rouen"
L60,"Popovich Observatory, Ivanivka","Popovich Observatory, Ivanivka",49.93360792,30.69722000,203.954,0.64496100,0.76169500,optical,2019-03-31,,,,"Wed, 17 Sep 2025 18:12:06 GMT","l60 popovich observatory, ivanivka popovich observatory, ivanivka"
L61,"MONET South, Sutherland","MONET South, Sutherland",-32.37889442,20.81028000,1796.903,0.84557500,-0.53259300,optical,2018-06-25,,,,"Wed, 17 Sep 2025 18:12:06 GMT","l61 monet south, sutherland monet south, sutherland"
L62,"Hypatia Observatory, Rimini","Hypatia Observatory, Rimini",44.08611861,12.52889000,48.764,0.71946700,0.69220900,optical,2020-02-16,,,,"Wed, 17 Sep 2025 18:12:06 GMT","l62 hypatia observatory, rimini hypatia observatory, rimini"
L63,"HOB Observatory, Capraia Fiorentina","HOB Observatory, Capraia Fiorentina",43.73844756,11.00914000,78.526,0.72367100,0.68784900,optical,2020-02-05,,,,"Wed, 17 Sep 2025 18:12:06 GMT","l63 hob observatory, capraia fiorentina hob observatory, capraia fiorentina"
L64,"Martesana Observatory, Cassina de Pecchi","Martesana Observatory, Cassina de Pecchi",45.52448183,9.36314000,186.710,0.70182200,0.71000500,optical,2020-04-03,,,,"Wed, 17 Sep 2025 18:12:06 GMT","l64 martesana observatory, cassina de pecchi martesana observatory, cassina de pecchi"
L65,"Bredenkamp Observatory, Bremen","Bredenkamp Observatory, Bremen",53.07527867,8.82831000,48.210,0.60205900,0.79578400,optical,2020-04-10,,,,"Wed, 17 Sep 2025 18:12:06 GMT","l65 bredenkamp observatory, bremen bredenkamp observatory, bremen"
L66,"MeerLICHT-1, Sutherland","MeerLICHT-1, Sutherland",-32.37990114,20.81122000,1882.820,0.84557700,-0.53261500,optical,2019-01-25,,,,"Wed, 17 Sep 2025 18:12:06 GMT","l66 meerlicht 1, sutherland meerlicht 1, sutherland"
L67,"Cherkizovo Observatory, Moscow Oblast","Cherkizovo Observatory, Moscow Oblast",55.96138498,37.79889000,164.956,0.56105700,0.82503300,optical,2019-09-03,,,,"Wed, 17 Sep 2025 18:12:06 GMT","l67 cherkizovo observatory, moscow oblast cherkizovo observatory, moscow oblast"
L68,"PESCOPE, Port Elizabeth","PESCOPE, Port Elizabeth",-33.98793633,25.53683000,184.971,0.83004800,-0.55587400,optical,2020-05-04,,,,"Wed, 17 Sep 2025 18:12:06 GMT","l68 pescope, port elizabeth pescope, port elizabeth"
L69,"LaCaille Observatory, Pretoria","LaCaille Observatory, Pretoria",-25.83432530,28.21420000,1484.551,0.90084000,-0.43323000,optical,2020-09-22,,,,"Wed, 17 Sep 2025 18:12:06 GMT","l69 lacaille observatory, pretoria lacaille observatory, pretoria"
L70,"Zvjezdarnica Graberje, Zagreb","Zvjezdarnica Graberje, Zagreb",45.81957418,15.92333000,201.584,0.69814500,0.71360000,optical,2020-08-25,,,,"Wed, 17 Sep 2025 18:12:06 GMT","l70 zvjezdarnica graberje, zagreb zvjezdarnica graberje, zagreb"
L71,"Vedrus Observatory, Azovskaya","Vedrus Observatory, Azovskaya",44.79147462,38.58390000,291.315,0.71089000,0.70101000,optical,2016-04-26,,,,"Wed, 17 Sep 2025 18:12:06 GMT","l71 vedrus observatory, azovskaya vedrus observatory, azovskaya"
L72,Melezhy Astrophoto Observatory,Melezhy Astrophoto Observatory,56.04900567,38.69280000,178.519,0.55979000,0.82589000,optical,2017-08-27,,,,"Wed, 17 Sep 2025 18:12:06 GMT",l72 melezhy astrophoto observatory melezhy astrophoto observatory
L73,"Beato Ermanno Observatory, Impruneta","Beato Ermanno Observatory, Impruneta",43.67540602,11.26183000,335.880,0.72445900,0.68708300,optical,2020-10-12,,,,"Wed, 17 Sep 2025 18:12:06 GMT","l73 beato ermanno observatory, impruneta beato ermanno observatory, impruneta"
L74,"AstroColauri, Naples","AstroColauri, Naples",40.87915367,14.21109000,287.037,0.75721200,0.65104800,optical,2020-04-10,,,,"Wed, 17 Sep 2025 18:12:06 GMT","l74 astrocolauri, naples astrocolauri, naples"
L75,Tartu Observatory of Tartu University,Tartu Observatory of Tartu University,58.26401255,26.46394000,95.931,0.52729200,0.84685300,optical,2018-08-13,,,,"Wed, 17 Sep 2025 18:12:06 GMT",l75 tartu observatory of tartu university tartu observatory of tartu university
L76,"Nomad Observatory, Kochevanchik","Nomad Observatory, Kochevanchik",46.97619329,39.65161000,36.705,0.68353000,0.72748300,optical,2020-03-19,,,,"Wed, 17 Sep 2025 18:12:06 GMT","l76 nomad observatory, kochevanchik nomad observatory, kochevanchik"
L77,"RDSS, Kovalevka","RDSS, Kovalevka",47.33686521,39.82025000,97.893,0.67892700,0.73176500,optical,2020-09-08,,,,"Wed, 17 Sep 2025 18:12:06 GMT","l77 rdss, kovalevka rdss, kovalevka"
L78,"San Marco Observatory, Salerno","San Marco Observatory, Salerno",40.68252919,14.78000000,134.209,0.75943000,0.64844000,optical,2019-09-16,,,,"Wed, 17 Sep 2025 18:12:06 GMT","l78 san marco observatory, salerno san marco observatory, salerno"
L79,"BOSZA Observatory, Szalanta","BOSZA Observatory, Szalanta",45.95307882,18.22039000,223.672,0.69647700,0.71522200,optical,2018-04-20,,,,"Wed, 17 Sep 2025 18:12:06 GMT","l79 bosza observatory, szalanta bosza observatory, szalanta"
L80,"SpringBok Observatory, Tivoli","SpringBok Observatory, Tivoli",-23.46009966,18.01750000,1358.766,0.91802000,-0.39574000,optical,2020-01-14,,,,"Tue, 26 May 2026 20:34:56 GMT","l80 springbok observatory, tivoli springbok observatory, tivoli"
L81,Skygems Namibia Remote Observatory,Skygems Namibia Remote Observatory,-23.23642001,16.36169000,1854.323,0.91963100,-0.39220400,optical,2020-05-02,,,,"Wed, 17 Sep 2025 18:08:55 GMT",l81 skygems namibia remote observatory skygems namibia remote observatory
L82,"Crow Observatory, Portalegre","Crow Observatory, Portalegre",39.27581120,-7.32050000,650.672,0.77522700,0.62972600,optical,2019-03-05,,,,"Wed, 17 Sep 2025 18:12:06 GMT","l82 crow observatory, portalegre crow observatory, portalegre"
L83,"UJA Observatory, Jaen","UJA Observatory, Jaen",37.78734841,-3.77769000,562.177,0.79135500,0.60945100,optical,2018-12-21,,,,"Wed, 17 Sep 2025 18:12:06 GMT","l83 uja observatory, jaen uja observatory, jaen"
L84,"Kairos Observatory, Letnik","Kairos Observatory, Letnik",46.03402472,41.27989000,45.918,0.69544300,0.71618200,optical,2019-04-28,,,,"Wed, 17 Sep 2025 18:12:06 GMT","l84 kairos observatory, letnik kairos observatory, letnik"
L85,"BiAnto Observatory, Lauria","BiAnto Observatory, Lauria",40.02887073,15.86325000,750.446,0.76687300,0.63983000,optical,2020-11-07,,,,"Wed, 17 Sep 2025 18:12:06 GMT","l85 bianto observatory, lauria bianto observatory, lauria"
L86,"Giordano Bruno Observatory, Brallo","Giordano Bruno Observatory, Brallo",44.75497159,9.26310000,848.579,0.71140000,0.70062000,optical,2020-11-10,,,,"Wed, 17 Sep 2025 18:12:06 GMT","l86 giordano bruno observatory, brallo giordano bruno observatory, brallo"
L87,"Moonbase South Observatory, Hakos","Moonbase South Observatory, Hakos",-23.23642001,16.36189000,1854.323,0.91963100,-0.39220400,optical,2020-08-12,,,,"Wed, 05 Nov 2025 16:29:34 GMT","l87 moonbase south observatory, hakos moonbase south observatory, hakos"
L88,"Stazione Astronomica Le Pleiadi, Pantane","Stazione Astronomica Le Pleiadi, Pantane",39.10295012,16.54220000,1320.978,0.77721000,0.62746000,optical,2021-02-03,,,,"Wed, 17 Sep 2025 18:12:06 GMT","l88 stazione astronomica le pleiadi, pantane stazione astronomica le pleiadi, pantane"
L89,"PAO, Prato","PAO, Prato",43.86516351,11.14439000,104.331,0.72214600,0.68944500,optical,2021-03-14,,,,"Wed, 17 Sep 2025 18:12:06 GMT","l89 pao, prato pao, prato"
L90,"ABObservatory, Rosarno","ABObservatory, Rosarno",38.45573335,15.97949000,125.136,0.78412000,0.61856000,optical,2021-03-31,,,,"Wed, 17 Sep 2025 18:12:06 GMT","l90 abobservatory, rosarno abobservatory, rosarno"
L91,"Antares MTM Observatory, S. Donato","Antares MTM Observatory, S. Donato",41.70514714,13.80780000,623.948,0.74776000,0.66189000,optical,2021-01-19,,,,"Wed, 17 Sep 2025 18:12:06 GMT","l91 antares mtm observatory, s. donato antares mtm observatory, s. donato"
L92,San Costantino,San Costantino,38.70539078,16.00211000,229.247,0.78142300,0.62196700,optical,2005-12-19,,,,"Wed, 17 Sep 2025 18:12:06 GMT",l92 san costantino san costantino
L93,"Garraf Observatory, Sant Pere de Ribes","Garraf Observatory, Sant Pere de Ribes",41.25880310,1.77221000,74.977,0.75284400,0.65601000,optical,2020-06-22,,,,"Wed, 17 Sep 2025 18:12:06 GMT","l93 garraf observatory, sant pere de ribes garraf observatory, sant pere de ribes"
L94,"Observatorio MOMA, Oviedo","Observatorio MOMA, Oviedo",43.36415845,-5.85439000,286.587,0.72818700,0.68314600,optical,2019-02-25,,,,"Wed, 17 Sep 2025 18:12:06 GMT","l94 observatorio moma, oviedo observatorio moma, oviedo"
L95,Observatorio Astronomico de Cartagena,Observatorio Astronomico de Cartagena,37.61234446,-1.04841000,131.517,0.79316400,0.60700000,optical,2018-07-09,,,,"Wed, 17 Sep 2025 18:12:06 GMT",l95 observatorio astronomico de cartagena observatorio astronomico de cartagena
L96,ISON-Byurakan Observatory,ISON-Byurakan Observatory,40.34754715,44.27450000,1649.935,0.76340000,0.64416000,optical,2015-01-24,,,,"Wed, 17 Sep 2025 18:12:06 GMT",l96 ison byurakan observatory ison byurakan observatory
L97,"Castle Fields Observatory, Calne","Castle Fields Observatory, Calne",51.43701498,-2.00839000,120.374,0.62466600,0.77829800,optical,2018-04-30,,,,"Wed, 17 Sep 2025 18:12:06 GMT","l97 castle fields observatory, calne castle fields observatory, calne"
L98,"La Sagra Observatory, Puebla de Don Fadrique","La Sagra Observatory, Puebla de Don Fadrique",37.98264013,-2.56575000,1582.955,0.78939400,0.61223200,optical,2019-11-27,,,,"Wed, 27 May 2026 15:46:11 GMT","l98 la sagra observatory, puebla de don fadrique la sagra observatory, puebla de don fadrique"
L99,Novosilky,Novosilky,50.60768555,30.60281000,137.113,0.63591300,0.76920100,optical,2021-05-08,,,,"Wed, 17 Sep 2025 18:12:06 GMT",l99 novosilky novosilky
M00,"Viestikallio, Artjarvi","Viestikallio, Artjarvi",60.73446795,26.21154700,107.292,0.49011600,0.86875400,optical,2024-12-30,,https://www.facebook.com/viestikallio/,,"Wed, 17 Sep 2025 18:12:06 GMT","m00 viestikallio, artjarvi viestikallio, artjarvi"
M01,Weizmann Astrophysical Observatory,Weizmann Astrophysical Observatory,30.05297233,35.04073310,432.540,0.86634900,0.49790000,optical,2023-04-24,,https://www.weizmann.ac.il/wao/,,"Wed, 17 Sep 2025 18:12:06 GMT",m01 weizmann astrophysical observatory weizmann astrophysical observatory
M02,Astropriorat Observatory,Astropriorat Observatory,41.12332602,0.86386000,425.830,0.75443900,0.65427100,optical,2022-11-03,,,,"Wed, 17 Sep 2025 18:12:06 GMT",m02 astropriorat observatory astropriorat observatory
M03,Badalona Boreal,Badalona Boreal,41.45642553,2.25822000,56.145,0.75056800,0.65859100,optical,2021-12-28,,,,"Wed, 17 Sep 2025 18:12:06 GMT",m03 badalona boreal badalona boreal
M04,"Pujalt Observatory, Barcelona","Pujalt Observatory, Barcelona",41.71744728,1.42560000,816.486,0.74764000,0.66207000,optical,2022-01-17,,,,"Wed, 17 Sep 2025 18:12:06 GMT","m04 pujalt observatory, barcelona pujalt observatory, barcelona"
M05,"Observatoire de la Nine, Canens","Observatoire de la Nine, Canens",43.21510354,1.33161000,388.548,0.72997900,0.68126700,optical,2023-02-16,,,,"Wed, 17 Sep 2025 18:12:06 GMT","m05 observatoire de la nine, canens observatoire de la nine, canens"
M06,"PeLe's Observatory, Ager","PeLe\'s Observatory, Ager",42.01926380,0.74381000,802.404,0.74413000,0.66598300,optical,2023-08-20,,,,"Wed, 17 Sep 2025 18:12:06 GMT","m06 pele's observatory, ager pele\'s observatory, ager"
M07,Siek,Siek,53.63689698,10.29447000,112.332,0.59420200,0.80164100,optical,,,,,"Wed, 17 Sep 2025 18:12:06 GMT",m07 siek siek
M08,"CHON, Stekene","CHON, Stekene",51.20206468,4.03810000,66.045,0.62786000,0.77573000,optical,2023-08-09,,,,"Wed, 17 Sep 2025 18:12:06 GMT","m08 chon, stekene chon, stekene"
M09,Observatory Gromme - Oudsbergen,Observatory Gromme - Oudsbergen,51.03273614,5.60094000,115.390,0.63016400,0.77388200,optical,2021-02-27,,,,"Wed, 17 Sep 2025 18:12:06 GMT",m09 observatory gromme oudsbergen observatory gromme oudsbergen
M10,"CPF Observatory, St Vallier de Thiey","CPF Observatory, St Vallier de Thiey",43.69230406,6.85411000,770.930,0.72430500,0.68734300,optical,2021-10-06,,,,"Wed, 17 Sep 2025 18:12:06 GMT","m10 cpf observatory, st vallier de thiey cpf observatory, st vallier de thiey"
M11,"Novaastro Observatory, Banon","Novaastro Observatory, Banon",43.99938597,5.64718000,683.416,0.72058900,0.69119200,optical,2022-03-21,,,,"Wed, 17 Sep 2025 18:12:06 GMT","m11 novaastro observatory, banon novaastro observatory, banon"
M12,Puschino,Puschino,56.10969479,47.86390000,169.013,0.55891000,0.82648000,optical,2024-06-29,,,,"Wed, 17 Sep 2025 18:12:06 GMT",m12 puschino puschino
M13,"Lucie Berger Observatory, Strasbourg","Lucie Berger Observatory, Strasbourg",48.57815736,7.74250000,188.091,0.66286600,0.74626700,optical,2023-06-10,,,,"Wed, 17 Sep 2025 18:12:06 GMT","m13 lucie berger observatory, strasbourg lucie berger observatory, strasbourg"
M14,Schiaparelli Gallarate Station,Schiaparelli Gallarate Station,45.67331558,8.78939000,296.488,0.69998100,0.71183200,optical,2023-01-10,,,,"Wed, 17 Sep 2025 18:12:06 GMT",m14 schiaparelli gallarate station schiaparelli gallarate station
M15,"Virgo Oservatory, Seveso","Virgo Oservatory, Seveso",45.64000605,9.15060000,240.523,0.70039000,0.71142000,optical,2021-11-29,,,,"Wed, 17 Sep 2025 18:12:06 GMT","m15 virgo oservatory, seveso virgo oservatory, seveso"
M16,Osservatorio Il Coreggiolo,Osservatorio Il Coreggiolo,44.09489733,9.77319000,407.658,0.71940100,0.69235800,optical,2021-10-28,,,,"Wed, 17 Sep 2025 18:12:06 GMT",m16 osservatorio il coreggiolo osservatorio il coreggiolo
M17,"SN1572 Tycho Observatory, La Spezia","SN1572 Tycho Observatory, La Spezia",44.11128818,9.80922000,58.893,0.71916300,0.69252500,optical,2022-03-21,,,,"Wed, 17 Sep 2025 18:12:06 GMT","m17 sn1572 tycho observatory, la spezia sn1572 tycho observatory, la spezia"
M18,Koeditz,Koeditz,50.33575443,11.83939000,605.644,0.63961800,0.76623900,optical,2021-09-25,,,,"Wed, 25 Feb 2026 20:14:07 GMT",m18 koeditz koeditz
M19,"Osservatorio Explorer, Pula","Osservatorio Explorer, Pula",44.86390923,13.88327000,73.174,0.70997600,0.70188100,optical,2021-03-02,,,,"Wed, 17 Sep 2025 18:12:06 GMT","m19 osservatorio explorer, pula osservatorio explorer, pula"
M20,"Polse di Cougnes Observatory, Zuglio","Polse di Cougnes Observatory, Zuglio",46.46938860,13.01169000,805.651,0.69004400,0.72151500,optical,2022-03-22,,,,"Wed, 17 Sep 2025 18:12:06 GMT","m20 polse di cougnes observatory, zuglio polse di cougnes observatory, zuglio"
M21,"Schiaparelli Southern Observatory, Hakos","Schiaparelli Southern Observatory, Hakos",-23.23654853,16.36144000,1853.495,0.91963000,-0.39220600,optical,2022-04-10,,,,"Tue, 05 May 2026 15:45:55 GMT","m21 schiaparelli southern observatory, hakos schiaparelli southern observatory, hakos"
M22,"ATLAS South Africa, Sutherland","ATLAS South Africa, Sutherland",-32.38015577,20.81059000,1802.550,0.84556400,-0.53261200,optical,,,,,"Tue, 26 May 2026 20:34:56 GMT","m22 atlas south africa, sutherland atlas south africa, sutherland"
M23,"ELTE Gothard Observatory, Szombathely","ELTE Gothard Observatory, Szombathely",47.25800456,16.60350000,265.209,0.67995500,0.73085200,optical,2022-04-12,,,,"Wed, 17 Sep 2025 18:12:06 GMT","m23 elte gothard observatory, szombathely elte gothard observatory, szombathely"
M24,"La Macchina del Tempo, Ardore Marina","La Macchina del Tempo, Ardore Marina",38.16987171,16.20050000,49.363,0.78719500,0.61464900,optical,2021-09-29,,,,"Wed, 17 Sep 2025 18:12:06 GMT","m24 la macchina del tempo, ardore marina la macchina del tempo, ardore marina"
M25,"Einarin Observatory, Tampere","Einarin Observatory, Tampere",61.49452309,23.82830000,118.139,0.47849000,0.87517000,optical,2022-02-27,,,,"Wed, 17 Sep 2025 18:12:06 GMT","m25 einarin observatory, tampere einarin observatory, tampere"
M26,"Zen Observatory, Scandicci","Zen Observatory, Scandicci",43.77458269,11.13494000,81.599,0.72323600,0.68830400,optical,2022-05-09,,https://www.matteolombardo.it/,"Zen Observatory, Scandicci|Zen Observatory, Scandicci|S. Benedetto Po","Tue, 07 Oct 2025 15:40:45 GMT","m26 zen observatory, scandicci zen observatory, scandicci zen observatory, scandicci zen observatory, scandicci s. benedetto po"
M27,"Elijah Observatory, Lajatico","Elijah Observatory, Lajatico",43.42921909,10.71750000,476.779,0.72743000,0.68399000,optical,2022-05-10,,,,"Wed, 17 Sep 2025 18:12:06 GMT","m27 elijah observatory, lajatico elijah observatory, lajatico"
M28,"Lesedi Telescope-SAAO Observatory, Sutherland","Lesedi Telescope-SAAO Observatory, Sutherland",-32.37978980,20.81064000,1807.017,0.84556800,-0.53260700,optical,2022-06-29,,,,"Wed, 17 Sep 2025 18:12:06 GMT","m28 lesedi telescope saao observatory, sutherland lesedi telescope saao observatory, sutherland"
M29,"O.M.Ni.A. Observatory, Cesena","O.M.Ni.A. Observatory, Cesena",44.14774470,12.24864000,87.555,0.71872400,0.69298400,optical,2022-08-04,,,,"Wed, 17 Sep 2025 18:12:06 GMT","m29 o.m.ni.a. observatory, cesena o.m.ni.a. observatory, cesena"
M30,"Zeta Aquarii Observatory, Brasov","Zeta Aquarii Observatory, Brasov",45.64426765,25.62000000,633.719,0.70038000,0.71151600,optical,2022-05-06,,,"Zeta Aquarii Observatory, Brasov","Wed, 17 Sep 2025 18:12:06 GMT","m30 zeta aquarii observatory, brasov zeta aquarii observatory, brasov zeta aquarii observatory, brasov"
M31,"Ursa Havaintokeskus,  Artjarvi","Ursa Havaintokeskus,  Artjarvi",60.73351702,26.21281000,100.869,0.49013000,0.86874500,optical,2022-08-14,,,,"Wed, 17 Sep 2025 18:12:06 GMT","m31 ursa havaintokeskus, artjarvi ursa havaintokeskus, artjarvi"
M32,"Sunny Transcarpathian, Mukachevo","Sunny Transcarpathian, Mukachevo",48.37902891,22.70919000,174.946,0.66546400,0.74396400,optical,2022-09-05,,,,"Wed, 17 Sep 2025 18:12:06 GMT","m32 sunny transcarpathian, mukachevo sunny transcarpathian, mukachevo"
M33,"OWL-Net, Mitzpe Ramon","OWL-Net, Mitzpe Ramon",30.59771902,34.76334000,905.988,0.86163200,0.50611100,optical,,,,,"Wed, 17 Sep 2025 18:12:06 GMT","m33 owl net, mitzpe ramon owl net, mitzpe ramon"
M34,"AGO70, Astronomical Observatory, Modra","AGO70, Astronomical Observatory, Modra",48.37251717,17.27363000,579.500,0.66559100,0.74393600,optical,2022-08-17,,,,"Wed, 17 Sep 2025 18:12:06 GMT","m34 ago70, astronomical observatory, modra ago70, astronomical observatory, modra"
M35,"PS Observatory, Parjol","PS Observatory, Parjol",46.57537783,26.61669000,347.319,0.68865400,0.72273400,optical,2022-10-16,,,,"Wed, 17 Sep 2025 18:12:06 GMT","m35 ps observatory, parjol ps observatory, parjol"
M36,"Opicina, Trieste","Opicina, Trieste",45.69388163,13.79647000,364.356,0.69973200,0.71209000,optical,2022-11-06,,,,"Wed, 17 Sep 2025 18:12:06 GMT","m36 opicina, trieste opicina, trieste"
M37,"Astronomsko drustvo Nanos, Ajdovscina","Astronomsko drustvo Nanos, Ajdovscina",45.92016114,13.91243000,835.934,0.69695600,0.71489200,optical,2022-10-28,,,,"Wed, 17 Sep 2025 18:12:06 GMT","m37 astronomsko drustvo nanos, ajdovscina astronomsko drustvo nanos, ajdovscina"
M38,"Harsona Observatory, Nyiregyhaza","Harsona Observatory, Nyiregyhaza",47.94581492,21.76719000,155.806,0.67108900,0.73892400,optical,2023-02-12,,,,"Wed, 17 Sep 2025 18:12:06 GMT","m38 harsona observatory, nyiregyhaza harsona observatory, nyiregyhaza"
M39,"AUTH Observatory, Thessaloniki","AUTH Observatory, Thessaloniki",40.63064842,22.95888000,87.833,0.76001300,0.64775000,optical,2022-10-16,,,,"Wed, 17 Sep 2025 18:12:06 GMT","m39 auth observatory, thessaloniki auth observatory, thessaloniki"
M40,"OSTS-NRIAG, Kottamia","OSTS-NRIAG, Kottamia",29.93600144,31.82708000,481.267,0.86737200,0.49614300,optical,2022-11-15,,,,"Wed, 17 Sep 2025 18:12:06 GMT","m40 osts nriag, kottamia osts nriag, kottamia"
M41,Jeddah,Jeddah,21.52180040,39.25827000,58.959,0.93070600,0.36456700,optical,2022-11-05,,,,"Wed, 17 Sep 2025 18:12:06 GMT",m41 jeddah jeddah
M42,"Emirates Observatory, Al Rahba","Emirates Observatory, Al Rahba",24.58081771,54.67080000,-18.106,0.90990000,0.41343000,optical,2020-07-19,,,,"Wed, 17 Sep 2025 18:12:06 GMT","m42 emirates observatory, al rahba emirates observatory, al rahba"
M43,"Al Sadeem Observatory, Abu Dhabi","Al Sadeem Observatory, Abu Dhabi",24.17630602,54.68478000,19.833,0.91280500,0.40703400,optical,2019-11-04,,,,"Wed, 17 Sep 2025 18:12:06 GMT","m43 al sadeem observatory, abu dhabi al sadeem observatory, abu dhabi"
M44,"Al-Khatim Observatory, Abu Dhabi","Al-Khatim Observatory, Abu Dhabi",24.21959476,54.92031000,55.728,0.91250200,0.40772200,optical,2021-01-22,,,,"Wed, 17 Sep 2025 18:12:06 GMT","m44 al khatim observatory, abu dhabi al khatim observatory, abu dhabi"
M45,"Starhopper Observatory, Sfantu Gheorghe","Starhopper Observatory, Sfantu Gheorghe",45.86549364,25.76889000,623.956,0.69761700,0.71420500,optical,2023-03-30,,,,"Wed, 17 Sep 2025 18:12:06 GMT","m45 starhopper observatory, sfantu gheorghe starhopper observatory, sfantu gheorghe"
M46,"Althuraya Astronomy Center, Dubai","Althuraya Astronomy Center, Dubai",25.21347368,55.45033000,21.542,0.90528000,0.42339900,optical,2020-11-16,,,,"Wed, 17 Sep 2025 18:12:06 GMT","m46 althuraya astronomy center, dubai althuraya astronomy center, dubai"
M47,"Sharjah Observatory, Sharjah","Sharjah Observatory, Sharjah",25.28267316,55.46205000,-9.179,0.90476300,0.42448400,optical,2020-06-17,,,,"Wed, 17 Sep 2025 18:12:06 GMT","m47 sharjah observatory, sharjah sharjah observatory, sharjah"
M48,"GAC - Via L. Sturzo Observatory, Catania","GAC - Via L. Sturzo Observatory, Catania",37.50661837,15.09222000,62.995,0.79427700,0.60553500,optical,2023-01-14,,,,"Wed, 27 May 2026 15:45:12 GMT","m48 gac via l. sturzo observatory, catania gac via l. sturzo observatory, catania"
M49,"IAS Remote Observatory, Hakos","IAS Remote Observatory, Hakos",-23.23654853,16.36172000,1853.495,0.91963000,-0.39220600,optical,2023-02-19,,,,"Wed, 17 Sep 2025 18:08:55 GMT","m49 ias remote observatory, hakos ias remote observatory, hakos"
M50,"Virtual Telescope Project, Manciano","Virtual Telescope Project, Manciano",42.48017398,11.56375000,203.065,0.73866300,0.67186200,optical,2023-03-22,,,,"Wed, 17 Sep 2025 18:12:06 GMT","m50 virtual telescope project, manciano virtual telescope project, manciano"
M51,"Robert Mayer Sternwarte, Heilbronn","Robert Mayer Sternwarte, Heilbronn",49.13938033,9.22697000,221.183,0.65550000,0.75270900,optical,2023-02-08,,,,"Wed, 17 Sep 2025 18:12:06 GMT","m51 robert mayer sternwarte, heilbronn robert mayer sternwarte, heilbronn"
M52,Sassari,Sassari,40.72749129,8.57850000,315.508,0.75894100,0.64905200,optical,2023-03-13,,,,"Wed, 17 Sep 2025 18:12:06 GMT",m52 sassari sassari
M53,"CAS Observatory, Preetz","CAS Observatory, Preetz",54.21968929,10.28219000,63.082,0.58597700,0.80762300,optical,2023-04-20,,,,"Wed, 17 Sep 2025 18:12:06 GMT","m53 cas observatory, preetz cas observatory, preetz"
M54,Observatoire Albireo de Biot,Observatoire Albireo de Biot,43.61735391,7.07781000,186.039,0.72514000,0.68633500,optical,2023-03-27,,,,"Wed, 17 Sep 2025 18:12:06 GMT",m54 observatoire albireo de biot observatoire albireo de biot
M55,"Luckystar Observatory, Vazec","Luckystar Observatory, Vazec",49.05441148,19.98700000,855.548,0.65668500,0.75181400,optical,2023-02-28,,,,"Wed, 17 Sep 2025 18:12:06 GMT","m55 luckystar observatory, vazec luckystar observatory, vazec"
M56,Varedo,Varedo,45.60437827,9.17483000,233.601,0.70083300,0.71098500,optical,2023-08-06,,,,"Wed, 17 Sep 2025 18:12:06 GMT",m56 varedo varedo
M57,"Wide-field Mufara Telescope, Isnello","Wide-field Mufara Telescope, Isnello",37.86887873,14.02020000,1905.164,0.79065100,0.61070100,optical,2023-07-12,,,,"Wed, 17 Sep 2025 18:12:06 GMT","m57 wide field mufara telescope, isnello wide field mufara telescope, isnello"
M58,"VdS Remote Observatory, Hakos","VdS Remote Observatory, Hakos",-23.23660144,16.36133000,1856.011,0.91963000,-0.39220700,optical,2023-05-19,,,,"Wed, 17 Sep 2025 18:12:06 GMT","m58 vds remote observatory, hakos vds remote observatory, hakos"
M59,"Rondchamp Observatory, Reconvilier","Rondchamp Observatory, Reconvilier",47.23285004,7.22883000,800.974,0.68033400,0.73061600,optical,2023-08-20,,,,"Wed, 17 Sep 2025 18:12:06 GMT","m59 rondchamp observatory, reconvilier rondchamp observatory, reconvilier"
M60,"Virgil Observatory, Loiano","Virgil Observatory, Loiano",44.26233532,11.32554000,790.407,0.71741100,0.69449200,optical,,,,,"Wed, 17 Sep 2025 18:12:06 GMT","m60 virgil observatory, loiano virgil observatory, loiano"
M61,Observatory Moers Kapellen,Observatory Moers Kapellen,51.42004959,6.58581000,75.627,0.62489300,0.77810800,optical,2023-09-06,,,,"Wed, 17 Sep 2025 18:12:06 GMT",m61 observatory moers kapellen observatory moers kapellen
M62,Lajoux Observatory,Lajoux Observatory,47.28111241,7.13417000,1035.043,0.67974100,0.73121400,optical,2023-10-01,,,,"Wed, 17 Sep 2025 18:12:06 GMT",m62 lajoux observatory lajoux observatory
M63,"RPF Observatory, Gagliano del Capo","RPF Observatory, Gagliano del Capo",39.84260383,18.36969000,179.174,0.76888600,0.63728600,optical,2023-10-11,,,,"Wed, 17 Sep 2025 18:12:06 GMT","m63 rpf observatory, gagliano del capo rpf observatory, gagliano del capo"
M64,"Holbrook, Heathfield","Holbrook, Heathfield",50.96690380,0.23964000,202.728,0.63106500,0.77317000,optical,2024-01-09,,,,"Wed, 17 Sep 2025 18:12:06 GMT","m64 holbrook, heathfield holbrook, heathfield"
M65,"Mustola Observatory, Lappeenranta","Mustola Observatory, Lappeenranta",61.06479650,28.32494000,87.805,0.48507200,0.87155800,optical,2024-03-11,,,,"Wed, 17 Sep 2025 18:12:06 GMT","m65 mustola observatory, lappeenranta mustola observatory, lappeenranta"
M66,"SNX-NET, Prodromos","SNX-NET, Prodromos",34.93209100,32.84019400,1435.280,0.82091700,0.56952600,optical,2024-10-22,,,,"Wed, 17 Sep 2025 18:12:06 GMT","m66 snx net, prodromos snx net, prodromos"
M67,"Kolobov Observatory, Magnitogorsk","Kolobov Observatory, Magnitogorsk",53.80538793,58.63631000,493.324,0.59186700,0.80342900,optical,2024-12-07,,https://xn--90acweobb.xn--p1ai/,,"Wed, 17 Sep 2025 18:12:06 GMT","m67 kolobov observatory, magnitogorsk kolobov observatory, magnitogorsk"
M68,"School 1502 Rooftop Observatory, Moscow","School 1502 Rooftop Obs., Moscow",55.76025659,37.83052000,175.975,0.56396400,0.82306400,optical,2024-07-23,,,,"Wed, 17 Sep 2025 18:12:06 GMT","m68 school 1502 rooftop observatory, moscow school 1502 rooftop obs., moscow"
M69,Emirates Astronomical Observatory L.L.C,Emirates Astronomical Observatory L.L.C,23.57806869,54.74547000,152.152,0.91702900,0.39754300,optical,2025-04-05,,https://www.observatory.ae,,"Wed, 17 Sep 2025 18:12:06 GMT",m69 emirates astronomical observatory l.l.c emirates astronomical observatory l.l.c
M70,"BOOTES-6, Bloemfontein","BOOTES-6, Bloemfontein",-29.03908510,26.40409400,1414.405,0.87517300,-0.48264500,optical,2024-12-05,,,,"Wed, 17 Sep 2025 18:12:06 GMT","m70 bootes 6, bloemfontein bootes 6, bloemfontein"
M71,"AUTH Astronomical Station, Noesis","AUTH Astronomical Station, Noesis",40.56251934,22.99561900,114.051,0.76078800,0.64685200,optical,2024-10-22,,,,"Wed, 17 Sep 2025 18:12:06 GMT","m71 auth astronomical station, noesis auth astronomical station, noesis"
M72,"AUTH Astronomical Station, Cyprus","AUTH Astronomical Station, Cyprus",34.93209549,32.84016700,1412.288,0.82091400,0.56952400,optical,2024-07-21,,,,"Wed, 17 Sep 2025 18:12:06 GMT","m72 auth astronomical station, cyprus auth astronomical station, cyprus"
M73,"Eden Emirates Observatory, Abu Dhabi","Eden Emirates Observatory, Abu Dhabi",23.57811095,54.74531000,77.645,0.91701800,0.39753900,optical,2025-03-12,,,,"Wed, 17 Sep 2025 18:12:06 GMT","m73 eden emirates observatory, abu dhabi eden emirates observatory, abu dhabi"
M75,"Online observatory, Peschany","Online observatory, Peschany",45.74293763,39.51155000,44.834,0.69908500,0.71265100,optical,2024-06-22,,,,"Wed, 17 Sep 2025 18:12:06 GMT","m75 online observatory, peschany online observatory, peschany"
M77,Mezmay Comet Search Center,Mezmay Comet Search Center,44.20461818,39.96553000,767.972,0.71811000,0.69376900,optical,2023-09-22,,www.naa23.ru/,,"Wed, 17 Sep 2025 18:12:06 GMT",m77 mezmay comet search center mezmay comet search center
M90,Chervishevo,Chervishevo,56.94611765,65.42860000,63.420,0.54672000,0.83452000,optical,2018-09-29,,https://astro-tower.ru/,,"Wed, 17 Sep 2025 18:12:06 GMT",m90 chervishevo chervishevo
N27,Omsk-Yogik Observatory,Omsk-Yogik Observatory,54.74811631,73.72530000,58.549,0.57847000,0.81298000,optical,2013-08-14,,,,"Wed, 17 Sep 2025 18:12:06 GMT",n27 omsk yogik observatory omsk yogik observatory
N30,"Zeds Astronomical Observatory, Lahore","Zeds Astronomical Observatory, Lahore",31.47298062,74.36940000,181.709,0.85369000,0.51909000,optical,2016-11-14,,,,"Wed, 17 Sep 2025 18:12:06 GMT","n30 zeds astronomical observatory, lahore zeds astronomical observatory, lahore"
N31,"Eden Astronomical Observatory, Lahore","Eden Astronomical Observatory, Lahore",31.51349854,74.44422000,174.003,0.85332100,0.51969000,optical,2019-03-16,,,,"Wed, 17 Sep 2025 18:12:06 GMT","n31 eden astronomical observatory, lahore eden astronomical observatory, lahore"
N42,Tien-Shan Astronomical Observatory,Tien-Shan Astronomical Observatory,43.05729612,76.97181000,2723.539,0.73212600,0.67951100,optical,,,,,"Wed, 17 Sep 2025 18:12:06 GMT",n42 tien shan astronomical observatory tien shan astronomical observatory
N43,"Plateau Observatory for Dome A, Kunlun Station","Plateau Observatory for Dome A, Kunlun Station",-80.41741579,77.11670000,4082.219,0.16712000,-0.98328000,optical,2018-05-29,,,,"Wed, 17 Sep 2025 18:12:06 GMT","n43 plateau observatory for dome a, kunlun station plateau observatory for dome a, kunlun station"
N44,"Shache Station, Langan Village","Shache Station, Langan Village",38.38446835,77.13931000,1201.160,0.78502300,0.61769300,optical,2022-08-31,,,,"Wed, 17 Sep 2025 18:12:06 GMT","n44 shache station, langan village shache station, langan village"
N50,"Himalayan Chandra Telescope, IAO, Hanle","Himalayan Chandra Telescope, IAO, Hanle",32.77954473,78.96383000,4475.354,0.84217600,0.53869200,optical,2016-07-03,,,,"Wed, 17 Sep 2025 18:08:55 GMT","n50 himalayan chandra telescope, iao, hanle himalayan chandra telescope, iao, hanle"
N51,"GROWTH India Telescope, IAO, Hanle","GROWTH India Telescope, IAO, Hanle",32.77924090,78.96461000,4468.813,0.84217800,0.53868700,optical,,,,,"Wed, 17 Sep 2025 18:12:06 GMT","n51 growth india telescope, iao, hanle growth india telescope, iao, hanle"
N53,International Liquid Mirror Telescope,International Liquid Mirror Telescope,29.36150143,79.68530000,2386.113,0.87257170,0.48761170,optical,2022-10-24,,https://aries.res.in/,,"Wed, 17 Sep 2025 18:08:55 GMT",n53 international liquid mirror telescope international liquid mirror telescope
N54,"Purple Mountain Observatory, Jiama'erdeng Station","Purple Mountain Observatory, Jiama\'erdeng",32.32493681,80.02674000,5026.226,0.84650500,0.53207100,optical,2024-02-28,,,,"Wed, 17 Sep 2025 18:12:06 GMT","n54 purple mountain observatory, jiama'erdeng station purple mountain observatory, jiama\'erdeng"
N55,"Corona Borealis Observatory, Ngari, Tibet","Corona Borealis Observatory, Ngari, Tibet",32.32605681,80.02623000,5044.499,0.84649700,0.53208900,optical,2014-11-02,,,,"Wed, 17 Sep 2025 18:12:06 GMT","n55 corona borealis observatory, ngari, tibet corona borealis observatory, ngari, tibet"
N56,"Jiama'erdeng Tianwentai JIST project, Ali, Tibet","Jiama\'erdeng Tianwentai JIST project, Ali, Tibet",32.32509540,80.02675000,5022.268,0.84650300,0.53207300,optical,2020-12-19,,,"Jiama\'erdeng Tianwentai, Ali, Tibet|Jiama'erdeng Tianwentai JIST project, Ali, Tibet","Wed, 17 Sep 2025 18:12:06 GMT","n56 jiama'erdeng tianwentai jist project, ali, tibet jiama\'erdeng tianwentai jist project, ali, tibet jiama\'erdeng tianwentai, ali, tibet jiama'erdeng tianwentai jist project, ali, tibet"
N57,"YLT, NAOC","YLT, NAOC",32.30601797,80.04600000,5350.880,0.84672400,0.53182000,optical,2023-12-31,,,,"Wed, 17 Sep 2025 18:12:06 GMT","n57 ylt, naoc ylt, naoc"
N82,Multa Observatory,Multa Observatory,50.17204557,85.95494000,910.128,0.64184400,0.76445000,optical,2021-03-03,,,,"Wed, 17 Sep 2025 18:12:06 GMT",n82 multa observatory multa observatory
N83,"LW-1, NAOC-Korla","LW-1, NAOC-Korla",41.55265651,86.23504000,835.600,0.74954900,0.65992700,optical,2022-08-29,,,,"Wed, 17 Sep 2025 18:12:06 GMT","n83 lw 1, naoc korla lw 1, naoc korla"
N85,Megrez-NAOC,Megrez-NAOC,43.47600615,87.17701400,2025.952,0.72704570,0.68474880,optical,2025-02-20,,,,"Wed, 17 Sep 2025 18:12:06 GMT",n85 megrez naoc megrez naoc
N86,"Xingming Observatory-KATS, Nanshan","Xingming Observatory-KATS, Nanshan",43.47380557,87.17852000,2007.649,0.72707000,0.68471900,optical,2021-03-19,,,,"Wed, 17 Sep 2025 18:12:06 GMT","n86 xingming observatory kats, nanshan xingming observatory kats, nanshan"
N87,"Nanshan Station, Xinjiang Observatory","Nanshan Station, Xinjiang Observatory",43.47361031,87.17503000,2039.809,0.72707600,0.68472000,optical,2013-04-12,,,,"Wed, 17 Sep 2025 18:12:06 GMT","n87 nanshan station, xinjiang observatory nanshan station, xinjiang observatory"
N88,"Xingming Observatory #3, Nanshan","Xingming Observatory #3, Nanshan",43.47178375,87.17322000,2040.710,0.72709800,0.68469700,optical,2020-04-01,,,,"Wed, 17 Sep 2025 18:12:06 GMT","n88 xingming observatory #3, nanshan xingming observatory #3, nanshan"
N89,"Xingming Observatory #2, Nanshan","Xingming Observatory #2, Nanshan",43.47080367,87.17906000,2016.547,0.72710700,0.68468200,optical,2020-09-12,,,,"Wed, 17 Sep 2025 18:12:06 GMT","n89 xingming observatory #2, nanshan xingming observatory #2, nanshan"
N94,Altay Astronomical Observatory,Altay Astronomical Observatory,47.58844561,88.72792000,971.420,0.67578800,0.73483100,optical,2024-08-12,,,,"Wed, 17 Sep 2025 18:12:06 GMT",n94 altay astronomical observatory altay astronomical observatory
O02,"Galaxy Tibet YBJ Observatory,Yangbajing","Galaxy Tibet YBJ Observatory,Yangbajing",30.10317919,90.52614000,4283.674,0.86643400,0.49895800,optical,2019-12-03,,,,"Wed, 17 Sep 2025 18:12:06 GMT","o02 galaxy tibet ybj observatory,yangbajing galaxy tibet ybj observatory,yangbajing"
O17,"Purple Mountain Observatory, Lenghu-1","Purple Mountain Observatory, Lenghu-1",38.58877487,93.88669000,3790.186,0.78312700,0.62073000,optical,2022-04-30,,,,"Wed, 17 Sep 2025 18:12:06 GMT","o17 purple mountain observatory, lenghu 1 purple mountain observatory, lenghu 1"
O18,"WFST, Lenghu","WFST, Lenghu",38.60760137,93.89522000,4145.536,0.78296600,0.62102100,optical,2023-09-04,,https://wfst.ustc.edu.cn/,,"Fri, 09 Jan 2026 22:49:58 GMT","o18 wfst, lenghu wfst, lenghu"
O37,"TRT-NEO, Chiangmai","TRT-NEO, Chiangmai",18.58986661,98.48553000,2514.099,0.94852100,0.31689100,optical,2018-12-15,,,,"Wed, 17 Sep 2025 18:12:06 GMT","o37 trt neo, chiangmai trt neo, chiangmai"
O38,"Purple Mountain Observatory, Dayao","Purple Mountain Observatory, Dayao",25.69750492,101.04528000,2480.525,0.90201400,0.43115700,optical,2024-12-26,,,Purple Mountain Observatory,"Wed, 17 Sep 2025 18:12:06 GMT","o38 purple mountain observatory, dayao purple mountain observatory, dayao purple mountain observatory"
O39,"BOOTES-4, Lijiang","BOOTES-4, Lijiang",26.69555069,100.03105600,3195.271,0.89445800,0.44676900,optical,2024-12-05,,,BOOTES-4,"Wed, 17 Sep 2025 18:12:06 GMT","o39 bootes 4, lijiang bootes 4, lijiang bootes 4"
O40,"Xingyuan, Daocheng","Xingyuan, Daocheng",29.01306061,100.22861000,3854.192,0.87572700,0.48243500,optical,2024-01-05,,,,"Wed, 17 Sep 2025 18:12:06 GMT","o40 xingyuan, daocheng xingyuan, daocheng"
O41,"Choakanan Observatory, Lampang","Choakanan Observatory, Lampang",18.33696970,99.46556000,212.967,0.94956900,0.31261300,optical,2024-03-10,,,,"Wed, 17 Sep 2025 18:12:06 GMT","o41 choakanan observatory, lampang choakanan observatory, lampang"
O42,"Gaomeigu Gemini Observatory, LiJiang","Gaomeigu Gemini Observatory, LiJiang",26.72249252,100.02900000,3134.318,0.89423900,0.44718300,optical,2024-01-09,,,,"Wed, 17 Sep 2025 18:12:06 GMT","o42 gaomeigu gemini observatory, lijiang gaomeigu gemini observatory, lijiang"
O43,"Observatori Negara, Langkawi","Observatori Negara, Langkawi",6.30702005,99.78111000,111.296,0.99400500,0.10912700,optical,2014-04-09,,,,"Wed, 17 Sep 2025 18:12:06 GMT","o43 observatori negara, langkawi observatori negara, langkawi"
O44,"Lijiang Station, Yunnan Observatories","Lijiang Station, Yunnan Observatories",26.69508660,100.02973000,3240.792,0.89446800,0.44676500,optical,2013-06-21,,,,"Wed, 17 Sep 2025 18:12:06 GMT","o44 lijiang station, yunnan observatories lijiang station, yunnan observatories"
O45,"Yunnan-HK Observatory, Gaomeigu","Yunnan-HK Observatory, Gaomeigu",26.69791727,100.03261000,3227.250,0.89444400,0.44680800,optical,2016-03-03,,,,"Wed, 17 Sep 2025 18:12:06 GMT","o45 yunnan hk observatory, gaomeigu yunnan hk observatory, gaomeigu"
O46,Daocheng Glacier Observatory,Daocheng Glacier Observatory,29.01174791,100.22664000,3853.680,0.87573800,0.48241500,optical,2023-09-04,,,,"Wed, 17 Sep 2025 18:12:06 GMT",o46 daocheng glacier observatory daocheng glacier observatory
O47,"Yunling Observatory, Yunnan","Yunling Observatory, Yunnan",25.62439649,101.13415000,2274.614,0.90253500,0.42999800,optical,2021-11-20,,,,"Wed, 17 Sep 2025 18:12:06 GMT","o47 yunling observatory, yunnan yunling observatory, yunnan"
O48,"Purple Mountain Observatory, Yaoan (0.8-m)","Purple Mountain Observatory, Yaoan (0.8-m)",25.52652164,101.18154000,1948.459,0.90322300,0.42844200,optical,2021-11-06,,,,"Wed, 17 Sep 2025 18:12:06 GMT","o48 purple mountain observatory, yaoan (0.8 m) purple mountain observatory, yaoan (0.8 m)"
O49,"Purple Mountain Observatory, Yaoan Station","Purple Mountain Observatory, Yaoan Station",25.52860532,101.18111000,1938.572,0.90320600,0.42847400,optical,2019-01-03,,,,"Wed, 17 Sep 2025 18:12:06 GMT","o49 purple mountain observatory, yaoan station purple mountain observatory, yaoan station"
O50,"Hin Hua Observatory, Klang","Hin Hua Observatory, Klang",3.03341194,101.43942000,56.170,0.99861700,0.05256500,optical,2016-11-20,,,,"Wed, 17 Sep 2025 18:12:06 GMT","o50 hin hua observatory, klang hin hua observatory, klang"
O51,"Akin Observatory, Rayong","Akin Observatory, Rayong",12.73469848,101.27869000,-25.577,0.97555600,0.21899600,optical,2022-12-18,,,,"Wed, 17 Sep 2025 18:12:06 GMT","o51 akin observatory, rayong akin observatory, rayong"
O52,"Astro820, Samut Prakan","Astro820, Samut Prakan",13.57863337,100.72972000,-26.354,0.97222400,0.23325000,optical,2023-12-17,,,,"Wed, 17 Sep 2025 18:12:06 GMT","o52 astro820, samut prakan astro820, samut prakan"
O53,"Pakchong, Nachonratchasima","Pakchong, Nachonratchasima",14.66931123,101.40403000,288.391,0.96765500,0.25161000,optical,2024-02-05,,,,"Wed, 17 Sep 2025 18:12:06 GMT","o53 pakchong, nachonratchasima pakchong, nachonratchasima"
O54,"TSky Observatory, Chonburi","TSky Observatory, Chonburi",13.29469220,100.94939000,-16.295,0.97337000,0.22846000,optical,2024-02-10,,,,"Wed, 17 Sep 2025 18:12:06 GMT","o54 tsky observatory, chonburi tsky observatory, chonburi"
O55,"Telok Kemang Observatory, Port Dickson","Telok Kemang Observatory, Port Dickson",2.44533388,101.85450000,28.906,0.99910000,0.04238100,optical,2024-07-13,,,,"Wed, 17 Sep 2025 18:12:06 GMT","o55 telok kemang observatory, port dickson telok kemang observatory, port dickson"
O56,"Jaichalad-Pailin Observatory, Nakhonratchasima",Jaichalad-Pailin Observatory,14.69832172,101.45455600,292.185,0.96752800,0.25209700,optical,2024-11-02,,,,"Wed, 17 Sep 2025 18:12:06 GMT","o56 jaichalad pailin observatory, nakhonratchasima jaichalad pailin observatory"
O57,ROP KKN Observatory,ROP KKN Observatory,16.76067539,102.63094000,177.947,0.95781100,0.28653200,optical,2025-01-01,,,ROP KKN Observatoyr,"Wed, 17 Sep 2025 18:12:06 GMT",o57 rop kkn observatory rop kkn observatory rop kkn observatoyr
O58,"SSTAC, Pak Chong","SSTAC, Pak Chong",14.69830527,101.45413100,289.070,0.96752760,0.25209660,optical,2026-03-14,,,,"Wed, 18 Mar 2026 14:38:53 GMT","o58 sstac, pak chong sstac, pak chong"
O68,"LW-2, NAOC-Zhongwei","LW-2, NAOC-Zhongwei",37.62964539,105.33090000,1265.309,0.79312100,0.60734700,optical,2022-10-22,,,,"Wed, 17 Sep 2025 18:12:06 GMT","o68 lw 2, naoc zhongwei lw 2, naoc zhongwei"
O72,"OWL-Net, Songino","OWL-Net, Songino",47.88613162,106.33476000,1637.630,0.67201700,0.73839900,optical,,,,,"Wed, 17 Sep 2025 18:12:06 GMT","o72 owl net, songino owl net, songino"
O75,ISON-Hureltogoot Observatory,ISON-Hureltogoot Observatory,47.86523506,107.05180000,1606.686,0.67228400,0.73815100,optical,2014-01-29,,,,"Wed, 17 Sep 2025 18:12:06 GMT",o75 ison hureltogoot observatory ison hureltogoot observatory
O85,"LiShan Observatory, Lintong","LiShan Observatory, Lintong",34.35227837,109.21300000,911.038,0.82658300,0.56118100,optical,2019-04-05,,,,"Wed, 17 Sep 2025 18:12:06 GMT","o85 lishan observatory, lintong lishan observatory, lintong"
P07,"Space Surveillance Telescope, HEH Station","Space Surveillance Telescope, HEH Station",-21.89568546,114.08987000,51.223,0.92830400,-0.37059700,optical,2022-10-13,,,,"Wed, 17 Sep 2025 18:12:06 GMT","p07 space surveillance telescope, heh station space surveillance telescope, heh station"
P13,"Baihuashan Observatory, Beijing","Baihuashan Observatory, Beijing",39.83755362,115.57333000,1140.018,0.76905800,0.63731500,optical,2024-02-29,,,,"Wed, 17 Sep 2025 18:12:06 GMT","p13 baihuashan observatory, beijing baihuashan observatory, beijing"
P14,Nedlands,Nedlands,-31.98446936,115.81167000,-2.905,0.84898900,-0.52663800,optical,2024-01-04,,,"Nedlands Observatory, Perth","Wed, 22 Apr 2026 16:03:16 GMT","p14 nedlands nedlands nedlands observatory, perth"
P18,"Birch Forest Observatory, LaBaGouMen","Birch Forest Observatory, LaBaGouMen",40.89890414,116.61083000,482.075,0.75701000,0.65132800,optical,2020-12-20,,,,"Wed, 17 Sep 2025 18:12:06 GMT","p18 birch forest observatory, labagoumen birch forest observatory, labagoumen"
P21,"6R-AUS1, Youndegin","6R-AUS1, Youndegin",-31.82052074,117.28146000,332.627,0.85054000,-0.52424600,optical,2023-06-24,,,,"Wed, 21 Jan 2026 15:42:28 GMT","p21 6r aus1, youndegin 6r aus1, youndegin"
P22,"LW-3, NAOC-Xinglong","LW-3, NAOC-Xinglong",40.39424909,117.57588000,886.072,0.76278200,0.64470200,optical,2022-08-31,,,,"Wed, 17 Sep 2025 18:12:06 GMT","p22 lw 3, naoc xinglong lw 3, naoc xinglong"
P25,"Kinmen Educational Remote Observatory, Jincheng","Kinmen Educational Remote Observatory, Jincheng",24.43246108,118.31274000,33.065,0.91097600,0.41108900,optical,2013-03-17,,,,"Wed, 17 Sep 2025 18:12:06 GMT","p25 kinmen educational remote observatory, jincheng kinmen educational remote observatory, jincheng"
P30,"Jiangnantianchi Observatory, Anji","Jiangnantianchi Observatory, Anji",30.46868864,119.59708000,931.457,0.86277500,0.50418100,optical,2020-11-11,,,,"Wed, 17 Sep 2025 18:12:06 GMT","p30 jiangnantianchi observatory, anji jiangnantianchi observatory, anji"
P31,"Starlight Observatory, Tianhuangping","Starlight Observatory, Tianhuangping",30.46917279,119.59736000,940.839,0.86277200,0.50418900,optical,2020-11-11,,,,"Wed, 17 Sep 2025 18:12:06 GMT","p31 starlight observatory, tianhuangping starlight observatory, tianhuangping"
P34,"Lvye Observatory, Suzhou","Lvye Observatory, Suzhou",31.32135881,120.32031000,8.593,0.85504000,0.51682600,optical,2013-07-24,,,,"Wed, 17 Sep 2025 18:12:06 GMT","p34 lvye observatory, suzhou lvye observatory, suzhou"
P35,"Cuteip Remote Observatory, Changhua","Cuteip Remote Observatory, Changhua",24.09339649,120.55699000,49.844,0.91339800,0.40572200,optical,2013-04-17,,,,"Wed, 17 Sep 2025 18:12:06 GMT","p35 cuteip remote observatory, changhua cuteip remote observatory, changhua"
P36,"ULTRA Observatory,Suzhou","ULTRA Observatory,Suzhou",31.30294911,120.62669000,13.683,0.85520700,0.51655300,optical,2013-02-21,,,,"Wed, 17 Sep 2025 18:12:06 GMT","p36 ultra observatory,suzhou ultra observatory,suzhou"
P37,"HuiWen High School Observatory, Taichung City","HuiWen High School Observatory, Taichung City",24.15316188,120.63972000,93.030,0.91298000,0.40667200,optical,2022-09-21,,,,"Wed, 17 Sep 2025 18:12:06 GMT","p37 huiwen high school observatory, taichung city huiwen high school observatory, taichung city"
P38,"Checheng Elementary School Observatory, Checheng",Checheng Elementary School Observatory,22.07467620,120.71429000,25.964,0.92713700,0.37347700,optical,2024-01-11,,,,"Wed, 17 Sep 2025 18:12:06 GMT","p38 checheng elementary school observatory, checheng checheng elementary school observatory"
P40,"Chinese Culture University, Taipei","Chinese Culture University, Taipei",25.13463998,121.53958000,399.089,0.90591600,0.42218500,optical,2015-05-08,,,,"Wed, 17 Sep 2025 18:12:06 GMT","p40 chinese culture university, taipei chinese culture university, taipei"
P41,"Merak, NAOC","Merak, NAOC",37.19802852,121.78600000,448.162,0.79758300,0.60130300,optical,2025-01-07,,,,"Wed, 17 Sep 2025 18:12:06 GMT","p41 merak, naoc merak, naoc"
P48,"ASTEP, Concordia Station","ASTEP, Concordia Station",-75.10039349,123.32403000,3232.304,0.25806400,-0.96341300,optical,2010-01-01,,,,"Mon, 20 Jul 2026 16:56:35 GMT","p48 astep, concordia station astep, concordia station"
P61,Jilin Observatory,Jilin Observatory,43.82440472,126.33047000,335.494,0.72266400,0.68895800,optical,2023-09-19,,,,"Wed, 17 Sep 2025 18:12:06 GMT",p61 jilin observatory jilin observatory
P62,Jeonbuk Science High School Observatory,Jeonbuk Science High School Observatory,36.01397728,127.03597000,92.741,0.80982300,0.58473200,optical,2025-02-17,,,,"Wed, 17 Sep 2025 18:12:06 GMT",p62 jeonbuk science high school observatory jeonbuk science high school observatory
P63,"GSA Observatory, Gwangju","GSA Observatory, Gwangju",35.22843200,126.84750000,62.054,0.81777800,0.57362100,optical,2023-03-21,,,,"Wed, 17 Sep 2025 18:12:06 GMT","p63 gsa observatory, gwangju gsa observatory, gwangju"
P64,"GSHS Observatory, Suwon","GSHS Observatory, Suwon",37.30889541,127.00489000,94.263,0.79637100,0.60280500,optical,2020-01-13,,,,"Wed, 17 Sep 2025 18:12:06 GMT","p64 gshs observatory, suwon gshs observatory, suwon"
P65,"OWL-Net, Daedeok","OWL-Net, Daedeok",36.39762437,127.37568000,160.604,0.80588900,0.59012400,optical,,,,,"Wed, 17 Sep 2025 18:12:06 GMT","p65 owl net, daedeok owl net, daedeok"
P66,Deokheung Optical Astronomy Observatory,Deokheung Optical Astronomy Observatory,34.52629364,127.44675000,73.708,0.82476300,0.56360300,optical,2017-12-23,,,,"Wed, 17 Sep 2025 18:12:06 GMT",p66 deokheung optical astronomy observatory deokheung optical astronomy observatory
P67,Kangwon National University Observatory,Kangwon National University Observatory,37.87179004,127.74150000,128.485,0.79040000,0.61057000,optical,2020-01-03,,,,"Wed, 17 Sep 2025 18:12:06 GMT",p67 kangwon national university observatory kangwon national university observatory
P68,Daejeon Dongsin Science Highschool Biryong Observatory,DDSHS Biryong Observatory,36.33314544,127.47440000,175.133,0.80655600,0.58922200,optical,2024-05-02,,,,"Wed, 17 Sep 2025 18:12:06 GMT",p68 daejeon dongsin science highschool biryong observatory ddshs biryong observatory
P69,ChungBuk National University Observatory,ChungBuk National University Observatory,36.78181313,127.47561000,84.787,0.80189500,0.59548400,optical,2025-01-17,,http://cbnuo.chungbuk.ac.kr/cbnuo/,,"Wed, 17 Sep 2025 18:12:06 GMT",p69 chungbuk national university observatory chungbuk national university observatory
P71,Miryang Arirang Astronomical Observatory,Miryang Arirang Astronomical Observatory,35.50278204,128.76108000,141.914,0.81502600,0.57752000,optical,2022-11-04,,,,"Wed, 17 Sep 2025 18:12:06 GMT",p71 miryang arirang astronomical observatory miryang arirang astronomical observatory
P72,"OWL-Net, Mt. Bohyun","OWL-Net, Mt. Bohyun",36.16388120,128.97595000,1168.520,0.80842300,0.58693900,optical,,,,,"Wed, 17 Sep 2025 18:12:06 GMT","p72 owl net, mt. bohyun owl net, mt. bohyun"
P73,"BSH Byulsem Observatory, Busan","BSH Byulsem Observatory, Busan",35.26307326,129.08200000,138.119,0.81744000,0.57412000,optical,2012-12-14,,,,"Wed, 17 Sep 2025 18:12:06 GMT","p73 bsh byulsem observatory, busan bsh byulsem observatory, busan"
P87,"Hirao Observatory, Yamaguchi","Hirao Observatory, Yamaguchi",33.95413315,132.09419000,42.753,0.83035800,0.55537400,optical,2020-02-18,,,,"Wed, 17 Sep 2025 18:12:06 GMT","p87 hirao observatory, yamaguchi hirao observatory, yamaguchi"
P93,"Space Tracking and Communications Center, JAXA","Space Tracking and Communications Center, JAXA",34.67235002,133.54433000,465.325,0.82337100,0.56572900,optical,2017-04-11,,,,"Wed, 17 Sep 2025 18:12:06 GMT","p93 space tracking and communications center, jaxa space tracking and communications center, jaxa"
Q02,"Sakai Observatory, Osaka","Sakai Observatory, Osaka",34.47069488,135.49344000,106.980,0.82531500,0.56280900,optical,2020-04-27,,,,"Wed, 17 Sep 2025 18:12:06 GMT","q02 sakai observatory, osaka sakai observatory, osaka"
Q06,"Tarui Observatory, Tarui","Tarui Observatory, Tarui",35.39479113,136.49547000,145.674,0.81611600,0.57599000,optical,2023-12-24,,,,"Wed, 17 Sep 2025 18:12:06 GMT","q06 tarui observatory, tarui tarui observatory, tarui"
Q10,Toyokawa Observatory,Toyokawa Observatory,34.84361648,137.32944000,79.948,0.82162300,0.56814200,optical,2022-11-18,,,,"Wed, 17 Sep 2025 18:12:06 GMT",q10 toyokawa observatory toyokawa observatory
Q11,Shinshiro,Shinshiro,34.98429655,137.52069000,185.133,0.82023600,0.57015800,optical,2016-12-14,,,,"Wed, 17 Sep 2025 18:12:06 GMT",q11 shinshiro shinshiro
Q12,Nagano Observatory,Nagano Observatory,36.47695904,137.82536000,777.883,0.80514700,0.59129200,optical,,,,,"Tue, 26 May 2026 20:34:56 GMT",q12 nagano observatory nagano observatory
Q14,Goto Astronomical Observatory in Yatsugatake,Goto Astronomical Observatory in Yatsugatake,35.89331284,138.30444000,1096.601,0.81118300,0.58312500,optical,2025-03-30,,,,"Wed, 17 Sep 2025 18:08:55 GMT",q14 goto astronomical observatory in yatsugatake goto astronomical observatory in yatsugatake
Q19,Machida,Machida,35.57381740,139.43900000,81.201,0.81430000,0.57852000,optical,2015-09-03,,,,"Wed, 17 Sep 2025 18:12:06 GMT",q19 machida machida
Q20,"Swan Reach Imaging, Glenalta","Swan Reach Imaging, Glenalta",-34.54407844,139.57008000,53.274,0.82458500,-0.56385600,optical,2024-02-01,,,,"Wed, 17 Sep 2025 18:12:06 GMT","q20 swan reach imaging, glenalta swan reach imaging, glenalta"
Q21,Southern Utsunomiya,Southern Utsunomiya,36.50735724,139.85335000,99.955,0.80474700,0.59165400,optical,2015-08-13,,,,"Wed, 17 Sep 2025 18:12:06 GMT",q21 southern utsunomiya southern utsunomiya
Q22,"SNX-NET, Moorook","SNX-NET, Moorook",-34.26918405,140.34192000,48.703,0.82728600,-0.55991100,optical,2024-11-04,,,,"Wed, 17 Sep 2025 18:12:06 GMT","q22 snx net, moorook snx net, moorook"
Q23,Sukagawa,Sukagawa,37.29559187,140.38646400,288.375,0.79653550,0.60263930,optical,2018-04-27,,,,"Thu, 04 Dec 2025 20:28:28 GMT",q23 sukagawa sukagawa
Q24,Katori,Katori,35.89899174,140.52350000,41.000,0.81099100,0.58310800,optical,2017-11-27,,,,"Wed, 17 Sep 2025 18:12:06 GMT",q24 katori katori
Q33,"Nayoro Observatory, Hokkaido University","Nayoro Observatory, Hokkaido University",44.37364274,142.48278000,192.130,0.71598900,0.69581400,optical,2016-07-22,,,,"Wed, 17 Sep 2025 18:12:06 GMT","q33 nayoro observatory, hokkaido university nayoro observatory, hokkaido university"
Q38,Swan Hill,Swan Hill,-35.35208723,143.55060000,98.457,0.81654000,-0.57538000,optical,2016-11-27,,,,"Wed, 17 Sep 2025 18:12:06 GMT",q38 swan hill swan hill
Q54,"Harlingten Telescope, Greenhill Observatory","Harlingten Telescope, Greenhill Observatory",-42.43113562,147.28772000,639.261,0.73929000,-0.67127800,optical,2020-02-28,,,,"Wed, 17 Sep 2025 18:08:55 GMT","q54 harlingten telescope, greenhill observatory harlingten telescope, greenhill observatory"
Q55,"SkyMapper, Siding Spring","SkyMapper, Siding Spring",-31.27213062,149.06142000,1191.053,0.85564300,-0.51619100,optical,2014-04-05,,,,"Tue, 26 May 2026 20:34:56 GMT","q55 skymapper, siding spring skymapper, siding spring"
Q56,"Heaven's Mirror Observatory, Yass","Heaven\'s Mirror Observatory, Yass",-34.86416616,148.97642000,556.214,0.82148000,-0.56847800,optical,2019-03-05,,,,"Wed, 17 Sep 2025 18:12:06 GMT","q56 heaven's mirror observatory, yass heaven\'s mirror observatory, yass"
Q57,Korea Microlensing Telescope Network-SSO,Korea Microlensing Telescope Network-SSO,-31.27116494,149.06173000,1170.788,0.85564900,-0.51617500,optical,2018-08-31,,,,"Wed, 17 Sep 2025 18:12:06 GMT",q57 korea microlensing telescope network sso korea microlensing telescope network sso
Q58,Siding Spring-LCO Clamshell #1,Siding Spring-LCO Clamshell #1,-31.27285231,149.07085000,1157.574,0.85563200,-0.51619900,optical,2017-05-31,,,,"Tue, 26 May 2026 20:34:56 GMT",q58 siding spring lco clamshell #1 siding spring lco clamshell #1
Q59,Siding Spring-LCO Clamshell #2,Siding Spring-LCO Clamshell #2,-31.27293314,149.07081000,1118.244,0.85562600,-0.51619700,optical,2016-03-30,,,,"Wed, 19 Nov 2025 22:47:26 GMT",q59 siding spring lco clamshell #2 siding spring lco clamshell #2
Q60,"ISON-SSO Observatory, Siding Spring","ISON-SSO Observatory, Siding Spring",-31.27298230,149.06900000,1121.555,0.85562600,-0.51619800,optical,2015-07-30,,,,"Wed, 17 Sep 2025 18:12:06 GMT","q60 ison sso observatory, siding spring ison sso observatory, siding spring"
Q61,"PROMPT, Siding Spring","PROMPT, Siding Spring",-31.27167944,149.06190000,1138.278,0.85564000,-0.51618000,optical,2013-08-28,,,,"Wed, 17 Sep 2025 18:12:06 GMT","q61 prompt, siding spring prompt, siding spring"
Q62,"iTelescope Observatory, Siding Spring","iTelescope Observatory, Siding Spring",-31.27328600,149.06442000,1164.397,0.85562900,-0.51620600,optical,2013-01-01,,https://www.itelescope.net,,"Wed, 17 Sep 2025 18:08:55 GMT","q62 itelescope observatory, siding spring itelescope observatory, siding spring"
Q63,Siding Spring-LCO A,Siding Spring-LCO A,-31.27299979,149.07064000,1167.507,0.85563200,-0.51620200,optical,2013-06-23,,,,"Tue, 26 May 2026 20:34:56 GMT",q63 siding spring lco a siding spring lco a
Q64,Siding Spring-LCO B,Siding Spring-LCO B,-31.27299979,149.07078000,1167.507,0.85563200,-0.51620200,optical,2013-06-23,,,,"Tue, 26 May 2026 20:34:56 GMT",q64 siding spring lco b siding spring lco b
Q65,Warrumbungle Observatory,Warrumbungle Observatory,-31.27632481,149.19313000,548.197,0.85551900,-0.51620100,optical,2014-10-05,,,,"Wed, 17 Sep 2025 18:12:06 GMT",q65 warrumbungle observatory warrumbungle observatory
Q66,"Siding Spring-Janess-G, JAXA","Siding Spring-Janess-G, JAXA",-31.27329655,149.06425000,1150.183,0.85562700,-0.51620500,optical,,,,,"Wed, 17 Sep 2025 18:12:06 GMT","q66 siding spring janess g, jaxa siding spring janess g, jaxa"
Q67,"JBL Observatory, Bathurst","JBL Observatory, Bathurst",-33.39706034,149.49233000,702.271,0.83581600,-0.54736900,optical,2018-01-26,,,,"Wed, 17 Sep 2025 18:12:06 GMT","q67 jbl observatory, bathurst jbl observatory, bathurst"
Q68,"Blue Mountains Observatory, Leura","Blue Mountains Observatory, Leura",-33.70213267,150.33742000,957.180,0.83291700,-0.55181300,optical,2013-06-17,,,,"Wed, 17 Sep 2025 18:12:06 GMT","q68 blue mountains observatory, leura blue mountains observatory, leura"
Q69,Hazelbrook,Hazelbrook,-33.71291332,150.44933000,681.584,0.83277700,-0.55194500,optical,2018-12-07,,,,"Wed, 17 Sep 2025 18:12:06 GMT",q69 hazelbrook hazelbrook
Q70,"Glenlee Observatory, Glenlee","Glenlee Observatory, Glenlee",-23.26945381,150.50044000,108.275,0.91915300,-0.39262300,optical,2020-09-20,,,,"Wed, 17 Sep 2025 18:12:06 GMT","q70 glenlee observatory, glenlee glenlee observatory, glenlee"
Q71,"SNX-NET, Siding Spring","SNX-NET, Siding Spring",-31.27332641,149.06980800,1144.732,0.85562600,-0.51620500,optical,2024-01-01,,,,"Wed, 17 Sep 2025 18:12:06 GMT","q71 snx net, siding spring snx net, siding spring"
Q73,"Buckthorn, Thornton","Buckthorn, Thornton",-32.76568432,151.64894000,41.584,0.84172200,-0.53811300,optical,2024-07-09,,,,"Wed, 17 Sep 2025 18:12:06 GMT","q73 buckthorn, thornton buckthorn, thornton"
Q78,"Woogaroo Observatory, Forest Lake","Woogaroo Observatory, Forest Lake",-27.60567273,152.94789000,84.247,0.88680700,-0.46061900,optical,2020-03-13,,,,"Wed, 17 Sep 2025 18:12:06 GMT","q78 woogaroo observatory, forest lake woogaroo observatory, forest lake"
Q79,Samford Valley Observatory,Samford Valley Observatory,-27.36828791,152.84810000,80.296,0.88871000,-0.45696000,optical,2013-10-10,,,,"Wed, 17 Sep 2025 18:12:06 GMT",q79 samford valley observatory samford valley observatory
Q80,Birkdale,Birkdale,-27.50345149,153.21600000,22.682,0.88762000,-0.45904000,optical,2014-04-08,,,,"Wed, 17 Sep 2025 18:12:06 GMT",q80 birkdale birkdale
Q81,Caloundra West,Caloundra West,-26.80085529,153.09622000,49.293,0.89319400,-0.44818100,optical,2020-05-15,,,,"Wed, 17 Sep 2025 18:12:06 GMT",q81 caloundra west caloundra west
R13,GOTO North,GOTO North,28.76011825,-17.87928900,2390.222,0.87765040,0.47847370,optical,2025-04-23,,https://goto-observatory.org/,,"Wed, 17 Sep 2025 18:12:06 GMT",r13 goto north goto north
R14,VillaDeMazoElHoyo,VillaDeMazoElHoyo,28.62078826,-17.76794000,245.691,0.87851800,0.47618800,optical,2025-03-24,,,,"Wed, 17 Sep 2025 18:12:06 GMT",r14 villademazoelhoyo villademazoelhoyo
R16,"Tafuriaste, La Orotava","Tafuriaste, La Orotava",28.38876696,-16.53536000,353.698,0.88045700,0.47265300,optical,2026-02-16,,https://observatoriodetafuriaste.blogspot.com/,,"Thu, 26 Feb 2026 23:21:53 GMT","r16 tafuriaste, la orotava tafuriaste, la orotava"
R17,ATLAS-TDO,ATLAS-TDO,28.29877846,-16.51031000,2415.404,0.88148400,0.47143000,optical,2025-02-25,,,,"Tue, 26 May 2026 20:34:56 GMT",r17 atlas tdo atlas tdo
R18,"Two-meter Twin Telescope, TTT4","Two-meter Twin Telescope, TTT4",28.29890705,-16.50975000,2415.835,0.88148300,0.47143200,optical,2026-05-03,,https://ttt.iac.es/,,"Mon, 11 May 2026 18:07:02 GMT","r18 two meter twin telescope, ttt4 two meter twin telescope, ttt4"
R20,"LaMelira, Las Palmas de Gran Canaria","LaMelira, Las Palmas de Gran Canaria",28.15285595,-15.42289000,74.478,0.88236000,0.46902200,optical,2025-06-23,,,"Melira, Las Palmas","Tue, 17 Feb 2026 15:24:07 GMT","r20 lamelira, las palmas de gran canaria lamelira, las palmas de gran canaria melira, las palmas"
R39,"Dobsonian Power, Algarve","Dobsonian Power, Algarve",37.13359667,-7.69317190,157.375,0.79822400,0.60038200,optical,2026-05-18,,,,"Thu, 25 Jun 2026 19:43:39 GMT","r39 dobsonian power, algarve dobsonian power, algarve"
R40,"STB Astro Observatory, Setúbal","STB Astro Observatory, Setubal",38.51673239,-8.83022000,73.744,0.78345300,0.61938600,optical,2026-06-06,,,,"Thu, 25 Jun 2026 19:29:01 GMT","r40 stb astro observatory, setubal stb astro observatory, setubal"
R41,"UAM, Madrid","UAM, Madrid",40.54629682,-3.69633000,1552.408,0.76114300,0.64678400,optical,2026-04-15,,,,"Mon, 15 Jun 2026 21:25:35 GMT","r41 uam, madrid uam, madrid"
R42,Observatorio Astronómico del Moncayo,Observatorio Astronomico del Moncayo,41.83651615,-1.75385600,821.526,0.74625900,0.66361700,optical,2026-03-21,,https://oamlituenigo.es/,,"Mon, 15 Jun 2026 21:13:58 GMT",r42 observatorio astronomico del moncayo observatorio astronomico del moncayo
R43,TransAstra TKO at e-EYE,TransAstra TKO at e-EYE,38.21529089,-6.62719000,583.015,0.78677200,0.61532200,optical,2026-04-18,,https://www.transastra.com/products/tko,,"Wed, 27 May 2026 18:51:10 GMT",r43 transastra tko at e eye transastra tko at e eye
R44,Metis Trevinca Skies,Metis Trevinca Skies,42.22271324,-6.98835600,1312.621,0.74181260,0.66866510,optical,2025-07-23,,,,"Wed, 17 Sep 2025 18:08:55 GMT",r44 metis trevinca skies metis trevinca skies
R45,"Tycho Brahe, Trevinca","Tycho Brahe, Trevinca",42.22230307,-6.98842000,1257.487,0.74181100,0.66865400,optical,2025-06-08,,,,"Wed, 17 Sep 2025 18:12:06 GMT","r45 tycho brahe, trevinca tycho brahe, trevinca"
R46,"Lovell (76-m, Jodrell Bank)","Lovell (76-m, Jodrell Bank)",53.23654427,-2.30856920,179.355,0.59981945,0.79748778,radar,2026-05-08,,,,"Mon, 11 May 2026 19:53:46 GMT","r46 lovell (76 m, jodrell bank) lovell (76 m, jodrell bank)"
R47,Madrid DSS-63 (70-m),Madrid DSS-63 (70-m),40.43120999,-4.24800850,864.890,0.76236225,0.64518986,radar,2022-06-01,,,,"Mon, 11 May 2026 19:55:01 GMT",r47 madrid dss 63 (70 m) madrid dss 63 (70 m)
R48,Centro Astronómico Alto Turia 2,Centro Astronomico Alto Turia 2,39.95002212,-1.10907800,1333.437,0.76782530,0.63883690,optical,2026-04-05,,https://astroava.org/,"Centro Astronomico Alto Turia, Telescope C","Mon, 11 May 2026 20:19:34 GMT","r48 centro astronomico alto turia 2 centro astronomico alto turia 2 centro astronomico alto turia, telescope c"
R49,"Observatorio Villuercas-Navezuelas, Navezuelas (CC)","Observatorio Villuercas-Navezuelas, Navezuelas",39.51272701,-5.43951900,987.509,0.77265020,0.63294690,optical,2025-07-10,,https://sites.google.com/view/r49-observatorio-villuercas-na/inicio,,"Wed, 29 Oct 2025 18:24:13 GMT","r49 observatorio villuercas navezuelas, navezuelas (cc) observatorio villuercas navezuelas, navezuelas"
R50,"Obsservatorio astronomico Orion, San Agustin del Pozo",Obsservatorio astronomico Orion,41.88417448,-5.59342500,754.715,0.74569730,0.66422820,optical,2025-07-20,,https://pastorgalactico.blogspot.com/,,"Wed, 17 Sep 2025 18:08:55 GMT","r50 obsservatorio astronomico orion, san agustin del pozo obsservatorio astronomico orion"
R51,"Astrogredos Observatory, Arenas de San Pedro","Astrogredos Observatory, Arenas de San Pedro",40.17017072,-5.08192000,455.289,0.76525300,0.64168200,optical,2025-09-17,,,,"Mon, 06 Oct 2025 20:58:45 GMT","r51 astrogredos observatory, arenas de san pedro astrogredos observatory, arenas de san pedro"
R52,"Observatorio IES Al-Baytar, Benalmádena","Observatorio IES Al-Baytar, Benalmadena",36.59519269,-4.53497000,92.950,0.80383600,0.59288100,optical,2025-11-28,,,,"Wed, 31 Dec 2025 16:51:32 GMT","r52 observatorio ies al baytar, benalmadena observatorio ies al baytar, benalmadena"
R53,"Pinos, Alhaurín de la Torre","Pinos, Alhaurin de la Torre",36.65528162,-4.58667000,209.898,0.80322700,0.59373100,optical,2025-10-17,,,,"Mon, 03 Nov 2025 19:14:37 GMT","r53 pinos, alhaurin de la torre pinos, alhaurin de la torre"
R54,"Petit Cosquet, Bangor","Petit Cosquet, Bangor",47.31441313,-3.21150000,100.333,0.67921500,0.73150000,optical,2026-04-18,,,,"Wed, 29 Apr 2026 14:43:56 GMT","r54 petit cosquet, bangor petit cosquet, bangor"
R55,"ALFA CENTAURI, LAS MESAS","ALFA CENTAURI, LAS MESAS",39.38480006,-2.76774200,733.222,0.77403450,0.63120180,optical,2026-03-24,,,,"Wed, 29 Apr 2026 14:30:13 GMT","r55 alfa centauri, las mesas alfa centauri, las mesas"
R56,"Scott Street Observatory, Lake Tekapo","Scott Street Observatory, Lake Tekapo",-44.00946087,170.48389000,736.131,0.72047300,-0.69132400,optical,2023-02-03,,,,"Wed, 17 Sep 2025 18:12:06 GMT","r56 scott street observatory, lake tekapo scott street observatory, lake tekapo"
R57,"Aorangi Iti Observatory, Lake Tekapo","Aorangi Iti Observatory, Lake Tekapo",-44.00820363,170.47278000,743.059,0.72048900,-0.69130900,optical,2016-09-10,,,,"Wed, 17 Sep 2025 18:12:06 GMT","r57 aorangi iti observatory, lake tekapo aorangi iti observatory, lake tekapo"
R58,"Beverly-Begg Observatory, Dunedin","Beverly-Begg Observatory, Dunedin",-45.86438144,170.49039000,148.483,0.69757900,-0.71413800,optical,2016-10-07,,,,"Wed, 17 Sep 2025 18:12:06 GMT","r58 beverly begg observatory, dunedin beverly begg observatory, dunedin"
R59,"Camarasa Observatory, Astrocamp Nerpio","Camarasa Observatory, Astrocamp Nerpio",38.16545759,-2.32657500,1657.448,0.78744070,0.61474440,optical,2025-08-01,,,,"Wed, 17 Sep 2025 18:08:55 GMT","r59 camarasa observatory, astrocamp nerpio camarasa observatory, astrocamp nerpio"
R60,"MonitorMyPlanet, Nerpio","MonitorMyPlanet, Nerpio",38.16555788,-2.32656000,1701.082,0.78744500,0.61475000,optical,2025-08-24,,,,"Wed, 17 Sep 2025 18:08:55 GMT","r60 monitormyplanet, nerpio monitormyplanet, nerpio"
R61,Landete-Kea,Landete-Kea,39.90455412,-1.36950000,1047.258,0.76829900,0.63820100,optical,2025-07-16,,https://astro.landete.net/,,"Wed, 17 Sep 2025 18:08:55 GMT",r61 landete kea landete kea
R62,"lama'stro, Le Genest-Saint-Isle","lama'stro, Le Genest-Saint-Isle",48.09724077,-0.88661000,141.308,0.66912500,0.74068800,optical,2025-07-30,,,,"Wed, 17 Sep 2025 18:08:56 GMT","r62 lama'stro, le genest saint isle lama'stro, le genest saint isle"
R63,"Observatorio Sureste Estelar, Fuente Alamo","Observatorio Sureste Estelar, Fuente Alamo",37.71718355,-1.22011000,202.381,0.79205800,0.60845100,optical,2025-07-16,,,,"Wed, 17 Sep 2025 18:12:06 GMT","r63 observatorio sureste estelar, fuente alamo observatorio sureste estelar, fuente alamo"
R64,Steyning Observatory,Steyning Observatory,50.88762269,-0.33247500,66.471,0.63212510,0.77228180,optical,2025-04-23,,,,"Wed, 17 Sep 2025 18:12:06 GMT",r64 steyning observatory steyning observatory
R65,"R. F. Joyce Observatory, Christchurch","R. F. Joyce Observatory, Christchurch",-43.49873133,172.34981000,116.282,0.72655600,-0.68483000,optical,2021-07-07,,,,"Wed, 17 Sep 2025 18:12:06 GMT","r65 r. f. joyce observatory, christchurch r. f. joyce observatory, christchurch"
R66,"Mooray Observatory, Christchurch","Mooray Observatory, Christchurch",-43.49529927,172.58761000,27.032,0.72658700,-0.68477700,optical,2021-09-15,,,,"Wed, 17 Sep 2025 18:12:06 GMT","r66 mooray observatory, christchurch mooray observatory, christchurch"
R67,"Chinon Private Observatory, Chinon","Chinon Private Observatory, Chinon",47.17296414,0.28344000,125.108,0.68102800,0.72982900,optical,2025-04-29,,,,"Wed, 17 Sep 2025 18:12:06 GMT","r67 chinon private observatory, chinon chinon private observatory, chinon"
R68,Bourgeon Observatory,Bourgeon Observatory,46.22709993,-0.32320300,123.914,0.69302570,0.71852270,optical,2025-07-16,,https://tetesenlair.net,,"Mon, 22 Sep 2025 14:03:52 GMT",r68 bourgeon observatory bourgeon observatory
R69,SAT01-Mntlouis sur Loire,SAT01-Mntlouis sur Loire,47.37701533,0.80258000,105.584,0.67841300,0.73224000,optical,2024-05-10,,,,"Wed, 17 Sep 2025 18:12:06 GMT",r69 sat01 mntlouis sur loire sat01 mntlouis sur loire
R70,"WATCH, Beychac Et Caillau","WATCH, Beychac Et Caillau",44.87231073,-0.37964000,111.615,0.70987700,0.70198900,optical,2025-10-12,,,,"Wed, 15 Oct 2025 20:39:14 GMT","r70 watch, beychac et caillau watch, beychac et caillau"
R71,"Erchico, San Vicente Del Raspeig","Erchico, San Vicente Del Raspeig",38.41050163,-0.49546100,156.557,0.78461320,0.61794640,optical,2025-12-17,,,,"Wed, 21 Jan 2026 19:49:57 GMT","r71 erchico, san vicente del raspeig erchico, san vicente del raspeig"
R72,"RubiObservatory, Rubí","RubiObservatory, Rubi",41.49026534,2.03528000,186.001,0.75019300,0.65904600,optical,2025-11-30,,,,"Wed, 21 Jan 2026 17:23:14 GMT","r72 rubiobservatory, rubi rubiobservatory, rubi"
R73,"Observatoire de Tauxigny, Tauxigny","Observatoire de Tauxigny, Tauxigny",47.22342079,0.83289000,137.330,0.68038400,0.73042800,optical,2025-09-30,,https://www.astrotouraine.fr,,"Wed, 04 Feb 2026 14:56:08 GMT","r73 observatoire de tauxigny, tauxigny observatoire de tauxigny, tauxigny"
R74,"Observatori Puig d'Agulles, Vallirana","Observatori Puig d'Agulles, Vallirana",41.38313052,1.93494000,240.123,0.75143400,0.65765300,optical,2026-02-23,,,,"Mon, 13 Apr 2026 19:59:47 GMT","r74 observatori puig d'agulles, vallirana observatori puig d'agulles, vallirana"
R75,"Rodamir, Roda de Bara","Rodamir, Roda de Bara",41.18777035,1.45486000,116.633,0.75366400,0.65508400,optical,2026-04-04,,,,"Mon, 20 Apr 2026 15:50:03 GMT","r75 rodamir, roda de bara rodamir, roda de bara"
R76,"LEPTINA-ONE, Estinnes-au-val","LEPTINA-ONE, Estinnes-au-val",50.41672627,4.10667000,103.410,0.63848000,0.76707900,optical,2025-08-05,,,,"Wed, 17 Sep 2025 18:08:56 GMT","r76 leptina one, estinnes au val leptina one, estinnes au val"
R77,"Observatoire de l'étoile qui rit, St Martin de Londres",Observatoire de l'etoile qui rit,43.78618889,3.72744000,266.163,0.72311700,0.68847000,optical,2023-12-16,,,,"Wed, 17 Sep 2025 18:08:56 GMT","r77 observatoire de l'etoile qui rit, st martin de londres observatoire de l'etoile qui rit"
R78,"Crystal Lake Observatory, Ngutunui","Crystal Lake Observatory, Ngutunui",-38.09432776,175.09104000,164.450,0.78802100,-0.61362600,optical,2024-04-21,,,,"Wed, 17 Sep 2025 18:12:06 GMT","r78 crystal lake observatory, ngutunui crystal lake observatory, ngutunui"
R79,"Observatoire Hubert Reeves, Mars","Observatoire Hubert Reeves, Mars",45.00712437,4.33403000,1142.178,0.70833200,0.70376600,optical,2025-05-30,,,,"Wed, 17 Sep 2025 18:12:06 GMT","r79 observatoire hubert reeves, mars observatoire hubert reeves, mars"
R80,Observatoire International de Beauvert,Observatoire International de Beauvert,44.96882090,4.41089000,1097.971,0.70879900,0.70328900,optical,2025-07-15,,,,"Wed, 17 Sep 2025 18:12:06 GMT",r80 observatoire international de beauvert observatoire international de beauvert
R83,"Observatoire Banon La Tuilerie, Banon","Observatoire Banon La Tuilerie, Banon",43.99979034,5.64647000,673.610,0.72058300,0.69119600,optical,2025-07-17,,http://www.astrosurf.com/noctambule/observatoire/observatoire6.html,,"Wed, 17 Sep 2025 18:12:06 GMT","r83 observatoire banon la tuilerie, banon observatoire banon la tuilerie, banon"
R85,"Telescope Leonard de Vinci, GAPRA, Antibes","Telescope Leonard de Vinci, GAPRA, Antibes",43.60438357,7.07180600,178.578,0.72529500,0.68617060,optical,2025-10-05,,https://www.gapra.fr/tlv/,,"Wed, 15 Oct 2025 20:43:10 GMT","r85 telescope leonard de vinci, gapra, antibes telescope leonard de vinci, gapra, antibes"
R86,"Mont-Soleil, Saint-Imier","Mont-Soleil, Saint-Imier",47.16403453,6.98946700,1327.304,0.68127030,0.72986140,optical,2025-04-30,,https://observatoire-mont-soleil.ch/,,"Wed, 17 Sep 2025 18:12:06 GMT","r86 mont soleil, saint imier mont soleil, saint imier"
R87,Observatoire de la Cote d'Azur,Observatoire de la Cote d\'Azur,43.75370931,6.92293900,1322.109,0.72362800,0.68817590,optical,2024-11-13,,https://www.oca.eu/fr,,"Wed, 17 Sep 2025 18:12:06 GMT",r87 observatoire de la cote d'azur observatoire de la cote d\'azur
R88,"La Porte des Etoiles, Corgémont","La Porte des Etoiles, Corgemont",47.19033202,7.14447000,735.752,0.68087100,0.73010500,optical,2025-05-18,,,,"Wed, 17 Sep 2025 18:12:06 GMT","r88 la porte des etoiles, corgemont la porte des etoiles, corgemont"
R92,Osterholz-Scharmbeck,Osterholz-Scharmbeck,53.21862485,8.78094000,63.107,0.60005900,0.79728600,optical,2025-09-23,,,,"Mon, 20 Oct 2025 16:19:13 GMT",r92 osterholz scharmbeck osterholz scharmbeck
R93,"Sanse Observatory, San Sebastiano Curone","Sanse Observatory, San Sebastiano Curone",44.78705434,9.06719000,387.833,0.71095500,0.70096600,optical,2025-12-08,,,,"Wed, 31 Dec 2025 16:17:57 GMT","r93 sanse observatory, san sebastiano curone sanse observatory, san sebastiano curone"
R95,"Fiammetta Observatory, La Spezia","Fiammetta Observatory, La Spezia",44.13263638,9.79045300,387.892,0.71894110,0.69282790,optical,2025-04-28,,https://www.astrofilispezzini.org,,"Wed, 17 Sep 2025 18:12:06 GMT","r95 fiammetta observatory, la spezia fiammetta observatory, la spezia"
R96,Osservatorio Pierino Zambonini,Osservatorio Pierino Zambonini,44.29963414,10.43101400,1162.361,0.71699900,0.69499800,optical,2026-05-17,,https://astrocusna.it/,,"Fri, 05 Jun 2026 19:58:18 GMT",r96 osservatorio pierino zambonini osservatorio pierino zambonini
R97,Baudenbach,Baudenbach,49.62455158,10.53953000,348.626,0.64909100,0.75823200,optical,2025-12-26,,,,"Fri, 30 Jan 2026 18:00:38 GMT",r97 baudenbach baudenbach
R99,"Giuliano Betti Observatory, Firenze","Giuliano Betti Observatory, Firenze",43.75323159,11.23808000,105.720,0.72349600,0.68803800,optical,2025-07-23,,,,"Mon, 22 Sep 2025 15:33:36 GMT","r99 giuliano betti observatory, firenze giuliano betti observatory, firenze"
S03,"Stierlingwald, Buermoos","Stierlingwald, Buermoos",47.97657037,12.92156000,481.741,0.67072500,0.73932100,optical,2026-04-29,,,,"Mon, 04 May 2026 17:44:33 GMT","s03 stierlingwald, buermoos stierlingwald, buermoos"
S04,"Osservatorio Astronomico Narciso Spuntoni, Tivoli Terme",Osservatorio Astronomico Narciso Spuntoni,41.95603487,12.71285000,118.817,0.74478700,0.66509280,optical,2026-02-20,,,,"Wed, 11 Mar 2026 14:28:55 GMT","s04 osservatorio astronomico narciso spuntoni, tivoli terme osservatorio astronomico narciso spuntoni"
S05,Sternwarte Burghausen,Sternwarte Burghausen,48.17379954,12.83332500,463.574,0.66816470,0.74161640,optical,2026-05-01,,http://www.colour-universe.de,,"Wed, 06 May 2026 15:23:41 GMT",s05 sternwarte burghausen sternwarte burghausen
S06,ASTRIS Cervara Osservatorio Astronomico Claudio Del Sole,ASTRIS Osservatorio Astronomico Claudio Del Sole,42.00604139,13.07583900,1213.256,0.74433200,0.66585500,optical,2026-06-08,,https://www.astrisroma.org,,"Thu, 16 Jul 2026 03:24:12 GMT",s06 astris cervara osservatorio astronomico claudio del sole astris osservatorio astronomico claudio del sole
S16,ASI Matera Flyeye,ASI Matera Flyeye,40.64965202,16.70500000,537.554,0.75985100,0.64804700,optical,2025-05-20,,,,"Wed, 17 Sep 2025 18:08:56 GMT",s16 asi matera flyeye asi matera flyeye
S24,"Szilard Leo Observatory, Bujak","Szilard Leo Observatory, Bujak",47.88355577,19.54683330,223.810,0.67190166,0.73820445,optical,2025-03-02,,,,"Wed, 17 Sep 2025 18:12:06 GMT","s24 szilard leo observatory, bujak szilard leo observatory, bujak"
S30,"Zenit, Hajduboszormeny","Zenit, Hajduboszormeny",47.67766198,21.49744000,158.974,0.67455300,0.73578500,optical,2025-02-17,,,,"Wed, 17 Sep 2025 18:12:06 GMT","s30 zenit, hajduboszormeny zenit, hajduboszormeny"
S42,Institute of Space Science Magurele,Institute of Space Science Magurele,44.34733454,26.02889000,125.534,0.71630200,0.69547900,optical,2026-03-10,,https://www.spacescience.ro/en/,,"Tue, 17 Mar 2026 20:41:07 GMT",s42 institute of space science magurele institute of space science magurele
S43,"StarBlazer Observatory, Bucharest","StarBlazer Observatory, Bucharest",44.48890612,26.02250000,128.130,0.71457600,0.69724100,optical,2025-07-12,,,,"Wed, 17 Sep 2025 18:08:56 GMT","s43 starblazer observatory, bucharest starblazer observatory, bucharest"
S47,Alfastar - Astroclubul Bucuresti,Alfastar - Astroclubul Bucuresti,43.92538808,27.29661000,214.367,0.72143100,0.69021300,optical,2025-08-08,,,"AlfaStar Observatory, Alfatar","Fri, 17 Apr 2026 20:58:05 GMT","s47 alfastar astroclubul bucuresti alfastar astroclubul bucuresti alfastar observatory, alfatar"
S61,"Mykolaiv, 0.3m f/5 Telescope","Mykolaiv, 0.3m f/5 Telescope",46.97248697,31.97331500,79.361,0.68358179,0.72744381,optical,2026-01-21,,,,"Wed, 21 Jan 2026 16:09:02 GMT","s61 mykolaiv, 0.3m f/5 telescope mykolaiv, 0.3m f/5 telescope"
S86,Alamri astronomical observatory,Alamri astronomical observatory,23.34361843,40.32500000,917.693,0.91876000,0.39385600,optical,2025-04-02,,https://www.alamriobs.com/?lang=en,,"Wed, 17 Sep 2025 18:12:06 GMT",s86 alamri astronomical observatory alamri astronomical observatory
S89,"FASTAU, Astrofarm Astroverts","FASTAU, Astrofarm Astroverts",43.64959887,41.42533000,4043.431,0.72519000,0.68715900,optical,2025-09-21,,,"FASTAU, Nizhny Arkhyz village","Mon, 03 Nov 2025 21:59:12 GMT","s89 fastau, astrofarm astroverts fastau, astrofarm astroverts fastau, nizhny arkhyz village"
S93,INASAN-Kislovodsk Observatory,INASAN-Kislovodsk Observatory,43.74304726,42.66639000,2091.427,0.72384360,0.68812510,optical,2025-06-04,,,,"Wed, 17 Sep 2025 18:12:06 GMT",s93 inasan kislovodsk observatory inasan kislovodsk observatory
T02,"SNX-NET, Wailuku","SNX-NET, Wailuku",20.90063373,-156.50428000,104.134,0.93461400,0.35451700,optical,2024-01-01,,,,"Wed, 17 Sep 2025 18:12:06 GMT","t02 snx net, wailuku snx net, wailuku"
T03,Haleakala-LCO Clamshell #3,Haleakala-LCO Clamshell #3,20.70698461,-156.25753000,3050.451,0.93624000,0.35153800,optical,2017-07-07,,,,"Tue, 26 May 2026 20:34:56 GMT",t03 haleakala lco clamshell #3 haleakala lco clamshell #3
T04,Haleakala-LCO OGG B #2,Haleakala-LCO OGG B #2,20.70696425,-156.25751000,3056.417,0.93624100,0.35153800,optical,2016-07-28,,,,"Tue, 26 May 2026 20:34:56 GMT",t04 haleakala lco ogg b #2 haleakala lco ogg b #2
T05,"ATLAS-HKO, Haleakala","ATLAS-HKO, Haleakala",20.70755081,-156.25701000,3046.884,0.93623600,0.35154700,optical,2015-09-16,,,,"Tue, 26 May 2026 20:34:56 GMT","t05 atlas hko, haleakala atlas hko, haleakala"
T07,"ATLAS-MLO Auxiliary Camera, Mauna Loa","ATLAS-MLO Auxiliary Camera, Mauna Loa",19.53615014,-155.57613000,3426.923,0.94329000,0.33246700,optical,2020-09-09,,,,"Wed, 17 Sep 2025 18:12:06 GMT","t07 atlas mlo auxiliary camera, mauna loa atlas mlo auxiliary camera, mauna loa"
T08,"ATLAS-MLO, Mauna Loa","ATLAS-MLO, Mauna Loa",19.53615014,-155.57605000,3426.923,0.94329000,0.33246700,optical,2020-01-10,,,,"Tue, 26 May 2026 20:34:56 GMT","t08 atlas mlo, mauna loa atlas mlo, mauna loa"
T09,"Subaru Telescope, Maunakea","Subaru Telescope, Maunakea",19.82549887,-155.47604000,4194.566,0.94171100,0.33723900,optical,,,,,"Tue, 26 May 2026 20:34:56 GMT","t09 subaru telescope, maunakea subaru telescope, maunakea"
T10,"Submillimeter Array, Maunakea (SMA)","Submillimeter Array, Maunakea (SMA)",19.82413405,-155.47759000,4106.161,0.94170600,0.33721200,optical,,,,,"Tue, 26 May 2026 20:34:56 GMT","t10 submillimeter array, maunakea (sma) submillimeter array, maunakea (sma)"
T11,"United Kingdom Infrared Telescope, Maunakea","United Kingdom Infrared Telescope, Maunakea",19.82244985,-155.47035000,4228.744,0.94173400,0.33719100,optical,,,,,"Tue, 26 May 2026 20:34:56 GMT","t11 united kingdom infrared telescope, maunakea united kingdom infrared telescope, maunakea"
T12,"University of Hawaii 88-inch telescope, Maunakea","University of Hawaii 88-inch telescope, Maunakea",19.82301103,-155.46946000,4244.373,0.94173300,0.33720100,optical,,,,,"Tue, 26 May 2026 20:34:56 GMT","t12 university of hawaii 88 inch telescope, maunakea university of hawaii 88 inch telescope, maunakea"
T13,"NASA Infrared Telescope Facility, Maunakea","NASA Infrared Telescope Facility, Maunakea",19.82622696,-155.47203000,4196.524,0.94170700,0.33725100,optical,,,,,"Tue, 26 May 2026 20:34:56 GMT","t13 nasa infrared telescope facility, maunakea nasa infrared telescope facility, maunakea"
T14,"Canada-France-Hawaii Telescope, Maunakea","Canada-France-Hawaii Telescope, Maunakea",19.82543587,-155.46891000,4232.730,0.94171700,0.33724000,optical,,,,,"Tue, 26 May 2026 20:34:56 GMT","t14 canada france hawaii telescope, maunakea canada france hawaii telescope, maunakea"
T15,"Gemini North Observatory, Maunakea","Gemini North Observatory, Maunakea",19.82381280,-155.46907000,4242.491,0.94172800,0.33721400,optical,,,,,"Tue, 26 May 2026 20:34:56 GMT","t15 gemini north observatory, maunakea gemini north observatory, maunakea"
T16,"W. M. Keck Observatory, Keck 1, Maunakea","W. M. Keck Observatory, Keck 1, Maunakea",19.82593661,-155.47474000,4191.708,0.94170800,0.33724600,optical,,,,,"Tue, 26 May 2026 20:34:56 GMT","t16 w. m. keck observatory, keck 1, maunakea w. m. keck observatory, keck 1, maunakea"
T17,"W. M. Keck Observatory, Keck 2, Maunakea","W. M. Keck Observatory, Keck 2, Maunakea",19.82655637,-155.47426000,4189.340,0.94170400,0.33725600,optical,,,,,"Tue, 26 May 2026 20:34:56 GMT","t17 w. m. keck observatory, keck 2, maunakea w. m. keck observatory, keck 2, maunakea"
T35,Astronomical Society of Tahiti,Astronomical Society of Tahiti,-17.56345889,-149.60980000,80.049,0.95368600,-0.29983700,optical,2022-12-17,,,,"Wed, 17 Sep 2025 18:12:06 GMT",t35 astronomical society of tahiti astronomical society of tahiti
U52,"Shasta Valley Observatory, Grenada","Shasta Valley Observatory, Grenada",41.57916408,-122.54900000,812.527,0.74924000,0.66027000,optical,2021-04-12,,,,"Wed, 17 Sep 2025 18:12:06 GMT","u52 shasta valley observatory, grenada shasta valley observatory, grenada"
U53,"Murray Hill Observatory, Beaverton","Murray Hill Observatory, Beaverton",45.45010368,-122.83970000,129.932,0.70274000,0.70909000,optical,2015-09-15,,,,"Wed, 17 Sep 2025 18:12:06 GMT","u53 murray hill observatory, beaverton murray hill observatory, beaverton"
U54,"Hume Observatory, Santa Rosa","Hume Observatory, Santa Rosa",38.56590056,-122.68714000,336.383,0.78295200,0.62008100,optical,2015-04-24,,,,"Wed, 17 Sep 2025 18:12:06 GMT","u54 hume observatory, santa rosa hume observatory, santa rosa"
U55,"Golden Ears Observatory, Maple Ridge","Golden Ears Observatory, Maple Ridge",49.25327667,-122.58544000,29.085,0.65397700,0.75398400,optical,2019-11-30,,,,"Wed, 17 Sep 2025 18:12:06 GMT","u55 golden ears observatory, maple ridge golden ears observatory, maple ridge"
U56,Palo Alto,Palo Alto,37.43309891,-122.13083000,-27.554,0.79504400,0.60451100,optical,2016-10-22,,,,"Wed, 17 Sep 2025 18:12:06 GMT",u56 palo alto palo alto
U57,"Black Mountain Observatory, Los Altos","Black Mountain Observatory, Los Altos",37.36668941,-122.15872000,214.256,0.79577600,0.60361600,optical,2015-07-26,,,,"Wed, 17 Sep 2025 18:12:06 GMT","u57 black mountain observatory, los altos black mountain observatory, los altos"
U62,TransAstra TKO at SkiesAway,TransAstra TKO at SkiesAway,35.80807399,-121.04492000,454.727,0.81197000,0.58186400,optical,2025-08-20,,,,"Wed, 17 Sep 2025 18:08:56 GMT",u62 transastra tko at skiesaway transastra tko at skiesaway
U63,"Burnt Tree Hill Observatory, Cle Elum","Burnt Tree Hill Observatory, Cle Elum",47.16271182,-120.80544000,668.683,0.68121700,0.72977000,optical,2016-12-04,,,,"Wed, 17 Sep 2025 18:12:06 GMT","u63 burnt tree hill observatory, cle elum burnt tree hill observatory, cle elum"
U64,"CWU-Lind Observatory, Ellensburg","CWU-Lind Observatory, Ellensburg",47.00024396,-120.53849000,490.546,0.68327200,0.72782100,optical,2014-10-22,,,,"Wed, 17 Sep 2025 18:12:06 GMT","u64 cwu lind observatory, ellensburg cwu lind observatory, ellensburg"
U65,"CWU Observatory, Ellensburg","CWU Observatory, Ellensburg",47.00207537,-120.54017000,475.097,0.68324700,0.72784100,optical,2020-05-16,,,,"Wed, 17 Sep 2025 18:08:56 GMT","u65 cwu observatory, ellensburg cwu observatory, ellensburg"
U66,June Lake Overlook,June Lake Overlook,37.78094429,-119.07944000,2343.316,0.79164400,0.60953400,optical,2022-07-01,,,,"Fri, 15 May 2026 19:49:43 GMT",u66 june lake overlook june lake overlook
U67,"Jack C. Davis Observatory, Carson City","Jack C. Davis Observatory, Carson City",39.18560050,-119.79642000,1513.138,0.77632500,0.62859500,optical,2018-01-21,,,,"Wed, 17 Sep 2025 18:12:06 GMT","u67 jack c. davis observatory, carson city jack c. davis observatory, carson city"
U68,"JPL SynTrack Robotic Telescope, Auberry","JPL SynTrack Robotic Telescope, Auberry",37.07038684,-119.41299000,1376.529,0.79904000,0.59962000,optical,2018-04-24,,,,"Wed, 17 Sep 2025 18:12:06 GMT","u68 jpl syntrack robotic telescope, auberry jpl syntrack robotic telescope, auberry"
U69,"iTelescope SRO Observatory, Auberry","iTelescope SRO Observatory, Auberry",37.07038684,-119.41300000,1376.529,0.79904000,0.59962000,optical,2014-02-13,,https://www.itelescope.net,,"Wed, 17 Sep 2025 18:08:56 GMT","u69 itelescope sro observatory, auberry itelescope sro observatory, auberry"
U70,"RASC Observatory, Alder Springs","RASC Observatory, Alder Springs",37.07038684,-119.41310000,1376.529,0.79904000,0.59962000,optical,2019-03-12,,,,"Wed, 17 Sep 2025 18:12:06 GMT","u70 rasc observatory, alder springs rasc observatory, alder springs"
U71,"AHS Observatory, Castaic","AHS Observatory, Castaic",34.48585996,-118.63670000,372.498,0.82520000,0.56305000,optical,2020-01-07,,,,"Wed, 17 Sep 2025 18:12:06 GMT","u71 ahs observatory, castaic ahs observatory, castaic"
U72,Tarzana,Tarzana,34.18305273,-118.54000000,214.054,0.82815000,0.55868700,optical,2019-04-13,,,,"Wed, 17 Sep 2025 18:12:06 GMT",u72 tarzana tarzana
U73,Redondo Beach,Redondo Beach,33.82166810,-118.38280000,23.862,0.83164000,0.55346000,optical,2015-09-27,,,,"Wed, 17 Sep 2025 18:12:06 GMT",u73 redondo beach redondo beach
U74,"JPL SynTrack Robotic Telescope 2, Auberry","JPL SynTrack Robotic Telescope 2, Auberry",37.07034099,-119.41280000,1372.685,0.79904000,0.59961900,optical,2021-09-14,,,,"Wed, 17 Sep 2025 18:12:06 GMT","u74 jpl syntrack robotic telescope 2, auberry jpl syntrack robotic telescope 2, auberry"
U75,Newport Beach,Newport Beach,33.60762521,-117.81634000,245.413,0.83373500,0.55038300,optical,2022-01-07,,,,"Wed, 17 Sep 2025 18:12:06 GMT",u75 newport beach newport beach
U76,"Maury Lewin Observatory, Glendora","Maury Lewin Observatory, Glendora",34.14221066,-117.87210000,222.681,0.82855000,0.55810000,optical,2019-04-19,,,,"Wed, 17 Sep 2025 18:12:06 GMT","u76 maury lewin observatory, glendora maury lewin observatory, glendora"
U77,"Rani Observatory, San Diego","Rani Observatory, San Diego",32.94666923,-117.08190000,82.040,0.84002000,0.54076000,optical,2020-05-21,,,,"Wed, 17 Sep 2025 18:12:06 GMT","u77 rani observatory, san diego rani observatory, san diego"
U78,Cedar Glen Observatory,Cedar Glen Observatory,34.25867008,-117.15510000,1523.035,0.82758000,0.55989000,optical,2015-01-12,,,,"Wed, 17 Sep 2025 18:12:06 GMT",u78 cedar glen observatory cedar glen observatory
U79,"Cosmos Research Center, Encinitas","Cosmos Research Center, Encinitas",33.07237166,-117.20813000,141.117,0.83883700,0.54259800,optical,2014-07-09,,,,"Wed, 17 Sep 2025 18:12:06 GMT","u79 cosmos research center, encinitas cosmos research center, encinitas"
U80,"CS3-DanHenge Observatory, Landers","CS3-DanHenge Observatory, Landers",34.27259359,-116.38490000,954.762,0.82737000,0.56004000,optical,2013-11-15,,,,"Wed, 17 Sep 2025 18:12:06 GMT","u80 cs3 danhenge observatory, landers cs3 danhenge observatory, landers"
U81,"CS3-Trojan Station, Landers","CS3-Trojan Station, Landers",34.27254818,-116.38486000,928.175,0.82736700,0.56003700,optical,2013-08-27,,,,"Wed, 17 Sep 2025 18:12:06 GMT","u81 cs3 trojan station, landers cs3 trojan station, landers"
U82,"CS3-Palmer Divide Station, Landers","CS3-Palmer Divide Station, Landers",34.27246830,-116.38481000,929.854,0.82736800,0.56003600,optical,2013-08-22,,,,"Wed, 17 Sep 2025 18:12:06 GMT","u82 cs3 palmer divide station, landers cs3 palmer divide station, landers"
U83,Mount Laguna Observatory,Mount Laguna Observatory,32.84200109,-116.42689000,1824.906,0.84123800,0.53938000,optical,2020-05-21,,,,"Wed, 17 Sep 2025 18:12:06 GMT",u83 mount laguna observatory mount laguna observatory
U86,"BOOTES-5, Bajo California","BOOTES-5, Bajo California",31.04483400,-115.46443600,2771.311,0.85790000,0.51293700,optical,2024-12-07,,,,"Wed, 17 Sep 2025 18:12:06 GMT","u86 bootes 5, bajo california bootes 5, bajo california"
U92,"Astrottica Network USA2, Pie Town","Astrottica Network USA2, Pie Town",34.32170289,-108.17000000,2270.312,0.82705900,0.56086200,optical,2026-02-21,,,,"Wed, 11 Mar 2026 15:22:01 GMT","u92 astrottica network usa2, pie town astrottica network usa2, pie town"
U93,"Skygems Dreamscope Utah, Beryl Junction","Skygems Dreamscope Utah, Beryl Junction",37.76280823,-113.71239000,1557.625,0.79174000,0.60920900,optical,2023-06-21,,,,"Wed, 17 Sep 2025 18:12:06 GMT","u93 skygems dreamscope utah, beryl junction skygems dreamscope utah, beryl junction"
U94,"iTelescope Observatory, Beryl Junction","iTelescope Observatory, Beryl Junction",37.73778045,-113.69750000,1551.925,0.79200600,0.60886400,optical,2023-01-23,,https://www.itelescope.net,,"Wed, 17 Sep 2025 18:08:56 GMT","u94 itelescope observatory, beryl junction itelescope observatory, beryl junction"
U95,"USA1/HCRO, Pie Town","USA1/HCRO, Pie Town",34.32183024,-108.17033000,2272.237,0.82705800,0.56086400,optical,2025-10-03,,https://www.telescopenetwork.eu/,,"Tue, 10 Feb 2026 15:19:52 GMT","u95 usa1/hcro, pie town usa1/hcro, pie town"
U96,"Athabasca University Geophysical Observatory, Athabasca",Athabasca University Geophysical Observatory,54.71366777,-113.31400000,567.745,0.57900700,0.81269800,optical,2015-09-11,,,,"Wed, 17 Sep 2025 18:12:06 GMT","u96 athabasca university geophysical observatory, athabasca athabasca university geophysical observatory"
U97,"JPL SynTrack Robotic Telescope 3, Flagstaff","JPL SynTrack Robotic Telescope 3, Flagstaff",35.20299483,-111.66708000,2191.803,0.81830600,0.57345200,optical,2021-11-04,,,,"Wed, 17 Sep 2025 18:12:06 GMT","u97 jpl syntrack robotic telescope 3, flagstaff jpl syntrack robotic telescope 3, flagstaff"
U98,"NAC Observatory, Benson","NAC Observatory, Benson",31.94128846,-110.25700000,1068.856,0.84952900,0.52609000,optical,2022-12-22,,,,"Wed, 17 Sep 2025 18:12:06 GMT","u98 nac observatory, benson nac observatory, benson"
U99,"BCC Observatory, Black Canyon City","BCC Observatory, Black Canyon City",34.06473181,-112.14630000,595.846,0.82935400,0.55701700,optical,2024-10-26,,,,"Wed, 17 Sep 2025 18:12:06 GMT","u99 bcc observatory, black canyon city bcc observatory, black canyon city"
V00,Kitt Peak-Bok,Kitt Peak-Bok,31.96312486,-111.60019000,2030.701,0.84945600,0.52649200,optical,2019-08-12,,,,"Wed, 22 Oct 2025 20:01:46 GMT",v00 kitt peak bok kitt peak bok
V01,"Mountainville Observatory, Alpine","Mountainville Observatory, Alpine",40.44890152,-111.76089000,1540.163,0.76224300,0.64549300,optical,2018-09-08,,,,"Wed, 17 Sep 2025 18:12:06 GMT","v01 mountainville observatory, alpine mountainville observatory, alpine"
V02,"Command Module, Tempe","Command Module, Tempe",33.39975501,-111.94206000,341.642,0.83574300,0.54737700,optical,2015-05-30,,,,"Wed, 17 Sep 2025 18:12:06 GMT","v02 command module, tempe command module, tempe"
V03,Big Water,Big Water,37.08337635,-111.66860000,1266.931,0.79889000,0.59979000,optical,2015-12-14,,,,"Wed, 17 Sep 2025 18:12:06 GMT",v03 big water big water
V04,"Flagstaff Robotic Survey Telescope, Anderson Mesa","FRoST, Anderson Mesa",35.09586542,-111.53669000,2182.653,0.81937800,0.57192700,optical,2017-06-02,,,,"Wed, 17 Sep 2025 18:12:06 GMT","v04 flagstaff robotic survey telescope, anderson mesa frost, anderson mesa"
V05,"Rusty Mountain Observatory, Gold Canyon","Rusty Mountain Observatory, Gold Canyon",33.31039231,-111.36805000,597.725,0.83663100,0.54610100,optical,2012-12-27,,,,"Wed, 17 Sep 2025 18:12:06 GMT","v05 rusty mountain observatory, gold canyon rusty mountain observatory, gold canyon"
V06,Catalina Sky Survey-Kuiper,Catalina Sky Survey-Kuiper,32.41687055,-110.73255000,2491.042,0.84531300,0.53320900,optical,,,,,"Tue, 26 May 2026 20:34:56 GMT",v06 catalina sky survey kuiper catalina sky survey kuiper
V07,"Whipple Observatory, Mount Hopkins-PAIRITEL","Whipple Observatory, Mount Hopkins-PAIRITEL",31.68070623,-110.87810000,2287.863,0.85208000,0.52234000,optical,,,,,"Wed, 17 Sep 2025 18:08:56 GMT","v07 whipple observatory, mount hopkins pairitel whipple observatory, mount hopkins pairitel"
V08,"Mountain Creek Ranch, Vail","Mountain Creek Ranch, Vail",32.07959507,-110.66100000,1029.646,0.84824900,0.52812600,optical,2014-12-28,,,,"Wed, 17 Sep 2025 18:12:06 GMT","v08 mountain creek ranch, vail mountain creek ranch, vail"
V09,"Moka Observatory, Benson","Moka Observatory, Benson",31.94055703,-110.25798000,1078.413,0.84953700,0.52608000,optical,2017-01-04,,,,"Wed, 17 Sep 2025 18:12:06 GMT","v09 moka observatory, benson moka observatory, benson"
V10,"Sierra Sinagua Observatory, Flagstaff","Sierra Sinagua Observatory, Flagstaff",35.17018640,-111.67228000,2098.448,0.81862300,0.57297700,optical,2019-08-19,,,,"Wed, 17 Sep 2025 18:12:06 GMT","v10 sierra sinagua observatory, flagstaff sierra sinagua observatory, flagstaff"
V11,"Saguaro Observatory, Tucson","Saguaro Observatory, Tucson",32.20883564,-110.78881000,816.254,0.84702500,0.53001100,optical,2019-11-14,,,,"Wed, 17 Sep 2025 18:12:06 GMT","v11 saguaro observatory, tucson saguaro observatory, tucson"
V12,Elgin,Elgin,31.66560772,-110.60181000,1479.501,0.85211000,0.52205000,optical,2017-03-20,,,,"Wed, 17 Sep 2025 18:12:06 GMT",v12 elgin elgin
V13,"Little Moose Observatory, Timber Lakes","Little Moose Observatory, Timber Lakes",40.45194100,-111.21722000,2599.124,0.76233500,0.64564100,optical,2021-01-15,,,,"Wed, 17 Sep 2025 18:12:06 GMT","v13 little moose observatory, timber lakes little moose observatory, timber lakes"
V14,"Moose Springs Observatory, Timber Lakes","Moose Springs Observatory, Timber Lakes",40.45572730,-111.21664000,2597.350,0.76229200,0.64569100,optical,2019-12-27,,,,"Wed, 17 Sep 2025 18:12:06 GMT","v14 moose springs observatory, timber lakes moose springs observatory, timber lakes"
V15,"OWL-Net, Mt. Lemmon","OWL-Net, Mt. Lemmon",32.44219989,-110.78931000,2742.395,0.84511000,0.53360200,optical,,,,,"Wed, 17 Sep 2025 18:12:06 GMT","v15 owl net, mt. lemmon owl net, mt. lemmon"
V16,"Dark Sky New Mexico, Animas","Dark Sky New Mexico, Animas",31.94694180,-108.89712000,1316.984,0.84951000,0.52619400,optical,2017-05-15,,,,"Wed, 17 Sep 2025 18:12:06 GMT","v16 dark sky new mexico, animas dark sky new mexico, animas"
V17,"Leo Observatory, Tucson","Leo Observatory, Tucson",32.37397815,-111.01681000,703.506,0.84547600,0.53242900,optical,2021-10-28,,,,"Wed, 17 Sep 2025 18:12:06 GMT","v17 leo observatory, tucson leo observatory, tucson"
V18,"MASTER-OAGH Observatory, Sonora","MASTER-OAGH Observatory, Sonora",31.05603126,-110.38190000,2476.758,0.85776000,0.51308000,optical,,,,,"Wed, 17 Sep 2025 18:12:06 GMT","v18 master oagh observatory, sonora master oagh observatory, sonora"
V19,Whiskey Creek Observatory,Whiskey Creek Observatory,32.82998046,-108.20914000,1973.935,0.84137100,0.53921700,optical,2020-04-28,,,,"Wed, 17 Sep 2025 18:12:06 GMT",v19 whiskey creek observatory whiskey creek observatory
V20,"Killer Rocks Observatory, Pie Town","Killer Rocks Observatory, Pie Town",34.32733037,-108.22178000,2271.920,0.82700400,0.56094300,optical,2020-05-27,,,,"Wed, 17 Sep 2025 18:12:06 GMT","v20 killer rocks observatory, pie town killer rocks observatory, pie town"
V21,Cewanee Observatory at DSNM,Cewanee Observatory at DSNM,31.94661859,-108.89769000,1302.147,0.84951100,0.52618800,optical,2021-10-14,,,,"Wed, 17 Sep 2025 18:12:06 GMT",v21 cewanee observatory at dsnm cewanee observatory at dsnm
V22,"Insight Remote Observatory, Pie Town","Insight Remote Observatory, Pie Town",34.32707338,-108.18450000,2291.063,0.82700900,0.56094100,optical,2022-04-06,,,,"Wed, 17 Sep 2025 18:12:06 GMT","v22 insight remote observatory, pie town insight remote observatory, pie town"
V23,"FOAH Observatory, Magdalena","FOAH Observatory, Magdalena",34.14769898,-107.23594000,1961.167,0.82872200,0.55833200,optical,2018-02-24,,,,"Wed, 17 Sep 2025 18:12:06 GMT","v23 foah observatory, magdalena foah observatory, magdalena"
V24,"Sonoran Desert Skies Observatory, Pearce","Sonoran Desert Skies Observatory, Pearce",31.86680171,-109.51597000,1425.565,0.85026100,0.52502000,optical,2023-12-06,,,,"Wed, 17 Sep 2025 18:12:06 GMT","v24 sonoran desert skies observatory, pearce sonoran desert skies observatory, pearce"
V25,"Tortugas Mountain Observatory, Las Cruces","Tortugas Mountain Observatory, Las Cruces",32.29306561,-106.69806000,1476.943,0.84633100,0.53130500,optical,2023-07-17,,,,"Wed, 17 Sep 2025 18:12:06 GMT","v25 tortugas mountain observatory, las cruces tortugas mountain observatory, las cruces"
V26,"UAS-ISON Observatory, Cosala","UAS-ISON Observatory, Cosala",24.40156030,-106.60980000,629.571,0.91128300,0.41063900,optical,2019-02-28,,,,"Wed, 17 Sep 2025 18:08:56 GMT","v26 uas ison observatory, cosala uas ison observatory, cosala"
V27,"North Mesa Observatory, Los Alamos","North Mesa Observatory, Los Alamos",35.89011228,-106.28181000,2185.831,0.81135400,0.58318000,optical,2021-04-20,,,,"Wed, 27 May 2026 15:45:27 GMT","v27 north mesa observatory, los alamos north mesa observatory, los alamos"
V28,"Deep Sky West Observatory, Rowe","Deep Sky West Observatory, Rowe",35.33108410,-105.65353000,2183.229,0.81701800,0.57527100,optical,2018-12-20,,,,"Wed, 17 Sep 2025 18:12:06 GMT","v28 deep sky west observatory, rowe deep sky west observatory, rowe"
V29,Tzec Maun Cloudcroft Facility,Tzec Maun Cloudcroft Facility,32.97941401,-105.73340000,2756.852,0.84006200,0.54146600,optical,2017-11-10,,,,"Wed, 17 Sep 2025 18:12:06 GMT",v29 tzec maun cloudcroft facility tzec maun cloudcroft facility
V30,"Heaven on Earth Observatory, Mayhill","Heaven on Earth Observatory, Mayhill",32.90352965,-105.52895000,2226.434,0.84071000,0.54031300,optical,2014-10-24,,,,"Wed, 17 Sep 2025 18:12:06 GMT","v30 heaven on earth observatory, mayhill heaven on earth observatory, mayhill"
V31,"Hazardous Observatory, Mayhill","Hazardous Observatory, Mayhill",32.91374823,-105.52500000,2200.357,0.84061000,0.54046000,optical,2013-11-14,,,,"Wed, 17 Sep 2025 18:12:06 GMT","v31 hazardous observatory, mayhill hazardous observatory, mayhill"
V32,"Canvas View New Mexico Skies, Mayhill","Canvas View New Mexico Skies, Mayhill",32.90331954,-105.52869000,2203.755,0.84070900,0.54030800,optical,2020-07-11,,,,"Wed, 17 Sep 2025 18:12:06 GMT","v32 canvas view new mexico skies, mayhill canvas view new mexico skies, mayhill"
V33,"Finlaystone Observatory, Angel Fire","Finlaystone Observatory, Angel Fire",36.38035431,-105.27961000,2654.048,0.80638200,0.59011400,optical,2022-10-26,,,,"Wed, 17 Sep 2025 18:12:06 GMT","v33 finlaystone observatory, angel fire finlaystone observatory, angel fire"
V34,"Baker Observatory, Black Forest","Baker Observatory, Black Forest",39.00463314,-104.63008000,2245.012,0.77840100,0.62622200,optical,2018-11-26,,,,"Wed, 17 Sep 2025 18:12:06 GMT","v34 baker observatory, black forest baker observatory, black forest"
V35,"Deep Sky Observatory Collaborative, Pier 5, Fort Davis","Deep Sky Observatory Collaborative, Pier 5",30.58844099,-104.08119000,1831.490,0.86183900,0.50604600,optical,2017-11-21,,,,"Wed, 17 Sep 2025 18:12:06 GMT","v35 deep sky observatory collaborative, pier 5, fort davis deep sky observatory collaborative, pier 5"
V36,"The Ranch Observatory, Lakewood","The Ranch Observatory, Lakewood",32.63853285,-104.38258000,992.470,0.84304200,0.53633300,optical,2017-02-18,,,,"Wed, 17 Sep 2025 18:12:06 GMT","v36 the ranch observatory, lakewood the ranch observatory, lakewood"
V37,McDonald Observatory-LCO ELP,McDonald Observatory-LCO ELP,30.67986764,-104.01517000,2009.438,0.86105300,0.50742800,optical,2013-05-21,,,,"Tue, 26 May 2026 20:34:56 GMT",v37 mcdonald observatory lco elp mcdonald observatory lco elp
V38,McDonald Observatory-LCO ELP Aqawan A #1,McDonald Observatory-LCO ELP Aqawan A #1,30.68007472,-104.01507000,2008.230,0.86105100,0.50743100,optical,2017-12-12,,,,"Tue, 26 May 2026 20:34:56 GMT",v38 mcdonald observatory lco elp aqawan a #1 mcdonald observatory lco elp aqawan a #1
V39,McDonald Observatory-LCO ELP B,McDonald Observatory-LCO ELP B,30.67981817,-104.01517000,2006.183,0.86105300,0.50742700,optical,2019-07-22,,,,"Tue, 26 May 2026 20:34:56 GMT",v39 mcdonald observatory lco elp b mcdonald observatory lco elp b
V40,"Divine Creation Observatory, Fort Davis","Divine Creation Observatory, Fort Davis",30.58844099,-104.08127000,1831.490,0.86183900,0.50604600,optical,2021-10-10,,,,"Wed, 17 Sep 2025 18:12:06 GMT","v40 divine creation observatory, fort davis divine creation observatory, fort davis"
V41,Rapid City,Rapid City,44.05200451,-103.27422000,1039.551,0.71999200,0.69189000,optical,2021-12-15,,,,"Wed, 17 Sep 2025 18:12:06 GMT",v41 rapid city rapid city
V42,"Dimension Point, Mayhill","Dimension Point, Mayhill",32.91304411,-105.52528000,2180.186,0.84061400,0.54044800,optical,2023-09-06,,,,"Wed, 17 Sep 2025 18:12:06 GMT","v42 dimension point, mayhill dimension point, mayhill"
V43,"Chiricahua Skies Observatory, Sunizona","Chiricahua Skies Observatory, Sunizona",31.86683208,-109.51580000,1420.148,0.85026000,0.52502000,optical,2024-01-10,,,,"Wed, 17 Sep 2025 18:12:06 GMT","v43 chiricahua skies observatory, sunizona chiricahua skies observatory, sunizona"
V44,"Coyote Watcher, Pie Town","Coyote Watcher, Pie Town",34.32186265,-108.17017000,2266.970,0.82705700,0.56086400,optical,2024-09-03,,,,"Wed, 17 Sep 2025 18:12:06 GMT","v44 coyote watcher, pie town coyote watcher, pie town"
V45,McDonald Observatory-LCO ELP Aqawan B #1,McDonald Observatory-LCO ELP Aqawan B #1,30.67996711,-104.01503600,4082.129,0.86133160,0.50759530,optical,2025-11-11,,https://lco.global/observatory/sites/,,"Tue, 10 Feb 2026 15:22:02 GMT",v45 mcdonald observatory lco elp aqawan b #1 mcdonald observatory lco elp aqawan b #1
V46,"Walnut Park Observatory, Los Alamos","Walnut Park Observatory, Los Alamos",35.89120778,-106.30483600,2186.432,0.81134290,0.58319550,optical,2026-02-04,,,,"Tue, 10 Feb 2026 17:33:01 GMT","v46 walnut park observatory, los alamos walnut park observatory, los alamos"
V47,McDonald Observatory-LCO ELP Aqawan B #2,McDonald Observatory-LCO ELP Aqawan B #2,30.67996711,-104.01501700,4082.129,0.86133160,0.50759530,optical,2026-01-09,,https://lco.global/observatory/sites/,,"Tue, 17 Feb 2026 16:33:00 GMT",v47 mcdonald observatory lco elp aqawan b #2 mcdonald observatory lco elp aqawan b #2
V48,TransAstra at Winer,TransAstra at Winer,31.66552858,-110.60178000,1481.582,0.85211100,0.52204900,optical,2025-11-01,,https://www.transastra.com/products/tko,,"Wed, 27 May 2026 15:42:47 GMT",v48 transastra at winer transastra at winer
V54,"Observatoire LAURIER, El Marques","Observatoire LAURIER, El Marques",20.60086513,-100.30781000,2007.659,0.93673700,0.34975600,optical,2023-03-27,,,,"Wed, 17 Sep 2025 18:12:06 GMT","v54 observatoire laurier, el marques observatoire laurier, el marques"
V55,"The Gikem Observatory, Rockwood","The Gikem Observatory, Rockwood",31.54683998,-99.38203000,429.331,0.85305200,0.52020500,optical,2026-01-10,,,,"Fri, 30 Jan 2026 15:52:47 GMT","v55 the gikem observatory, rockwood the gikem observatory, rockwood"
V56,"Stonehenge Observatory, Novice","Stonehenge Observatory, Novice",31.93738216,-99.69597000,618.409,0.84950500,0.52599500,optical,2025-02-01,,,,"Wed, 17 Sep 2025 18:12:06 GMT","v56 stonehenge observatory, novice stonehenge observatory, novice"
V57,"Starfront Observatories, Rockwood","Starfront Observatories, Rockwood",31.54709624,-99.38226100,431.808,0.85305000,0.52020900,optical,2024-10-25,,starfront.space,,"Thu, 15 Jan 2026 22:09:50 GMT","v57 starfront observatories, rockwood starfront observatories, rockwood"
V58,"Medina Dome, Medina","Medina Dome, Medina",29.77815508,-99.26503000,460.450,0.86873500,0.49376200,optical,2021-04-24,,,,"Wed, 17 Sep 2025 18:12:06 GMT","v58 medina dome, medina medina dome, medina"
V59,"Millwood Observatory, Comfort","Millwood Observatory, Comfort",30.04644491,-98.92660000,537.074,0.86642000,0.49781000,optical,2015-02-18,,,,"Wed, 17 Sep 2025 18:12:06 GMT","v59 millwood observatory, comfort millwood observatory, comfort"
V60,Putman Mountain Observatory,Putman Mountain Observatory,30.53406888,-98.90527000,501.039,0.86214000,0.50512600,optical,2015-02-01,,,,"Wed, 17 Sep 2025 18:12:06 GMT",v60 putman mountain observatory putman mountain observatory
V61,"Shed of Science South, Pontotoc","Shed of Science South, Pontotoc",30.97572734,-98.94290000,516.149,0.85821600,0.51172500,optical,2020-11-09,,,,"Wed, 17 Sep 2025 18:12:06 GMT","v61 shed of science south, pontotoc shed of science south, pontotoc"
V62,"Live Oak Observatory, Pontotoc","Live Oak Observatory, Pontotoc",30.97577666,-98.94339000,519.431,0.85821600,0.51172600,optical,2021-10-06,,,,"Wed, 17 Sep 2025 18:12:06 GMT","v62 live oak observatory, pontotoc live oak observatory, pontotoc"
V63,"Tara Observatory, Cherokee","Tara Observatory, Cherokee",30.97544124,-98.94272000,519.424,0.85821900,0.51172100,optical,2021-09-21,,,,"Wed, 17 Sep 2025 18:12:06 GMT","v63 tara observatory, cherokee tara observatory, cherokee"
V70,"Starry Night Observatory, Columbus","Starry Night Observatory, Columbus",29.61904856,-96.66428000,100.500,0.87005600,0.49133200,optical,2015-11-29,,,,"Wed, 17 Sep 2025 18:12:06 GMT","v70 starry night observatory, columbus starry night observatory, columbus"
V72,"JDP Observatory, Omaha","JDP Observatory, Omaha",41.27408347,-96.11000000,316.764,0.75269700,0.65623500,optical,2021-08-03,,,,"Wed, 29 Oct 2025 18:29:05 GMT","v72 jdp observatory, omaha jdp observatory, omaha"
V74,"Katy Observatory, Katy","Katy Observatory, Katy",29.70330590,-95.84311000,17.238,0.86932000,0.49259800,optical,2020-11-08,,,,"Wed, 17 Sep 2025 18:12:06 GMT","v74 katy observatory, katy katy observatory, katy"
V75,"Live Oak Observatory, Lake Jackson","Live Oak Observatory, Lake Jackson",29.04443617,-95.43422000,-21.728,0.87493100,0.48261700,optical,2024-12-29,,,,"Wed, 17 Sep 2025 18:12:06 GMT","v75 live oak observatory, lake jackson live oak observatory, lake jackson"
V78,"Spirit Marsh Observatory, Sauk Centre",Spirit Marsh Observatory. Sauk Centre,45.66097381,-94.89220000,352.680,0.70014100,0.71168800,optical,2017-12-23,,,,"Wed, 17 Sep 2025 18:12:06 GMT","v78 spirit marsh observatory, sauk centre spirit marsh observatory. sauk centre"
V81,Fayetteville,Fayetteville,36.09541921,-94.23960000,336.674,0.80902000,0.58590000,optical,2015-08-20,,,,"Wed, 17 Sep 2025 18:12:06 GMT",v81 fayetteville fayetteville
V83,"Rolling Hills Observatory, Warrensburg","Rolling Hills Observatory, Warrensburg",38.67735081,-93.74272000,269.368,0.78173300,0.62159000,optical,2014-10-21,,,,"Wed, 17 Sep 2025 18:12:06 GMT","v83 rolling hills observatory, warrensburg rolling hills observatory, warrensburg"
V86,"Rattle Snake Observatory, Sedalia","Rattle Snake Observatory, Sedalia",38.63331248,-93.10730000,254.809,0.78221000,0.62099000,optical,2015-02-22,,,,"Wed, 17 Sep 2025 18:12:06 GMT","v86 rattle snake observatory, sedalia rattle snake observatory, sedalia"
V88,"River Ridge Observatory, Conway","River Ridge Observatory, Conway",34.94626999,-92.57189000,208.003,0.82061800,0.56961800,optical,2013-03-12,,,,"Wed, 17 Sep 2025 18:12:06 GMT","v88 river ridge observatory, conway river ridge observatory, conway"
V92,"White County Observatory, Searcy","White County Observatory, Searcy",35.23484710,-91.65017000,49.355,0.81771200,0.57371100,optical,2023-12-07,,,,"Wed, 17 Sep 2025 18:12:06 GMT","v92 white county observatory, searcy white county observatory, searcy"
V93,"Pin Oak Observatory, Fort Madison","Pin Oak Observatory, Fort Madison",40.65334903,-91.38389000,167.106,0.75976500,0.64805800,optical,2020-02-16,,,,"Wed, 17 Sep 2025 18:12:06 GMT","v93 pin oak observatory, fort madison pin oak observatory, fort madison"
V94,"Cherokeeridge Observatory, Fort Madison","Cherokeeridge Observatory, Fort Madison",40.64374898,-91.33831000,184.905,0.75987600,0.64793300,optical,2020-05-24,,,,"Wed, 17 Sep 2025 18:12:06 GMT","v94 cherokeeridge observatory, fort madison cherokeeridge observatory, fort madison"
W04,"Mark Evans Observatory, Bloomington","Mark Evans Observatory, Bloomington",40.49160703,-88.99056000,246.012,0.76160600,0.64592700,optical,2013-08-14,,,,"Wed, 17 Sep 2025 18:12:06 GMT","w04 mark evans observatory, bloomington mark evans observatory, bloomington"
W05,"Tree Gate Farm Observatory, Starkville","Tree Gate Farm Observatory, Starkville",33.34763494,-88.73281000,62.218,0.83620500,0.54659600,optical,2024-10-26,,,,"Wed, 17 Sep 2025 18:12:06 GMT","w05 tree gate farm observatory, starkville tree gate farm observatory, starkville"
W08,"Jimginny Observatory, Naperville","Jimginny Observatory, Naperville",41.75897723,-88.11669000,196.717,0.74708600,0.66254500,optical,2016-04-08,,,,"Wed, 17 Sep 2025 18:12:06 GMT","w08 jimginny observatory, naperville jimginny observatory, naperville"
W09,"Willowed Plains Observatory, Manteno","Willowed Plains Observatory, Manteno",41.25613319,-87.85247000,171.207,0.75288600,0.65598500,optical,2021-11-22,,,,"Wed, 17 Sep 2025 18:12:06 GMT","w09 willowed plains observatory, manteno willowed plains observatory, manteno"
W11,"Northwest Indiana Robotic Telescope, Lowell","Northwest Indiana Robotic Telescope, Lowell",41.27083830,-87.37530000,195.618,0.75272000,0.65618000,optical,2013-11-18,,,,"Wed, 17 Sep 2025 18:08:56 GMT","w11 northwest indiana robotic telescope, lowell northwest indiana robotic telescope, lowell"
W13,"Star Quarry Observatory, Bedford","Star Quarry Observatory, Bedford",38.97703945,-86.52639000,150.412,0.77844800,0.62564200,optical,2023-11-19,,,,"Wed, 17 Sep 2025 18:12:06 GMT","w13 star quarry observatory, bedford star quarry observatory, bedford"
W14,Harvest,Harvest,34.81669459,-86.75489000,262.907,0.82191400,0.56777400,optical,2015-12-17,,,,"Wed, 17 Sep 2025 18:12:06 GMT",w14 harvest harvest
W15,"Wayne Observatory, Franklin","Wayne Observatory, Franklin",35.91249333,-86.80917000,212.262,0.81087500,0.58331400,optical,2021-06-18,,,,"Wed, 17 Sep 2025 18:12:06 GMT","w15 wayne observatory, franklin wayne observatory, franklin"
W16,Pleasant Groves Observatory,Pleasant Groves Observatory,34.71188794,-86.23131000,437.663,0.82297600,0.56629200,optical,2019-11-02,,,,"Wed, 17 Sep 2025 18:12:06 GMT",w16 pleasant groves observatory pleasant groves observatory
W17,"Arrowhead, Sheridan","Arrowhead, Sheridan",40.12819578,-86.22878000,253.389,0.76570000,0.64110300,optical,2023-02-11,,,,"Wed, 17 Sep 2025 18:12:06 GMT","w17 arrowhead, sheridan arrowhead, sheridan"
W18,"Red Fox Observatory, Pendleton","Red Fox Observatory, Pendleton",40.00844338,-85.75038000,228.342,0.76703900,0.63950500,optical,2022-07-04,,,,"Wed, 17 Sep 2025 18:12:06 GMT","w18 red fox observatory, pendleton red fox observatory, pendleton"
W19,Kalamazoo,Kalamazoo,42.30044936,-85.62717000,286.849,0.74078300,0.66955900,optical,2013-07-12,,,,"Wed, 17 Sep 2025 18:12:06 GMT",w19 kalamazoo kalamazoo
W21,"Spots Observatory, Bethesda","Spots Observatory, Bethesda",38.95717000,-77.09372000,47.935,0.77865300,0.62536300,optical,2026-05-10,,,,"Wed, 10 Jun 2026 16:13:17 GMT","w21 spots observatory, bethesda spots observatory, bethesda"
W22,"WestRock Observatory, Columbus","WestRock Observatory, Columbus",32.45969124,-84.99553000,83.501,0.84459500,0.53363500,optical,2015-03-01,,,,"Wed, 17 Sep 2025 18:12:06 GMT","w22 westrock observatory, columbus westrock observatory, columbus"
W23,"Hevonen Farm Observatory, Oxford","Hevonen Farm Observatory, Oxford",39.49212359,-84.61981000,224.043,0.77278600,0.63259400,optical,2022-08-25,,,,"Wed, 17 Sep 2025 18:12:06 GMT","w23 hevonen farm observatory, oxford hevonen farm observatory, oxford"
W24,"Shamrock Banks Observatory, Clare","Shamrock Banks Observatory, Clare",43.83075680,-84.76183000,217.297,0.72257400,0.68902500,optical,2022-09-01,,https://www.youtube.com/c/CommonSenseScience,,"Wed, 17 Sep 2025 18:12:06 GMT","w24 shamrock banks observatory, clare shamrock banks observatory, clare"
W25,"RMS Observatory, Cincinnati","RMS Observatory, Cincinnati",39.16311370,-84.36494000,235.581,0.77641700,0.62816500,optical,2016-11-08,,http://www.rmsobservatory.org/,,"Wed, 17 Sep 2025 18:12:06 GMT","w25 rms observatory, cincinnati rms observatory, cincinnati"
W26,"Starpool Observatory, Hampstead","Starpool Observatory, Hampstead",39.58717550,-76.87089000,243.659,0.77173500,0.63387200,optical,2026-03-09,,https://www.thestarpool.com,,"Tue, 17 Mar 2026 20:29:17 GMT","w26 starpool observatory, hampstead starpool observatory, hampstead"
W27,"RCNS, New Milford","RCNS, New Milford",41.52556585,-73.42617200,46.151,0.74976920,0.65949180,optical,2026-01-09,,https://www.mccarthyobservatory.org,,"Tue, 13 Jan 2026 16:57:56 GMT","w27 rcns, new milford rcns, new milford"
W28,"Ex Nihilo Observatory, Winder","Ex Nihilo Observatory, Winder",33.98289227,-83.61170000,284.688,0.83011000,0.55581000,optical,2016-01-05,,,,"Wed, 17 Sep 2025 18:12:06 GMT","w28 ex nihilo observatory, winder ex nihilo observatory, winder"
W29,"Adena Brook Observatory, Columbus","Adena Brook Observatory, Columbus",40.04856238,-83.00610000,230.159,0.76659000,0.64004000,optical,2021-03-30,,,,"Wed, 17 Sep 2025 18:12:06 GMT","w29 adena brook observatory, columbus adena brook observatory, columbus"
W30,"Georgia College Observatory, Milledgeville","Georgia College Observatory, Milledgeville",33.08284949,-83.22883000,121.618,0.83873500,0.54274900,optical,2014-11-18,,,,"Wed, 17 Sep 2025 18:12:06 GMT","w30 georgia college observatory, milledgeville georgia college observatory, milledgeville"
W31,"Deerlick Observatory, Crawfordville","Deerlick Observatory, Crawfordville",33.55512087,-82.76264000,137.939,0.83422600,0.54961300,optical,2020-05-13,,,,"Wed, 17 Sep 2025 18:12:06 GMT","w31 deerlick observatory, crawfordville deerlick observatory, crawfordville"
W32,Crawfordville Observatory,Crawfordville Observatory,33.55553553,-82.76250000,137.831,0.83422200,0.54961900,optical,2020-02-16,,,,"Wed, 17 Sep 2025 18:12:06 GMT",w32 crawfordville observatory crawfordville observatory
W33,"Transit Dreams Observatory, Campobello","Transit Dreams Observatory, Campobello",35.07781623,-82.16549000,284.688,0.81931500,0.57149900,optical,2016-12-28,,,,"Wed, 17 Sep 2025 18:12:06 GMT","w33 transit dreams observatory, campobello transit dreams observatory, campobello"
W34,"Squirrel Valley Observatory, Columbus","Squirrel Valley Observatory, Columbus",35.22538993,-82.15470000,307.823,0.81784000,0.57360000,optical,2016-08-26,,http://svo.space,,"Wed, 17 Sep 2025 18:12:06 GMT","w34 squirrel valley observatory, columbus squirrel valley observatory, columbus"
W35,"Buffalo Creek Observatory, Nahunta","Buffalo Creek Observatory, Nahunta",31.14683399,-81.96090000,-14.889,0.85661000,0.51423000,optical,2022-12-16,,,,"Wed, 17 Sep 2025 18:12:06 GMT","w35 buffalo creek observatory, nahunta buffalo creek observatory, nahunta"
W36,"EliLauren Observatory, Neilltown","EliLauren Observatory, Neilltown",41.61998588,-79.49800000,479.851,0.74872900,0.66076700,optical,2024-09-14,,,,"Wed, 31 Dec 2025 17:10:56 GMT","w36 elilauren observatory, neilltown elilauren observatory, neilltown"
W37,"Transit Dreams Observatory-North, Hamburg NY","Transit Dreams Observatory-North, Hamburg NY",42.66770816,-78.77986000,322.536,0.73646700,0.67428000,optical,2025-07-28,,,,"Wed, 17 Sep 2025 18:08:56 GMT","w37 transit dreams observatory north, hamburg ny transit dreams observatory north, hamburg ny"
W38,"Dark Sky Observatory, Boone","Dark Sky Observatory, Boone",36.25268785,-81.41469000,922.032,0.80747900,0.58816300,optical,2014-11-18,,,,"Wed, 17 Sep 2025 18:08:56 GMT","w38 dark sky observatory, boone dark sky observatory, boone"
W39,Robinson Observatory,Robinson Observatory,28.59174297,-81.19056000,-6.044,0.87872500,0.47572600,optical,2025-04-16,,https://planets.ucf.edu/observatory/,,"Wed, 17 Sep 2025 18:12:06 GMT",w39 robinson observatory robinson observatory
W40,Hampden-Sydney Observatory,Hampden-Sydney Observatory,37.23843315,-78.47089700,120.284,0.79711680,0.60183180,optical,2024-12-23,,http://www.hsc.edu/academics/physics-and-astronomy/observatory,,"Wed, 17 Sep 2025 18:12:06 GMT",w40 hampden sydney observatory hampden sydney observatory
W41,Anderson Observatory,Anderson Observatory,37.22213229,-80.46000000,598.372,0.79734810,0.60165130,optical,2025-03-19,,,,"Wed, 17 Sep 2025 18:12:06 GMT",w41 anderson observatory anderson observatory
W42,"Mind's Eye Observatory, Vero Beach","Mind\'s Eye Observatory, Vero Beach",27.76456366,-80.53429000,-19.414,0.88551000,0.46305600,optical,,,https://www.mindseyeobservatory.org/,,"Wed, 17 Sep 2025 18:12:06 GMT","w42 mind's eye observatory, vero beach mind\'s eye observatory, vero beach"
W43,"MT_Hope_Cavu, Otisville","MT_Hope_Cavu, Otisville",41.44420817,-74.56814200,304.348,0.75073800,0.65845730,optical,2025-04-14,,,,"Wed, 17 Sep 2025 18:12:06 GMT","w43 mt hope cavu, otisville mt hope cavu, otisville"
W44,"Duo Ursi de Saltu, Scarsdale","Duo Ursi de Saltu, Scarsdale",41.01485706,-73.77983300,46.590,0.75563500,0.65280800,optical,2025-01-09,,,,"Wed, 17 Sep 2025 18:12:06 GMT","w44 duo ursi de saltu, scarsdale duo ursi de saltu, scarsdale"
W45,"Benito Loyola Observatory, Virginia Beach","Benito Loyola Observatory, Virginia Beach",36.72893449,-76.06172200,-31.047,0.80243100,0.59473600,optical,2024-11-30,,,,"Wed, 17 Sep 2025 18:12:06 GMT","w45 benito loyola observatory, virginia beach benito loyola observatory, virginia beach"
W46,Foxfire Village,Foxfire Village,35.14562456,-79.58808000,108.640,0.81861400,0.57244800,optical,2016-10-22,,,,"Wed, 17 Sep 2025 18:12:06 GMT",w46 foxfire village foxfire village
W47,"SNX-NET, Rio Hurtado","SNX-NET, Rio Hurtado",-30.47046725,-70.76498900,1602.494,0.86285000,-0.50426100,optical,2024-10-21,,,,"Wed, 17 Sep 2025 18:12:06 GMT","w47 snx net, rio hurtado snx net, rio hurtado"
W48,"BKH Observatory, Chapel Hill","BKH Observatory, Chapel Hill",35.83100218,-79.11300000,112.087,0.81169300,0.58215600,optical,2021-11-17,,,,"Wed, 17 Sep 2025 18:12:06 GMT","w48 bkh observatory, chapel hill bkh observatory, chapel hill"
W49,"CBA-MM Observatory, Mountain Meadows","CBA-MM Observatory, Mountain Meadows",38.95283671,-78.93243000,815.450,0.77879400,0.62538000,optical,2013-07-16,,,,"Wed, 17 Sep 2025 18:12:06 GMT","w49 cba mm observatory, mountain meadows cba mm observatory, mountain meadows"
W50,Apex,Apex,35.69005140,-78.74596000,120.212,0.81312700,0.58016700,optical,2014-04-04,,https://astromikephillips.wixsite.com/home,,"Wed, 17 Sep 2025 18:12:06 GMT",w50 apex apex
W51,Custer Institute and Observatory,Custer Institute and Observatory,41.05185922,-72.43456000,-21.353,0.75520400,0.65328700,optical,2017-11-20,,,,"Wed, 17 Sep 2025 18:12:06 GMT",w51 custer institute and observatory custer institute and observatory
W52,US Naval Academy Hopper Hall Observatory,US Naval Academy Hopper Hall Observatory,38.98532152,-76.48581000,-32.696,0.77833500,0.62573600,optical,2022-11-22,,,,"Wed, 17 Sep 2025 18:12:06 GMT",w52 us naval academy hopper hall observatory us naval academy hopper hall observatory
W53,Hagerstown,Hagerstown,39.63937087,-77.68476000,113.962,0.77114000,0.63455900,optical,2020-01-01,,,,"Wed, 17 Sep 2025 18:12:06 GMT",w53 hagerstown hagerstown
W54,"Mark Slade Remote Observatory, Wilderness","Mark Slade Remote Observatory, Wilderness",38.33374505,-77.71056000,63.270,0.78543100,0.61689000,optical,2016-10-23,,,,"Wed, 17 Sep 2025 18:12:06 GMT","w54 mark slade remote observatory, wilderness mark slade remote observatory, wilderness"
W55,"Natelli Observatory, Frederick","Natelli Observatory, Frederick",39.40777124,-77.41611000,91.892,0.77370300,0.63144700,optical,2015-07-31,,,,"Wed, 17 Sep 2025 18:12:06 GMT","w55 natelli observatory, frederick natelli observatory, frederick"
W56,"Pineapple Observatory, Frederick","Pineapple Observatory, Frederick",39.45953049,-77.47417000,193.420,0.77314300,0.63215300,optical,2021-11-05,,,,"Wed, 17 Sep 2025 18:12:06 GMT","w56 pineapple observatory, frederick pineapple observatory, frederick"
W57,ESA TBT La Silla Observatory,ESA TBT La Silla Observatory,-29.25524090,-70.73905000,2367.257,0.87347340,-0.48599940,optical,,,,,"Tue, 26 May 2026 20:34:56 GMT",w57 esa tbt la silla observatory esa tbt la silla observatory
W58,"ALPHA Observatory, South Laurel","ALPHA Observatory, South Laurel",39.04688954,-76.85036000,21.762,0.77766700,0.62657400,optical,2022-06-18,,,,"Wed, 17 Sep 2025 18:12:06 GMT","w58 alpha observatory, south laurel alpha observatory, south laurel"
W59,"The Dark Side Observatory, Weatherly","The Dark Side Observatory, Weatherly",40.89796349,-75.89242000,349.397,0.75700500,0.65130200,optical,2022-10-09,,,,"Wed, 17 Sep 2025 18:12:06 GMT","w59 the dark side observatory, weatherly the dark side observatory, weatherly"
W60,"AstroExplor Observatory, Tinjaca","AstroExplor Observatory, Tinjaca",5.61098251,-73.63374000,2137.201,0.99557400,0.09715500,optical,2022-01-13,,,,"Wed, 17 Sep 2025 18:12:06 GMT","w60 astroexplor observatory, tinjaca astroexplor observatory, tinjaca"
W61,"Leeside Observatory, Elgin","Leeside Observatory, Elgin",44.58639208,-76.25508000,85.812,0.71338000,0.69844700,optical,2019-03-05,,,,"Wed, 17 Sep 2025 18:12:06 GMT","w61 leeside observatory, elgin leeside observatory, elgin"
W62,"Comet Hunter Observatory2, New Ringgold","Comet Hunter Observatory2, New Ringgold",40.74518503,-75.86239000,223.286,0.75872900,0.64927600,optical,2021-03-03,,,,"Wed, 17 Sep 2025 18:12:06 GMT","w62 comet hunter observatory2, new ringgold comet hunter observatory2, new ringgold"
W63,"Observatorio Astronomico UTP, Pereira","Observatorio Astronomico UTP, Pereira",4.79053723,-75.69042000,1517.367,0.99676700,0.08297600,optical,2016-02-11,,,,"Wed, 17 Sep 2025 18:12:06 GMT","w63 observatorio astronomico utp, pereira observatorio astronomico utp, pereira"
W64,"Red Lion Observatory, Southampton Twsp","Red Lion Observatory, Southampton Twsp",39.88726447,-74.72996000,-17.398,0.76836400,0.63786300,optical,2022-02-16,,,,"Wed, 17 Sep 2025 18:12:06 GMT","w64 red lion observatory, southampton twsp red lion observatory, southampton twsp"
W65,"Observatoire GOZ, Montpellier","Observatoire GOZ, Montpellier",45.85001323,-75.20831000,169.693,0.69776100,0.71396600,optical,2020-04-24,,,,"Wed, 17 Sep 2025 18:12:06 GMT","w65 observatoire goz, montpellier observatoire goz, montpellier"
W66,"SVH Observatory, Blairstown","SVH Observatory, Blairstown",40.96033240,-74.94619000,218.153,0.75627800,0.65210900,optical,2013-05-21,,,,"Wed, 17 Sep 2025 18:12:06 GMT","w66 svh observatory, blairstown svh observatory, blairstown"
W67,"Paul Robinson Observatory, Voorhees State Park","Paul Robinson Observatory, Voorhees State Park",40.68184231,-74.89789000,262.086,0.75945300,0.64844400,optical,2014-10-16,,,,"Wed, 17 Sep 2025 18:12:06 GMT","w67 paul robinson observatory, voorhees state park paul robinson observatory, voorhees state park"
W68,"ATLAS Chile, Rio Hurtado","ATLAS Chile, Rio Hurtado",-30.47100969,-70.76498000,1600.882,0.86284500,-0.50426900,optical,,,,,"Tue, 26 May 2026 20:34:56 GMT","w68 atlas chile, rio hurtado atlas chile, rio hurtado"
W69,"OLPH Observatory, Brooklyn","OLPH Observatory, Brooklyn",40.63900286,-74.01500000,35.106,0.75991200,0.64785500,optical,2022-05-22,,,,"Wed, 17 Sep 2025 18:12:06 GMT","w69 olph observatory, brooklyn olph observatory, brooklyn"
W70,"Loose Goose Observatory, Saint-Jérome","Loose Goose Observatory, Saint-Jerome",45.79255676,-74.08614000,132.271,0.69847500,0.71326400,optical,2016-12-15,,,,"Wed, 17 Sep 2025 18:12:06 GMT","w70 loose goose observatory, saint jerome loose goose observatory, saint jerome"
W71,"Rand II Observatory, Lake Placid","Rand II Observatory, Lake Placid",44.26113601,-74.00703000,598.177,0.71740400,0.69445600,optical,2013-03-19,,,,"Wed, 17 Sep 2025 18:12:06 GMT","w71 rand ii observatory, lake placid rand ii observatory, lake placid"
W72,"Trumbull Observatory, Trumbull","Trumbull Observatory, Trumbull",41.24307129,-73.17890000,35.794,0.75302000,0.65580000,optical,2020-12-27,,,,"Wed, 17 Sep 2025 18:12:06 GMT","w72 trumbull observatory, trumbull trumbull observatory, trumbull"
W73,"Observatorio Astronomico de Moquegua, Carumas","Observatorio Astronomico de Moquegua, Carumas",-16.82815540,-70.67844000,3351.844,0.95794900,-0.28779700,optical,2020-09-04,,,,"Wed, 17 Sep 2025 18:12:06 GMT","w73 observatorio astronomico de moquegua, carumas observatorio astronomico de moquegua, carumas"
W74,"Danish Telescope, La Silla","Danish Telescope, La Silla",-29.25790811,-70.73755000,2369.166,0.87345100,-0.48604000,optical,2020-03-27,,,,"Tue, 24 Mar 2026 19:33:51 GMT","w74 danish telescope, la silla danish telescope, la silla"
W75,"SPECULOOS-South Observatory, Paranal","SPECULOOS-South Observatory, Paranal",-24.61608629,-70.39056000,2479.180,0.91000100,-0.41415000,optical,2019-04-28,,,,"Wed, 17 Sep 2025 18:12:06 GMT","w75 speculoos south observatory, paranal speculoos south observatory, paranal"
W76,"CHILESCOPE Observatory, Rio Hurtado","CHILESCOPE Observatory, Rio Hurtado",-30.47250580,-70.76305000,1557.890,0.86282600,-0.50428800,optical,2018-04-04,,http://www.chilescope.com/,,"Thu, 23 Apr 2026 15:01:08 GMT","w76 chilescope observatory, rio hurtado chilescope observatory, rio hurtado"
W77,"Skyledge Observatory, Killingworth","Skyledge Observatory, Killingworth",41.33588547,-72.59900000,90.424,0.75196000,0.65702000,optical,2015-11-05,,,,"Wed, 17 Sep 2025 18:12:06 GMT","w77 skyledge observatory, killingworth skyledge observatory, killingworth"
W78,"Clay Telescope, Harvard University","Clay Telescope, Harvard University",42.37650199,-71.11675000,11.519,0.73985900,0.67050900,optical,2018-02-23,,,,"Wed, 17 Sep 2025 18:12:06 GMT","w78 clay telescope, harvard university clay telescope, harvard university"
W79,Cerro Tololo-LCO Aqawan B #1,Cerro Tololo-LCO Aqawan B #1,-30.16766891,-70.80465000,2189.260,0.86558700,-0.49976300,optical,2017-12-12,,,,"Wed, 19 Nov 2025 22:52:19 GMT",w79 cerro tololo lco aqawan b #1 cerro tololo lco aqawan b #1
W80,Westwood,Westwood,42.24726821,-71.23220000,62.444,0.74138000,0.66885000,optical,2015-02-21,,,,"Wed, 17 Sep 2025 18:12:06 GMT",w80 westwood westwood
W81,"Nebula Knoll Observatory, East Wakefield","Nebula Knoll Observatory, East Wakefield",43.66591615,-71.00033000,193.433,0.72455700,0.68694800,optical,2014-12-26,,,"Nebula Knoll Observatoy, East Wakefield","Wed, 17 Sep 2025 18:12:06 GMT","w81 nebula knoll observatory, east wakefield nebula knoll observatory, east wakefield nebula knoll observatoy, east wakefield"
W82,"Mendel Observatory, Merrimack College","Mendel Observatory, Merrimack College",42.66932268,-71.12196000,71.490,0.73641900,0.67427400,optical,2014-02-27,,,,"Wed, 17 Sep 2025 18:12:06 GMT","w82 mendel observatory, merrimack college mendel observatory, merrimack college"
W83,"Whitin Observatory, Wellesley","Whitin Observatory, Wellesley",42.29481893,-71.30253000,45.467,0.74082100,0.66946100,optical,2013-11-01,,,,"Wed, 17 Sep 2025 18:12:06 GMT","w83 whitin observatory, wellesley whitin observatory, wellesley"
W84,Cerro Tololo-DECam,Cerro Tololo-DECam,-30.16959423,-70.80642000,2202.707,0.86557200,-0.49979300,optical,,,,,"Tue, 26 May 2026 20:34:56 GMT",w84 cerro tololo decam cerro tololo decam
W85,Cerro Tololo-LCO A,Cerro Tololo-LCO A,-30.16740411,-70.80481000,2201.702,0.86559100,-0.49976000,optical,2012-11-26,,,,"Tue, 26 May 2026 20:34:56 GMT",w85 cerro tololo lco a cerro tololo lco a
W86,Cerro Tololo-LCO B,Cerro Tololo-LCO B,-30.16732549,-70.80467000,2204.011,0.86559200,-0.49975900,optical,2012-11-26,,,,"Tue, 26 May 2026 20:34:56 GMT",w86 cerro tololo lco b cerro tololo lco b
W87,Cerro Tololo-LCO C,Cerro Tololo-LCO C,-30.16745384,-70.80468000,2204.907,0.86559100,-0.49976100,optical,2012-11-27,,,,"Tue, 26 May 2026 20:34:56 GMT",w87 cerro tololo lco c cerro tololo lco c
W88,"Slooh.com Chile Observatory, La Dehesa","Slooh.com Chile Observatory, La Dehesa",-33.26912562,-70.53430000,1445.226,0.83713600,-0.54557400,optical,2014-06-18,,http://Slooh.com,,"Wed, 17 Sep 2025 18:08:56 GMT","w88 slooh.com chile observatory, la dehesa slooh.com chile observatory, la dehesa"
W89,Cerro Tololo-LCO Aqawan A #1,Cerro Tololo-LCO Aqawan A #1,-30.16766083,-70.80467000,2203.494,0.86558900,-0.49976400,optical,2015-07-08,,,,"Tue, 26 May 2026 20:34:56 GMT",w89 cerro tololo lco aqawan a #1 cerro tololo lco aqawan a #1
W90,Phillips Exeter Academy Grainger Observatory,Phillips Exeter Academy Grainger Observatory,42.97944958,-70.94186000,8.330,0.73274000,0.67822900,optical,2015-09-18,,,,"Wed, 17 Sep 2025 18:12:06 GMT",w90 phillips exeter academy grainger observatory phillips exeter academy grainger observatory
W91,"VHS-VISTA, Cerro Paranal","VHS-VISTA, Cerro Paranal",-24.61583778,-70.39743000,2508.657,0.91000700,-0.41414800,optical,,,,,"Wed, 17 Sep 2025 18:12:06 GMT","w91 vhs vista, cerro paranal vhs vista, cerro paranal"
W92,"MASTER-OAFA Observatory, San Juan","MASTER-OAFA Observatory, San Juan",-31.80227877,-69.32643000,2432.636,0.85098700,-0.52415000,optical,2016-10-13,,,,"Wed, 17 Sep 2025 18:12:06 GMT","w92 master oafa observatory, san juan master oafa observatory, san juan"
W93,Korea Microlensing Telescope Network-CTIO,Korea Microlensing Telescope Network-CTIO,-30.16721329,-70.80400000,2174.647,0.86558900,-0.49975500,optical,2018-08-31,,,,"Wed, 17 Sep 2025 18:12:06 GMT",w93 korea microlensing telescope network ctio korea microlensing telescope network ctio
W94,"MAPS, San Pedro de Atacama","MAPS, San Pedro de Atacama",-22.95307429,-68.17981000,2440.510,0.92164600,-0.38771300,optical,2016-12-05,,,"MAP, San Pedro de Atacama","Wed, 17 Sep 2025 18:12:06 GMT","w94 maps, san pedro de atacama maps, san pedro de atacama map, san pedro de atacama"
W95,"Observatorio Panameno, San Pedro de Atacama","Observatorio Panameno, San Pedro de Atacama",-22.95317844,-68.17988000,2396.911,0.92163900,-0.38771200,optical,2013-10-06,,,,"Wed, 17 Sep 2025 18:12:06 GMT","w95 observatorio panameno, san pedro de atacama observatorio panameno, san pedro de atacama"
W96,"CAO, San Pedro de Atacama (since 2013)","CAO, San Pedro de Atacama (since 2013)",-22.95348841,-68.17994000,2397.601,0.92163700,-0.38771700,optical,2013-06-17,,,,"Wed, 17 Sep 2025 18:12:06 GMT","w96 cao, san pedro de atacama (since 2013) cao, san pedro de atacama (since 2013)"
W97,"Atacama Desert Observatory, San Pedro de Atacama","Atacama Desert Observatory, San Pedro de Atacama",-22.95341294,-68.17976000,2400.987,0.92163800,-0.38771600,optical,2013-06-15,,,,"Tue, 26 May 2026 20:34:56 GMT","w97 atacama desert observatory, san pedro de atacama atacama desert observatory, san pedro de atacama"
W98,"SDA Observatory, San Pedro de Atacama","Polonia Observatory, San Pedro de Atacama",-22.95317844,-68.17970000,2396.911,0.92163900,-0.38771200,optical,2013-06-04,,,,"Tue, 26 May 2026 20:34:56 GMT","w98 sda observatory, san pedro de atacama polonia observatory, san pedro de atacama"
W99,"Searchlight Observatory Network, San Pedro de Atacama Station","SON, San Pedro de Atacama Station",-22.95341294,-68.17985000,2400.987,0.92163800,-0.38771600,optical,2014-08-30,,,,"Wed, 17 Sep 2025 18:12:06 GMT","w99 searchlight observatory network, san pedro de atacama station son, san pedro de atacama station"
X00,Observatorio Astronomico Tolar,Observatorio Astronomico Tolar,-24.58953725,-67.39875000,3573.195,0.91034900,-0.41380200,optical,2017-09-24,,,,"Wed, 17 Sep 2025 18:12:06 GMT",x00 observatorio astronomico tolar observatorio astronomico tolar
X01,"Observatory Hurtado, El Sauce","Observatory Hurtado, El Sauce",-30.47103009,-70.76498000,1609.614,0.86284600,-0.50427000,optical,2019-04-06,,,,"Wed, 17 Sep 2025 18:12:06 GMT","x01 observatory hurtado, el sauce observatory hurtado, el sauce"
X02,"Telescope Live, El Sauce","Telescope Live, El Sauce",-30.47066565,-70.76483000,1489.635,0.86283300,-0.50425500,optical,2019-09-27,,https://telescope.live/,,"Wed, 17 Sep 2025 18:12:06 GMT","x02 telescope live, el sauce telescope live, el sauce"
X03,"Observatoire SADR, Poroto","Observatoire SADR, Poroto",-30.53391443,-70.79639000,1572.068,0.86228600,-0.50520900,optical,2019-01-17,,,,"Wed, 17 Sep 2025 18:12:06 GMT","x03 observatoire sadr, poroto observatoire sadr, poroto"
X04,"MCD Observatory, Saint-Anaclet","MCD Observatory, Saint-Anaclet",48.46995111,-68.43253000,38.995,0.66426400,0.74500000,optical,2022-03-24,,,,"Wed, 17 Sep 2025 18:12:06 GMT","x04 mcd observatory, saint anaclet mcd observatory, saint anaclet"
X05,"Simonyi Survey Telescope, Rubin Observatory","Simonyi Survey Telescope, Rubin Observatory",-30.24460045,-70.74942000,2683.576,0.86498100,-0.50095800,optical,,,https://rubinobservatory.org/,,"Tue, 26 May 2026 20:34:56 GMT","x05 simonyi survey telescope, rubin observatory simonyi survey telescope, rubin observatory"
X06,"Skygems Chile, Rio Hurtado","Skygems Chile, Rio Hurtado",-30.52643841,-70.85351000,1734.766,0.86237400,-0.50511000,optical,2022-11-05,,,,"Wed, 17 Sep 2025 18:08:56 GMT","x06 skygems chile, rio hurtado skygems chile, rio hurtado"
X07,"iTelescope Deep Sky Chile, Rio Hurtado","iTelescope Deep Sky Chile, Rio Hurtado",-30.52638886,-70.85361000,1731.526,0.86237400,-0.50510900,optical,2023-03-14,,https://www.itelescope.net,,"Wed, 17 Sep 2025 18:08:56 GMT","x07 itelescope deep sky chile, rio hurtado itelescope deep sky chile, rio hurtado"
X08,"ShAO Chile station, El Sauce","ShAO Chile station, El Sauce",-30.47011147,-70.76500000,1594.082,0.86285200,-0.50425500,optical,2023-07-04,,,,"Wed, 17 Sep 2025 18:12:06 GMT","x08 shao chile station, el sauce shao chile station, el sauce"
X09,"Deep Random Survey, Rio Hurtado","Deep Random Survey, Rio Hurtado",-30.52631010,-70.85330000,1733.780,0.86237500,-0.50510800,optical,2023-07-29,,https://deeprandomsurvey.org/,,"Wed, 17 Sep 2025 18:12:06 GMT","x09 deep random survey, rio hurtado deep random survey, rio hurtado"
X10,"OVTLN, San Pedro de Atacama","OVTLN, San Pedro de Atacama",-22.95333125,-68.17960000,2438.713,0.92164400,-0.38771700,optical,,,,,"Wed, 17 Sep 2025 18:12:06 GMT","x10 ovtln, san pedro de atacama ovtln, san pedro de atacama"
X11,"VLT Survey Telescope, Paranal","VLT Survey Telescope, Paranal",-24.62634187,-70.40396000,2663.224,0.90995300,-0.41432400,optical,,,,,"Tue, 26 May 2026 20:34:56 GMT","x11 vlt survey telescope, paranal vlt survey telescope, paranal"
X12,Observatorio Los Cabezones,Observatorio Los Cabezones,-36.63559050,-64.28800000,198.049,0.80343000,-0.59345500,optical,2020-04-03,,,,"Wed, 17 Sep 2025 18:12:06 GMT",x12 observatorio los cabezones observatorio los cabezones
X13,Observatorio Remoto Bosque Alegre,Observatorio Remoto Bosque Alegre,-31.59816802,-64.55020000,1217.254,0.85269000,-0.52103000,optical,2013-03-28,,,,"Wed, 17 Sep 2025 18:12:06 GMT",x13 observatorio remoto bosque alegre observatorio remoto bosque alegre
X14,"Observatorio Orbis Tertius, Córdoba","Observatorio Orbis Tertius, Cordoba",-31.38999609,-64.16778000,426.003,0.85447500,-0.51787900,optical,2013-09-08,,http://observatorioorbistertius.blogspot.com.ar/,,"Wed, 17 Sep 2025 18:12:06 GMT","x14 observatorio orbis tertius, cordoba observatorio orbis tertius, cordoba"
X15,"ABYO, San Pedro de Atacama","ABYO, San Pedro de Atacama",-22.95294581,-68.17947000,2441.409,0.92164700,-0.38771100,optical,2023-10-07,,,,"Wed, 17 Sep 2025 18:12:06 GMT","x15 abyo, san pedro de atacama abyo, san pedro de atacama"
X16,"Astronomia Sigma Octante, Cochabamba","Astronomia Sigma Octante, Cochabamba",-17.36477320,-66.15030000,2681.806,0.95511000,-0.29667000,optical,2023-07-16,,,,"Wed, 17 Sep 2025 18:12:06 GMT","x16 astronomia sigma octante, cochabamba astronomia sigma octante, cochabamba"
X17,BlackGEM,BlackGEM,-29.25741626,-70.73792000,2375.168,0.87345600,-0.48603300,optical,2024-02-28,,,,"Wed, 17 Sep 2025 18:12:06 GMT",x17 blackgem blackgem
X18,"6R-POL2, San Pedro de Atacama","6R-POL2, San Pedro de Atacama",-22.95291525,-68.17947000,2433.048,0.92164600,-0.38771000,optical,2024-03-08,,,,"Wed, 17 Sep 2025 18:12:06 GMT","x18 6r pol2, san pedro de atacama 6r pol2, san pedro de atacama"
X19,"Santel Observatory, El Leoncito","Santel Observatory, El Leoncito",-31.80244394,-69.32617000,2451.501,0.85098800,-0.52415400,optical,2024-08-12,,,,"Wed, 17 Sep 2025 18:12:06 GMT","x19 santel observatory, el leoncito santel observatory, el leoncito"
X20,"BOOTES-7, San Pedro Atacama","BOOTES-7, San Pedro Atacama",-22.95307429,-68.17948300,2440.510,0.92164600,-0.38771300,optical,2024-12-06,,,,"Wed, 17 Sep 2025 18:12:06 GMT","x20 bootes 7, san pedro atacama bootes 7, san pedro atacama"
X21,"RoSaMund Obervatory - DSC, Rio Hurtado","RoSaMund Obervatory - DSC, Rio Hurtado",-30.52638886,-70.85319000,1731.526,0.86237400,-0.50510900,optical,2025-01-17,,,,"Wed, 17 Sep 2025 18:12:06 GMT","x21 rosamund obervatory dsc, rio hurtado rosamund obervatory dsc, rio hurtado"
X22,"BTN-1, Deep Sky Chile","BTN-1, Deep Sky Chile",-30.52710914,-70.85300000,1734.198,0.86236800,-0.50512000,optical,2025-09-15,,https://baader-os.com/,,"Wed, 24 Sep 2025 18:30:12 GMT","x22 btn 1, deep sky chile btn 1, deep sky chile"
X23,"Observatoire de Verification de Tous Les NEOs-2, San Pedro de Atacama","OVTLN2, San Pedro de Atacama",-22.95291095,-68.17947200,2439.080,0.92164690,-0.38771030,optical,2025-09-01,,,"NX10, San Pedro de Atacama","Wed, 15 Oct 2025 16:29:09 GMT","x23 observatoire de verification de tous les neos 2, san pedro de atacama ovtln2, san pedro de atacama nx10, san pedro de atacama"
X24,"Observatorio Desierto Cosmico, Atacama","Observatorio Desierto Cosmico, Atacama",-27.56559419,-70.01169000,1519.978,0.88732900,-0.46010600,optical,2025-10-10,,,,"Mon, 20 Oct 2025 15:56:57 GMT","x24 observatorio desierto cosmico, atacama observatorio desierto cosmico, atacama"
X25,UBC Southern Observatory,UBC Southern Observatory,-30.52645874,-70.85322000,1743.499,0.86237500,-0.50511100,optical,2026-01-21,,,,"Wed, 04 Mar 2026 16:10:58 GMT",x25 ubc southern observatory ubc southern observatory
X26,"NAOS, Alta Gracia","NAOS, Alta Gracia",-31.63778931,-64.42766700,601.233,0.85224660,-0.52156600,optical,2026-02-09,,,,"Tue, 24 Mar 2026 21:22:36 GMT","x26 naos, alta gracia naos, alta gracia"
X27,SARA-CT,SARA-CT,-30.17211505,-70.79919000,2166.019,0.86554500,-0.49982800,optical,2025-09-16,,https://noirlab.edu/public/programs/ctio/,,"Tue, 21 Apr 2026 20:11:47 GMT",x27 sara ct sara ct
X29,Observatorio Astronómico Municipal de Funes,Observatorio Astronomico Municipal de Funes,-32.91680435,-60.86239000,56.883,0.84029900,-0.54032200,optical,2025-06-14,,http://cometasobservatoriodefunes.blogspot.com,,"Wed, 17 Sep 2025 18:12:06 GMT",x29 observatorio astronomico municipal de funes observatorio astronomico municipal de funes
X31,"Galileo Galilei Observatory, Oro Verde","Galileo Galilei Observatory, Oro Verde",-31.82301966,-60.52066000,91.729,0.85048500,-0.52426300,optical,2016-01-21,,,,"Wed, 17 Sep 2025 18:12:06 GMT","x31 galileo galilei observatory, oro verde galileo galilei observatory, oro verde"
X33,"OARU, Manaus","OARU, Manaus",-2.99737849,-60.00961000,37.887,0.99864700,-0.05194100,optical,2022-07-06,,,,"Wed, 17 Sep 2025 18:12:06 GMT","x33 oaru, manaus oaru, manaus"
X38,"Observatorio Pueyrredon, La Lonja","Observatorio Pueyrredon, La Lonja",-34.43568384,-58.86289000,18.096,0.82564800,-0.56229900,optical,2014-01-15,,,,"Wed, 17 Sep 2025 18:12:06 GMT","x38 observatorio pueyrredon, la lonja observatorio pueyrredon, la lonja"
X39,"Observatorio Antares, Pilar","Observatorio Antares, Pilar",-34.38526666,-58.86220000,68.071,0.82615000,-0.56158000,optical,2017-04-06,,,,"Wed, 17 Sep 2025 18:12:06 GMT","x39 observatorio antares, pilar observatorio antares, pilar"
X40,"Cielos de Banfield, Banfield","Cielos de Banfield, Banfield",-34.74732768,-58.38311000,27.764,0.82257200,-0.56676200,optical,2022-06-18,,,,"Wed, 17 Sep 2025 18:12:06 GMT","x40 cielos de banfield, banfield cielos de banfield, banfield"
X41,"Observatorio Protón-Protón, Longchamps","Observatorio Proton-Proton, Longchamps",-34.85199486,-58.39450000,50.960,0.82153600,-0.56825900,optical,2025-05-11,,,,"Wed, 17 Sep 2025 18:12:06 GMT","x41 observatorio proton proton, longchamps observatorio proton proton, longchamps"
X50,Observatorio Astronomico de Montevideo,Observatorio Astronomico de Montevideo,-34.90369635,-56.17581000,76.107,0.82102500,-0.56899900,optical,2015-05-12,,,,"Wed, 17 Sep 2025 18:12:06 GMT",x50 observatorio astronomico de montevideo observatorio astronomico de montevideo
X57,"Polo Astronômico CMF,Foz do Iguaçu","Polo Astronomico CMF,Foz do Iguacu",-25.43481347,-54.59374000,186.555,0.90365900,-0.42688500,optical,2013-02-10,,,,"Wed, 17 Sep 2025 18:12:06 GMT","x57 polo astronomico cmf,foz do iguacu polo astronomico cmf,foz do iguacu"
X60,Guaraciaba Observatory,Guaraciaba Observatory,-26.54944249,-53.57444000,600.472,0.89523200,-0.44431700,optical,2023-05-16,,,,"Wed, 17 Sep 2025 18:12:06 GMT",x60 guaraciaba observatory guaraciaba observatory
X70,"Observatorio OATU, Tupi Paulista","Observatorio OATU, Tupi Paulista",-21.38496490,-51.56678000,389.060,0.93162300,-0.36237500,optical,2020-09-12,,,,"Wed, 17 Sep 2025 18:12:06 GMT","x70 observatorio oatu, tupi paulista observatorio oatu, tupi paulista"
X71,"OASMiS, São Miguel da Serra","OASMiS, Sao Miguel da Serra",-26.37579566,-51.07975000,968.602,0.89662800,-0.44164200,optical,2026-06-03,,https://oasmis.com.br/,,"Wed, 10 Jun 2026 16:40:42 GMT","x71 oasmis, sao miguel da serra oasmis, sao miguel da serra"
X72,"Waccobs, Sao Leopoldo","Waccobs, Sao Leopoldo",-29.76692394,-51.12111000,42.142,0.86877500,-0.49356000,optical,2023-06-08,,,,"Wed, 17 Sep 2025 18:12:06 GMT","x72 waccobs, sao leopoldo waccobs, sao leopoldo"
X74,Observatório Campo dos Amarais,Observatorio Campo dos Amarais,-21.39414438,-50.50578000,417.286,0.93156900,-0.36252500,optical,,,,,"Wed, 17 Sep 2025 18:12:06 GMT",x74 observatorio campo dos amarais observatorio campo dos amarais
X76,"SUN Observatory, Redencao","SUN Observatory, Redencao",-8.03585245,-50.00903000,183.173,0.99027400,-0.13887000,optical,2025-03-13,,,,"Wed, 17 Sep 2025 18:12:06 GMT","x76 sun observatory, redencao sun observatory, redencao"
X77,"Centro Astron. Nevoeiro, Antonio Olinto","Centro Astron. Nevoeiro, Antonio Olinto",-25.90860211,-50.07525000,825.805,0.90018400,-0.43434600,optical,2023-03-17,,,,"Wed, 17 Sep 2025 18:12:06 GMT","x77 centro astron. nevoeiro, antonio olinto centro astron. nevoeiro, antonio olinto"
X86,"Ottoservatorio, Tatui","Ottoservatorio, Tatui",-23.39303312,-47.78167000,552.010,0.91836700,-0.39462100,optical,2024-07-02,,,,"Wed, 17 Sep 2025 18:12:06 GMT","x86 ottoservatorio, tatui ottoservatorio, tatui"
X87,"Dogsheaven Observatory, Brasilia","Dogsheaven Observatory, Brasilia",-15.89170106,-47.91110000,1044.850,0.96218000,-0.27210000,optical,2014-06-28,,http://dogsheaven.tachyonweb.net/,,"Wed, 17 Sep 2025 18:12:06 GMT","x87 dogsheaven observatory, brasilia dogsheaven observatory, brasilia"
X88,"Observatorio Adhara, Sorocaba","Observatorio Adhara, Sorocaba",-23.44538650,-47.50869000,596.113,0.91801200,-0.39545800,optical,2016-10-27,,,,"Wed, 17 Sep 2025 18:12:06 GMT","x88 observatorio adhara, sorocaba observatorio adhara, sorocaba"
X89,"Rocca Observatory, Brasilia","Rocca Observatory, Brasilia",-15.84448194,-47.78214000,1024.742,0.96240100,-0.27131100,optical,2020-07-22,,,,"Wed, 17 Sep 2025 18:12:06 GMT","x89 rocca observatory, brasilia rocca observatory, brasilia"
X90,"Carina Observatory, Brasilia","Carina Observatory, Brasilia",-15.65691264,-47.86792000,1273.136,0.96332200,-0.26818900,optical,2020-07-14,,,,"Wed, 17 Sep 2025 18:12:06 GMT","x90 carina observatory, brasilia carina observatory, brasilia"
X91,"Orion-Colesanti observatory, Mairinque","Orion-Colesanti observatory, Mairinque",-23.56948892,-47.21119000,878.749,0.91719300,-0.39745200,optical,2024-08-21,,,,"Wed, 17 Sep 2025 18:12:06 GMT","x91 orion colesanti observatory, mairinque orion colesanti observatory, mairinque"
X93,Munhoz Observatory,Munhoz Observatory,-22.62891244,-46.39530000,1078.719,0.92363000,-0.38244000,optical,2022-08-15,,,,"Wed, 17 Sep 2025 18:12:06 GMT",x93 munhoz observatory munhoz observatory
X98,"Observatório Pedra Preta, Pedra Preta","Observatorio Pedra Preta, Pedra Preta",-22.48930592,-45.41639000,1175.088,0.92457400,-0.38020700,optical,2026-04-21,,,,"Thu, 16 Jul 2026 02:59:20 GMT","x98 observatorio pedra preta, pedra preta observatorio pedra preta, pedra preta"
Y00,"SONEAR Observatory, Oliveira","SONEAR Observatory, Oliveira",-20.71508010,-44.78496000,1111.958,0.93590600,-0.35156200,optical,2013-07-06,,http://www.observatorio-phoenix.org/t_proj/Sonear/sonear.htm,,"Wed, 17 Sep 2025 18:12:06 GMT","y00 sonear observatory, oliveira sonear observatory, oliveira"
Y01,"SONEAR 2 Observatory, Belo Horizonte","SONEAR 2 Observatory, Belo Horizonte",-19.88196720,-43.98420000,885.299,0.94089000,-0.33798500,optical,2023-02-22,,,,"Wed, 17 Sep 2025 18:12:06 GMT","y01 sonear 2 observatory, belo horizonte sonear 2 observatory, belo horizonte"
Y05,"SONEAR Wykrota-CEAMIG, Serra da Piedade","SONEAR Wykrota-CEAMIG, Serra da Piedade",-19.82425067,-43.69000000,1493.764,0.94132000,-0.33707500,optical,2023-05-22,,,,"Wed, 17 Sep 2025 18:12:06 GMT","y05 sonear wykrota ceamig, serra da piedade sonear wykrota ceamig, serra da piedade"
Y16,"ROCG, Campos dos Goytacazes","ROCG, Campos dos Goytacazes",-21.74526264,-41.31206000,5.412,0.92926800,-0.36817000,optical,2019-10-05,,,,"Wed, 17 Sep 2025 18:12:06 GMT","y16 rocg, campos dos goytacazes rocg, campos dos goytacazes"
Y28,"OASI, Nova Itacuruba","OASI, Nova Itacuruba",-8.78870663,-38.68740000,414.672,0.98840000,-0.15179000,optical,2013-02-08,,,,"Wed, 17 Sep 2025 18:12:06 GMT","y28 oasi, nova itacuruba oasi, nova itacuruba"
Y40,"Discovery Observatory, Caruaru","Discovery Observatory, Caruaru",-8.28864210,-35.96111000,533.504,0.98970600,-0.14321700,optical,2019-11-08,,,,"Wed, 17 Sep 2025 18:12:06 GMT","y40 discovery observatory, caruaru discovery observatory, caruaru"
Y63,"SNX-NET, Oukaïmeden","SNX-NET, Oukaimeden",31.20660298,-7.86631900,2780.467,0.85644700,0.51534600,optical,2024-10-21,,,,"Wed, 17 Sep 2025 18:12:06 GMT","y63 snx net, oukaimeden snx net, oukaimeden"
Y64,"Transient Survey Telescope (TST), Teide","Transient Survey Telescope (TST), Teide",28.29893043,-16.51039000,2424.475,0.88148400,0.47143300,optical,2023-04-14,,https://tst.iac.es/,"Transient Survey Telescope, Teide","Wed, 17 Sep 2025 18:12:06 GMT","y64 transient survey telescope (tst), teide transient survey telescope (tst), teide transient survey telescope, teide"
Y65,"Two-meter Twin Telescope, TTT1","Two-meter Twin Telescope, TTT1",28.29872781,-16.50958000,2412.380,0.88148400,0.47142900,optical,2023-02-07,,https://ttt.iac.es/,"Two-Meter Twin Telescope, TTT1, Teide","Wed, 17 Sep 2025 18:12:06 GMT","y65 two meter twin telescope, ttt1 two meter twin telescope, ttt1 two meter twin telescope, ttt1, teide"
Y66,"Two-meter Twin Telescope, TTT2","Two-meter Twin Telescope, TTT2",28.29872781,-16.50947000,2412.380,0.88148400,0.47142900,optical,2023-01-26,,https://ttt.iac.es/,"Two-Meter Twin Telescope, TTT2, Teide","Wed, 17 Sep 2025 18:12:06 GMT","y66 two meter twin telescope, ttt2 two meter twin telescope, ttt2 two meter twin telescope, ttt2, teide"
Y67,"High Atlas Window to the Kosmos, Oukaimeden","High Atlas Window to the Kosmos,Oukaimeden",31.20594281,-7.86708000,2765.937,0.85645100,0.51533500,optical,2024-06-01,,,,"Wed, 17 Sep 2025 18:12:06 GMT","y67 high atlas window to the kosmos, oukaimeden high atlas window to the kosmos,oukaimeden"
Y68,"Two-meter Twin Telescope, TTT3","Two-meter Twin Telescope, TTT3",28.29893432,-16.50923300,2410.219,0.88148200,0.47143200,optical,2025-02-05,,https://ttt.iac.es,"Two-Meter Twin Telescope, TTT3, Teide","Wed, 17 Sep 2025 18:12:06 GMT","y68 two meter twin telescope, ttt3 two meter twin telescope, ttt3 two meter twin telescope, ttt3, teide"
Y70,"ApolloIV5, Fregenal de la Sierra","ApolloIV5, Fregenal de la Sierra",38.21582014,-6.62762000,580.567,0.78676600,0.61532900,optical,2024-05-10,,,,"Wed, 17 Sep 2025 18:12:06 GMT","y70 apolloiv5, fregenal de la sierra apolloiv5, fregenal de la sierra"
Y71,"Makroskooppi, Fregenal de la Sierra","Makroskooppi, Fregenal de la Sierra",38.21565877,-6.62748900,582.698,0.78676800,0.61532700,optical,2024-11-11,,,,"Wed, 17 Sep 2025 18:12:06 GMT","y71 makroskooppi, fregenal de la sierra makroskooppi, fregenal de la sierra"
Y75,"Abraham Zacut, Salamanca","Abraham Zacut, Salamanca",38.26229723,-5.41872000,659.225,0.78627500,0.61597200,optical,2024-05-11,,,,"Wed, 17 Sep 2025 18:12:06 GMT","y75 abraham zacut, salamanca abraham zacut, salamanca"
Y76,"Observatorio NovaCanet, Canet de Berenguer","Observatorio NovaCanet, Canet de Berenguer",39.68638419,-0.20811000,83.813,0.77061400,0.63518600,optical,2024-12-14,,https://www.zonalunar.com,,"Wed, 17 Sep 2025 18:12:06 GMT","y76 observatorio novacanet, canet de berenguer observatorio novacanet, canet de berenguer"
Y77,"Cotos de Monterrey, Venturada","Cotos de Monterrey, Venturada",40.78962287,-3.61142000,975.062,0.75831300,0.64993900,optical,2024-08-18,,,,"Wed, 17 Sep 2025 18:12:06 GMT","y77 cotos de monterrey, venturada cotos de monterrey, venturada"
Y78,Tros Alt,Tros Alt,39.40088580,-0.53383000,198.511,0.77379200,0.63136500,optical,2024-08-09,,,,"Wed, 17 Sep 2025 18:12:06 GMT",y78 tros alt tros alt
Y79,"Observatoire de la grande vallee, Etriac",Observatoire de la grande vallee,45.51717887,-0.00730000,170.311,0.70191100,0.70991400,optical,2024-09-15,,,,"Wed, 17 Sep 2025 18:12:06 GMT","y79 observatoire de la grande vallee, etriac observatoire de la grande vallee"
Y80,"Brenehuen, Grand-Champ","Brenehuen, Grand-Champ",47.73879173,-2.83358000,123.793,0.67376100,0.73649800,optical,2024-07-23,,,,"Wed, 17 Sep 2025 18:12:06 GMT","y80 brenehuen, grand champ brenehuen, grand champ"
Y81,"Forthimage, Edinburgh","Forthimage, Edinburgh",55.91332265,-3.42670000,141.377,0.56175000,0.82456000,optical,2024-03-30,,,,"Wed, 17 Sep 2025 18:12:06 GMT","y81 forthimage, edinburgh forthimage, edinburgh"
Y82,"LPMR Observatory, Broad Chalke","LPMR Observatory, Broad Chalke",51.02595019,-1.93452000,135.423,0.63025800,0.77381000,optical,2022-02-26,,,,"Wed, 17 Sep 2025 18:12:06 GMT","y82 lpmr observatory, broad chalke lpmr observatory, broad chalke"
Y83,"Observatorio Arcosur, Zaragoza","Observatorio Arcosur, Zaragoza",41.62117301,-0.95239000,341.046,0.74869900,0.66076800,optical,2024-04-10,,,,"Wed, 17 Sep 2025 18:12:06 GMT","y83 observatorio arcosur, zaragoza observatorio arcosur, zaragoza"
Y84,Observatoire de Bretagne,Observatoire de Bretagne,48.37526132,-1.88028000,77.937,0.66550300,0.74390900,optical,2024-03-10,,https://observatoiredebretagne.fr/,Observatoire de Saint Domineuc,"Wed, 26 Nov 2025 17:50:15 GMT",y84 observatoire de bretagne observatoire de bretagne observatoire de saint domineuc
Y85,"Magalofes Observatory, Fene","Magalofes Observatory, Fene",43.45667265,-8.14611000,326.188,0.72708400,0.68432100,optical,2023-06-04,,,,"Wed, 17 Sep 2025 18:12:06 GMT","y85 magalofes observatory, fene magalofes observatory, fene"
Y86,Observatorio de Seron,Observatorio de Seron,37.35181564,-2.51997000,831.614,0.79601000,0.60346900,optical,2022-01-06,,,,"Wed, 17 Sep 2025 18:12:06 GMT",y86 observatorio de seron observatorio de seron
Y87,"Trevinca Skies-Amalthea, Trevinca","Trevinca Skies-Amalthea, Trevinca",42.22200230,-6.98806000,1313.292,0.74182100,0.66865600,optical,2024-02-16,,,,"Wed, 17 Sep 2025 18:12:06 GMT","y87 trevinca skies amalthea, trevinca trevinca skies amalthea, trevinca"
Y88,"ASERO, Valdin","ASERO, Valdin",42.22220700,-6.98806000,1316.704,0.74181900,0.66865900,optical,2023-10-08,,,,"Wed, 17 Sep 2025 18:12:06 GMT","y88 asero, valdin asero, valdin"
Y89,"Proxima Centauri Observatory, Valdin","Proxima Centauri Observatory, Valdin",42.22244318,-6.98811000,1392.192,0.74182500,0.66867000,optical,2023-04-11,,,,"Wed, 17 Sep 2025 18:12:06 GMT","y89 proxima centauri observatory, valdin proxima centauri observatory, valdin"
Y90,"Observatorio ESTELIA, Ladines","Observatorio ESTELIA, Ladines",43.20348724,-5.44470000,672.559,0.73015000,0.68115000,optical,,,,,"Wed, 17 Sep 2025 18:12:06 GMT","y90 observatorio estelia, ladines observatorio estelia, ladines"
Y91,"Ras Algethi, Ronda","Ras Algethi, Ronda",36.73210120,-5.16650000,756.438,0.80249700,0.59485400,optical,2022-11-12,,,,"Wed, 17 Sep 2025 18:12:06 GMT","y91 ras algethi, ronda ras algethi, ronda"
Y92,"JD Cassini, Piconcillo","JD Cassini, Piconcillo",38.17715406,-5.46518000,579.417,0.78718200,0.61480000,optical,2023-07-20,,,,"Wed, 17 Sep 2025 18:12:06 GMT","y92 jd cassini, piconcillo jd cassini, piconcillo"
Y93,"Observatorio Azahar, Valoria la Buena","Observatorio Azahar, Valoria la Buena",41.79806155,-4.56678000,765.452,0.74669900,0.66311200,optical,2023-02-11,,,,"Wed, 17 Sep 2025 18:12:06 GMT","y93 observatorio azahar, valoria la buena observatorio azahar, valoria la buena"
Y94,"LCB Lugueros observatory, Valdelugueros","LCB Lugueros observatory, Valdelugueros",42.98362129,-5.41429000,1251.072,0.73283300,0.67841500,optical,2023-09-13,,,,"Wed, 17 Sep 2025 18:12:06 GMT","y94 lcb lugueros observatory, valdelugueros lcb lugueros observatory, valdelugueros"
Y95,Pradillos Ferez,Pradillos Ferez,38.34845034,-2.00136000,744.496,0.78535600,0.61715700,optical,2023-07-29,,,,"Wed, 17 Sep 2025 18:12:06 GMT",y95 pradillos ferez pradillos ferez
Y96,Observatorio de Vega del Codorno,Observatorio de Vega del Codorno,40.41728661,-1.91068000,1589.904,0.76260600,0.64507900,optical,2024-02-17,,,,"Wed, 17 Sep 2025 18:12:06 GMT",y96 observatorio de vega del codorno observatorio de vega del codorno
Y97,"Bommes Observatory, Bommes","Bommes Observatory, Bommes",44.55002504,-0.35697000,62.147,0.71382200,0.69799300,optical,2021-09-30,,,,"Wed, 17 Sep 2025 18:12:06 GMT","y97 bommes observatory, bommes bommes observatory, bommes"
Y98,"Southside Observatory, Steeple Aston","Southside Observatory, Steeple Aston",51.92784730,-1.31308000,170.664,0.61795300,0.78361300,optical,2023-01-20,,,,"Wed, 17 Sep 2025 18:12:06 GMT","y98 southside observatory, steeple aston southside observatory, steeple aston"
Y99,Observatorio del Lucero del Alba,Observatorio del Lucero del Alba,41.64202205,-0.92701000,308.658,0.74845400,0.66103600,optical,2023-12-02,,,,"Wed, 17 Sep 2025 18:12:06 GMT",y99 observatorio del lucero del alba observatorio del lucero del alba
Z00,"BOOTES-1, Mazagon","BOOTES-1, Mazagon",37.10408170,-6.73414000,109.977,0.79852800,0.59996800,optical,,,,,"Wed, 17 Sep 2025 18:12:06 GMT","z00 bootes 1, mazagon bootes 1, mazagon"
Z01,"OWL-Net, Oukaïmeden","OWL-Net, Oukaimeden",31.20605773,-7.86679000,2855.687,0.85646200,0.51534400,optical,,,,,"Wed, 17 Sep 2025 18:12:06 GMT","z01 owl net, oukaimeden owl net, oukaimeden"
Z02,"HAO observatory, Oukaïmeden","HAO observatory, Oukaimeden",31.20616933,-7.86669000,2773.700,0.85645000,0.51533900,optical,2021-08-15,,,,"Wed, 17 Sep 2025 18:12:06 GMT","z02 hao observatory, oukaimeden hao observatory, oukaimeden"
Z03,"Rio Cofio, Robledo de Chavela","Rio Cofio, Robledo de Chavela",40.52369296,-4.26654000,974.887,0.76133000,0.64642600,optical,2021-03-17,,,,"Wed, 17 Sep 2025 18:12:06 GMT","z03 rio cofio, robledo de chavela rio cofio, robledo de chavela"
Z04,"MAO, Ain Laqsab","MAO, Ain Laqsab",33.60139092,-7.01797000,352.585,0.83380900,0.55030200,optical,2022-01-08,,,,"Wed, 17 Sep 2025 18:12:06 GMT","z04 mao, ain laqsab mao, ain laqsab"
Z05,"Observatorio Horus, Cartama","Observatorio Horus, Cartama",36.71051211,-4.63611000,138.868,0.80264400,0.59449500,optical,2021-03-10,,,,"Wed, 17 Sep 2025 18:12:06 GMT","z05 observatorio horus, cartama observatorio horus, cartama"
Z06,"Marina Sky, Nerpio","Marina Sky, Nerpio",38.16559020,-2.32676000,1655.229,0.78743900,0.61474600,optical,2021-01-12,,,,"Wed, 17 Sep 2025 18:12:06 GMT","z06 marina sky, nerpio marina sky, nerpio"
Z07,"Ad Astra Sangos Observatory, Alhendin","Ad Astra Sangos Observatory, Alhendin",37.11128582,-3.63950000,786.832,0.79853700,0.60013200,optical,2020-11-01,,,,"Wed, 17 Sep 2025 18:12:06 GMT","z07 ad astra sangos observatory, alhendin ad astra sangos observatory, alhendin"
Z08,"Telescope Live, Oria","Telescope Live, Oria",37.50103481,-2.40861000,1195.342,0.79447700,0.60556600,optical,2020-08-15,,https://telescope.live/,,"Wed, 17 Sep 2025 18:12:06 GMT","z08 telescope live, oria telescope live, oria"
Z09,"Old Orchard Observatory, Fiddington","Old Orchard Observatory, Fiddington",51.15962607,-3.12140000,99.098,0.62844000,0.77527000,optical,2020-06-24,,,,"Wed, 17 Sep 2025 18:12:06 GMT","z09 old orchard observatory, fiddington old orchard observatory, fiddington"
Z10,"PGC, Fregenal de la Sierra","PGC, Fregenal de la Sierra",38.21582014,-6.62765000,580.567,0.78676600,0.61532900,optical,2020-05-22,,,,"Wed, 17 Sep 2025 18:12:06 GMT","z10 pgc, fregenal de la sierra pgc, fregenal de la sierra"
Z11,"Appledorne Observatory, Farnsfield","Appledorne Observatory, Farnsfield",53.10610109,-1.03331000,112.183,0.60163500,0.79611500,optical,2020-04-15,,,,"Wed, 27 May 2026 15:46:21 GMT","z11 appledorne observatory, farnsfield appledorne observatory, farnsfield"
Z12,"La Romaneta, Monovar","La Romaneta, Monovar",38.38414176,-0.90390000,497.085,0.78494000,0.61762000,optical,2019-11-27,,,,"Wed, 17 Sep 2025 18:12:06 GMT","z12 la romaneta, monovar la romaneta, monovar"
Z13,"Observatorio AGP GUAM 4, Málaga","Observatorio AGP GUAM 4, Malaga",36.72263859,-4.45481000,116.133,0.80251500,0.59466200,optical,2020-05-03,,,,"Wed, 17 Sep 2025 18:12:06 GMT","z13 observatorio agp guam 4, malaga observatorio agp guam 4, malaga"
Z14,"ART, Fregenal de la Sierra","ART, Fregenal de la Sierra",38.21584219,-6.62774000,639.320,0.78677300,0.61533500,optical,,,,,"Wed, 17 Sep 2025 18:12:06 GMT","z14 art, fregenal de la sierra art, fregenal de la sierra"
Z15,Southwater,Southwater,51.01865936,-0.34669000,86.133,0.63035200,0.77372400,optical,2018-04-18,,,,"Wed, 17 Sep 2025 18:12:06 GMT",z15 southwater southwater
Z16,Asociacion Astronomica de Cartagena,Asociacion Astronomica de Cartagena,37.61231984,-1.04808000,145.514,0.79316600,0.60700100,optical,2019-11-07,,,,"Wed, 17 Sep 2025 18:12:06 GMT",z16 asociacion astronomica de cartagena asociacion astronomica de cartagena
Z17,Tenerife-LCO Aqawan A #2,Tenerife-LCO Aqawan A #2,28.30031366,-16.51173000,2449.095,0.88147600,0.47145600,optical,2017-07-07,,,,"Tue, 26 May 2026 20:34:56 GMT",z17 tenerife lco aqawan a #2 tenerife lco aqawan a #2
Z18,"Gran Telescopio Canarias, Roque de los Muchachos","Gran Telescopio Canarias, Roque de los Muchachos",28.75658781,-17.89189000,2325.277,0.87767100,0.47841500,optical,2016-11-21,,,,"Wed, 17 Sep 2025 18:08:56 GMT","z18 gran telescopio canarias, roque de los muchachos gran telescopio canarias, roque de los muchachos"
Z19,La Palma-TNG,La Palma-TNG,28.75399244,-17.88906000,2385.634,0.87770100,0.47838000,optical,2016-01-18,,,,"Wed, 17 Sep 2025 18:08:56 GMT",z19 la palma tng la palma tng
Z20,La Palma-MERCATOR,La Palma-MERCATOR,28.76200921,-17.87830000,2356.872,0.87763000,0.47850000,optical,2013-02-28,,http://www.mercator.iac.es/,,"Wed, 17 Sep 2025 18:08:56 GMT",z20 la palma mercator la palma mercator
Z21,Tenerife-LCO Aqawan A #1,Tenerife-LCO Aqawan A #1,28.30029028,-16.51170000,2440.455,0.88147500,0.47145500,optical,2015-07-11,,,,"Tue, 26 May 2026 20:34:56 GMT",z21 tenerife lco aqawan a #1 tenerife lco aqawan a #1
Z22,"MASTER-IAC Observatory, Tenerife","MASTER-IAC Observatory, Tenerife",28.29888756,-16.51060000,2392.940,0.88148000,0.47143000,optical,2015-07-24,,,,"Wed, 17 Sep 2025 18:12:06 GMT","z22 master iac observatory, tenerife master iac observatory, tenerife"
Z23,"Nordic Optical Telescope, La Palma","Nordic Optical Telescope, La Palma",28.75727417,-17.88508000,2425.242,0.87767900,0.47843300,optical,2020-02-28,,,"Nordic Optical Telescope,     La Palma","Wed, 17 Sep 2025 18:08:56 GMT","z23 nordic optical telescope, la palma nordic optical telescope, la palma nordic optical telescope, la palma"
Z24,"Tenerife Observatory-LCO B, Tenerife","Tenerife Observatory-LCO B, Tenerife",28.30054354,-16.51152000,2455.574,0.88147500,0.47146000,optical,2021-07-02,,,,"Tue, 26 May 2026 20:34:56 GMT","z24 tenerife observatory lco b, tenerife tenerife observatory lco b, tenerife"
Z25,"Artemis Observatory, Teide","Artemis Observatory, Teide",28.30000973,-16.50969000,2430.952,0.88147600,0.47145000,optical,2019-09-20,,,,"Wed, 17 Sep 2025 18:12:06 GMT","z25 artemis observatory, teide artemis observatory, teide"
Z26,"Observatorio Astronomico Arcangel, Las Zocas","Observatorio Astronomico Arcangel, Las Zocas",28.07822341,-16.61031000,355.654,0.88301000,0.46789900,optical,2015-06-01,,,,"Wed, 17 Sep 2025 18:12:06 GMT","z26 observatorio astronomico arcangel, las zocas observatorio astronomico arcangel, las zocas"
Z27,"Observatorio Coralito, La Laguna","Observatorio Coralito, La Laguna",28.47248864,-16.30020000,322.029,0.87976000,0.47393000,optical,2014-07-15,,,,"Wed, 17 Sep 2025 18:12:06 GMT","z27 observatorio coralito, la laguna observatorio coralito, la laguna"
Z28,"Northern Skygems Observatory, Nerpio","Northern Skygems Observatory, Nerpio",38.16571603,-2.32669000,1658.097,0.78743800,0.61474800,optical,2021-09-19,,,,"Wed, 17 Sep 2025 18:08:56 GMT","z28 northern skygems observatory, nerpio northern skygems observatory, nerpio"
Z29,Observatorio Astronomico Sobradillo,Observatorio Astronomico Sobradillo,41.37222097,-5.88056000,872.676,0.75163400,0.65757600,optical,2019-02-26,,,,"Wed, 17 Sep 2025 18:12:06 GMT",z29 observatorio astronomico sobradillo observatorio astronomico sobradillo
Z30,"Glyn Marsh Observatory, Douglas","Glyn Marsh Observatory, Douglas",54.17840819,-4.47500000,168.722,0.58657100,0.80721500,optical,2019-06-27,,,,"Wed, 17 Sep 2025 18:12:06 GMT","z30 glyn marsh observatory, douglas glyn marsh observatory, douglas"
Z31,"Tenerife Observatory-LCO A, Tenerife","Tenerife Observatory-LCO A, Tenerife",28.30041886,-16.51165000,2440.887,0.88147400,0.47145700,optical,2021-07-20,,,,"Tue, 26 May 2026 20:34:56 GMT","z31 tenerife observatory lco a, tenerife tenerife observatory lco a, tenerife"
Z32,"Observatorio Astrofisico de Javalambre, Arcos de las Salinas",Observatorio Astrofisico de Javalambre,40.04184041,-1.01628000,2010.587,0.76687900,0.64013000,optical,2019-03-12,,,,"Wed, 17 Sep 2025 18:12:06 GMT","z32 observatorio astrofisico de javalambre, arcos de las salinas observatorio astrofisico de javalambre"
Z33,"6ROADS Observatory 2, Nerpio","6ROADS Observatory 2, Nerpio",38.16571603,-2.32669000,1658.097,0.78743800,0.61474800,optical,2017-10-29,,,,"Tue, 26 May 2026 20:34:56 GMT","z33 6roads observatory 2, nerpio 6roads observatory 2, nerpio"
Z34,NNHS Drummonds Observatory,NNHS Drummonds Observatory,52.30207977,-0.88767000,168.953,0.61280000,0.78762200,optical,2018-02-21,,,,"Wed, 17 Sep 2025 18:12:06 GMT",z34 nnhs drummonds observatory nnhs drummonds observatory
Z35,OAO University Observatory Station Aras,OAO University Observatory Station Aras,39.94505949,-1.10150000,1326.927,0.76788000,0.63877000,optical,2016-10-22,,,,"Wed, 17 Sep 2025 18:12:06 GMT",z35 oao university observatory station aras oao university observatory station aras
Z36,Cancelada,Cancelada,36.46106376,-5.05447000,84.786,0.80522400,0.59100500,optical,2017-07-17,,,,"Wed, 17 Sep 2025 18:12:06 GMT",z36 cancelada cancelada
Z37,"Northolt Branch Observatory 3, Blandford Forum","Northolt Branch Observatory 3, Blandford Forum",50.83904412,-2.19574000,124.002,0.63278800,0.77175400,optical,2017-08-16,,,,"Wed, 17 Sep 2025 18:12:06 GMT","z37 northolt branch observatory 3, blandford forum northolt branch observatory 3, blandford forum"
Z38,"Picoto Observatory, Leiria","Picoto Observatory, Leiria",39.85613749,-8.84706000,70.893,0.76872200,0.63745600,optical,2017-06-30,,,,"Wed, 17 Sep 2025 18:12:06 GMT","z38 picoto observatory, leiria picoto observatory, leiria"
Z39,Observatorio Costa Teguise,Observatorio Costa Teguise,28.99615618,-13.50110000,65.728,0.87535000,0.48189000,optical,2014-07-31,,,,"Wed, 17 Sep 2025 18:12:06 GMT",z39 observatorio costa teguise observatorio costa teguise
Z40,"El Manzanillo Observatory, Puerto de la Torre","El Manzanillo Observatory, Puerto de la Torre",36.73386934,-4.48730000,130.910,0.80240000,0.59482000,optical,2017-05-15,,,,"Wed, 17 Sep 2025 18:12:06 GMT","z40 el manzanillo observatory, puerto de la torre el manzanillo observatory, puerto de la torre"
Z41,"Irydeo Observatory, Camarma de Esteruelas","Irydeo Observatory, Camarma de Esteruelas",40.56111490,-3.37360000,668.988,0.76087000,0.64689000,optical,2017-03-30,,,,"Wed, 17 Sep 2025 18:12:06 GMT","z41 irydeo observatory, camarma de esteruelas irydeo observatory, camarma de esteruelas"
Z42,"Rushay Farm Observatory, Sturminster Newton","Rushay Farm Observatory, Sturminster Newton",50.93443088,-2.33421000,102.773,0.63149500,0.77280100,optical,2017-03-16,,,,"Wed, 17 Sep 2025 18:12:06 GMT","z42 rushay farm observatory, sturminster newton rushay farm observatory, sturminster newton"
Z43,Landehen,Landehen,48.43410160,-2.53784000,137.388,0.66474200,0.74459700,optical,2017-02-20,,,,"Wed, 17 Sep 2025 18:12:06 GMT",z43 landehen landehen
Z44,"Observatorio Terminus, A Coruña","Observatorio Terminus, A Coruna",43.31811409,-8.32752000,159.514,0.72872300,0.68254900,optical,2016-12-13,,,,"Wed, 17 Sep 2025 18:12:06 GMT","z44 observatorio terminus, a coruna observatorio terminus, a coruna"
Z45,"Cosmos Observatory, Marbella","Cosmos Observatory, Marbella",36.51620946,-4.85736000,112.950,0.80465700,0.59177900,optical,2016-11-21,,,,"Wed, 17 Sep 2025 18:12:06 GMT","z45 cosmos observatory, marbella cosmos observatory, marbella"
Z46,Cardiff,Cardiff,51.51402909,-3.19300000,89.811,0.62361200,0.77913100,optical,2016-11-27,,,,"Wed, 17 Sep 2025 18:12:06 GMT",z46 cardiff cardiff
Z47,Runcorn,Runcorn,53.33333442,-2.70750000,119.848,0.59846000,0.79849000,optical,2016-12-09,,,,"Wed, 17 Sep 2025 18:12:06 GMT",z47 runcorn runcorn
Z48,"Northolt Branch Observatory 2, Shepherd's Bush","Northolt Branch Observatory 2, Shepherd\'s Bush",51.50007234,-0.25085000,53.414,0.62379900,0.77897500,optical,2016-12-13,,,,"Wed, 17 Sep 2025 18:12:06 GMT","z48 northolt branch observatory 2, shepherd's bush northolt branch observatory 2, shepherd\'s bush"
Z49,Alston Observatory,Alston Observatory,53.80103846,-2.59369000,112.576,0.59189300,0.80333600,optical,2016-12-05,,,,"Wed, 17 Sep 2025 18:12:06 GMT",z49 alston observatory alston observatory
Z50,Mazariegos,Mazariegos,42.02589144,-4.71569000,804.755,0.74405300,0.66606900,optical,2016-10-24,,,,"Wed, 17 Sep 2025 18:12:06 GMT",z50 mazariegos mazariegos
Z51,"Anunaki Observatory, Rivas Vaciamadrid","Anunaki Observatory, Rivas Vaciamadrid",40.36065081,-3.55140000,626.692,0.76313000,0.64423000,optical,2016-11-14,,,,"Wed, 17 Sep 2025 18:12:06 GMT","z51 anunaki observatory, rivas vaciamadrid anunaki observatory, rivas vaciamadrid"
Z52,"The Studios Observatory, Grantham","The Studios Observatory, Grantham",52.91511564,-0.66101000,136.101,0.60429900,0.79411300,optical,2016-09-20,,,,"Wed, 17 Sep 2025 18:12:06 GMT","z52 the studios observatory, grantham the studios observatory, grantham"
Z53,"TRAPPIST-North, Oukaïmeden","TRAPPIST-North, Oukaimeden",31.20621851,-7.86640000,2777.005,0.85645000,0.51534000,optical,2016-09-02,,,,"Wed, 17 Sep 2025 18:12:06 GMT","z53 trappist north, oukaimeden trappist north, oukaimeden"
Z54,"Greenmoor Observatory, Woodcote","Greenmoor Observatory, Woodcote",51.52879790,-1.07786000,209.560,0.62342200,0.77930600,optical,2016-05-10,,,,"Wed, 17 Sep 2025 18:12:06 GMT","z54 greenmoor observatory, woodcote greenmoor observatory, woodcote"
Z55,"Uraniborg Observatory, Écija","Uraniborg Observatory, Ecija",37.54248021,-5.08500000,168.433,0.79391000,0.60604000,optical,2016-06-23,,,,"Wed, 17 Sep 2025 18:12:06 GMT","z55 uraniborg observatory, ecija uraniborg observatory, ecija"
Z56,Knocknaboola,Knocknaboola,52.08563637,-9.78810000,29.254,0.61577000,0.78529000,optical,2015-02-10,,,,"Wed, 17 Sep 2025 18:12:06 GMT",z56 knocknaboola knocknaboola
Z57,"Observatorio Zuben, Alhaurín de la Torre","Observatorio Zuben, Alhaurin de la Torre",36.65698223,-4.57411000,191.335,0.80320700,0.59375300,optical,2016-06-01,,,,"Wed, 17 Sep 2025 18:12:06 GMT","z57 observatorio zuben, alhaurin de la torre observatorio zuben, alhaurin de la torre"
Z58,ESA TBT Cebreros Observatory,ESA TBT Cebreros Observatory,40.45405343,-4.36932000,770.759,0.76209300,0.64548300,optical,2016-05-24,,,,"Tue, 26 May 2026 20:34:56 GMT",z58 esa tbt cebreros observatory esa tbt cebreros observatory
Z59,Chelford Observatory,Chelford Observatory,53.27390472,-2.28460000,125.330,0.59929200,0.79787100,optical,2016-06-08,,,,"Wed, 17 Sep 2025 18:12:06 GMT",z59 chelford observatory chelford observatory
Z60,Observatorio Zaldibia,Observatorio Zaldibia,43.03883932,-2.14940000,144.514,0.73205000,0.67900000,optical,2016-03-20,,,,"Wed, 17 Sep 2025 18:12:06 GMT",z60 observatorio zaldibia observatorio zaldibia
Z61,"Montecanal Observatory, Zaragoza","Montecanal Observatory, Zaragoza",41.62899846,-0.93600000,217.504,0.74859400,0.66085700,optical,2015-12-08,,,,"Wed, 17 Sep 2025 18:12:06 GMT","z61 montecanal observatory, zaragoza montecanal observatory, zaragoza"
Z62,Observatorio Forcarei,Observatorio Forcarei,42.61058825,-8.37088000,669.920,0.73718100,0.67358500,optical,2013-06-05,,,,"Wed, 17 Sep 2025 18:12:06 GMT",z62 observatorio forcarei observatorio forcarei
Z63,"Skybor Observatory, Borja","Skybor Observatory, Borja",41.83007126,-1.52998000,454.611,0.74629100,0.66349500,optical,2015-12-14,,,,"Wed, 17 Sep 2025 18:12:06 GMT","z63 skybor observatory, borja skybor observatory, borja"
Z64,Observatorio el Miron del Cielo,Observatorio el Miron del Cielo,42.35217092,-7.85760000,144.965,0.74016000,0.67021000,optical,2015-02-11,,,,"Wed, 17 Sep 2025 18:12:06 GMT",z64 observatorio el miron del cielo observatorio el miron del cielo
Z65,Observatorio Astronomico Corgas,Observatorio Astronomico Corgas,42.24933955,-7.82748000,340.360,0.74138800,0.66890600,optical,2013-11-05,,,,"Wed, 17 Sep 2025 18:12:06 GMT",z65 observatorio astronomico corgas observatorio astronomico corgas
Z66,"DeSS Deimos Sky Survey, Niefla Mountain","DeSS Deimos Sky Survey, Niefla Mountain",38.54354464,-4.40844000,1066.096,0.78328400,0.61984800,optical,2015-11-15,,,,"Wed, 17 Sep 2025 18:12:06 GMT","z66 dess deimos sky survey, niefla mountain dess deimos sky survey, niefla mountain"
Z67,Dunboyne Castle Observatory,Dunboyne Castle Observatory,53.41441694,-6.47686000,71.499,0.59732000,0.79932800,optical,2015-10-24,,,,"Wed, 17 Sep 2025 18:12:06 GMT",z67 dunboyne castle observatory dunboyne castle observatory
Z68,"Observatorio Torreáguila, Barbaño","Observatorio Torreaguila, Barbano",38.86866649,-6.59970000,206.740,0.77964000,0.62418000,optical,2014-11-02,,,,"Wed, 17 Sep 2025 18:12:06 GMT","z68 observatorio torreaguila, barbano observatorio torreaguila, barbano"
Z69,Observatorio Mazagon Huelva,Observatorio Mazagon Huelva,37.13146417,-6.81300000,26.175,0.79823000,0.60034000,optical,2013-07-02,,,,"Wed, 17 Sep 2025 18:12:06 GMT",z69 observatorio mazagon huelva observatorio mazagon huelva
Z70,Ponferrada,Ponferrada,42.57501927,-6.64289000,520.055,0.73758300,0.67311300,optical,2014-05-17,,,,"Wed, 17 Sep 2025 18:12:06 GMT",z70 ponferrada ponferrada
Z71,"Observatorio Norba Caesarina, Aldea Moret","Observatorio Norba Caesarina, Aldea Moret",39.45087378,-6.39028000,467.976,0.77327200,0.63206400,optical,2014-06-01,,,,"Wed, 17 Sep 2025 18:12:06 GMT","z71 observatorio norba caesarina, aldea moret observatorio norba caesarina, aldea moret"
Z72,"Cademuir Observatory, Dalkey","Cademuir Observatory, Dalkey",53.27325286,-6.11136000,60.091,0.59929500,0.79785600,optical,2013-09-17,,,,"Wed, 17 Sep 2025 18:12:06 GMT","z72 cademuir observatory, dalkey cademuir observatory, dalkey"
Z73,"Observatorio Nuevos Horizontes, Camas","Observatorio Nuevos Horizontes, Camas",37.40317635,-6.03269000,9.555,0.79536500,0.60410100,optical,2014-04-27,,,,"Wed, 17 Sep 2025 18:12:06 GMT","z73 observatorio nuevos horizontes, camas observatorio nuevos horizontes, camas"
Z74,Amanecer de Arrakis,Amanecer de Arrakis,37.33410474,-5.84380000,53.808,0.79610000,0.60315000,optical,2012-11-20,,,,"Wed, 17 Sep 2025 18:12:06 GMT",z74 amanecer de arrakis amanecer de arrakis
Z75,"Observatorio Sirius, Las Lomas","Observatorio Sirius, Las Lomas",42.59834993,-5.53240000,970.555,0.73736000,0.67346000,optical,2013-11-03,,,,"Wed, 17 Sep 2025 18:12:06 GMT","z75 observatorio sirius, las lomas observatorio sirius, las lomas"
Z76,"Observatorio Carda, Villaviciosa","Observatorio Carda, Villaviciosa",43.48148734,-5.43560000,4.364,0.72675000,0.68460000,optical,2013-12-29,,,,"Wed, 17 Sep 2025 18:12:06 GMT","z76 observatorio carda, villaviciosa observatorio carda, villaviciosa"
Z77,Osuna,Osuna,37.23087677,-5.11042000,245.572,0.79721200,0.60173900,optical,2013-01-10,,,,"Wed, 17 Sep 2025 18:12:06 GMT",z77 osuna osuna
Z78,"Arroyo Observatory, Arroyo Hurtado","Arroyo Observatory, Arroyo Hurtado",38.09686727,-1.67580000,466.495,0.78803100,0.61369000,optical,2015-11-12,,,,"Wed, 17 Sep 2025 18:12:06 GMT","z78 arroyo observatory, arroyo hurtado arroyo observatory, arroyo hurtado"
Z79,Calar Alto TNO Survey,Calar Alto TNO Survey,37.22093227,-2.54673000,2162.396,0.79755600,0.60178300,optical,2015-10-11,,,,"Wed, 17 Sep 2025 18:12:06 GMT",z79 calar alto tno survey calar alto tno survey
Z80,Northolt Branch Observatory,Northolt Branch Observatory,51.55465854,-0.37192000,58.312,0.62305400,0.77956800,optical,2015-09-10,,https://www.facebook.com/NBObservatories/,,"Wed, 17 Sep 2025 18:12:06 GMT",z80 northolt branch observatory northolt branch observatory
Z81,Observatorio Estrella de Mar,Observatorio Estrella de Mar,36.72060286,-4.26760000,66.968,0.80253000,0.59462900,optical,2013-04-09,,,,"Wed, 17 Sep 2025 18:12:06 GMT",z81 observatorio estrella de mar observatorio estrella de mar
Z82,"BOOTES-2 Observatory, Algarrobo","BOOTES-2 Observatory, Algarrobo",36.75924974,-4.04103000,132.501,0.80213600,0.59517400,optical,2018-07-25,,,,"Wed, 17 Sep 2025 18:12:06 GMT","z82 bootes 2 observatory, algarrobo bootes 2 observatory, algarrobo"
Z83,"Chicharronian 3C Observatory, Tres Cantos","Chicharronian 3C Observatory, Tres Cantos",40.61007669,-3.71190000,792.023,0.76033000,0.64755000,optical,2013-03-18,,,,"Wed, 17 Sep 2025 18:12:06 GMT","z83 chicharronian 3c observatory, tres cantos chicharronian 3c observatory, tres cantos"
Z84,Calar Alto-Schmidt,Calar Alto-Schmidt,37.22400616,-2.54816000,2261.446,0.79753600,0.60183500,optical,2015-09-25,,,,"Tue, 26 May 2026 20:34:56 GMT",z84 calar alto schmidt calar alto schmidt
Z85,Observatorio Sierra Contraviesa,Observatorio Sierra Contraviesa,36.87725163,-3.24972000,1347.850,0.80105800,0.59693200,optical,2014-07-17,,,,"Wed, 17 Sep 2025 18:12:06 GMT",z85 observatorio sierra contraviesa observatorio sierra contraviesa
Z86,St. Mellons,St. Mellons,51.52393304,-3.11000000,20.534,0.62347000,0.77923000,optical,2013-02-20,,,,"Wed, 17 Sep 2025 18:12:06 GMT",z86 st. mellons st. mellons
Z87,"Stanley Laver Observatory, Pontesbury","Stanley Laver Observatory, Pontesbury",52.64820969,-2.89790000,110.080,0.60800500,0.79129300,optical,2015-01-25,,,,"Wed, 17 Sep 2025 18:12:06 GMT","z87 stanley laver observatory, pontesbury stanley laver observatory, pontesbury"
Z88,"Fosseway Observatory, Stratton-on-the-Fosse","Fosseway Observatory, Stratton-on-the-Fosse",51.25453345,-2.48990000,204.060,0.62716000,0.77632000,optical,2013-10-30,,,,"Wed, 17 Sep 2025 18:12:06 GMT","z88 fosseway observatory, stratton on the fosse fosseway observatory, stratton on the fosse"
Z89,Macclesfield,Macclesfield,53.26456389,-2.17190000,97.293,0.59942000,0.79777000,optical,2015-03-06,,,,"Wed, 17 Sep 2025 18:12:06 GMT",z89 macclesfield macclesfield
Z90,Albox,Albox,37.40556090,-2.15180000,492.957,0.79540000,0.60418000,optical,2015-01-16,,http://www.alboxclima.com/astronomia/astro.htm,,"Wed, 17 Sep 2025 18:12:06 GMT",z90 albox albox
Z91,Curdridge,Curdridge,50.91648226,-1.25001000,31.560,0.63173100,0.77259500,optical,2015-03-08,,,,"Wed, 17 Sep 2025 18:12:06 GMT",z91 curdridge curdridge
Z92,"Almalex Observatory, Leeds","Almalex Observatory, Leeds",53.83761229,-1.60778000,114.345,0.59137800,0.80371300,optical,2013-05-02,,,,"Wed, 17 Sep 2025 18:12:06 GMT","z92 almalex observatory, leeds almalex observatory, leeds"
Z93,"Observatorio Polop, Alicante","Observatorio Polop, Alicante",38.61729578,-0.14411000,222.012,0.78238000,0.62076900,optical,2015-09-26,,,,"Wed, 17 Sep 2025 18:12:06 GMT","z93 observatorio polop, alicante observatorio polop, alicante"
Z94,Kempshott,Kempshott,51.24728009,-1.14350000,115.668,0.62725000,0.77623000,optical,2014-07-25,,,,"Wed, 17 Sep 2025 18:12:06 GMT",z94 kempshott kempshott
Z95,Astronomia Para Todos Remote Observatory,Astronomia Para Todos Remote Observatory,39.94991378,-1.10910000,1279.264,0.76782000,0.63883000,optical,2013-05-01,,,,"Wed, 17 Sep 2025 18:12:06 GMT",z95 astronomia para todos remote observatory astronomia para todos remote observatory
Z96,Observatorio Cesaraugusto,Observatorio Cesaraugusto,41.69611477,-0.80631000,225.516,0.74781800,0.66173100,optical,2013-04-16,,,,"Wed, 17 Sep 2025 18:12:06 GMT",z96 observatorio cesaraugusto observatorio cesaraugusto
Z97,"OPERA Observatory, Saint Palais","OPERA Observatory, Saint Palais",45.30207110,-0.58353000,58.018,0.70456800,0.70727000,optical,2013-09-07,,,,"Wed, 17 Sep 2025 18:12:06 GMT","z97 opera observatory, saint palais opera observatory, saint palais"
Z98,"Observatorio TRZ, Bétera","Observatorio TRZ, Betera",39.60146204,-0.47840000,107.148,0.77156000,0.63405000,optical,2014-05-06,,,,"Wed, 17 Sep 2025 18:12:06 GMT","z98 observatorio trz, betera observatorio trz, betera"
Z99,"Clixby Observatory, Cleethorpes","Clixby Observatory, Cleethorpes",53.54605912,-0.02126000,7.956,0.59546800,0.80068700,optical,2014-03-16,,,,"Wed, 17 Sep 2025 18:12:06 GMT","z99 clixby observatory, cleethorpes clixby observatory, cleethorpes"
