object_id,curiosity_text,source_label,source_url,verified
"sun","Il Sole non ruota come un corpo rigido: essendo plasma, completa una rotazione in circa 25 giorni terrestri all'equatore e in circa 36 giorni ai poli. Per questo la durata del suo giorno dipende dalla latitudine osservata.","NASA Science","https://science.nasa.gov/sun/facts/",1
"moon","La Luna mostra sempre quasi la stessa faccia perché rotazione e rivoluzione hanno la stessa durata. La faccia nascosta rimase sconosciuta fino al 1959, quando la sonda sovietica Luna 3 ne trasmise le prime immagini.","NASA Solar System","https://science.nasa.gov/moon/facts/",1
"mercury","Su Mercurio un giorno solare dura 176 giorni terrestri, il doppio del suo anno. È l'effetto della risonanza 3:2: il pianeta compie tre rotazioni ogni due orbite attorno al Sole.","NASA Solar System","https://science.nasa.gov/mercury/facts/",1
"venus","Venere ruota in senso opposto rispetto alla maggior parte dei pianeti e impiega più tempo a girare su se stessa che a completare un'orbita. Sul pianeta, quindi, il giorno siderale è più lungo dell'anno.","NASA Solar System","https://science.nasa.gov/venus/venus-facts/",1
"mars","Olympus Mons, su Marte, è il vulcano più grande del Sistema Solare: la sua base occuperebbe una regione paragonabile alla Polonia e la sommità supera di oltre due volte l'Everest sul livello medio marziano.","NASA Solar System","https://science.nasa.gov/mars/facts/",1
"jupiter","Giove ha il giorno più breve fra i pianeti, meno di dieci ore. La rotazione rapidissima schiaccia il globo ai poli e trascina sistemi nuvolosi come la Grande Macchia Rossa, una tempesta osservata da secoli.","NASA Solar System","https://science.nasa.gov/jupiter/facts/",1
"saturn","La densità media di Saturno è inferiore a quella dell'acqua. I suoi anelli, pur estendendosi per centinaia di migliaia di chilometri, sono composti soprattutto da innumerevoli frammenti di ghiaccio e hanno uno spessore sorprendentemente ridotto.","NASA Solar System","https://science.nasa.gov/saturn/facts/",1
"uranus","Urano ruota quasi coricato sul piano orbitale, con un'inclinazione assiale di circa 98 gradi. Durante il suo anno di 84 anni terrestri, ciascun polo può restare illuminato o al buio per circa 21 anni.","NASA Solar System","https://science.nasa.gov/uranus/facts/",1
"neptune","Nettuno fu individuato nel 1846 dopo essere stato previsto matematicamente dalle perturbazioni dell'orbita di Urano. Nonostante riceva poca energia solare, nella sua atmosfera soffiano i venti più veloci del Sistema Solare.","NASA Solar System","https://science.nasa.gov/neptune/neptune-facts/",1
"messier-M1","Nel cuore della Nebulosa del Granchio resta una stella di neutroni larga quanto una città. Ruota circa trenta volte al secondo e alimenta il bagliore della nebulosa con un vento di particelle relativistiche.","NASA Hubble","https://science.nasa.gov/mission/hubble/science/explore-the-night-sky/hubble-messier-catalog/messier-1/",1
"messier-M2","M2 raccoglie circa 150.000 stelle in una sfera antichissima, formata approssimativamente 13 miliardi di anni fa. Le sue stelle più dense occupano un volume che, su scala galattica, è estremamente compatto.","NASA Hubble","https://science.nasa.gov/mission/hubble/science/explore-the-night-sky/hubble-messier-catalog/messier-2/",1
"messier-M3","In M3 sono state catalogate più di 270 stelle variabili, un numero eccezionale per un ammasso globulare. Molte sono RR Lyrae, candele standard decisive per misurare distanze all'interno della Via Lattea.","NASA Hubble","https://science.nasa.gov/mission/hubble/science/explore-the-night-sky/hubble-messier-catalog/messier-3/",1
"messier-M4","M4 ospita il sistema PSR B1620-26, dove una pulsar e una nana bianca sono orbitate da un pianeta soprannominato Matusalemme. La sua età stimata, oltre 12 miliardi di anni, lo rende uno dei pianeti più antichi conosciuti.","NASA Hubble","https://science.nasa.gov/mission/hubble/science/explore-the-night-sky/hubble-messier-catalog/messier-4/",1
"messier-M5","Le stelle di M5 si formarono oltre 12 miliardi di anni fa, ma l'ammasso contiene anche stelle blu apparentemente più giovani. Sono blue straggler, ringiovanite da fusioni o trasferimenti di materia tra compagne.","NASA Hubble","https://science.nasa.gov/mission/hubble/science/explore-the-night-sky/hubble-messier-catalog/messier-5/",1
"messier-M6","La sagoma di M6 ricorda una farfalla, ma il suo contrasto cromatico più notevole è BM Scorpii: una gigante arancione che spicca fra le stelle azzurre e più giovani dell'ammasso.","Wikipedia","https://en.wikipedia.org/wiki/Butterfly_Cluster",1
"messier-M7","M7 era già descritto da Tolomeo nel II secolo come una nebulosità presso il pungiglione dello Scorpione. È l'oggetto Messier più meridionale e uno dei pochi con una testimonianza osservativa tanto antica.","NASA Hubble","https://science.nasa.gov/mission/hubble/science/explore-the-night-sky/hubble-messier-catalog/messier-7/",1
"messier-M8","Dentro la Laguna, la regione chiamata Nebulosa Clessidra è scolpita soprattutto dalla giovane stella massiccia Herschel 36. Radiazione e venti stellari stanno erodendo le nubi dalle quali continuano a nascere nuove stelle.","NASA Hubble","https://science.nasa.gov/mission/hubble/science/explore-the-night-sky/hubble-messier-catalog/messier-8/",1
"messier-M9","M9 si trova insolitamente vicino al centro galattico. La gravità della Via Lattea ne ha deformato la forma, rendendolo meno sferico di molti altri globulari osservati nelle regioni esterne dell'alone.","NASA Hubble","https://science.nasa.gov/mission/hubble/science/explore-the-night-sky/hubble-messier-catalog/messier-9/",1
"messier-M10","M10 contiene numerose blue straggler, stelle che appaiono troppo calde e luminose per l'età dell'ammasso. Collisioni e scambi di materia in sistemi binari possono averne riacceso l'evoluzione.","NASA Hubble","https://science.nasa.gov/mission/hubble/science/explore-the-night-sky/hubble-messier-catalog/messier-10/",1
"messier-M11","Il nome Ammasso dell'Anatra Selvatica nasce da una disposizione a V delle stelle più brillanti, descritta nell'Ottocento. Dietro quella sagoma, M11 è uno degli ammassi aperti più ricchi e compatti conosciuti.","NASA Hubble","https://science.nasa.gov/mission/hubble/science/explore-the-night-sky/hubble-messier-catalog/messier-11/",1
"messier-M12","M12 sembra aver perso moltissime stelle di piccola massa. Durante i ripetuti passaggi nel disco della Via Lattea, le maree galattiche avrebbero strappato dall'ammasso fino a circa un milione di stelle di piccola massa.","NASA Hubble","https://science.nasa.gov/mission/hubble/science/explore-the-night-sky/hubble-messier-catalog/messier-12/",1
"messier-M13","Nel 1974 il radiotelescopio di Arecibo inviò verso M13 un messaggio codificato sulla vita terrestre. Quando il segnale raggiungerà la zona dell'ammasso, fra circa 25.000 anni, M13 si sarà già spostato lungo la propria orbita.","NASA Hubble","https://science.nasa.gov/mission/hubble/science/explore-the-night-sky/hubble-messier-catalog/messier-13/",1
"messier-M14","Nel 1938 una nova esplose in M14, ma nessuno la segnalò in diretta. Fu riconosciuta soltanto nel 1964, confrontando lastre fotografiche d'archivio scattate decenni prima.","NASA Hubble","https://science.nasa.gov/mission/hubble/science/explore-the-night-sky/hubble-messier-catalog/messier-14/",1
"messier-M15","M15 contiene Pease 1, la prima nebulosa planetaria identificata dentro un ammasso globulare. È un reperto rarissimo perché questa fase stellare dura poco rispetto all'età plurimiliardaria del sistema.","NASA Hubble","https://science.nasa.gov/mission/hubble/science/explore-the-night-sky/hubble-messier-catalog/messier-15/",1
"messier-M16","Le Colonne della Creazione sono torri di gas e polvere dentro M16, lunghe diversi anni luce. Le immagini Hubble del 1995 le hanno rese iconiche, ma le colonne sono anche incubatrici sottoposte all'erosione delle stelle appena nate.","NASA Hubble","https://science.nasa.gov/mission/hubble/science/explore-the-night-sky/hubble-messier-catalog/messier-16/",1
"messier-M17","La parte luminosa di M17 è solo una piccola porzione di una nube molecolare molto più estesa. Il giovane ammasso nascosto al suo interno illumina e scava il gas, creando la sagoma del Cigno visibile dalla Terra.","NASA Hubble","https://science.nasa.gov/mission/hubble/science/explore-the-night-sky/hubble-messier-catalog/messier-17/",1
"messier-M18","M18 è un ammasso molto giovane, nato circa 30 milioni di anni fa. Le sue poche decine di stelle mostrano quanto rapidamente un ammasso aperto possa disperdersi sotto l'azione della Galassia e degli incontri gravitazionali.","Wikipedia","https://en.wikipedia.org/wiki/Messier_18",1
"messier-M19","M19 è il globulare più appiattito del catalogo Messier. Parte dell'effetto potrebbe dipendere dalla polvere interstellare, ma anche le forti maree del centro galattico vicino contribuiscono alla sua forma insolita.","NASA Hubble","https://science.nasa.gov/mission/hubble/science/explore-the-night-sky/hubble-messier-catalog/messier-19/",1
"messier-M20","M20 riunisce nello stesso campo una nebulosa a emissione rossa, una regione a riflessione azzurra e corsie di polvere scura. Le tre bande che ne sezionano il centro ispirarono a John Herschel il nome Trifida.","NASA Hubble","https://science.nasa.gov/mission/hubble/science/explore-the-night-sky/hubble-messier-catalog/messier-20/",1
"messier-M21","Le stelle di M21 hanno appena circa 4,6 milioni di anni: su scala astronomica l'ammasso è quasi neonato. Non contiene ancora giganti rosse, perché nessuna delle sue stelle ha avuto il tempo di raggiungere quella fase.","Wikipedia","https://en.wikipedia.org/wiki/Messier_21",1
"messier-M22","M22 fu riconosciuto da Abraham Ihle nel 1665 ed è il primo ammasso globulare scoperto. Molto più tardi si è scoperto che racchiude anche una rara nebulosa planetaria e indizi di più generazioni stellari.","NASA Hubble","https://science.nasa.gov/mission/hubble/science/explore-the-night-sky/hubble-messier-catalog/messier-22/",1
"messier-M23","M23 comprende circa 150 stelle distribuite su un'area più larga della Luna piena. La polvere davanti all'ammasso attenua e arrossa la sua luce, modificando i colori che arrivano fino a noi.","Wikipedia","https://en.wikipedia.org/wiki/Messier_23",1
"messier-M24","M24 non è un vero ammasso: è una finestra relativamente libera nella polvere galattica. Attraverso questo varco si osserva un tratto profondo del braccio del Sagittario, affollato da migliaia di stelle sovrapposte.","NASA Hubble","https://science.nasa.gov/mission/hubble/science/explore-the-night-sky/hubble-messier-catalog/messier-24/",1
"messier-M25","M25 ospita U Sagittarii, una variabile Cefeide il cui ritmo di pulsazione rivela la luminosità reale. Stelle come questa hanno permesso di costruire la scala delle distanze cosmiche.","Wikipedia","https://en.wikipedia.org/wiki/Messier_25",1
"messier-M26","Il centro di M26 appare stranamente povero di stelle. Non è necessariamente vuoto: una nube di polvere interstellare fra noi e l'ammasso potrebbe nasconderne proprio la regione centrale.","Wikipedia","https://en.wikipedia.org/wiki/Messier_26",1
"messier-M27","Scoperta da Messier nel 1764, M27 fu la prima nebulosa planetaria mai identificata. Il nome non ha a che fare con i pianeti: descrive l'aspetto tondeggiante che questi gusci stellari mostravano nei primi telescopi.","NASA Hubble","https://science.nasa.gov/mission/hubble/science/explore-the-night-sky/hubble-messier-catalog/messier-27/",1
"messier-M28","Nel 1987 M28 divenne il primo ammasso globulare in cui fu scoperta una pulsar al millisecondo. La stella di neutroni ruota centinaia di volte al secondo, accelerata in passato dal trasferimento di materia di una compagna.","NASA Hubble","https://science.nasa.gov/mission/hubble/science/explore-the-night-sky/hubble-messier-catalog/messier-28/",1
"messier-M29","La polvere del Cigno oscura M29 in modo così irregolare che distanza ed età sono rimaste a lungo incerte. Senza quell'assorbimento, diverse sue stelle apparirebbero molte volte più luminose.","Wikipedia","https://en.wikipedia.org/wiki/Messier_29",1
"messier-M30","In M30 esistono due sequenze distinte di blue straggler. Una sembra prodotta da collisioni stellari durante il collasso del nucleo, l'altra dal trasferimento di materia in sistemi binari.","NASA Hubble","https://science.nasa.gov/mission/hubble/science/explore-the-night-sky/hubble-messier-catalog/messier-30/",1
"messier-M31","La prima descrizione nota di M31 risale al Libro delle stelle fisse di al-Sufi, nel 964, dove compare come una piccola nube. È la testimonianza scritta più antica di una galassia esterna alla Via Lattea.","NASA Hubble","https://science.nasa.gov/mission/hubble/science/explore-the-night-sky/hubble-messier-catalog/messier-31/",1
"messier-M32","M32 potrebbe essere il nucleo sopravvissuto di una galassia un tempo più grande. Gli incontri ravvicinati con Andromeda avrebbero strappato gran parte delle sue stelle esterne, lasciando un sistema insolitamente compatto.","NASA Hubble","https://science.nasa.gov/mission/hubble/science/explore-the-night-sky/hubble-messier-catalog/messier-32/",1
"messier-M33","NGC 604, in un braccio di M33, è una delle più grandi regioni di formazione stellare del Gruppo Locale. È circa cento volte più estesa della Nebulosa di Orione e contiene centinaia di stelle massicce giovani.","NASA Hubble","https://science.nasa.gov/mission/hubble/science/explore-the-night-sky/hubble-messier-catalog/messier-33/",1
"messier-M34","M34 fu probabilmente osservato da Giovanni Battista Hodierna prima del 1654, oltre un secolo prima dell'inserimento nel catalogo di Messier. È uno dei numerosi casi in cui scoperte precoci furono riscoperte indipendentemente.","Wikipedia","https://en.wikipedia.org/wiki/Messier_34",1
"messier-M35","Nello stesso campo di M35 si trova NGC 2158, molto più lontano e circa dieci volte più vecchio. Il confronto mostra subito come distanza ed evoluzione cambino densità e colore apparente di due ammassi aperti.","NASA Hubble","https://science.nasa.gov/mission/hubble/science/explore-the-night-sky/hubble-messier-catalog/messier-35/",1
"messier-M36","Fra i tre grandi ammassi aperti dell'Auriga, M36 è il più giovane. Le sue stelle più luminose hanno appena circa 25 milioni di anni e non si sono ancora evolute in giganti rosse numerose.","Wikipedia","https://en.wikipedia.org/wiki/Messier_36",1
"messier-M37","M37 è il più ricco dei tre ammassi Messier dell'Auriga e contiene diverse giganti rosse. La loro presenza segnala un'età maggiore rispetto al vicino M36, dominato da stelle giovani azzurre.","Wikipedia","https://en.wikipedia.org/wiki/Messier_37",1
"messier-M38","Poco distante da M38 appare NGC 1907, più piccolo e compatto. Le misure dei loro moti indicano che i due ammassi stanno attraversando la stessa regione senza essere nati come una coppia legata.","Wikipedia","https://en.wikipedia.org/wiki/Messier_38",1
"messier-M39","M39 è così vicino e disperso che raccoglie soltanto una trentina di membri confermati in un campo molto ampio. La sua forma triangolare emerge meglio a basso ingrandimento che in un telescopio stretto.","Wikipedia","https://en.wikipedia.org/wiki/Messier_39",1
"messier-M40","M40 non è una nebulosa né un ammasso, ma una coppia ottica di stelle non legate. Messier la registrò cercando una nebulosa segnalata da Hevelius che, in quella posizione, probabilmente non esisteva.","Wikipedia","https://en.wikipedia.org/wiki/Winnecke_4",1
"messier-M41","M41 potrebbe essere la macchia celeste descritta da Aristotele intorno al 325 a.C. Se l'identificazione è corretta, sarebbe uno degli ammassi stellari con la più antica osservazione documentata.","Wikipedia","https://en.wikipedia.org/wiki/Messier_41",1
"messier-M42","Nel centro di M42 brilla il Trapezio, un gruppo di stelle massicce giovanissime. La loro radiazione ionizza il gas circostante e sta contemporaneamente illuminando ed erodendo la nube che le ha generate.","NASA Hubble","https://science.nasa.gov/mission/hubble/science/explore-the-night-sky/hubble-messier-catalog/messier-42/",1
"messier-M43","M43 fa fisicamente parte della grande nube di Orione, ma una fascia di polvere la separa visivamente da M42. La stella NU Orionis illumina questa porzione come un centro autonomo.","NASA Hubble","https://science.nasa.gov/mission/hubble/science/explore-the-night-sky/hubble-messier-catalog/messier-43/",1
"messier-M44","Galileo puntò il cannocchiale verso M44 nel 1609 e risolse la nebulosità a occhio nudo in circa quaranta stelle. Fu una dimostrazione precoce che molte macchie del cielo erano popolazioni stellari.","NASA Hubble","https://science.nasa.gov/mission/hubble/science/explore-the-night-sky/hubble-messier-catalog/messier-44/",1
"messier-M45","In Giappone le Pleiadi sono Subaru, nome adottato anche dalla casa automobilistica e rappresentato nel suo logo. La nebulosità azzurra non è il residuo natale dell'ammasso: è polvere che le stelle stanno attraversando.","NASA Hubble","https://science.nasa.gov/mission/hubble/science/explore-the-night-sky/hubble-messier-catalog/messier-45/",1
"messier-M46","La nebulosa planetaria NGC 2438 sembra immersa in M46, ma è solo un allineamento prospettico: si trova molto più vicina a noi. È un esempio particolarmente convincente di profondità nascosta in un campo bidimensionale.","NASA Hubble","https://science.nasa.gov/mission/hubble/science/explore-the-night-sky/hubble-messier-catalog/messier-46/",1
"messier-M47","M47 fu considerato perduto per oltre un secolo a causa di un errore di segno nelle coordinate pubblicate da Messier. L'ammasso fu riconosciuto nuovamente solo quando si ricostruì il suo percorso di osservazione.","Wikipedia","https://en.wikipedia.org/wiki/Messier_47",1
"messier-M48","Anche M48 divenne un oggetto perduto: una declinazione errata lo spostava di circa cinque gradi. La correzione moderna ha identificato l'ammasso con NGC 2548.","Wikipedia","https://en.wikipedia.org/wiki/Messier_48",1
"messier-M49","M49 fu la prima galassia dell'Ammasso della Vergine scoperta da Messier, nel 1771. È una gigante ellittica con un vasto sistema di ammassi globulari e un buco nero supermassiccio centrale.","NASA Hubble","https://science.nasa.gov/mission/hubble/science/explore-the-night-sky/hubble-messier-catalog/messier-49/",1
"messier-M50","Una gigante rossa molto evidente contrasta con le stelle bianco-azzurre di M50. L'insieme è stato soprannominato Ammasso a Cuore per una sagoma che dipende soprattutto dai membri più luminosi.","Wikipedia","https://en.wikipedia.org/wiki/Messier_50",1
"messier-M51","Nel 1845 Lord Rosse riconobbe in M51 la prima struttura a spirale osservata in una nebulosa. All'epoca non era ancora chiaro che quelle spirali fossero galassie esterne alla Via Lattea.","NASA Hubble","https://science.nasa.gov/mission/hubble/science/explore-the-night-sky/hubble-messier-catalog/messier-51/",1
"messier-M52","M52 si trova sulla stessa linea di vista della Nebulosa Bolla, ma i due oggetti non sono necessariamente vicini nello spazio. La forte estinzione di Cassiopea rende incerta persino la distanza precisa dell'ammasso.","Wikipedia","https://en.wikipedia.org/wiki/Messier_52",1
"messier-M53","M53 è uno dei globulari più lontani dal centro della Via Lattea e ha pochissimi elementi pesanti. La sua composizione conserva quindi una firma chimica delle prime epoche della Galassia.","NASA Hubble","https://science.nasa.gov/mission/hubble/science/explore-the-night-sky/hubble-messier-catalog/messier-53/",1
"messier-M54","M54 non appartiene probabilmente all'alone originario della Via Lattea: risiede nel nucleo della Galassia Nana Ellittica del Sagittario, che la nostra Galassia sta inglobando. È dunque un globulare acquisito in una fusione.","NASA Hubble","https://science.nasa.gov/mission/hubble/science/explore-the-night-sky/hubble-messier-catalog/messier-54/",1
"messier-M55","M55 ha un nucleo poco concentrato, quindi le sue stelle si risolvono più facilmente rispetto a molti globulari. Contiene inoltre decine di variabili, utili per ricostruirne distanza ed evoluzione.","NASA Hubble","https://science.nasa.gov/mission/hubble/science/explore-the-night-sky/hubble-messier-catalog/messier-55/",1
"messier-M56","L'orbita retrograda e la composizione di M56 suggeriscono che possa essere arrivato da una piccola galassia assorbita dalla Via Lattea. Il suo moto conserva la traccia dinamica di quell'antica fusione.","NASA Hubble","https://science.nasa.gov/mission/hubble/science/explore-the-night-sky/hubble-messier-catalog/messier-56/",1
"messier-M57","La Nebulosa Anello non è un semplice anello piatto. Le ricostruzioni tridimensionali descrivono una struttura simile a un barile o a una ciambella, osservata quasi lungo il proprio asse.","NASA Hubble","https://science.nasa.gov/mission/hubble/science/explore-the-night-sky/hubble-messier-catalog/messier-57/",1
"messier-M58","M58 è una delle sole quattro galassie a spirale barrata presenti nel catalogo Messier. Il suo nucleo attivo ospita un buco nero supermassiccio che accresce materia.","NASA Hubble","https://science.nasa.gov/mission/hubble/science/explore-the-night-sky/hubble-messier-catalog/messier-58/",1
"messier-M59","M59 appare ellittica e regolare, ma il suo centro contiene un buco nero di massa enorme rispetto alla galassia. Attorno ad essa orbitano inoltre migliaia di ammassi globulari.","NASA Hubble","https://science.nasa.gov/mission/hubble/science/explore-the-night-sky/hubble-messier-catalog/messier-59/",1
"messier-M60","Accanto a M60 si trova M60-UCD1, una galassia ultracompatta con densità stellare estrema e un buco nero centrale sproporzionato. Potrebbe essere il nucleo spogliato di una galassia più grande.","NASA Hubble","https://science.nasa.gov/mission/hubble/science/explore-the-night-sky/hubble-messier-catalog/messier-60/",1
"messier-M61","M61 è stata teatro di numerose supernovae osservate, più della maggior parte delle galassie Messier. Il suo nucleo attivo e le regioni di formazione stellare indicano un sistema ancora molto dinamico.","NASA Hubble","https://science.nasa.gov/mission/hubble/science/explore-the-night-sky/hubble-messier-catalog/messier-61/",1
"messier-M62","La forma di M62 è visibilmente asimmetrica. La vicinanza al centro galattico sottopone l'ammasso a intense forze mareali, che comprimono e deformano la distribuzione delle sue stelle.","NASA Hubble","https://science.nasa.gov/mission/hubble/science/explore-the-night-sky/hubble-messier-catalog/messier-62/",1
"messier-M63","Una tenue corrente di stelle avvolge M63 per decine di migliaia di anni luce. È il residuo di una galassia nana lacerata e assorbita, una fusione ancora leggibile nella periferia del Girasole.","NASA Hubble","https://science.nasa.gov/mission/hubble/science/explore-the-night-sky/hubble-messier-catalog/messier-63/",1
"messier-M64","In M64 il gas delle regioni esterne ruota in senso opposto al gas e alle stelle interne. Questa contro-rotazione è probabilmente l'eredità di una piccola galassia ricca di gas inglobata in passato.","NASA Hubble","https://science.nasa.gov/mission/hubble/science/explore-the-night-sky/hubble-messier-catalog/messier-64/",1
"messier-M65","M65 forma con M66 e NGC 3628 il Tripletto del Leone. Pur apparendo meno perturbata delle compagne, il suo disco mostra deformazioni compatibili con le reciproche interazioni gravitazionali.","NASA Hubble","https://science.nasa.gov/mission/hubble/science/explore-the-night-sky/hubble-messier-catalog/messier-65/",1
"messier-M66","Un braccio di M66 è vistosamente deformato e il nucleo risulta spostato rispetto alla simmetria del disco. Il vicino passaggio di NGC 3628 ha rimodellato la galassia e innescato nuova formazione stellare.","NASA Hubble","https://science.nasa.gov/mission/hubble/science/explore-the-night-sky/hubble-messier-catalog/messier-66/",1
"messier-M67","M67 ha un'età di circa quattro miliardi di anni e una composizione simile a quella solare. Per questo è un laboratorio privilegiato per confrontare l'evoluzione del Sole con stelle nate quasi nello stesso periodo.","NASA Hubble","https://science.nasa.gov/mission/hubble/science/explore-the-night-sky/hubble-messier-catalog/messier-67/",1
"messier-M68","M68 segue un'orbita molto eccentrica e retrograda rispetto alla rotazione galattica. Questo comportamento, insieme alla bassa metallicità, suggerisce un'origine in un sistema successivamente catturato.","NASA Hubble","https://science.nasa.gov/mission/hubble/science/explore-the-night-sky/hubble-messier-catalog/messier-68/",1
"messier-M69","M69 è fra i globulari più ricchi di elementi pesanti del catalogo Messier. La sua posizione nel rigonfiamento galattico racconta un ambiente di formazione diverso dai globulari poveri di metalli dell'alone.","NASA Hubble","https://science.nasa.gov/mission/hubble/science/explore-the-night-sky/hubble-messier-catalog/messier-69/",1
"messier-M70","Alan Hale e Thomas Bopp scoprirono indipendentemente la cometa Hale-Bopp nel 1995 mentre osservavano la regione vicina a M70. Il globulare divenne così il riferimento casuale di una delle comete più celebri del Novecento.","NASA Hubble","https://science.nasa.gov/mission/hubble/science/explore-the-night-sky/hubble-messier-catalog/messier-70/",1
"messier-M71","Per molto tempo M71 fu classificato ora come ammasso aperto, ora come globulare, perché è poco concentrato e relativamente ricco di metalli. Le misure moderne lo collocano fra i globulari più giovani e insoliti.","NASA Hubble","https://science.nasa.gov/mission/hubble/science/explore-the-night-sky/hubble-messier-catalog/messier-71/",1
"messier-M72","M72 è uno dei globulari più lontani inseriti da Messier. La grande distanza ne comprime l'aspetto in una macchia debole, anche se in realtà contiene una popolazione stellare vasta e molto antica.","NASA Hubble","https://science.nasa.gov/mission/hubble/science/explore-the-night-sky/hubble-messier-catalog/messier-72/",1
"messier-M73","Le quattro stelle di M73 sembrano un piccolo ammasso, ma distanze e moti misurati mostrano che non formano un sistema fisico. È un asterismo nato da un allineamento casuale lungo la linea di vista.","Wikipedia","https://en.wikipedia.org/wiki/Messier_73",1
"messier-M74","M74 è una spirale grand design quasi perfettamente frontale, ma ha una luminosità superficiale molto bassa. Questa combinazione la rende fotogenica e, allo stesso tempo, uno degli oggetti Messier più difficili da vedere.","NASA Hubble","https://science.nasa.gov/mission/hubble/science/explore-the-night-sky/hubble-messier-catalog/messier-74/",1
"messier-M75","M75 possiede uno dei nuclei più concentrati fra i globulari Messier. La luce cresce rapidamente verso il centro, dove la densità di stelle è molto superiore a quella dell'alone esterno.","NASA Hubble","https://science.nasa.gov/mission/hubble/science/explore-the-night-sky/hubble-messier-catalog/messier-75/",1
"messier-M76","M76 ha ricevuto più nomi di quasi ogni altra nebulosa planetaria: Piccola Manubrio, Tappo di Sughero e Farfalla. I due lobi luminosi sono le pareti di una struttura espulsa da una stella morente.","NASA Hubble","https://science.nasa.gov/mission/hubble/science/explore-the-night-sky/hubble-messier-catalog/messier-76/",1
"messier-M77","Il centro di M77 è uno dei nuclei galattici attivi più vicini. Un buco nero supermassiccio, nascosto da un toro di polvere, alimenta emissioni tanto intense da rendere la galassia il prototipo delle Seyfert di tipo 2.","NASA Hubble","https://science.nasa.gov/mission/hubble/science/explore-the-night-sky/hubble-messier-catalog/messier-77/",1
"messier-M78","M78 è la nebulosa a riflessione più brillante del cielo. La sua polvere non emette luce propria: diffonde il bagliore azzurro di giovani stelle e circonda getti Herbig-Haro prodotti da astri ancora in formazione.","NASA Hubble","https://science.nasa.gov/mission/hubble/science/explore-the-night-sky/hubble-messier-catalog/messier-78/",1
"messier-M79","M79 si trova sul lato opposto del cielo rispetto al centro galattico, una posizione insolita per un globulare. La sua orbita ha alimentato l'ipotesi che sia stato acquisito durante la fusione con una galassia nana.","NASA Hubble","https://science.nasa.gov/mission/hubble/science/explore-the-night-sky/hubble-messier-catalog/messier-79/",1
"messier-M80","M80 è uno dei globulari più densi della Via Lattea. Nel 1860 vi apparve la nova T Scorpii, che per alcuni giorni raggiunse una luminosità paragonabile a quella dell'intero ammasso.","NASA Hubble","https://science.nasa.gov/mission/hubble/science/explore-the-night-sky/hubble-messier-catalog/messier-80/",1
"messier-M81","Il nucleo di M81 contiene un buco nero di circa 70 milioni di masse solari. L'interazione con M82 ha inoltre tracciato lunghi ponti di idrogeno fra le due galassie e alimentato nuova attività stellare.","NASA Hubble","https://science.nasa.gov/mission/hubble/science/explore-the-night-sky/hubble-messier-catalog/messier-81/",1
"messier-M82","Il passaggio ravvicinato di M81 ha trasformato M82 in una galassia starburst. Nel suo centro nascono stelle a un ritmo molte volte superiore a quello della Via Lattea, mentre getti di gas caldo fuoriescono dal disco.","NASA Hubble","https://science.nasa.gov/mission/hubble/science/explore-the-night-sky/hubble-messier-catalog/messier-82/",1
"messier-M83","M83 è una fabbrica di supernovae: nel secolo scorso ne sono state osservate almeno sei. Le numerose regioni rosa lungo i bracci rivelano una formazione stellare particolarmente intensa.","NASA Hubble","https://science.nasa.gov/mission/hubble/science/explore-the-night-sky/hubble-messier-catalog/messier-83/",1
"messier-M84","M84 si trova nella Catena di Markarian e ospita un nucleo attivo. Un getto relativistico emerge dalla regione del buco nero centrale, anche se è molto meno appariscente di quello della vicina M87.","NASA Hubble","https://science.nasa.gov/mission/hubble/science/explore-the-night-sky/hubble-messier-catalog/messier-84/",1
"messier-M85","L'aspetto liscio di M85 nasconde una storia di fusioni: gusci stellari, polvere e una popolazione centrale relativamente giovane indicano che la galassia ha inglobato una compagna in tempi astronomicamente recenti.","NASA Hubble","https://science.nasa.gov/mission/hubble/science/explore-the-night-sky/hubble-messier-catalog/messier-85/",1
"messier-M86","M86 si avvicina a noi a centinaia di chilometri al secondo, nonostante appartenga all'Ammasso della Vergine. Attraversando il gas caldo dell'ammasso lascia dietro di sé una coda di materia lunga centinaia di migliaia di anni luce.","NASA Hubble","https://science.nasa.gov/mission/hubble/science/explore-the-night-sky/hubble-messier-catalog/messier-86/",1
"messier-M87","Nel 2019 il buco nero di M87 divenne il primo di cui fu ottenuta un'immagine dell'ombra con l'Event Horizon Telescope. Ha una massa di miliardi di Soli e alimenta un getto visibile per migliaia di anni luce.","NASA Hubble","https://science.nasa.gov/mission/hubble/science/explore-the-night-sky/hubble-messier-catalog/messier-87/",1
"messier-M88","M88 sta precipitando verso il centro dell'Ammasso della Vergine lungo un'orbita molto allungata. La pressione del gas intergalattico comincia a modificarne il contenuto di idrogeno e quindi il futuro della formazione stellare.","NASA Hubble","https://science.nasa.gov/mission/hubble/science/explore-the-night-sky/hubble-messier-catalog/messier-88/",1
"messier-M89","M89 sembra quasi una sfera perfetta, ma fotografie profonde mostrano gusci e pennacchi molto tenui. Sono cicatrici lasciate da piccole galassie inglobate nel passato.","NASA Hubble","https://science.nasa.gov/mission/hubble/science/explore-the-night-sky/hubble-messier-catalog/messier-89/",1
"messier-M90","M90 è una rara galassia Messier con spostamento verso il blu, perché si muove nella nostra direzione all'interno dell'Ammasso della Vergine. Il gas del suo disco viene strappato dalla pressione del mezzo intergalattico.","NASA Hubble","https://science.nasa.gov/mission/hubble/science/explore-the-night-sky/hubble-messier-catalog/messier-90/",1
"messier-M91","M91 fu a lungo uno dei grandi oggetti perduti di Messier. Un errore nel riferimento usato per calcolare le coordinate venne ricostruito nel XX secolo, identificandola con la spirale barrata NGC 4548.","NASA Hubble","https://science.nasa.gov/mission/hubble/science/explore-the-night-sky/hubble-messier-catalog/messier-91/",1
"messier-M92","Per effetto della precessione terrestre, fra circa 14.000 anni il polo nord celeste passerà a meno di un grado da M92. L'ammasso diventerà così un vicino spettacolare del punto attorno a cui ruoterà il cielo.","NASA Hubble","https://science.nasa.gov/mission/hubble/science/explore-the-night-sky/hubble-messier-catalog/messier-92/",1
"messier-M93","Le stelle più luminose di M93 disegnano una figura triangolare o a farfalla. L'ammasso ha qualche centinaio di milioni di anni, abbastanza perché diverse componenti massicce siano già diventate giganti rosse.","Wikipedia","https://en.wikipedia.org/wiki/Messier_93",1
"messier-M94","Oltre al brillante anello interno, M94 possiede un enorme disco esterno formato da deboli bracci a spirale. Questa struttura periferica ospita ancora formazione stellare, nonostante sembri quasi un anello separato.","NASA Hubble","https://science.nasa.gov/mission/hubble/science/explore-the-night-sky/hubble-messier-catalog/messier-94/",1
"messier-M95","Nel 2012 la supernova SN 2012aw esplose in M95. Immagini precedenti permisero di identificare la progenitrice come una supergigante rossa, collegando direttamente una stella alla sua esplosione finale.","NASA Hubble","https://science.nasa.gov/mission/hubble/science/explore-the-night-sky/hubble-messier-catalog/messier-95/",1
"messier-M96","Il nucleo di M96 non è centrato rispetto ai bracci e il disco appare asimmetrico. Le perturbazioni gravitazionali del Gruppo di Leo, forse amplificate dalla vicina M95, ne hanno deformato la struttura.","NASA Hubble","https://science.nasa.gov/mission/hubble/science/explore-the-night-sky/hubble-messier-catalog/messier-96/",1
"messier-M97","Gli occhi della Nebulosa Civetta sono due cavità meno dense nel guscio di gas. L'effetto dipende dall'orientamento: osserviamo una struttura tridimensionale modellata dal vento della nana bianca centrale.","Wikipedia","https://en.wikipedia.org/wiki/Owl_Nebula",1
"messier-M98","M98 è spostata verso il blu e si avvicina alla Via Lattea, comportamento insolito per una galassia tanto lontana. Il suo disco quasi di taglio è ricco di polvere e idrogeno, ma mostra segni di perturbazione nell'ambiente della Vergine.","NASA Hubble","https://science.nasa.gov/mission/hubble/science/explore-the-night-sky/hubble-messier-catalog/messier-98/",1
"messier-M99","Uno dei bracci di M99 è molto più esteso degli altri. L'asimmetria potrebbe essere stata prodotta da un incontro con una galassia vicina e dalla pressione esercitata dal gas dell'Ammasso della Vergine.","NASA Hubble","https://science.nasa.gov/mission/hubble/science/explore-the-night-sky/hubble-messier-catalog/messier-99/",1
"messier-M100","Le Cefeidi osservate da Hubble in M100 furono una tappa fondamentale del progetto che misurò la costante di Hubble. Questa galassia contribuì quindi a calibrare il ritmo di espansione dell'Universo.","NASA Hubble","https://science.nasa.gov/mission/hubble/science/explore-the-night-sky/hubble-messier-catalog/messier-100/",1
"messier-M101","M101 è quasi grande il doppio della Via Lattea e contiene centinaia di miliardi di stelle, ma il suo disco è fortemente asimmetrico. Gli incontri con galassie compagne hanno stirato un lato dei bracci.","NASA Hubble","https://science.nasa.gov/mission/hubble/science/explore-the-night-sky/hubble-messier-catalog/messier-101/",1
"messier-M102","L'identità di M102 è ancora discussa perché Méchain la descrisse senza coordinate affidabili. La candidata più accettata è NGC 5866, una galassia lenticolare vista quasi di taglio e attraversata da una sottile fascia di polvere.","NASA Hubble","https://science.nasa.gov/mission/hubble/science/explore-the-night-sky/hubble-messier-catalog/messier-102/",1
"messier-M103","M103 contiene soltanto alcune decine di membri confermati ed è uno degli ammassi aperti più lontani del catalogo Messier. Due giganti rosse aggiungono un netto contrasto alle stelle azzurre dominanti.","Wikipedia","https://en.wikipedia.org/wiki/Messier_103",1
"messier-M104","Il Sombrero possiede un sistema insolitamente ricco, circa duemila ammassi globulari: quasi dieci volte quelli della Via Lattea. La fascia di polvere nasconde un disco stellare dentro un enorme alone.","NASA Hubble","https://science.nasa.gov/mission/hubble/science/explore-the-night-sky/hubble-messier-catalog/messier-104/",1
"messier-M105","M105 era considerata una galassia completamente spenta, ma osservazioni profonde hanno trovato stelle giovani e nubi di idrogeno. Anche una grande ellittica può quindi conservare piccole sacche di formazione stellare.","NASA Hubble","https://science.nasa.gov/mission/hubble/science/explore-the-night-sky/hubble-messier-catalog/messier-105/",1
"messier-M106","M106 mostra due bracci anomali che non seguono il disco stellare. Sono prodotti da onde d'urto e getti legati al buco nero centrale, che riscaldano il gas mentre attraversano la galassia.","NASA Hubble","https://science.nasa.gov/mission/hubble/science/explore-the-night-sky/hubble-messier-catalog/messier-106/",1
"messier-M107","M107 fu l'ultimo oggetto Messier scoperto da Pierre Méchain e venne aggiunto ufficialmente al catalogo soltanto nel 1947. Con M105 e M106 completò la versione moderna dei 110 oggetti.","NASA Hubble","https://science.nasa.gov/mission/hubble/science/explore-the-night-sky/hubble-messier-catalog/messier-107/",1
"messier-M108","M108 è vista quasi di taglio e non mostra un bulge centrale ben definito. Il suo disco irregolare, ricco di polvere e regioni di formazione stellare, contiene numerose sorgenti X compatte.","NASA Hubble","https://science.nasa.gov/mission/hubble/science/explore-the-night-sky/hubble-messier-catalog/messier-108/",1
"messier-M109","M109 è la galassia più luminosa di un gruppo che comprende decine di membri. La barra centrale guida gas verso le regioni interne e contribuisce a disegnare un debole anello attorno al nucleo.","NASA Hubble","https://science.nasa.gov/mission/hubble/science/explore-the-night-sky/hubble-messier-catalog/messier-109/",1
"messier-M110","Pur essendo classificata come ellittica nana, M110 contiene polvere e stelle relativamente giovani vicino al centro. Sono indizi di formazione stellare recente, insoliti per una galassia dall'aspetto così regolare.","NASA Hubble","https://science.nasa.gov/mission/hubble/science/explore-the-night-sky/hubble-messier-catalog/messier-110/",1
"caldwell-C1","NGC 188 ha circa cinque miliardi di anni, un'età eccezionale per un ammasso aperto, i cui membri di solito si disperdono molto prima. La posizione vicina al polo nord celeste lo rende inoltre osservabile per quasi tutto l'anno dalle latitudini boreali.","NASA Hubble","https://science.nasa.gov/mission/hubble/science/explore-the-night-sky/hubble-caldwell-catalog/caldwell-1/",1
"caldwell-C2","La stella centrale di NGC 40 è una Wolf-Rayet caldissima che espelle materiale a grande velocità. Il vento recente urta gli strati più lenti persi in precedenza e modella il guscio irregolare della nebulosa.","NASA Hubble","https://science.nasa.gov/mission/hubble/science/explore-the-night-sky/hubble-caldwell-catalog/caldwell-2/",1
"caldwell-C3","NGC 4236 è una grande spirale vista quasi di taglio, ma la sua luce è distribuita su un'area tanto ampia da renderla elusiva. Le chiazze più evidenti del disco sono regioni dove continuano a formarsi stelle.","NASA Hubble","https://science.nasa.gov/mission/hubble/science/explore-the-night-sky/hubble-caldwell-catalog/caldwell-3/",1
"caldwell-C4","La Nebulosa Iris brilla perché la polvere riflette la luce della stella HD 200775. Intorno al centro azzurro compaiono tonalità rossastre prodotte da minuscoli granelli e molecole aromatiche illuminate dalla radiazione ultravioletta.","NASA Hubble","https://science.nasa.gov/mission/hubble/science/explore-the-night-sky/hubble-caldwell-catalog/caldwell-4/",1
"caldwell-C5","IC 342 è soprannominata Galassia Nascosta perché si trova dietro il piano polveroso della Via Lattea. Senza questo velo apparirebbe fra le spirali più luminose del cielo, estesa quasi quanto la Luna piena.","NASA Hubble","https://science.nasa.gov/mission/hubble/science/explore-the-night-sky/hubble-caldwell-catalog/caldwell-5/",1
"caldwell-C6","L'Occhio di Gatto possiede anelli concentrici, getti e nodi che una singola espulsione sferica non spiega. La geometria suggerisce episodi ripetuti e forse l'azione di una compagna sulla stella centrale morente.","NASA Hubble","https://science.nasa.gov/mission/hubble/science/explore-the-night-sky/hubble-caldwell-catalog/caldwell-6/",1
"caldwell-C7","Nel 2004 NGC 2403 ospitò SN 2004dj, una delle supernovae di tipo II più vicine osservate in epoca moderna. L'esplosione avvenne dentro un compatto gruppo stellare che permise di studiarne la popolazione progenitrice.","NASA Hubble","https://science.nasa.gov/mission/hubble/science/explore-the-night-sky/hubble-caldwell-catalog/caldwell-7/",1
"caldwell-C8","Uno studio fotometrico di NGC 559 stima un’età di circa 224 milioni di anni e rileva segregazione di massa: le stelle più massicce si concentrano verso il centro. La distribuzione attuale delle stelle porta quindi la traccia delle interazioni gravitazionali interne.","Joshi et al. (MNRAS)","https://arxiv.org/abs/1310.2178","1"
"caldwell-C9","La Nebulosa Grotta si trova sul bordo della nube molecolare Cepheus B. La radiazione delle stelle massicce comprime il gas adiacente, creando fronti luminosi e nuove generazioni stellari lungo la cavità.","NASA Hubble","https://science.nasa.gov/mission/hubble/science/explore-the-night-sky/hubble-caldwell-catalog/caldwell-9/",1
"caldwell-C10","NGC 663 contiene un numero insolitamente elevato di stelle Be, astri caldi che ruotano rapidamente e circondati da dischi gassosi. Le loro righe di emissione permettono di studiare come la rotazione modifica l'evoluzione stellare.","Wikipedia","https://en.wikipedia.org/wiki/NGC_663",1
"caldwell-C11","La Bolla è gonfiata dal vento della stella massiccia BD+60 2522. La stella non appare al centro geometrico perché il vento incontra gas di densità diversa e la stella stessa si muove rispetto alla nube.","NASA Hubble","https://science.nasa.gov/mission/hubble/science/explore-the-night-sky/hubble-caldwell-catalog/caldwell-11/",1
"caldwell-C12","NGC 6946 merita il nome Fuochi d'Artificio: dal 1917 vi sono state scoperte almeno dieci supernovae. La galassia è ricca di formazione stellare, ma la Via Lattea ne attenua la luce con polvere in primo piano.","NASA Hubble","https://science.nasa.gov/mission/hubble/science/explore-the-night-sky/hubble-caldwell-catalog/caldwell-12/",1
"caldwell-C13","Le due stelle brillanti che formano gli occhi dell'Ammasso Civetta gli danno anche l'aspetto di un personaggio con le braccia aperte. La luminosa Phi Cassiopeiae è proiettata nello stesso campo, ma la sua appartenenza fisica resta discussa.","Wikipedia","https://en.wikipedia.org/wiki/NGC_457",1
"caldwell-C14","Il Doppio Ammasso era già noto a Ipparco oltre duemila anni fa. NGC 869 e NGC 884 sono due popolazioni giovani vicine nello spazio; supergiganti rosse sparse fra molte stelle azzurre ne accentuano il contrasto cromatico.","NASA Hubble","https://science.nasa.gov/mission/hubble/science/explore-the-night-sky/hubble-caldwell-catalog/caldwell-14/",1
"caldwell-C15","NGC 6826 sembra lampeggiare quando si alternano visione diretta e distolta. Guardando il centro domina la stella; spostando appena lo sguardo, la retina periferica fa emergere il debole guscio e cambia improvvisamente l'aspetto.","NASA Hubble","https://science.nasa.gov/mission/hubble/science/explore-the-night-sky/hubble-caldwell-catalog/caldwell-15/",1
"caldwell-C16","NGC 7243 è un ammasso giovane e molto disperso, con stelle distribuite in piccoli gruppi invece che attorno a un nucleo netto. Questa struttura irregolare mostra un sistema già avviato verso la dissoluzione nel disco galattico.","Wikipedia","https://en.wikipedia.org/wiki/NGC_7243",1
"caldwell-C17","NGC 147 è una satellite nana di Andromeda quasi priva di gas e di formazione stellare recente. Il contrasto con la vicina NGC 185, che conserva polvere e stelle giovani, mostra due evoluzioni diverse nello stesso ambiente.","NASA Hubble","https://science.nasa.gov/mission/hubble/science/explore-the-night-sky/hubble-caldwell-catalog/caldwell-17/",1
"caldwell-C18","Benché sia una galassia nana ellittica, NGC 185 contiene nubi di polvere, stelle giovani e resti di supernova. È una prova che una morfologia apparentemente tranquilla non implica necessariamente un'evoluzione completamente spenta.","NASA Hubble","https://science.nasa.gov/mission/hubble/science/explore-the-night-sky/hubble-caldwell-catalog/caldwell-18/",1
"caldwell-C19","La Nebulosa Bozzolo si trova all'estremità della lunga nebulosa oscura Barnard 168. Il contrasto fra il bozzolo luminoso e la scia nera racconta due modi opposti in cui la stessa polvere può riflettere o bloccare la luce.","Wikipedia","https://en.wikipedia.org/wiki/IC_5146",1
"caldwell-C20","Il profilo del Nord America non è un bordo fisico del gas: è disegnato dalla nube oscura LDN 935, che nasconde la luce della nebulosa retrostante e crea il Golfo del Messico.","NASA Hubble","https://science.nasa.gov/mission/hubble/science/explore-the-night-sky/hubble-caldwell-catalog/caldwell-20/",1
"caldwell-C21","Una tenue corrente stellare attorno a NGC 4449 è il resto di una galassia ancora più piccola, deformata dalle forze di marea. Mostra che anche le galassie nane crescono inglobando compagne: non sono soltanto prede dei sistemi più grandi.","NASA APOD","https://apod.nasa.gov/apod/ap120126.html","1"
"caldwell-C22","Il colore della Palla di Neve Blu nasce dalle righe di ossigeno ionizzato nel gas caldo. La nebulosa possiede più gusci in espansione, prodotti da fasi successive della perdita di massa della stella centrale.","NASA Hubble","https://science.nasa.gov/mission/hubble/science/explore-the-night-sky/hubble-caldwell-catalog/caldwell-22/",1
"caldwell-C23","NGC 891 è spesso usata come analogo della Via Lattea vista di taglio. Filamenti di polvere si sollevano molto sopra il disco, trascinati da venti e supernovae delle regioni in cui nascono nuove stelle.","NASA Hubble","https://science.nasa.gov/mission/hubble/science/explore-the-night-sky/hubble-caldwell-catalog/caldwell-23/",1
"caldwell-C24","NGC 1275 domina il centro dell'Ammasso di Perseo ed è associata alla radiosorgente Perseus A. Il buco nero centrale gonfia enormi bolle nel gas caldo, mentre un secondo sistema galattico si sovrappone lungo la linea di vista.","NASA Hubble","https://science.nasa.gov/mission/hubble/science/explore-the-night-sky/hubble-caldwell-catalog/caldwell-24/",1
"caldwell-C25","NGC 2419 è chiamato Vagabondo Intergalattico perché orbita a una distanza enorme, oltre il bordo luminoso della Via Lattea. È però massiccio e complesso, tanto da poter essere il nucleo residuo di una galassia nana catturata.","NASA Hubble","https://science.nasa.gov/mission/hubble/science/explore-the-night-sky/hubble-caldwell-catalog/caldwell-25/",1
"caldwell-C26","NGC 4244 è una spirale sottilissima vista di taglio, quasi priva di rigonfiamento centrale. La sua struttura semplice aiuta a studiare come stelle e gas si distribuiscano verticalmente nei dischi galattici.","NASA Hubble","https://science.nasa.gov/mission/hubble/science/explore-the-night-sky/hubble-caldwell-catalog/caldwell-26/",1
"caldwell-C27","La Nebulosa Crescente è il materiale espulso dalla stella Wolf-Rayet WR 136 che collide con un vento più lento emesso quando la stella era una supergigante rossa. L'urto produce il guscio filamentoso visibile oggi.","NASA Hubble","https://science.nasa.gov/mission/hubble/science/explore-the-night-sky/hubble-caldwell-catalog/caldwell-27/",1
"caldwell-C28","NGC 752 ha circa 1,4 miliardi di anni e ha già perso molti membri originari. Le stelle rimaste sono sparse su un campo ampio: un'istantanea avanzata della lenta dissoluzione di un ammasso aperto.","Wikipedia","https://en.wikipedia.org/wiki/NGC_752",1
"caldwell-C29","Il nucleo di NGC 5005 è classificato come LINER, una forma debole di attività galattica. Fasce di polvere avvolgono la zona centrale, dove gas e formazione stellare convivono con l'influenza del buco nero.","NASA Hubble","https://science.nasa.gov/mission/hubble/science/explore-the-night-sky/hubble-caldwell-catalog/caldwell-29/",1
"caldwell-C30","NGC 7331 è stata spesso chiamata gemella della Via Lattea, ma non possiede una barra centrale evidente. Dietro di lei appaiono le galassie più lontane del Deer Lick Group, una prospettiva che crea un falso gruppo compatto.","NASA Hubble","https://science.nasa.gov/mission/hubble/science/explore-the-night-sky/hubble-caldwell-catalog/caldwell-30/",1
"caldwell-C31","AE Aurigae, la stella che accende la Nebulosa Stella Fiammeggiante, è una fuggitiva espulsa dalla regione di Orione milioni di anni fa. Sta attraversando per caso una nube che non l'ha generata.","Wikipedia","https://en.wikipedia.org/wiki/IC_405",1
"caldwell-C32","NGC 4631 è circondata da un alone di gas caldo visibile ai raggi X. Supernovae e venti delle regioni di formazione stellare spingono materia fuori dal disco, creando una sorta di fontana galattica.","NASA Hubble","https://science.nasa.gov/mission/hubble/science/explore-the-night-sky/hubble-caldwell-catalog/caldwell-32/",1
"caldwell-C33","Il Velo Est è una parte del Cygnus Loop, l'onda d'urto di una stella esplosa migliaia di anni fa. I filamenti sottili segnano il punto in cui il fronte della supernova incontra nubi interstellari più dense.","NASA Hubble","https://science.nasa.gov/mission/hubble/science/explore-the-night-sky/hubble-caldwell-catalog/caldwell-33/",1
"caldwell-C34","Il Velo Ovest attraversa visivamente la stella 52 Cygni, ma la stella è soltanto in primo piano e non appartiene al resto di supernova. Il contrasto rende questo tratto noto anche come Scopa della Strega.","NASA Hubble","https://science.nasa.gov/mission/hubble/science/explore-the-night-sky/hubble-caldwell-catalog/caldwell-34/",1
"caldwell-C35","NGC 4889 ospita uno dei buchi neri più massicci misurati nell'Universo vicino, con una massa di molti miliardi di Soli. La galassia gigante occupa il cuore dell'Ammasso della Chioma.","NASA Hubble","https://science.nasa.gov/mission/hubble/science/explore-the-night-sky/hubble-caldwell-catalog/caldwell-35/",1
"caldwell-C36","Nel disco di NGC 4559 si trova una sorgente X ultraluminosa, troppo intensa per una normale stella binaria. Potrebbe contenere un buco nero massiccio alimentato da una compagna in una giovane regione stellare.","NASA Hubble","https://science.nasa.gov/mission/hubble/science/explore-the-night-sky/hubble-caldwell-catalog/caldwell-36/",1
"caldwell-C37","NGC 6885 e il vicino NGC 6882 hanno generato una lunga confusione di confini e denominazioni. La regione contiene gruppi stellari sovrapposti e mostra quanto un ammasso aperto disperso sia difficile da definire nel piano della Via Lattea.","Wikipedia","https://en.wikipedia.org/wiki/NGC_6885",1
"caldwell-C38","La Galassia Ago è uno degli esempi più netti di spirale vista perfettamente di taglio. Una sottile corsia di polvere divide il disco, mentre un rigonfiamento centrale luminoso ne rivela la struttura tridimensionale.","NASA Hubble","https://science.nasa.gov/mission/hubble/science/explore-the-night-sky/hubble-caldwell-catalog/caldwell-38/",1
"caldwell-C39","NGC 2392 mostra due involucri: un guscio interno brillante e filamenti esterni simili a una pelliccia. Venti rapidissimi della stella centrale urtano materiale espulso in precedenza e generano questa doppia architettura.","NASA Hubble","https://science.nasa.gov/mission/hubble/science/explore-the-night-sky/hubble-caldwell-catalog/caldwell-39/",1
"caldwell-C40","In NGC 3626 il gas ruota in direzione opposta rispetto alla maggior parte delle stelle. La spiegazione più probabile è l'acquisizione di materiale da una compagna, un incontro conservato nella dinamica del disco.","NASA Hubble","https://science.nasa.gov/mission/hubble/science/explore-the-night-sky/hubble-caldwell-catalog/caldwell-40/",1
"caldwell-C41","Le Iadi sono l'ammasso aperto più vicino alla Terra, a circa 150 anni luce. Aldebaran sembra il membro più brillante, ma si trova molto più vicino ed è solo allineata in primo piano.","Wikipedia","https://en.wikipedia.org/wiki/Hyades_(star_cluster)",1
"caldwell-C42","NGC 7006 orbita nelle regioni remote dell'alone galattico, a oltre 100.000 anni luce da noi. La sua distanza lo rese un argomento storico nel dibattito sulle reali dimensioni della Via Lattea.","NASA Hubble","https://science.nasa.gov/mission/hubble/science/explore-the-night-sky/hubble-caldwell-catalog/caldwell-42/",1
"caldwell-C43","NGC 7814 ricorda un Sombrero in miniatura, ma il suo disco è visto ancora più vicino al taglio. Una fascia di polvere estremamente sottile attraversa un grande rigonfiamento stellare quasi sferico.","NASA Hubble","https://science.nasa.gov/mission/hubble/science/explore-the-night-sky/hubble-caldwell-catalog/caldwell-43/",1
"caldwell-C44","NGC 7479 ha una forma a S rovesciata e un getto radio che si estende in direzione opposta alla rotazione apparente dei bracci. Entrambi potrebbero derivare da una fusione con una galassia più piccola.","NASA Hubble","https://science.nasa.gov/mission/hubble/science/explore-the-night-sky/hubble-caldwell-catalog/caldwell-44/",1
"caldwell-C45","NGC 5248 contiene due anelli di formazione stellare attorno al nucleo. La barra e i bracci convogliano gas verso il centro, dove nuove stelle nascono in strutture concentriche su scale diverse.","NASA Hubble","https://science.nasa.gov/mission/hubble/science/explore-the-night-sky/hubble-caldwell-catalog/caldwell-45/",1
"caldwell-C46","La Nebulosa Variabile di Hubble può cambiare aspetto in poche settimane, troppo rapidamente perché il gas si sposti davvero su quella scala. Sono ombre mobili, proiettate da polvere vicina alla giovane stella R Monocerotis.","NASA Hubble","https://science.nasa.gov/mission/hubble/science/explore-the-night-sky/hubble-caldwell-catalog/caldwell-46/",1
"caldwell-C47","NGC 6934 contiene blue straggler più calde delle normali stelle anziane dell'ammasso. La loro distribuzione permette di ricostruire come collisioni e sistemi binari abbiano rimescolato il nucleo.","NASA Hubble","https://science.nasa.gov/mission/hubble/science/explore-the-night-sky/hubble-caldwell-catalog/caldwell-47/",1
"caldwell-C48","I bracci di NGC 2775 sono detti flocculenti: stelle giovani e polvere formano segmenti dall’aspetto piumoso, non due bracci continui e ben disegnati. Il contrasto con il grande rigonfiamento centrale, quasi privo di formazione stellare attuale, evidenzia ambienti diversi nella stessa galassia.","NASA Hubble","https://science.nasa.gov/missions/hubble/hubble-spots-feathered-spiral/","1"
"caldwell-C49","La cavità centrale della Rosetta è stata scavata dalla radiazione e dai venti delle stelle giovani di NGC 2244. Il bordo compresso della nube contiene globuli e pilastri dove la formazione stellare può proseguire.","Wikipedia","https://en.wikipedia.org/wiki/Rosette_Nebula",1
"caldwell-C50","NGC 2244 è il giovane ammasso nato dentro la Rosetta. Le sue stelle di tipo O hanno pochi milioni di anni, ionizzano la nebulosa e stanno disperdendo il materiale dal quale si sono formate.","Wikipedia","https://en.wikipedia.org/wiki/NGC_2244",1
"caldwell-C51","IC 1613 è una galassia nana del Gruppo Locale con pochissima polvere interna. Le sue Cefeidi si osservano quindi senza grandi correzioni per l'estinzione, rendendola preziosa per calibrare le distanze cosmiche.","NASA Hubble","https://science.nasa.gov/mission/hubble/science/explore-the-night-sky/hubble-caldwell-catalog/caldwell-51/",1
"caldwell-C52","NGC 4697 sembra una tranquilla ellittica, ma le osservazioni X rivelano numerose binarie compatte sparse nella sua popolazione anziana. Queste sorgenti tracciano stelle di neutroni e buchi neri che accrescono materia.","NASA Hubble","https://science.nasa.gov/mission/hubble/science/explore-the-night-sky/hubble-caldwell-catalog/caldwell-52/",1
"caldwell-C53","NGC 3115 fu uno dei primi esempi riconosciuti di galassia lenticolare, intermedia fra spirale ed ellittica. Il suo buco nero centrale è enorme ma quasi inattivo, perché nelle vicinanze resta poco gas da inghiottire.","NASA Hubble","https://science.nasa.gov/mission/hubble/science/explore-the-night-sky/hubble-caldwell-catalog/caldwell-53/",1
"caldwell-C54","NGC 2506 è un ammasso aperto antico e povero di metalli, situato lontano dal piano galattico. La sua composizione lo rende utile per confrontare l'evoluzione chimica delle regioni interne ed esterne della Via Lattea.","Wikipedia","https://en.wikipedia.org/wiki/NGC_2506",1
"caldwell-C55","Le due estensioni laterali della Nebulosa Saturno sono chiamate ansae, manici. Sono getti e nodi ad alta velocità che, visti a basso ingrandimento, ricordarono a Lord Rosse gli anelli del pianeta.","NASA Hubble","https://science.nasa.gov/mission/hubble/science/explore-the-night-sky/hubble-caldwell-catalog/caldwell-55/",1
"caldwell-C56","Al centro di NGC 246 c’è un sistema triplo: una nana bianca e una nana rossa formano una coppia attorno alla quale orbita una terza stella più distante. La compagna rossa, molto debole, è stata riconosciuta con il Very Large Telescope nel 2014.","ESO","https://www.eso.org/public/news/eso2019/","1"
"caldwell-C57","La Galassia di Barnard fu una delle prime nane esterne alla Via Lattea studiate in dettaglio. Le variabili Cefeidi osservate al suo interno aiutarono Edwin Hubble a estendere la scala delle distanze oltre la nostra Galassia.","NASA Hubble","https://science.nasa.gov/mission/hubble/science/explore-the-night-sky/hubble-caldwell-catalog/caldwell-57/",1
"caldwell-C58","NGC 2360 fu scoperto nel 1783 da Caroline Herschel, anni prima dell'inclusione nel catalogo del fratello William. Per questo è noto anche come Ammasso di Caroline.","NASA Hubble","https://science.nasa.gov/mission/hubble/science/explore-the-night-sky/hubble-caldwell-catalog/caldwell-58/",1
"caldwell-C59","Il Fantasma di Giove ha dimensioni apparenti vicine a quelle del pianeta, ma è un guscio di gas lontanissimo. Strati concentrici e piccoli getti raccontano episodi distinti nella perdita di massa della stella centrale.","NASA Hubble","https://science.nasa.gov/mission/hubble/science/explore-the-night-sky/hubble-caldwell-catalog/caldwell-59/",1
"caldwell-C60","NGC 4038 è una delle due galassie Antenne. Le lunghe code che danno il nome alla coppia sono stelle e gas strappati dalle maree gravitazionali durante una collisione iniziata centinaia di milioni di anni fa.","NASA Hubble","https://science.nasa.gov/mission/hubble/science/explore-the-night-sky/hubble-caldwell-catalog/caldwell-60-61/",1
"caldwell-C61","NGC 4039 attraversa NGC 4038 nella coppia delle Antenne. Nella zona di sovrapposizione la compressione del gas ha acceso migliaia di giovani ammassi stellari, alcuni destinati a evolvere come futuri globulari.","NASA Hubble","https://science.nasa.gov/mission/hubble/science/explore-the-night-sky/hubble-caldwell-catalog/caldwell-60-61/",1
"caldwell-C62","NGC 247 contiene un grande vuoto apparente nel disco, con molte meno stelle vecchie rispetto alle zone circostanti. Potrebbe essere l'impronta di un'antica interazione o di processi che hanno interrotto localmente la formazione stellare.","NASA Hubble","https://science.nasa.gov/mission/hubble/science/explore-the-night-sky/hubble-caldwell-catalog/caldwell-62/",1
"caldwell-C63","La Nebulosa Elica contiene migliaia di nodi cometari, ciascuno grande quanto il Sistema Solare. Le teste dense resistono alla radiazione centrale, mentre lunghe code puntano radialmente verso l'esterno.","NASA Hubble","https://science.nasa.gov/mission/hubble/science/explore-the-night-sky/hubble-caldwell-catalog/caldwell-63/",1
"caldwell-C64","Tau Canis Majoris domina NGC 2362, ma non è una singola stella: è un sistema multiplo di astri massicci. L'ammasso ha soltanto pochi milioni di anni e conserva una forma compatta attorno a questo faro centrale.","Wikipedia","https://en.wikipedia.org/wiki/NGC_2362",1
"caldwell-C65","NGC 253 è una delle galassie starburst più vicine. Nel nucleo polveroso nascono stelle a ritmo elevato e il loro feedback spinge un supervento di gas caldo fuori dal disco.","NASA Hubble","https://science.nasa.gov/mission/hubble/science/explore-the-night-sky/hubble-caldwell-catalog/caldwell-65/",1
"caldwell-C66","NGC 5694 è un globulare remoto e insolitamente compatto, legato debolmente alle regioni esterne della Via Lattea. Alcune proprietà chimiche e dinamiche fanno pensare a un'origine in una galassia nana acquisita.","NASA Hubble","https://science.nasa.gov/mission/hubble/science/explore-the-night-sky/hubble-caldwell-catalog/caldwell-66/",1
"caldwell-C67","NGC 1097 possiede un anello circumnucleare dove il gas forma stelle a ritmo intenso. Al centro agisce un buco nero supermassiccio, mentre deboli getti ottici si estendono ben oltre il disco.","NASA Hubble","https://science.nasa.gov/mission/hubble/science/explore-the-night-sky/hubble-caldwell-catalog/caldwell-67/",1
"caldwell-C68","La nebulosità attorno a R Coronae Australis cambia perché la stella è variabile e le nubi vicine proiettano ombre mobili. Il complesso è una delle regioni di formazione stellare più vicine al Sistema Solare.","NASA Hubble","https://science.nasa.gov/mission/hubble/science/explore-the-night-sky/hubble-caldwell-catalog/caldwell-68/",1
"caldwell-C69","La stella centrale della Nebulosa Farfalla supera i 200.000 kelvin ed è fra le più calde note. Un denso toro di polvere nasconde il centro e costringe il gas a espandersi nei due lobi opposti.","NASA Hubble","https://science.nasa.gov/mission/hubble/science/explore-the-night-sky/hubble-caldwell-catalog/caldwell-69/",1
"caldwell-C70","NGC 300 è una spirale relativamente isolata del Gruppo dello Scultore. Cefeidi e altre stelle variabili al suo interno hanno fornito una delle misure di distanza più precise per una galassia vicina.","NASA Hubble","https://science.nasa.gov/mission/hubble/science/explore-the-night-sky/hubble-caldwell-catalog/caldwell-70/",1
"caldwell-C71","NGC 2477 è tanto ricco e concentrato da ricordare un globulare, pur essendo un ammasso aperto del disco. Riunisce centinaia di stelle di età diverse lungo l'evoluzione post-sequenza principale.","NASA Hubble","https://science.nasa.gov/mission/hubble/science/explore-the-night-sky/hubble-caldwell-catalog/caldwell-71/",1
"caldwell-C72","NGC 55 è una galassia barrata quasi di taglio con regioni di formazione stellare sparse e un profilo irregolare. La sua vicinanza permette di risolvere singole stelle nonostante l'aspetto nebuloso complessivo.","NASA Hubble","https://science.nasa.gov/mission/hubble/science/explore-the-night-sky/hubble-caldwell-catalog/caldwell-72/",1
"caldwell-C73","NGC 1851 mostra due rami subgiganti distinti nel diagramma colore-magnitudine. Questa doppia popolazione potrebbe derivare da episodi di formazione diversi o persino dalla fusione di due ammassi antichi.","NASA Hubble","https://science.nasa.gov/mission/hubble/science/explore-the-night-sky/hubble-caldwell-catalog/caldwell-73/",1
"caldwell-C74","Le immagini del telescopio Webb hanno rivelato nella Nebulosa Anello del Sud gusci molecolari e archi prima nascosti. La stella morente ha una compagna stretta che contribuisce alla struttura asimmetrica del materiale espulso.","NASA Hubble","https://science.nasa.gov/mission/hubble/science/explore-the-night-sky/hubble-caldwell-catalog/caldwell-74/",1
"caldwell-C75","NGC 6124 è un ammasso giovane attraversato da estinzione interstellare non uniforme. La polvere arrossa alcuni membri più di altri e può far apparire disomogenea una popolazione nata nello stesso periodo.","Wikipedia","https://en.wikipedia.org/wiki/NGC_6124",1
"caldwell-C76","NGC 6231 è il nucleo della vasta associazione Scorpius OB1 e contiene numerose stelle massicce multiple. Fu probabilmente registrato da Hodierna nel Seicento, molto prima dei grandi cataloghi ottocenteschi.","NASA Hubble","https://science.nasa.gov/mission/hubble/science/explore-the-night-sky/hubble-caldwell-catalog/caldwell-76/",1
"caldwell-C77","Centaurus A è il risultato di una fusione: una fascia di polvere taglia una grande galassia ellittica, mentre il buco nero centrale lancia un getto relativistico osservabile dalle onde radio ai raggi X.","NASA Hubble","https://science.nasa.gov/mission/hubble/science/explore-the-night-sky/hubble-caldwell-catalog/caldwell-77/",1
"caldwell-C78","NGC 6541 è uno dei globulari più concentrati del cielo australe. La forte densità centrale favorisce incontri stellari e rende il nucleo un laboratorio naturale per la dinamica di sistemi antichi.","NASA Hubble","https://science.nasa.gov/mission/hubble/science/explore-the-night-sky/hubble-caldwell-catalog/caldwell-78/",1
"caldwell-C79","In NGC 3201 è stato identificato un candidato buco nero inattivo osservando il moto orbitale della sua compagna visibile. L'ammasso segue inoltre un'orbita retrograda, indizio di una possibile origine esterna.","NASA Hubble","https://science.nasa.gov/mission/hubble/science/explore-the-night-sky/hubble-caldwell-catalog/caldwell-79/",1
"caldwell-C80","Popolazioni stellari diverse e indizi di un buco nero centrale suggeriscono che Omega Centauri potrebbe essere il nucleo superstite di una galassia nana privata delle stelle esterne.","NASA Hubble","https://science.nasa.gov/mission/hubble/science/explore-the-night-sky/hubble-caldwell-catalog/caldwell-80/","1"
"caldwell-C81","NGC 6352 è un globulare relativamente ricco di metalli, associato alle regioni interne della Galassia. La sua chimica differisce da quella dei globulari poveri di elementi pesanti che popolano l'alone remoto.","NASA Hubble","https://science.nasa.gov/mission/hubble/science/explore-the-night-sky/hubble-caldwell-catalog/caldwell-81/",1
"caldwell-C82","Le stelle massicce di NGC 6193 illuminano il bordo brillante della vicina NGC 6188. Fra loro si trova HD 150136, uno dei sistemi stellari multipli più massicci conosciuti nella Via Lattea.","NASA Hubble","https://science.nasa.gov/mission/hubble/science/explore-the-night-sky/hubble-caldwell-catalog/caldwell-82/",1
"caldwell-C83","NGC 4945 nasconde dietro la polvere un nucleo attivo e un intenso starburst. Un maser d'acqua permette di tracciare il gas in orbita molto vicino al buco nero centrale e misurarne la massa.","NASA Hubble","https://science.nasa.gov/mission/hubble/science/explore-the-night-sky/hubble-caldwell-catalog/caldwell-83/",1
"caldwell-C84","NGC 5286 contiene popolazioni con abbondanze di ferro diverse, comportamento raro per un globulare. Potrebbe essere il nucleo superstite di una galassia nana assimilata dalla Via Lattea.","NASA Hubble","https://science.nasa.gov/mission/hubble/science/explore-the-night-sky/hubble-caldwell-catalog/caldwell-84/",1
"caldwell-C85","IC 2391 è un ammasso vicino di circa 50 milioni di anni. Il limite di esaurimento del litio nelle sue stelle meno massicce fornisce un orologio indipendente e preciso per stimarne l'età.","Wikipedia","https://en.wikipedia.org/wiki/IC_2391",1
"caldwell-C86","NGC 6397 è uno dei globulari più vicini e più antichi, con un'età prossima a quella dell'Universo. Il suo nucleo ha subito collasso gravitazionale, concentrando fortemente le stelle verso il centro.","NASA Hubble","https://science.nasa.gov/mission/hubble/science/explore-the-night-sky/hubble-caldwell-catalog/caldwell-86/",1
"caldwell-C87","In NGC 1261 le popolazioni stellari non sono distribuite allo stesso modo: le stelle di seconda generazione risultano più concentrate. La differenza conserva informazioni sulla formazione iniziale e sul successivo rimescolamento dinamico.","NASA Hubble","https://science.nasa.gov/mission/hubble/science/explore-the-night-sky/hubble-caldwell-catalog/caldwell-87/",1
"caldwell-C88","NGC 5823 fu catalogato dall'astronomo scozzese James Dunlop durante le osservazioni australiane del 1826. Ha circa 800 milioni di anni, abbastanza perché le stelle più massicce originarie siano già scomparse.","Wikipedia","https://en.wikipedia.org/wiki/NGC_5823",1
"caldwell-C89","NGC 6087 contiene S Normae, una variabile Cefeide classica. Il fatto che appartenga a un ammasso consente di confrontare pulsazione, distanza ed età con quelle delle altre stelle nate insieme.","NASA Hubble","https://science.nasa.gov/mission/hubble/science/explore-the-night-sky/hubble-caldwell-catalog/caldwell-89/",1
"caldwell-C90","La stella centrale di NGC 2867 è di tipo Wolf-Rayet ricca di carbonio e ossigeno. Il suo spettro espone materiale prodotto nelle fasi nucleari profonde prima che venisse espulso a formare la nebulosa.","NASA Hubble","https://science.nasa.gov/mission/hubble/science/explore-the-night-sky/hubble-caldwell-catalog/caldwell-90/",1
"caldwell-C91","NGC 3532 fu il primo bersaglio ripreso dal telescopio spaziale Hubble nel maggio 1990. Quella prima luce apparve sfocata e contribuì a rivelare il difetto dello specchio poi corretto con la missione di manutenzione.","Wikipedia","https://en.wikipedia.org/wiki/NGC_3532",1
"caldwell-C92","Eta Carinae, dentro la Nebulosa della Carena, sopravvisse alla Grande Eruzione dell'Ottocento. L'evento espulse la Nebulosa Omuncolo e rese per breve tempo la stella una delle più luminose del cielo.","NASA Hubble","https://science.nasa.gov/mission/hubble/science/explore-the-night-sky/hubble-caldwell-catalog/caldwell-92/",1
"caldwell-C93","NGC 6752 è così trasparente fra una stella e l'altra che nelle immagini profonde compaiono galassie molto più lontane dietro l'ammasso. Il campo sovrappone quindi oggetti separati da distanze cosmiche enormi.","NASA Hubble","https://science.nasa.gov/mission/hubble/science/explore-the-night-sky/hubble-caldwell-catalog/caldwell-93/",1
"caldwell-C94","Lo Scrigno di Gioielli deve il nome al contrasto fra stelle azzurre e una supergigante rossa centrale. John Herschel lo paragonò a un prezioso gioiello colorato osservato attraverso il telescopio.","NASA Hubble","https://science.nasa.gov/mission/hubble/science/explore-the-night-sky/hubble-caldwell-catalog/caldwell-94/",1
"caldwell-C95","NGC 6025 è un ammasso giovane e relativamente compatto del cielo australe. Le stelle più luminose tracciano una figura a cuneo, mentre i membri meno appariscenti estendono il gruppo ben oltre la sagoma visuale.","Wikipedia","https://en.wikipedia.org/wiki/NGC_6025",1
"caldwell-C96","NGC 2516 è chiamato Alveare del Sud per la somiglianza con M44. La sua popolazione ricca e vicina comprende stelle chimicamente peculiari, utili per studiare diffusione e campi magnetici negli astri giovani.","NASA Hubble","https://science.nasa.gov/mission/hubble/science/explore-the-night-sky/hubble-caldwell-catalog/caldwell-96/",1
"caldwell-C97","Le osservazioni di NGC 3766 hanno rivelato una classe di variabili che non rientrava nei modelli tradizionali. Molte ruotano rapidamente: l'inclinazione e la rotazione sembrano decisive per spiegare le deboli pulsazioni.","Wikipedia","https://en.wikipedia.org/wiki/NGC_3766",1
"caldwell-C98","NGC 4609 appare proiettato contro la Nebulosa Sacco di Carbone, molto più vicina. La polvere scura assorbe e arrossa la luce dell'ammasso retrostante, trasformando un allineamento in uno strumento per misurare l'estinzione.","Wikipedia","https://en.wikipedia.org/wiki/NGC_4609",1
"caldwell-C99","Il Sacco di Carbone non emette luce: è una nube vicina che oscura la Via Lattea. Nelle tradizioni aborigene australiane forma la testa dell'Emù nel cielo, una costellazione disegnata dagli spazi scuri anziché dalle stelle.","NASA Hubble","https://science.nasa.gov/mission/hubble/science/explore-the-night-sky/hubble-caldwell-catalog/caldwell-99/",1
"caldwell-C100","IC 2944 contiene i globuli di Thackeray, dense isole di polvere scura stagliate contro l'idrogeno luminoso. La radiazione delle stelle vicine li sta erodendo e potrebbe impedire ad alcuni di collassare in nuove stelle.","NASA Hubble","https://science.nasa.gov/mission/hubble/science/explore-the-night-sky/hubble-caldwell-catalog/caldwell-100/",1
"caldwell-C101","NGC 6744 è uno degli analoghi più convincenti della Via Lattea: grande spirale barrata con bracci aperti e una piccola compagna. Il suo disco, però, si estende per quasi il doppio del diametro della nostra Galassia.","NASA Hubble","https://science.nasa.gov/mission/hubble/science/explore-the-night-sky/hubble-caldwell-catalog/caldwell-101/",1
"caldwell-C102","IC 2602 è detto Pleiadi del Sud, ma è più vicino e più giovane delle Pleiadi boreali. La brillante Theta Carinae domina una popolazione visibile anche a occhio nudo in un campo molto ampio.","Wikipedia","https://en.wikipedia.org/wiki/IC_2602",1
"caldwell-C103","La Tarantola è la più grande regione di formazione stellare del Gruppo Locale. Se fosse alla distanza della Nebulosa di Orione, proietterebbe ombre; nelle sue vicinanze esplose anche la supernova SN 1987A.","NASA Hubble","https://science.nasa.gov/mission/hubble/science/explore-the-night-sky/hubble-caldwell-catalog/caldwell-103/",1
"caldwell-C104","NGC 362 sembra vicino alla Piccola Nube di Magellano, ma appartiene alla Via Lattea ed è molto più vicino. È relativamente ricco di metalli e qualche miliardo di anni più giovane di molti globulari classici.","NASA Hubble","https://science.nasa.gov/mission/hubble/science/explore-the-night-sky/hubble-caldwell-catalog/caldwell-104/",1
"caldwell-C105","NGC 4833 è osservato attraverso una regione polverosa che ne attenua la luce. L'orbita lo porta ripetutamente nel disco galattico, dove gli urti mareali possono avergli sottratto una parte consistente della massa originaria.","NASA Hubble","https://science.nasa.gov/mission/hubble/science/explore-the-night-sky/hubble-caldwell-catalog/caldwell-105/",1
"caldwell-C106","In 47 Tucanae le stelle più massicce migrano verso il centro mentre quelle leggere si spostano all'esterno. La distribuzione delle blue straggler funziona come un orologio dinamico che misura quanto l'ammasso si sia rimescolato.","NASA Hubble","https://science.nasa.gov/mission/hubble/science/explore-the-night-sky/hubble-caldwell-catalog/caldwell-106/",1
"caldwell-C107","NGC 6101 mostra sorprendentemente poca segregazione per massa, nonostante l'età. Una popolazione di buchi neri stellari trattenuti nell'ammasso potrebbe averne rallentato l'evoluzione dinamica interna.","NASA Hubble","https://science.nasa.gov/mission/hubble/science/explore-the-night-sky/hubble-caldwell-catalog/caldwell-107/",1
"caldwell-C108","NGC 4372 si trova dietro la polvere del Sacco di Carbone e appare fortemente arrossato. È un globulare molto povero di metalli, una reliquia delle prime fasi di formazione della Via Lattea.","NASA Hubble","https://science.nasa.gov/mission/hubble/science/explore-the-night-sky/hubble-caldwell-catalog/caldwell-108/",1
"caldwell-C109","NGC 3195 è una delle nebulose planetarie più meridionali accessibili agli osservatori. La sua struttura allungata e i flussi ad alta velocità indicano che l'espulsione della stella centrale non è stata sferica.","NASA Hubble","https://science.nasa.gov/mission/hubble/science/explore-the-night-sky/hubble-caldwell-catalog/caldwell-109/",1
"ngc-NGC292","La Piccola Nube di Magellano è una galassia nana vicina e luminosa. Nella sua regione Wing la scarsità di elementi pesanti riproduce condizioni tipiche dell'Universo giovane, permettendo di studiare la nascita stellare in un ambiente diverso dalla Via Lattea.","NASA Hubble","https://science.nasa.gov/asset/hubble/taken-under-the-wing-of-the-small-magellanic-cloud/",1
"ngc-NGC613","NGC 613 ospita un buco nero supermassiccio stimato circa dieci volte più massiccio di quello della Via Lattea. Attorno, una struttura anulare alimenta intensa formazione stellare e una brillante emissione radio.","NASA Hubble","https://science.nasa.gov/missions/hubble/hubble-sees-a-spiral-galaxys-brights-and-darks/",1
"ngc-NGC660","L'anello di NGC 660 ruota su un piano inclinato di circa 45 gradi rispetto al disco principale. È probabilmente il residuo di un incontro galattico avvenuto circa un miliardo di anni fa.","NASA Chandra","https://science.nasa.gov/missions/chandra/galactic-gems-glisten-in-new-gallery-from-nasas-chandra/",1
"ngc-NGC772","La piccola compagna NGC 770 esercita una trazione mareale su NGC 772. Il risultato è un braccio molto allungato e asimmetrico, tanto caratteristico da far classificare la galassia come peculiare.","NASA Hubble","https://science.nasa.gov/missions/hubble/hubble-spots-a-curious-spiral/",1
"ngc-NGC925","In NGC 925 la barra non coincide perfettamente con il centro dinamico e i due lati della galassia sono molto diversi. La formazione stellare si comporta più come in una galassia irregolare che in una spirale ordinaria.","arXiv","https://arxiv.org/abs/astro-ph/0004219",1
"ngc-NGC1023","Hubble ha individuato in NGC 1023 due popolazioni insolite di ammassi aperti: 81 sistemi antichi e longevi e 27 ammassi giovani e azzurri, probabilmente legati alla piccola compagna NGC 1023A.","NASA Hubble","https://science.nasa.gov/missions/hubble/hubble-focuses-on-a-large-lenticular/",1
"ngc-NGC1055","Il disco di NGC 1055 è deformato e potrebbe essere fino al 15 per cento più grande di quello della Via Lattea. La curvatura è probabilmente legata all'interazione con la vicina M77.","ESO","https://www.eso.org/public/news/eso1707/",1
"ngc-NGC1232","Le immagini del VLT separano nettamente le popolazioni di NGC 1232: stelle più vecchie e rossastre al centro, stelle giovani e azzurre nei bracci. Accanto compare una piccola compagna dalla curiosa forma a theta.","ESO","https://www.eso.org/public/images/eso9845d/",1
"ngc-NGC1300","All'interno della grande barra di NGC 1300 si nasconde una seconda struttura a spirale, larga circa 3.300 anni luce. È una rara spirale dentro la spirale, avvolta attorno al nucleo.","NASA Hubble","https://science.nasa.gov/asset/hubble/spiral-galaxy-ngc-1300/",1
"ngc-NGC1313","NGC 1313 forma stelle a ritmo elevato pur essendo isolata e priva di una compagna evidente che inneschi lo starburst. Il suo centro dinamico è spostato rispetto alla barra e ospita anche due sorgenti X ultraluminose.","ESO","https://www.eso.org/public/news/eso0643/",1
"ngc-NGC1316","Archi, anelli e sottili correnti stellari attorno a NGC 1316 sono le cicatrici di antiche fusioni. Le corsie di polvere nel suo interno confermano che questa grande lenticolare ha inglobato galassie ricche di gas.","ESO","https://www.eso.org/public/news/eso1734/",1
"ngc-NGC1365","La barra di NGC 1365 non è soltanto decorativa: incanala gas verso le regioni centrali e alimenta nuova formazione stellare. Il nucleo ospita inoltre un buco nero supermassiccio attivo.","NASA Hubble","https://science.nasa.gov/asset/hubble/barred-spiral-galaxy-ngc-1365/",1
"ngc-NGC1398","I bracci di NGC 1398 non partono direttamente dal nucleo, ma dalle estremità di una barra rettilinea di stelle. Le chiazze rosate sparse più all'esterno segnano regioni dove stanno nascendo nuove stelle.","ESO","https://www.eso.org/public/images/potw1801a/",1
"ngc-NGC1433","ALMA ha rivelato nel centro di NGC 1433 un deflusso molecolare lungo circa 150 anni luce. Al momento della scoperta era il più piccolo flusso di questo tipo osservato fuori dalla Via Lattea.","ALMA Observatory","https://www.almaobservatory.org/en/press-releases/alma-probes-mysteries-of-jets-from-giant-black-holes/",1
"ngc-NGC1512","L'incontro con la nana NGC 1510 ha distorto l'enorme struttura esterna di NGC 1512 e ha acceso nuova formazione stellare. Le due galassie sono separate da appena circa 68.000 anni luce.","NASA GALEX","https://science.nasa.gov/photojournal/triple-scoop-from-galaxy-hunter/",1
"ngc-NGC1532","La piccola ellittica NGC 1531 sta deformando gravitazionalmente la più grande NGC 1532. Un braccio incurvato, pennacchi e nuove stelle massicce rendono visibile questo lento balletto galattico.","ESO","https://www.eso.org/public/images/ngc1532/",1
"ngc-NGC1566","NGC 1566 fa parte del programma PHANGS, che segue l'intero ciclo della formazione stellare con telescopi diversi. Nell'infrarosso Webb attraversa la polvere e mette in evidenza la rete di gas che alimenta i giovani ammassi.","NASA Webb","https://science.nasa.gov/asset/webb/webb-and-hubbles-views-of-spiral-galaxy-ngc-1566/",1
"ngc-NGC1672","NGC 1672 riunisce molte sorgenti energetiche: un nucleo di Seyfert, regioni di nascita stellare alle estremità della barra e sorgenti X compatte. Non tutta la sua luce intensa proviene quindi dallo stesso processo.","NASA Hubble","https://science.nasa.gov/asset/hubble/hubbles-view-of-barred-spiral-galaxy-ngc-1672/",1
"ngc-NGC1808","Nel centro di NGC 1808 una piccola barra stellare ruota come sistema dinamicamente separato dalla barra maggiore. Le osservazioni infrarosse hanno trovato anche una popolazione giovane di stelle in un disco nucleare.","ESO","https://eso.org/public/news/eso0128/",1
"ngc-NGC2683","Il soprannome Galassia UFO deriva dal disco quasi di taglio, simile a un disco volante. William Herschel la scoprì nel 1788; oggi Hubble mostra quanto la polvere ne scolpisca il profilo.","ESA Hubble","https://esahubble.org/images/potw1213a/",1
"ngc-NGC2841","NGC 2841 è una spirale flocculenta, formata da molti segmenti di braccio invece di due grandi spirali continue. Ha anche un tasso di formazione stellare insolitamente basso: le stelle giovani hanno disperso buona parte del gas circostante.","NASA Hubble","https://science.nasa.gov/asset/hubble/spiral-galaxy-ngc-2841/",1
"ngc-NGC2903","Nonostante sia più luminosa di molti oggetti Messier, NGC 2903 sfuggì al catalogo di Charles Messier. La sua barra convoglia materiale verso il centro, dove alimenta una vivace regione di formazione stellare.","ESA Hubble","https://esahubble.org/news/heic0102/",1
"ngc-NGC2976","Le interazioni con le grandi galassie del gruppo di M81 hanno sottratto gas a NGC 2976. La formazione stellare si è già spenta nelle regioni esterne e quella centrale potrebbe esaurirsi in poche centinaia di milioni di anni.","ESA Hubble","https://esahubble.org/images/opo1005a/",1
"ngc-NGC2997","NGC 2997 è un esempio particolarmente regolare di spirale di tipo Sc. I suoi due bracci dominanti, pur ramificandosi, possono essere seguiti ciascuno per un giro completo attorno al centro.","ESO","https://www.eso.org/public/images/ngc_2997/",1
"ngc-NGC3077","NGC 3077 è unita a M81 e M82 da un ponte diffuso di gas strappato durante incontri gravitazionali. Hubble ha trovato in quel materiale orfano giovani ammassi stellari: le collisioni possono accendere stelle anche fuori dai dischi galattici.","NASA Hubble","https://science.nasa.gov/asset/hubble/ground-based-view-of-m81-m82-group/",1
"ngc-NGC3184","Immagini profonde hanno trovato oltre mille piccoli nodi simili ad ammassi stellari oltre il raggio ottico convenzionale di NGC 3184. Il disco di formazione stellare continua quindi molto più lontano di quanto mostra il profilo brillante.","arXiv","https://arxiv.org/abs/0906.1211",1
"ngc-NGC3344","NGC 3344 possiede sia un anello interno sia uno esterno, oltre a una barra appena percettibile. Le stelle dell'anello più lontano mostrano inoltre moti inattesi rispetto alla rotazione ordinata del disco.","NASA Hubble","https://science.nasa.gov/missions/hubble/hubble-sees-galaxy-in-a-spin/",1
"ngc-NGC3521","I bracci discontinui e lanosi di NGC 3521 le valgono la classificazione flocculenta e il soprannome Galassia Bolla. Invece di una coppia di bracci grand design, il disco è composto da molti frammenti stellari e polverosi.","NASA Hubble","https://science.nasa.gov/missions/hubble/hubble-shears-a-woolly-galaxy-rggrk/",1
"ngc-NGC3621","NGC 3621 è quasi interamente disco e non possiede il rigonfiamento centrale normalmente associato ai grandi buchi neri. Eppure il suo nucleo mostra attività compatibile con un buco nero in accrescimento.","ESO","https://www.eso.org/public/images/potw1148a/",1
"ngc-NGC3628","Le interazioni nel Tripletto del Leone hanno strappato a NGC 3628 una coda mareale lunga circa 300.000 anni luce. Al suo interno si trovano giovani ammassi azzurri e regioni dove continuano a nascere stelle.","NASA APOD","https://science.nasa.gov/image-article/apod-2007-july-27-the-tidal-tail-of-ngc-3628/",1
"ngc-NGC3923","NGC 3923 mostra più di venti gusci stellari concentrici, tra i sistemi più ricchi e simmetrici conosciuti. Sono probabilmente onde prodotte quando la galassia ha inglobato una compagna più piccola.","ESA Hubble","https://esahubble.org/images/potw1519a/",1
"ngc-NGC4214","In NGC 4214 convivono nubi ancora in collasso, ammassi neonati e cavità scavate dalle stelle più massicce. Questa varietà, unita alla relativa vicinanza, ne fa un laboratorio per ricostruire diverse fasi della nascita stellare.","NASA Hubble","https://science.nasa.gov/missions/hubble/galaxy-ngc-4214-a-star-formation-laboratory/",1
"ngc-NGC4216","Attorno a NGC 4216 si intrecciano deboli correnti, anelli e pennacchi prodotti dalla distruzione di galassie nane. Una delle strutture sembra persino provenire da un satellite di un altro satellite.","arXiv","https://arxiv.org/abs/1302.6611",1
"ngc-NGC4395","NGC 4395 non ha un bulge classico, ma ospita ugualmente un nucleo di Seyfert. Il suo buco nero, stimato intorno a diecimila masse solari, è tra i più piccoli conosciuti al centro di una galassia.","NASA Hubble","https://science.nasa.gov/missions/hubble/hubble-gazes-at-the-home-of-an-enormous-black-hole/",1
"ngc-NGC4414","Le Cefeidi di NGC 4414 furono osservate ripetutamente da Hubble per misurarne con precisione la distanza. Quel gradino della scala cosmica contribuì a determinare il tasso di espansione e l'età dell'Universo.","NASA Hubble","https://science.nasa.gov/missions/hubble/magnificent-details-in-a-dusty-spiral-galaxy/",1
"ngc-NGC4490","NGC 4490 e NGC 4485 si sono attraversate gravitazionalmente e sono tuttora unite da un ponte di gas. L'incontro ha deformato la Galassia Bozzolo e innescato ondate di formazione stellare in entrambe.","ESA Hubble","https://esahubble.org/images/heic1716a/",1
"ngc-NGC4526","Nel centro di NGC 4526 un disco di gas ruota fino a circa 250 chilometri al secondo attorno a un buco nero di circa 450 milioni di masse solari. La galassia ha ospitato anche due supernove osservate.","NASA Hubble","https://science.nasa.gov/centers-and-facilities/goddard/hubble-views-the-whirling-disk-of-ngc-4526/",1
"ngc-NGC4535","Il soprannome Galassia Perduta nasce dal contrasto fra le fotografie ricche di bracci e l'apparenza quasi fantasma nei piccoli telescopi. Proprio il suo disco ospita però numerosi vivai stellari studiati dal programma PHANGS.","NASA Hubble","https://science.nasa.gov/missions/hubble/hubble-takes-portrait-of-the-a-lost-galaxy/",1
"ngc-NGC4654","La forma sbilanciata di NGC 4654 non si spiega con un solo meccanismo. I modelli riproducono insieme stelle e lunga coda di gas soltanto combinando un passaggio vicino a NGC 4639 con la pressione del mezzo dell'ammasso della Vergine.","arXiv","https://arxiv.org/abs/astro-ph/0211321",1
"ngc-NGC4696","Il buco nero centrale di NGC 4696 attraversa cicli di attività ogni cinque-dieci milioni di anni. Le eruzioni gonfiano cavità e generano onde d'urto nel gas caldo dell'ammasso del Centauro.","Chandra X-ray Observatory","https://www.chandra.harvard.edu/photo/2017/ngc4696/",1
"ngc-NGC4725","NGC 4725 è una rarità morfologica: possiede un solo braccio a spirale dominante invece dei due o più comuni. Quel braccio si avvolge attorno a una barra centrale formando un anello ricco di nuove stelle.","NASA Chandra","https://science.nasa.gov/missions/chandra/galactic-gems-glisten-in-new-gallery-from-nasas-chandra/",1
"ngc-NGC4753","Le corsie di polvere contorte di NGC 4753 conservano la geometria di una fusione con una galassia nana avvenuta circa 1,3 miliardi di anni fa. La stessa galassia ha ospitato due supernove di tipo Ia.","NASA Hubble","https://science.nasa.gov/missions/hubble/hubble-views-cosmic-dust-lanes/",1
"ngc-NGC4762","Vista di taglio, NGC 4762 sembra una semplice lama; studiandone la struttura gli astronomi l'hanno riclassificata da spirale barrata a lenticolare. È un buon esempio di quanto l'orientamento possa nascondere la vera forma di una galassia.","ESA Hubble","https://esahubble.org/images/potw1443a/",1
"ngc-NGC5068","NGC 5068 contiene migliaia di regioni di formazione stellare e almeno 110 stelle Wolf-Rayet, astri massicci in una breve fase evolutiva. Eppure il suo ampio disco ha luminosità superficiale abbastanza bassa da renderla difficile all'occhio.","NASA Hubble","https://science.nasa.gov/missions/hubble/hubbles-multi-wavelength-view-of-recently-released-webb-image/",1
"ngc-NGC5253","NGC 5253 è insieme una nana compatta azzurra e una galassia starburst. La densa nebulosa centrale viene consumata da ammassi di stelle massicce formati a un ritmo eccezionale per una galassia così piccola.","ESA Hubble","https://esahubble.org/images/potw2426a/",1
"ngc-NGC5907","La fascia di polveri di NGC 5907 è tanto marcata da aver fatto scambiare i due lati della galassia per oggetti distinti. Per questo lo stesso sistema entrò nel New General Catalogue con due numeri: NGC 5906 e NGC 5907.","NASA Spitzer","https://www.spitzer.caltech.edu/image/sig05-002a-ngc-5907-in-the-infrared",1
"ngc-NGC6503","NGC 6503 vive sul bordo del Vuoto Locale, una regione poverissima di galassie larga almeno 150 milioni di anni luce. Il suo disco misura soltanto circa un terzo di quello della Via Lattea.","NASA Hubble","https://science.nasa.gov/missions/hubble/lonely-galaxy-lost-in-space/",1
"ngc-NGC7217","NGC 7217 possiede un anello nucleare, uno interno e uno esterno pur non mostrando una forte barra. L'anello esterno contiene circa due terzi dell'idrogeno neutro della galassia ed è sede di formazione stellare intensa.","IAA-CSIC","https://archive.iaa.csic.es/publications/3-rings-isolated-galaxy-ngc-7217",1
"ngc-NGC7424","Dopo la supernova 2001ig, Hubble riuscì a isolare la stella compagna sopravvissuta. È una delle prove più chiare che alcune supernove perdono gran parte dell'involucro a causa dell'interazione in un sistema binario.","NASA Hubble","https://science.nasa.gov/asset/hubble/compass-image-for-ngc-7424/",1
"ngc-NGC7793","Un sistema binario in NGC 7793 contiene un buco nero stellare i cui getti stanno gonfiando una bolla di gas caldo larga circa mille anni luce. È una scala enorme rispetto all'oggetto compatto che la alimenta.","ESA Hubble","https://esahubble.org/images/potw1438a/",1
"ngc-NGC404","NGC 404 sembrava una lenticolare tranquilla, ma l'ultravioletto di GALEX ha rivelato un anello esterno dove stanno nascendo nuove stelle. Il bagliore di Mirach, utile per trovarla al telescopio, ne rende invece difficile lo studio nelle immagini visibili.","NASA Science","https://science.nasa.gov/photojournal/ghost-of-mirach-rears-its-spooky-head/",1
"ngc-NGC1156","In NGC 1156 alcune sacche di gas ruotano nel verso opposto al resto della galassia. Questa anomalia suggerisce che la nana, oggi molto isolata, abbia subito in passato un incontro o un'acquisizione di materia.","ESA Hubble","https://esahubble.org/images/potw1927a/",1
"ngc-NGC1266","NGC 1266 è una rara galassia post-starburst in transizione: una fusione minore avvenuta circa 500 milioni di anni fa ha alimentato il nucleo, ma potenti flussi di gas stanno ora soffocando la nascita di nuove stelle.","NASA Hubble","https://science.nasa.gov/missions/hubble/hubble-sights-galaxy-in-transition/",1
"ngc-NGC1511","Un ponte di idrogeno collega NGC 1511 alla piccola NGC 1511B. Code, anelli e pennacchi indicano che l'interazione ha rimescolato il gruppo e potrebbe aver distrutto quasi del tutto un terzo membro.","ESA Hubble","https://esahubble.org/images/potw2545a/",1
"ngc-NGC1559","Pur non avendo una compagna vicina, NGC 1559 ha prodotto quattro supernove osservate tra il 1984 e il 2009. Per una galassia relativamente isolata è una sequenza notevole, coerente con la sua vivace formazione stellare.","NASA Hubble","https://science.nasa.gov/missions/hubble/hubbles-lonely-firework-display/",1
"ngc-NGC1705","Il grande ammasso al centro di NGC 1705 si formò durante un'intensa esplosione di nascite stellari iniziata circa 30 milioni di anni fa. I venti delle stelle giovani hanno poi espulso parte del gas della piccola galassia.","ESA Hubble","https://esahubble.org/images/heic0302a/",1
"ngc-NGC1792","La distribuzione asimmetrica delle giovani stelle di NGC 1792 conserva la traccia dell'interazione con la vicina NGC 1808. Il passaggio gravitazionale ha compresso il gas e acceso nuova formazione stellare soprattutto su un lato del disco.","ESA Hubble","https://esahubble.org/images/potw2548a/",1
"ngc-NGC1961","Il singolare braccio largo di NGC 1961 non è la sua unica particolarità: nella galassia sono state osservate quattro supernove in appena tre decenni. Il disco deformato segnala una storia dinamica ancora non del tutto chiarita.","ESA Hubble","https://esahubble.org/images/potw2517a/",1
"ngc-NGC2146","Una fascia di polveri di NGC 2146 attraversa il nucleo e si incurva fino a circa 45 gradi rispetto al disco. La deformazione è probabilmente l'impronta di un antico incontro che ha anche alimentato l'attuale starburst.","NASA Hubble","https://science.nasa.gov/image-detail/41531066445-b9ebc4aca4-o1/",1
"ngc-NGC2442","I due bracci diseguali che danno a NGC 2442 la forma di un uncino sono probabilmente il risultato di un incontro ravvicinato. Nel braccio più compatto esplose anche la supernova SN 1999ga, mostrando quanto la perturbazione abbia concentrato la formazione stellare.","ESO","https://www.eso.org/public/images/ngc2442/",1
"ngc-NGC3079","Dal centro di NGC 3079 emerge una superbolla di gas caldo alimentata dall'attività del nucleo e dalla formazione stellare. Le osservazioni in raggi X mostrano che la struttura contiene filamenti e cavità scolpiti da materiale espulso dalla galassia.","Chandra X-ray Observatory","https://chandra.harvard.edu/photo/2019/ngc3079/",1
"ngc-NGC3310","I numerosi ammassi di NGC 3310 non hanno tutti la stessa età. Confrontandone i colori, gli astronomi possono ricostruire quando le diverse ondate di formazione stellare hanno attraversato la galassia dopo una probabile fusione.","NASA Hubble","https://science.nasa.gov/missions/hubble/a-galaxy-blazes-with-star-formation/",1
"ngc-NGC3370","NGC 3370 ospita sia stelle Cefeidi sia una supernova di tipo Ia. Le due classi di indicatori di distanza possono così essere confrontate nella stessa galassia, migliorando la calibrazione usata per misurare l'espansione cosmica.","ESA Hubble","https://esahubble.org/images/potw2542a/",1
"ngc-NGC3718","La forma a S e la fascia di polveri piegata di NGC 3718 derivano probabilmente dall'interazione con NGC 3729. Nell'infrarosso la polvere diventa più trasparente e lascia apparire il nucleo che in luce visibile sembra quasi tagliato in due.","NASA Hubble","https://science.nasa.gov/missions/hubble/hubble-views-a-twisted-spiral/",1
"ngc-NGC4102","Il nucleo di NGC 4102 è classificato come LINER ed è nascosto dietro una colonna di materia così densa da bloccare persino gran parte dei raggi X. Per questo viene definito un nucleo attivo Compton-thick.","ESA Hubble","https://esahubble.org/images/potw2544a/",1
"ngc-NGC4314","Un anello allungato di giovani stelle e regioni H II occupa il cuore di NGC 4314 seguendo l'orientamento della barra. Questa struttura rende la galassia un laboratorio naturale per studiare come le barre convoglino gas verso il centro e ne guidino la lenta evoluzione.","The Astronomical Journal","https://arxiv.org/abs/astro-ph/0203027",1
"ngc-NGC4388","Muovendosi nell'ammasso della Vergine, NGC 4388 perde gas per la pressione del mezzo intergalattico. Una parte forma un enorme pennacchio, illuminato sia dalla radiazione del nucleo attivo sia dagli urti nel gas strappato.","ESA Hubble","https://esahubble.org/images/potw2550a/",1
"ngc-NGC4666","L'intensa formazione stellare di NGC 4666 alimenta un supervento: gas caldo fuoriesce dal disco su scala galattica. Lo starburst è probabilmente stato innescato dalle interazioni gravitazionali con le galassie vicine.","ESA Hubble","https://esahubble.org/images/potw2141a/",1
"ngc-NGC5084","Chandra ha scoperto in NGC 5084 quattro pennacchi di plasma a raggi X, due lungo il piano della galassia e due perpendicolari. Anche il piccolo disco attorno al buco nero centrale appare ruotato di circa 90 gradi rispetto al disco stellare.","Chandra X-ray Observatory","https://chandra.harvard.edu/press/24_releases/press_121824.html",1
"ngc-NGC5102","Benché classificata come lenticolare, NGC 5102 contiene gas e una popolazione centrale insolitamente giovane. È considerata una galassia post-starburst vicina, utile per seguire il passaggio da un sistema attivo a uno più quieto.","The Astronomical Journal","https://arxiv.org/abs/1001.2236",1
"ngc-NGC5746","Il rigonfiamento squadrato di NGC 5746 non è un bulge classico: è soprattutto la parte interna della barra vista di taglio, con forma a scatola o arachide. Le sue stelle indicano che la barra è antica e stabile.","Monthly Notices of the Royal Astronomical Society","https://arxiv.org/abs/2109.09770",1
"ngc-NGC6000","NGC 6000 ha ospitato le supernove 2007ch e 2010as. Durante una ripresa Hubble, inoltre, un asteroide del Sistema Solare attraversò il campo lasciando quattro brevi scie colorate tra la galassia e le stelle di fondo.","ESA Hubble","https://esahubble.org/images/potw2539a/",1
"ngc-NGC6951","Attorno al nucleo di NGC 6951 corre un anello starburst largo circa 3.800 anni luce, con più di 80 ammassi candidati. La struttura forma stelle da 1-1,5 miliardi di anni, molto più a lungo di un singolo episodio esplosivo.","ESA Hubble","https://esahubble.org/images/potw2540a/",1
"ngc-NGC7496","NGC 7496 fu la prima galassia del programma PHANGS osservata dal telescopio Webb. La sua polvere, opaca in luce visibile, diventa una rete di cavità e filamenti nell'infrarosso medio, rivelando l'azione delle stelle giovani.","ESA Hubble","https://esahubble.org/images/potw2541a/",1
"ngc-NGC7727","Nel nucleo di NGC 7727 sono stati misurati due buchi neri supermassicci separati da soli 1.600 anni luce, residui delle galassie originarie. I due dovrebbero fondersi tra circa 250 milioni di anni.","ESO","https://www.eso.org/public/news/eso2211/",1
"ngc-NGC1360","La spettroscopia ha rivelato un periodo orbitale di circa 142 giorni per la stella centrale di NGC 1360. Il modello del sistema indica come probabile compagna un'altra nana bianca, non una stella risolta all'oculare.","Miszalski et al. (2017), MNRAS","https://arxiv.org/abs/1703.10891",1
"ngc-NGC1501","La stella al centro di NGC 1501 è una pulsatrice: la sua luminosità varia su tempi di circa mezz'ora. Questo comportamento si misura con osservazioni fotometriche, non va confuso con lo scintillio atmosferico.","NASA / Hubble","https://science.nasa.gov/missions/hubble/hubble-view-of-bubbly-nebula/",1
"ngc-NGC1514","Il punto luminoso centrale di NGC 1514 contiene due stelle, con un'orbita allungata di circa nove anni. Neppure nelle immagini di Webb si distinguono come due punti separati: la coppia è studiata anche attraverso la spettroscopia.","NASA / Webb","https://science.nasa.gov/missions/webb/with-nasas-webb-dying-stars-energetic-display-comes-into-full-focus/",1
"ngc-NGC1535","Uno studio con Hubble ha cercato eventuali compagne delle stelle centrali di numerose planetarie. Per NGC 1535 le osservazioni suggeriscono una coppia gravitazionalmente legata: è un'indicazione, non la conferma definitiva di una stella doppia.","NASA / Hubble","https://science.nasa.gov/missions/hubble/hubble-spies-eye-in-the-sky/",1
"ngc-NGC2346","La coppia centrale di NGC 2346 completa un'orbita in circa 16 giorni. L'interazione fra le due stelle offre una spiegazione per l'espulsione del gas in due lobi, anziché in un guscio quasi sferico.","NASA / Hubble","https://science.nasa.gov/asset/hubble/ngc-2346/",1
"ngc-NGC2371","Le immagini di Hubble mostrano getti la cui direzione è cambiata nel corso di alcune migliaia di anni. NGC 2371 conserva così tracce di un'espulsione di materia che non ha mantenuto sempre lo stesso asse.","NASA / Hubble","https://science.nasa.gov/missions/hubble/hubble-captures-dynamic-dying-star/",1
"ngc-NGC2438","Attorno all'anello brillante di NGC 2438 esiste un alone molto più esteso. Lo studio della sua emissione indica che anche quel gas rarefatto resta ionizzato dalla stella centrale: non è semplicemente un guscio spento.","NASA / Hubble","https://science.nasa.gov/missions/hubble/hubble-images-colorful-planetary-nebula-ringed-by-hazy-halo/",1
"ngc-NGC2440","Con una temperatura superficiale stimata intorno a 200.000 K, la stella centrale di NGC 2440 fornisce intensa radiazione ultravioletta. La misura riguarda la stella: non significa che tutto il gas della nebulosa sia altrettanto caldo.","NASA / Hubble","https://science.nasa.gov/asset/hubble/central-star-of-nebula-ngc-2440-one-of-hottest-known-stars/",1
"ngc-NGC2899","Per NGC 2899, l'interpretazione presentata dall'ESO attribuisce a una compagna stellare un ruolo nel deviare il gas della stella morente. Le due ali sarebbero quindi la traccia di un'interazione, non di un'espulsione uniforme.","ESO","https://www.eso.org/public/news/eso2012/",1
"ngc-NGC5189","Nel 2015 uno studio spettroscopico individuò nella stella centrale di NGC 5189 una periodicità di circa quattro giorni, interpretata come moto orbitale. La compagna proposta è probabilmente una nana bianca, non una seconda stella facilmente visibile.","Manick et al. (2015), MNRAS","https://arxiv.org/abs/1501.03373",1
"ngc-NGC6153","NGC 6153 ha una composizione chimica insolitamente ricca: le misure riassunte da ESA/Hubble indicano un'abbondanza di azoto circa cinque volte quella solare. Lo spettro rivela quindi una particolarità che il semplice aspetto ellittico non lascia intuire.","ESA / Hubble","https://esahubble.org/images/potw1525a/",1
"ngc-NGC6210","Hubble ha mostrato in NGC 6210 coppie di getti opposti che attraversano aperture nei gusci interni. I bordi di queste aperture sembrano incanalare il flusso: la sagoma della Tartaruga registra espulsioni lungo più direzioni.","NASA / Hubble","https://science.nasa.gov/asset/hubble/a-turtle-shaped-nebula-ngc-6210-and-the-structure-around-its-star-inset/",1
"ngc-NGC6369","L'immagine di Hubble di NGC 6369 separa regioni con diversi stati di ionizzazione. L'anello più interno riceve radiazione ultravioletta più intensa del gas esterno: la diversa emissione aiuta a leggere come la stella illumina l'involucro.","NASA / Hubble","https://science.nasa.gov/asset/hubble/an-old-star-gives-up-the-ghost/",1
"ngc-NGC6537","In NGC 6537 il vento della stella centrale produce onde d'urto supersoniche. Hubble mostra strutture in cui il gas viene compresso e riscaldato: il disegno dei lobi racconta anche uno scontro fra flussi, non soltanto illuminazione ultravioletta.","ESA / Hubble","https://esahubble.org/images/heic0109a/",1
"ngc-NGC6572","NGC 6572 è una planetaria giovane, con gas che si espande a circa 15 km/s. L'involucro non ha ancora disperso la propria luce su una grande superficie, rendendola un caso utile per distinguere luminosità totale e concentrazione apparente.","ESA / Hubble","https://esahubble.org/images/potw1034a/",1
"ngc-NGC6741","Pur essendo relativamente brillante, NGC 6741 sfuggì alle prime ricognizioni perché è piccolissima. Fu individuata nel 1882 da Edward Charles Pickering: un esempio di come l'aspetto quasi stellare possa nascondere una nebulosa.","ESA / Hubble","https://esahubble.org/images/potw1022a/",1
"ngc-NGC6751","Nelle immagini di NGC 6751, parte del gas più freddo forma filamenti rivolti verso l'esterno. La loro disposizione mostra l'azione della radiazione e del vento stellare sul materiale: non sono raggi luminosi emessi come da un faro.","NASA / Hubble","https://science.nasa.gov/asset/hubble/the-glowing-eye-of-planetary-nebula-ngc-6751/",1
"ngc-NGC6818","Per NGC 6818 si ritiene che il vento veloce della stella centrale urti il gas espulso più lentamente. Questo meccanismo può spiegare le zone luminose dove il flusso perfora gli strati esterni della bolla.","ESA / Hubble","https://esahubble.org/images/potw1531a/",1
"ngc-NGC6891","Dal moto del gas sono state stimate età di circa 4.800 anni per un guscio di NGC 6891 e 28.000 per l'alone esterno. La differenza indica episodi di perdita di massa separati, non un'unica espulsione simultanea.","NASA / Hubble","https://science.nasa.gov/missions/hubble/hubbles-view-of-planetary-nebula-reveals-complex-structure/",1
"ngc-NGC7027","Nel 2019 SOFIA rilevò in NGC 7027 lo ione idruro di elio, HeH+, per la prima volta nello spazio. È lo stesso tipo di molecola previsto agli inizi dell'Universo, ma qui si forma localmente: non è sopravvissuta dal Big Bang.","SOFIA Science Center / NASA","https://irsa.ipac.caltech.edu/data/SOFIA/docs/publications/science-results-archive/first-astrophysical-detection-very-special-molecule/index.html",1
