scenario_id,scenario_name,weather_state,seeing,seeing_score,transparency,transparency_score,bortle_class,viirs_radiance,target_id,target_name,target_category,object_type,observation_type,equipment_type,setup_type,setup_text,display_label,suggested_position,magnification,magnification_value,barlow,difficulty,selection_score,alternative,high_magnification,wide_field,option_count,duplicate_option_count,ambiguous_option_label_count,explanation
P01,Solo occhio nudo,"sereno, meteo neutro",Unknown,,Unknown,,4,,mercury,Mercurio,Planet,Pianeta,HighMagnification,NakedEye,naked_eye,Occhio nudo,,,n/d,,No,Difficile,20.0,Occhio nudo,,,0,0,0,Oggetto compatibile con osservazione a occhio nudo.
P01,Solo occhio nudo,"sereno, meteo neutro",Unknown,,Unknown,,4,,venus,Venere,Planet,Pianeta,HighMagnification,NakedEye,naked_eye,Occhio nudo,,,n/d,,No,Facile,20.0,Occhio nudo,,,0,0,0,Oggetto compatibile con osservazione a occhio nudo.
P01,Solo occhio nudo,"sereno, meteo neutro",Unknown,,Unknown,,4,,mars,Marte,Planet,Pianeta,HighMagnification,NakedEye,naked_eye,Occhio nudo,,,n/d,,No,Media,20.0,Occhio nudo,,,0,0,0,Oggetto compatibile con osservazione a occhio nudo.
P01,Solo occhio nudo,"sereno, meteo neutro",Unknown,,Unknown,,4,,jupiter,Giove,Planet,Pianeta,HighMagnification,NakedEye,naked_eye,Occhio nudo,,,n/d,,No,Facile,20.0,Occhio nudo,,,0,0,0,Oggetto compatibile con osservazione a occhio nudo.
P01,Solo occhio nudo,"sereno, meteo neutro",Unknown,,Unknown,,4,,saturn,Saturno,Planet,Pianeta,HighMagnification,NakedEye,naked_eye,Occhio nudo,,,n/d,,No,Media,20.0,Occhio nudo,,,0,0,0,Oggetto compatibile con osservazione a occhio nudo.
P01,Solo occhio nudo,"sereno, meteo neutro",Unknown,,Unknown,,4,,uranus,Urano,Planet,Pianeta,HighMagnification,NakedEye,naked_eye,Serve almeno un binocolo o telescopio,,,n/d,,No,Non adatto a occhio nudo,0.0,Binocolo o telescopio consigliato,,,0,0,0,Oggetto non realistico senza strumento ottico.
P01,Solo occhio nudo,"sereno, meteo neutro",Unknown,,Unknown,,4,,neptune,Nettuno,Planet,Pianeta,HighMagnification,NakedEye,naked_eye,Serve almeno un binocolo o telescopio,,,n/d,,No,Non adatto a occhio nudo,0.0,Binocolo o telescopio consigliato,,,0,0,0,Oggetto non realistico senza strumento ottico.
P01,Solo occhio nudo,"sereno, meteo neutro",Unknown,,Unknown,,4,,messier-M1,M1 Crab Nebula,Messier general,Supernova remnant,General,NakedEye,naked_eye,Serve almeno un binocolo o telescopio,,,n/d,,No,Non adatto a occhio nudo,0.0,Binocolo o telescopio consigliato,,,0,0,0,Oggetto non realistico senza strumento ottico.
P01,Solo occhio nudo,"sereno, meteo neutro",Unknown,,Unknown,,4,,messier-M3,M3,Messier globular,Globular cluster,General,NakedEye,naked_eye,Serve almeno un binocolo o telescopio,,,n/d,,No,Non adatto a occhio nudo,0.0,Binocolo o telescopio consigliato,,,0,0,0,Oggetto non realistico senza strumento ottico.
P01,Solo occhio nudo,"sereno, meteo neutro",Unknown,,Unknown,,4,,messier-M5,M5 Rose Cluster,Messier globular,Globular cluster,General,NakedEye,naked_eye,Serve almeno un binocolo o telescopio,,,n/d,,No,Non adatto a occhio nudo,0.0,Binocolo o telescopio consigliato,,,0,0,0,Oggetto non realistico senza strumento ottico.
P01,Solo occhio nudo,"sereno, meteo neutro",Unknown,,Unknown,,4,,messier-M7,M7 Ptolemy's Cluster,Messier wide-field,Open cluster,WideField,NakedEye,naked_eye,Occhio nudo,,,n/d,,No,Facile,20.0,Occhio nudo,,,0,0,0,Oggetto compatibile con osservazione a occhio nudo.
P01,Solo occhio nudo,"sereno, meteo neutro",Unknown,,Unknown,,4,,messier-M8,M8 Lagoon Nebula,Messier wide-field,Nebula with cluster,WideField,NakedEye,naked_eye,Serve almeno un binocolo o telescopio,,,n/d,,No,Non adatto a occhio nudo,0.0,Binocolo o telescopio consigliato,,,0,0,0,Oggetto non realistico senza strumento ottico.
P01,Solo occhio nudo,"sereno, meteo neutro",Unknown,,Unknown,,4,,messier-M13,M13 Great Hercules Cluster,Messier globular,Globular cluster,General,NakedEye,naked_eye,Serve almeno un binocolo o telescopio,,,n/d,,No,Non adatto a occhio nudo,0.0,Binocolo o telescopio consigliato,,,0,0,0,Oggetto non realistico senza strumento ottico.
P01,Solo occhio nudo,"sereno, meteo neutro",Unknown,,Unknown,,4,,messier-M15,M15 Great Pegasus Cluster,Messier globular,Globular cluster,General,NakedEye,naked_eye,Serve almeno un binocolo o telescopio,,,n/d,,No,Non adatto a occhio nudo,0.0,Binocolo o telescopio consigliato,,,0,0,0,Oggetto non realistico senza strumento ottico.
P01,Solo occhio nudo,"sereno, meteo neutro",Unknown,,Unknown,,4,,messier-M17,"M17 Omega, Swan, Horseshoe, Lobster, or Checkmark Nebula",Messier nebula,H II region nebula with cluster,General,NakedEye,naked_eye,Serve almeno un binocolo o telescopio,,,n/d,,No,Non adatto a occhio nudo,0.0,Binocolo o telescopio consigliato,,,0,0,0,Oggetto non realistico senza strumento ottico.
P01,Solo occhio nudo,"sereno, meteo neutro",Unknown,,Unknown,,4,,messier-M24,M24 Small Sagittarius Star Cloud,Messier wide-field,Milky Way star cloud,WideField,NakedEye,naked_eye,Occhio nudo,,,n/d,,No,Facile,20.0,Occhio nudo,,,0,0,0,Oggetto compatibile con osservazione a occhio nudo.
P01,Solo occhio nudo,"sereno, meteo neutro",Unknown,,Unknown,,4,,messier-M27,M27 Dumbbell Nebula,Messier planetary nebula,Planetary nebula,General,NakedEye,naked_eye,Serve almeno un binocolo o telescopio,,,n/d,,No,Non adatto a occhio nudo,0.0,Binocolo o telescopio consigliato,,,0,0,0,Oggetto non realistico senza strumento ottico.
P01,Solo occhio nudo,"sereno, meteo neutro",Unknown,,Unknown,,4,,messier-M31,M31 Andromeda Galaxy,Messier wide-field,Spiral galaxy,WideField,NakedEye,naked_eye,Serve almeno un binocolo o telescopio,,,n/d,,No,Non adatto a occhio nudo,0.0,Binocolo o telescopio consigliato,,,0,0,0,Oggetto non realistico senza strumento ottico.
P01,Solo occhio nudo,"sereno, meteo neutro",Unknown,,Unknown,,4,,messier-M42,M42 Great Orion Nebula,Messier wide-field,H II region nebula,WideField,NakedEye,naked_eye,Serve almeno un binocolo o telescopio,,,n/d,,No,Non adatto a occhio nudo,0.0,Binocolo o telescopio consigliato,,,0,0,0,Oggetto non realistico senza strumento ottico.
P01,Solo occhio nudo,"sereno, meteo neutro",Unknown,,Unknown,,4,,messier-M44,M44 Beehive Cluster or Praesepe,Messier wide-field,Open cluster,WideField,NakedEye,naked_eye,Occhio nudo,,,n/d,,No,Facile,20.0,Occhio nudo,,,0,0,0,Oggetto compatibile con osservazione a occhio nudo.
P01,Solo occhio nudo,"sereno, meteo neutro",Unknown,,Unknown,,4,,messier-M45,"M45 Pleiades, Seven Sisters or Subaru",Messier wide-field,Open cluster,WideField,NakedEye,naked_eye,Occhio nudo,,,n/d,,No,Facile,20.0,Occhio nudo,,,0,0,0,Oggetto compatibile con osservazione a occhio nudo.
P01,Solo occhio nudo,"sereno, meteo neutro",Unknown,,Unknown,,4,,messier-M51,M51 Whirlpool Galaxy,Messier galaxy,Spiral galaxy,General,NakedEye,naked_eye,Serve almeno un binocolo o telescopio,,,n/d,,No,Non adatto a occhio nudo,0.0,Binocolo o telescopio consigliato,,,0,0,0,Oggetto non realistico senza strumento ottico.
P01,Solo occhio nudo,"sereno, meteo neutro",Unknown,,Unknown,,4,,messier-M57,M57 Ring Nebula,Messier planetary nebula,Planetary nebula,HighMagnification,NakedEye,naked_eye,Serve almeno un binocolo o telescopio,,,n/d,,No,Non adatto a occhio nudo,0.0,Binocolo o telescopio consigliato,,,0,0,0,Oggetto non realistico senza strumento ottico.
P01,Solo occhio nudo,"sereno, meteo neutro",Unknown,,Unknown,,4,,messier-M81,M81 Bode's Galaxy,Messier galaxy,Spiral galaxy,General,NakedEye,naked_eye,Serve almeno un binocolo o telescopio,,,n/d,,No,Non adatto a occhio nudo,0.0,Binocolo o telescopio consigliato,,,0,0,0,Oggetto non realistico senza strumento ottico.
P01,Solo occhio nudo,"sereno, meteo neutro",Unknown,,Unknown,,4,,messier-M92,M92,Messier globular,Globular cluster,General,NakedEye,naked_eye,Serve almeno un binocolo o telescopio,,,n/d,,No,Non adatto a occhio nudo,0.0,Binocolo o telescopio consigliato,,,0,0,0,Oggetto non realistico senza strumento ottico.
P02,Binocolo 7x50 sotto cielo scuro,sereno secco,Good,72,Excellent,82,3,0.6,mercury,Mercurio,Planet,Pianeta,HighMagnification,Binocular,binocular,Celestron Cometron 7×50,Celestron Cometron 7×50,,7x,7,No,Difficile,37.9,n/d,,,1,0,0,"Il binocolo permette di individuare l'oggetto, ma non è ideale per i dettagli: servirebbe maggiore ingrandimento. Configurazione disponibile: 7x con pupilla 7,1 mm."
P02,Binocolo 7x50 sotto cielo scuro,sereno secco,Good,72,Excellent,82,3,0.6,venus,Venere,Planet,Pianeta,HighMagnification,Binocular,binocular,Celestron Cometron 7×50,Celestron Cometron 7×50,,7x,7,No,Difficile,37.9,n/d,,,1,0,0,"Il binocolo permette di individuare l'oggetto, ma non è ideale per i dettagli: servirebbe maggiore ingrandimento. Configurazione disponibile: 7x con pupilla 7,1 mm."
P02,Binocolo 7x50 sotto cielo scuro,sereno secco,Good,72,Excellent,82,3,0.6,mars,Marte,Planet,Pianeta,HighMagnification,Binocular,binocular,Celestron Cometron 7×50,Celestron Cometron 7×50,,7x,7,No,Difficile,37.9,n/d,,,1,0,0,"Il binocolo permette di individuare l'oggetto, ma non è ideale per i dettagli: servirebbe maggiore ingrandimento. Configurazione disponibile: 7x con pupilla 7,1 mm."
P02,Binocolo 7x50 sotto cielo scuro,sereno secco,Good,72,Excellent,82,3,0.6,jupiter,Giove,Planet,Pianeta,HighMagnification,Binocular,binocular,Celestron Cometron 7×50,Celestron Cometron 7×50,,7x,7,No,Difficile,37.9,n/d,,,1,0,0,"Il binocolo permette di individuare l'oggetto, ma non è ideale per i dettagli: servirebbe maggiore ingrandimento. Configurazione disponibile: 7x con pupilla 7,1 mm."
P02,Binocolo 7x50 sotto cielo scuro,sereno secco,Good,72,Excellent,82,3,0.6,saturn,Saturno,Planet,Pianeta,HighMagnification,Binocular,binocular,Celestron Cometron 7×50,Celestron Cometron 7×50,,7x,7,No,Difficile,37.9,n/d,,,1,0,0,"Il binocolo permette di individuare l'oggetto, ma non è ideale per i dettagli: servirebbe maggiore ingrandimento. Configurazione disponibile: 7x con pupilla 7,1 mm."
P02,Binocolo 7x50 sotto cielo scuro,sereno secco,Good,72,Excellent,82,3,0.6,uranus,Urano,Planet,Pianeta,HighMagnification,Binocular,binocular,Celestron Cometron 7×50,Celestron Cometron 7×50,,7x,7,No,Difficile,37.9,n/d,,,1,0,0,"Il binocolo permette di individuare l'oggetto, ma non è ideale per i dettagli: servirebbe maggiore ingrandimento. Configurazione disponibile: 7x con pupilla 7,1 mm."
P02,Binocolo 7x50 sotto cielo scuro,sereno secco,Good,72,Excellent,82,3,0.6,neptune,Nettuno,Planet,Pianeta,HighMagnification,Binocular,binocular,Celestron Cometron 7×50,Celestron Cometron 7×50,,7x,7,No,Difficile,35.9,n/d,,,1,0,0,"Il binocolo permette di individuare l'oggetto, ma non è ideale per i dettagli: servirebbe maggiore ingrandimento. Configurazione disponibile: 7x con pupilla 7,1 mm."
P02,Binocolo 7x50 sotto cielo scuro,sereno secco,Good,72,Excellent,82,3,0.6,messier-M1,M1 Crab Nebula,Messier general,Supernova remnant,General,Binocular,binocular,Celestron Cometron 7×50,Celestron Cometron 7×50,,7x,7,No,Media,47.9,n/d,,,1,0,0,"Configurazione utilizzabile a basso ingrandimento: 7x con pupilla 7,1 mm; un telescopio può mostrare più dettaglio se disponibile."
P02,Binocolo 7x50 sotto cielo scuro,sereno secco,Good,72,Excellent,82,3,0.6,messier-M3,M3,Messier globular,Globular cluster,General,Binocular,binocular,Celestron Cometron 7×50,Celestron Cometron 7×50,,7x,7,No,Media,60.0,n/d,,,1,0,0,"Configurazione utilizzabile a basso ingrandimento: 7x con pupilla 7,1 mm; un telescopio può mostrare più dettaglio se disponibile."
P02,Binocolo 7x50 sotto cielo scuro,sereno secco,Good,72,Excellent,82,3,0.6,messier-M5,M5 Rose Cluster,Messier globular,Globular cluster,General,Binocular,binocular,Celestron Cometron 7×50,Celestron Cometron 7×50,,7x,7,No,Media,60.0,n/d,,,1,0,0,"Configurazione utilizzabile a basso ingrandimento: 7x con pupilla 7,1 mm; un telescopio può mostrare più dettaglio se disponibile."
P02,Binocolo 7x50 sotto cielo scuro,sereno secco,Good,72,Excellent,82,3,0.6,messier-M7,M7 Ptolemy's Cluster,Messier wide-field,Open cluster,WideField,Binocular,binocular,Celestron Cometron 7×50,Celestron Cometron 7×50,,7x,7,No,Facile,81.0,n/d,,,1,0,0,"Oggetto esteso: il binocolo offre una visione più naturale a largo campo. 7x con pupilla 7,1 mm; il campo reale non è stimato perché il catalogo binocoli non include il FOV."
P02,Binocolo 7x50 sotto cielo scuro,sereno secco,Good,72,Excellent,82,3,0.6,messier-M8,M8 Lagoon Nebula,Messier wide-field,Nebula with cluster,WideField,Binocular,binocular,Celestron Cometron 7×50,Celestron Cometron 7×50,,7x,7,No,Facile,75.8,n/d,,,1,0,0,"Oggetto esteso: il binocolo offre una visione più naturale a largo campo. 7x con pupilla 7,1 mm; il campo reale non è stimato perché il catalogo binocoli non include il FOV."
P02,Binocolo 7x50 sotto cielo scuro,sereno secco,Good,72,Excellent,82,3,0.6,messier-M13,M13 Great Hercules Cluster,Messier globular,Globular cluster,General,Binocular,binocular,Celestron Cometron 7×50,Celestron Cometron 7×50,,7x,7,No,Media,60.0,n/d,,,1,0,0,"Configurazione utilizzabile a basso ingrandimento: 7x con pupilla 7,1 mm; un telescopio può mostrare più dettaglio se disponibile."
P02,Binocolo 7x50 sotto cielo scuro,sereno secco,Good,72,Excellent,82,3,0.6,messier-M15,M15 Great Pegasus Cluster,Messier globular,Globular cluster,General,Binocular,binocular,Celestron Cometron 7×50,Celestron Cometron 7×50,,7x,7,No,Media,60.0,n/d,,,1,0,0,"Configurazione utilizzabile a basso ingrandimento: 7x con pupilla 7,1 mm; un telescopio può mostrare più dettaglio se disponibile."
P02,Binocolo 7x50 sotto cielo scuro,sereno secco,Good,72,Excellent,82,3,0.6,messier-M17,"M17 Omega, Swan, Horseshoe, Lobster, or Checkmark Nebula",Messier nebula,H II region nebula with cluster,General,Binocular,binocular,Celestron Cometron 7×50,Celestron Cometron 7×50,,7x,7,No,Media,60.0,n/d,,,1,0,0,"Configurazione utilizzabile a basso ingrandimento: 7x con pupilla 7,1 mm; un telescopio può mostrare più dettaglio se disponibile."
P02,Binocolo 7x50 sotto cielo scuro,sereno secco,Good,72,Excellent,82,3,0.6,messier-M24,M24 Small Sagittarius Star Cloud,Messier wide-field,Milky Way star cloud,WideField,Binocular,binocular,Celestron Cometron 7×50,Celestron Cometron 7×50,,7x,7,No,Facile,81.0,n/d,,,1,0,0,"Oggetto esteso: il binocolo offre una visione più naturale a largo campo. 7x con pupilla 7,1 mm; il campo reale non è stimato perché il catalogo binocoli non include il FOV."
P02,Binocolo 7x50 sotto cielo scuro,sereno secco,Good,72,Excellent,82,3,0.6,messier-M27,M27 Dumbbell Nebula,Messier planetary nebula,Planetary nebula,General,Binocular,binocular,Celestron Cometron 7×50,Celestron Cometron 7×50,,7x,7,No,Media,51.9,n/d,,,1,0,0,"Configurazione utilizzabile a basso ingrandimento: 7x con pupilla 7,1 mm; un telescopio può mostrare più dettaglio se disponibile."
P02,Binocolo 7x50 sotto cielo scuro,sereno secco,Good,72,Excellent,82,3,0.6,messier-M31,M31 Andromeda Galaxy,Messier wide-field,Spiral galaxy,WideField,Binocular,binocular,Celestron Cometron 7×50,Celestron Cometron 7×50,,7x,7,No,Facile,81.0,n/d,,,1,0,0,"Oggetto esteso: il binocolo offre una visione più naturale a largo campo. 7x con pupilla 7,1 mm; il campo reale non è stimato perché il catalogo binocoli non include il FOV."
P02,Binocolo 7x50 sotto cielo scuro,sereno secco,Good,72,Excellent,82,3,0.6,messier-M42,M42 Great Orion Nebula,Messier wide-field,H II region nebula,WideField,Binocular,binocular,Celestron Cometron 7×50,Celestron Cometron 7×50,,7x,7,No,Facile,81.0,n/d,,,1,0,0,"Oggetto esteso: il binocolo offre una visione più naturale a largo campo. 7x con pupilla 7,1 mm; il campo reale non è stimato perché il catalogo binocoli non include il FOV."
P02,Binocolo 7x50 sotto cielo scuro,sereno secco,Good,72,Excellent,82,3,0.6,messier-M44,M44 Beehive Cluster or Praesepe,Messier wide-field,Open cluster,WideField,Binocular,binocular,Celestron Cometron 7×50,Celestron Cometron 7×50,,7x,7,No,Facile,75.8,n/d,,,1,0,0,"Oggetto esteso: il binocolo offre una visione più naturale a largo campo. 7x con pupilla 7,1 mm; il campo reale non è stimato perché il catalogo binocoli non include il FOV."
P02,Binocolo 7x50 sotto cielo scuro,sereno secco,Good,72,Excellent,82,3,0.6,messier-M45,"M45 Pleiades, Seven Sisters or Subaru",Messier wide-field,Open cluster,WideField,Binocular,binocular,Celestron Cometron 7×50,Celestron Cometron 7×50,,7x,7,No,Facile,81.0,n/d,,,1,0,0,"Oggetto esteso: il binocolo offre una visione più naturale a largo campo. 7x con pupilla 7,1 mm; il campo reale non è stimato perché il catalogo binocoli non include il FOV."
P02,Binocolo 7x50 sotto cielo scuro,sereno secco,Good,72,Excellent,82,3,0.6,messier-M51,M51 Whirlpool Galaxy,Messier galaxy,Spiral galaxy,General,Binocular,binocular,Celestron Cometron 7×50,Celestron Cometron 7×50,,7x,7,No,Media,51.9,n/d,,,1,0,0,"Configurazione utilizzabile a basso ingrandimento: 7x con pupilla 7,1 mm; un telescopio può mostrare più dettaglio se disponibile."
P02,Binocolo 7x50 sotto cielo scuro,sereno secco,Good,72,Excellent,82,3,0.6,messier-M57,M57 Ring Nebula,Messier planetary nebula,Planetary nebula,HighMagnification,Binocular,binocular,Celestron Cometron 7×50,Celestron Cometron 7×50,,7x,7,No,Difficile,31.9,n/d,,,1,0,0,"Il binocolo permette di individuare l'oggetto, ma non è ideale per i dettagli: servirebbe maggiore ingrandimento. Configurazione disponibile: 7x con pupilla 7,1 mm."
P02,Binocolo 7x50 sotto cielo scuro,sereno secco,Good,72,Excellent,82,3,0.6,messier-M81,M81 Bode's Galaxy,Messier galaxy,Spiral galaxy,General,Binocular,binocular,Celestron Cometron 7×50,Celestron Cometron 7×50,,7x,7,No,Media,54.8,n/d,,,1,0,0,"Configurazione utilizzabile a basso ingrandimento: 7x con pupilla 7,1 mm; un telescopio può mostrare più dettaglio se disponibile."
P02,Binocolo 7x50 sotto cielo scuro,sereno secco,Good,72,Excellent,82,3,0.6,messier-M92,M92,Messier globular,Globular cluster,General,Binocular,binocular,Celestron Cometron 7×50,Celestron Cometron 7×50,,7x,7,No,Media,60.0,n/d,,,1,0,0,"Configurazione utilizzabile a basso ingrandimento: 7x con pupilla 7,1 mm; un telescopio può mostrare più dettaglio se disponibile."
P03,Binocolo 10x50 suburbano,sereno medio,Average,60,Good,65,5,8,mercury,Mercurio,Planet,Pianeta,HighMagnification,Binocular,binocular,Nikon Aculon A211 10×50,Nikon Aculon A211 10×50,,10x,10,No,Difficile,39.6,n/d,,,1,0,0,"Il binocolo permette di individuare l'oggetto, ma non è ideale per i dettagli: servirebbe maggiore ingrandimento. Configurazione disponibile: 10x con pupilla 5,0 mm."
P03,Binocolo 10x50 suburbano,sereno medio,Average,60,Good,65,5,8,venus,Venere,Planet,Pianeta,HighMagnification,Binocular,binocular,Nikon Aculon A211 10×50,Nikon Aculon A211 10×50,,10x,10,No,Difficile,39.6,n/d,,,1,0,0,"Il binocolo permette di individuare l'oggetto, ma non è ideale per i dettagli: servirebbe maggiore ingrandimento. Configurazione disponibile: 10x con pupilla 5,0 mm."
P03,Binocolo 10x50 suburbano,sereno medio,Average,60,Good,65,5,8,mars,Marte,Planet,Pianeta,HighMagnification,Binocular,binocular,Nikon Aculon A211 10×50,Nikon Aculon A211 10×50,,10x,10,No,Difficile,39.6,n/d,,,1,0,0,"Il binocolo permette di individuare l'oggetto, ma non è ideale per i dettagli: servirebbe maggiore ingrandimento. Configurazione disponibile: 10x con pupilla 5,0 mm."
P03,Binocolo 10x50 suburbano,sereno medio,Average,60,Good,65,5,8,jupiter,Giove,Planet,Pianeta,HighMagnification,Binocular,binocular,Nikon Aculon A211 10×50,Nikon Aculon A211 10×50,,10x,10,No,Difficile,39.6,n/d,,,1,0,0,"Il binocolo permette di individuare l'oggetto, ma non è ideale per i dettagli: servirebbe maggiore ingrandimento. Configurazione disponibile: 10x con pupilla 5,0 mm."
P03,Binocolo 10x50 suburbano,sereno medio,Average,60,Good,65,5,8,saturn,Saturno,Planet,Pianeta,HighMagnification,Binocular,binocular,Nikon Aculon A211 10×50,Nikon Aculon A211 10×50,,10x,10,No,Difficile,39.6,n/d,,,1,0,0,"Il binocolo permette di individuare l'oggetto, ma non è ideale per i dettagli: servirebbe maggiore ingrandimento. Configurazione disponibile: 10x con pupilla 5,0 mm."
P03,Binocolo 10x50 suburbano,sereno medio,Average,60,Good,65,5,8,uranus,Urano,Planet,Pianeta,HighMagnification,Binocular,binocular,Nikon Aculon A211 10×50,Nikon Aculon A211 10×50,,10x,10,No,Difficile,39.6,n/d,,,1,0,0,"Il binocolo permette di individuare l'oggetto, ma non è ideale per i dettagli: servirebbe maggiore ingrandimento. Configurazione disponibile: 10x con pupilla 5,0 mm."
P03,Binocolo 10x50 suburbano,sereno medio,Average,60,Good,65,5,8,neptune,Nettuno,Planet,Pianeta,HighMagnification,Binocular,binocular,Nikon Aculon A211 10×50,Nikon Aculon A211 10×50,,10x,10,No,Difficile,37.6,n/d,,,1,0,0,"Il binocolo permette di individuare l'oggetto, ma non è ideale per i dettagli: servirebbe maggiore ingrandimento. Configurazione disponibile: 10x con pupilla 5,0 mm."
P03,Binocolo 10x50 suburbano,sereno medio,Average,60,Good,65,5,8,messier-M1,M1 Crab Nebula,Messier general,Supernova remnant,General,Binocular,binocular,Nikon Aculon A211 10×50,Nikon Aculon A211 10×50,,10x,10,No,Media,60.5,n/d,,,1,0,0,"Configurazione utilizzabile a basso ingrandimento: 10x con pupilla 5,0 mm; un telescopio può mostrare più dettaglio se disponibile."
P03,Binocolo 10x50 suburbano,sereno medio,Average,60,Good,65,5,8,messier-M3,M3,Messier globular,Globular cluster,General,Binocular,binocular,Nikon Aculon A211 10×50,Nikon Aculon A211 10×50,,10x,10,No,Facile,76.5,n/d,,,1,0,0,"Configurazione utilizzabile a basso ingrandimento: 10x con pupilla 5,0 mm; un telescopio può mostrare più dettaglio se disponibile."
P03,Binocolo 10x50 suburbano,sereno medio,Average,60,Good,65,5,8,messier-M5,M5 Rose Cluster,Messier globular,Globular cluster,General,Binocular,binocular,Nikon Aculon A211 10×50,Nikon Aculon A211 10×50,,10x,10,No,Facile,76.5,n/d,,,1,0,0,"Configurazione utilizzabile a basso ingrandimento: 10x con pupilla 5,0 mm; un telescopio può mostrare più dettaglio se disponibile."
P03,Binocolo 10x50 suburbano,sereno medio,Average,60,Good,65,5,8,messier-M7,M7 Ptolemy's Cluster,Messier wide-field,Open cluster,WideField,Binocular,binocular,Nikon Aculon A211 10×50,Nikon Aculon A211 10×50,,10x,10,No,Facile,100.0,n/d,,,1,0,0,"Oggetto esteso: il binocolo offre una visione più naturale a largo campo. 10x con pupilla 5,0 mm; il campo reale non è stimato perché il catalogo binocoli non include il FOV."
P03,Binocolo 10x50 suburbano,sereno medio,Average,60,Good,65,5,8,messier-M8,M8 Lagoon Nebula,Messier wide-field,Nebula with cluster,WideField,Binocular,binocular,Nikon Aculon A211 10×50,Nikon Aculon A211 10×50,,10x,10,No,Facile,94.8,n/d,,,1,0,0,"Oggetto esteso: il binocolo offre una visione più naturale a largo campo. 10x con pupilla 5,0 mm; il campo reale non è stimato perché il catalogo binocoli non include il FOV."
P03,Binocolo 10x50 suburbano,sereno medio,Average,60,Good,65,5,8,messier-M13,M13 Great Hercules Cluster,Messier globular,Globular cluster,General,Binocular,binocular,Nikon Aculon A211 10×50,Nikon Aculon A211 10×50,,10x,10,No,Facile,76.5,n/d,,,1,0,0,"Configurazione utilizzabile a basso ingrandimento: 10x con pupilla 5,0 mm; un telescopio può mostrare più dettaglio se disponibile."
P03,Binocolo 10x50 suburbano,sereno medio,Average,60,Good,65,5,8,messier-M15,M15 Great Pegasus Cluster,Messier globular,Globular cluster,General,Binocular,binocular,Nikon Aculon A211 10×50,Nikon Aculon A211 10×50,,10x,10,No,Facile,76.5,n/d,,,1,0,0,"Configurazione utilizzabile a basso ingrandimento: 10x con pupilla 5,0 mm; un telescopio può mostrare più dettaglio se disponibile."
P03,Binocolo 10x50 suburbano,sereno medio,Average,60,Good,65,5,8,messier-M17,"M17 Omega, Swan, Horseshoe, Lobster, or Checkmark Nebula",Messier nebula,H II region nebula with cluster,General,Binocular,binocular,Nikon Aculon A211 10×50,Nikon Aculon A211 10×50,,10x,10,No,Facile,76.5,n/d,,,1,0,0,"Configurazione utilizzabile a basso ingrandimento: 10x con pupilla 5,0 mm; un telescopio può mostrare più dettaglio se disponibile."
P03,Binocolo 10x50 suburbano,sereno medio,Average,60,Good,65,5,8,messier-M24,M24 Small Sagittarius Star Cloud,Messier wide-field,Milky Way star cloud,WideField,Binocular,binocular,Nikon Aculon A211 10×50,Nikon Aculon A211 10×50,,10x,10,No,Facile,100.0,n/d,,,1,0,0,"Oggetto esteso: il binocolo offre una visione più naturale a largo campo. 10x con pupilla 5,0 mm; il campo reale non è stimato perché il catalogo binocoli non include il FOV."
P03,Binocolo 10x50 suburbano,sereno medio,Average,60,Good,65,5,8,messier-M27,M27 Dumbbell Nebula,Messier planetary nebula,Planetary nebula,General,Binocular,binocular,Nikon Aculon A211 10×50,Nikon Aculon A211 10×50,,10x,10,No,Media,64.5,n/d,,,1,0,0,"Configurazione utilizzabile a basso ingrandimento: 10x con pupilla 5,0 mm; un telescopio può mostrare più dettaglio se disponibile."
P03,Binocolo 10x50 suburbano,sereno medio,Average,60,Good,65,5,8,messier-M31,M31 Andromeda Galaxy,Messier wide-field,Spiral galaxy,WideField,Binocular,binocular,Nikon Aculon A211 10×50,Nikon Aculon A211 10×50,,10x,10,No,Facile,91.7,n/d,,,1,0,0,"Oggetto esteso: il binocolo offre una visione più naturale a largo campo. 10x con pupilla 5,0 mm; il campo reale non è stimato perché il catalogo binocoli non include il FOV."
P03,Binocolo 10x50 suburbano,sereno medio,Average,60,Good,65,5,8,messier-M42,M42 Great Orion Nebula,Messier wide-field,H II region nebula,WideField,Binocular,binocular,Nikon Aculon A211 10×50,Nikon Aculon A211 10×50,,10x,10,No,Facile,100.0,n/d,,,1,0,0,"Oggetto esteso: il binocolo offre una visione più naturale a largo campo. 10x con pupilla 5,0 mm; il campo reale non è stimato perché il catalogo binocoli non include il FOV."
P03,Binocolo 10x50 suburbano,sereno medio,Average,60,Good,65,5,8,messier-M44,M44 Beehive Cluster or Praesepe,Messier wide-field,Open cluster,WideField,Binocular,binocular,Nikon Aculon A211 10×50,Nikon Aculon A211 10×50,,10x,10,No,Facile,94.8,n/d,,,1,0,0,"Oggetto esteso: il binocolo offre una visione più naturale a largo campo. 10x con pupilla 5,0 mm; il campo reale non è stimato perché il catalogo binocoli non include il FOV."
P03,Binocolo 10x50 suburbano,sereno medio,Average,60,Good,65,5,8,messier-M45,"M45 Pleiades, Seven Sisters or Subaru",Messier wide-field,Open cluster,WideField,Binocular,binocular,Nikon Aculon A211 10×50,Nikon Aculon A211 10×50,,10x,10,No,Facile,100.0,n/d,,,1,0,0,"Oggetto esteso: il binocolo offre una visione più naturale a largo campo. 10x con pupilla 5,0 mm; il campo reale non è stimato perché il catalogo binocoli non include il FOV."
P03,Binocolo 10x50 suburbano,sereno medio,Average,60,Good,65,5,8,messier-M51,M51 Whirlpool Galaxy,Messier galaxy,Spiral galaxy,General,Binocular,binocular,Nikon Aculon A211 10×50,Nikon Aculon A211 10×50,,10x,10,No,Media,68.4,n/d,,,1,0,0,"Configurazione utilizzabile a basso ingrandimento: 10x con pupilla 5,0 mm; un telescopio può mostrare più dettaglio se disponibile."
P03,Binocolo 10x50 suburbano,sereno medio,Average,60,Good,65,5,8,messier-M57,M57 Ring Nebula,Messier planetary nebula,Planetary nebula,HighMagnification,Binocular,binocular,Nikon Aculon A211 10×50,Nikon Aculon A211 10×50,,10x,10,No,Difficile,33.6,n/d,,,1,0,0,"Il binocolo permette di individuare l'oggetto, ma non è ideale per i dettagli: servirebbe maggiore ingrandimento. Configurazione disponibile: 10x con pupilla 5,0 mm."
P03,Binocolo 10x50 suburbano,sereno medio,Average,60,Good,65,5,8,messier-M81,M81 Bode's Galaxy,Messier galaxy,Spiral galaxy,General,Binocular,binocular,Nikon Aculon A211 10×50,Nikon Aculon A211 10×50,,10x,10,No,Media,71.2,n/d,,,1,0,0,"Configurazione utilizzabile a basso ingrandimento: 10x con pupilla 5,0 mm; un telescopio può mostrare più dettaglio se disponibile."
P03,Binocolo 10x50 suburbano,sereno medio,Average,60,Good,65,5,8,messier-M92,M92,Messier globular,Globular cluster,General,Binocular,binocular,Nikon Aculon A211 10×50,Nikon Aculon A211 10×50,,10x,10,No,Facile,76.5,n/d,,,1,0,0,"Configurazione utilizzabile a basso ingrandimento: 10x con pupilla 5,0 mm; un telescopio può mostrare più dettaglio se disponibile."
P04,Binocolo 15x70 cielo lattiginoso,"foschia, trasparenza bassa",Average,48,Poor,35,6,30,mercury,Mercurio,Planet,Pianeta,HighMagnification,Binocular,binocular,Celestron SkyMaster Pro 15×70,Celestron SkyMaster Pro 15×70,,15x,15,No,Difficile,36.5,n/d,,,1,0,0,"Il binocolo permette di individuare l'oggetto, ma non è ideale per i dettagli: servirebbe maggiore ingrandimento. Configurazione disponibile: 15x con pupilla 4,7 mm."
P04,Binocolo 15x70 cielo lattiginoso,"foschia, trasparenza bassa",Average,48,Poor,35,6,30,venus,Venere,Planet,Pianeta,HighMagnification,Binocular,binocular,Celestron SkyMaster Pro 15×70,Celestron SkyMaster Pro 15×70,,15x,15,No,Difficile,36.5,n/d,,,1,0,0,"Il binocolo permette di individuare l'oggetto, ma non è ideale per i dettagli: servirebbe maggiore ingrandimento. Configurazione disponibile: 15x con pupilla 4,7 mm."
P04,Binocolo 15x70 cielo lattiginoso,"foschia, trasparenza bassa",Average,48,Poor,35,6,30,mars,Marte,Planet,Pianeta,HighMagnification,Binocular,binocular,Celestron SkyMaster Pro 15×70,Celestron SkyMaster Pro 15×70,,15x,15,No,Difficile,36.5,n/d,,,1,0,0,"Il binocolo permette di individuare l'oggetto, ma non è ideale per i dettagli: servirebbe maggiore ingrandimento. Configurazione disponibile: 15x con pupilla 4,7 mm."
P04,Binocolo 15x70 cielo lattiginoso,"foschia, trasparenza bassa",Average,48,Poor,35,6,30,jupiter,Giove,Planet,Pianeta,HighMagnification,Binocular,binocular,Celestron SkyMaster Pro 15×70,Celestron SkyMaster Pro 15×70,,15x,15,No,Difficile,36.5,n/d,,,1,0,0,"Il binocolo permette di individuare l'oggetto, ma non è ideale per i dettagli: servirebbe maggiore ingrandimento. Configurazione disponibile: 15x con pupilla 4,7 mm."
P04,Binocolo 15x70 cielo lattiginoso,"foschia, trasparenza bassa",Average,48,Poor,35,6,30,saturn,Saturno,Planet,Pianeta,HighMagnification,Binocular,binocular,Celestron SkyMaster Pro 15×70,Celestron SkyMaster Pro 15×70,,15x,15,No,Difficile,36.5,n/d,,,1,0,0,"Il binocolo permette di individuare l'oggetto, ma non è ideale per i dettagli: servirebbe maggiore ingrandimento. Configurazione disponibile: 15x con pupilla 4,7 mm."
P04,Binocolo 15x70 cielo lattiginoso,"foschia, trasparenza bassa",Average,48,Poor,35,6,30,uranus,Urano,Planet,Pianeta,HighMagnification,Binocular,binocular,Celestron SkyMaster Pro 15×70,Celestron SkyMaster Pro 15×70,,15x,15,No,Difficile,36.5,n/d,,,1,0,0,"Il binocolo permette di individuare l'oggetto, ma non è ideale per i dettagli: servirebbe maggiore ingrandimento. Configurazione disponibile: 15x con pupilla 4,7 mm."
P04,Binocolo 15x70 cielo lattiginoso,"foschia, trasparenza bassa",Average,48,Poor,35,6,30,neptune,Nettuno,Planet,Pianeta,HighMagnification,Binocular,binocular,Celestron SkyMaster Pro 15×70,Celestron SkyMaster Pro 15×70,,15x,15,No,Difficile,36.5,n/d,,,1,0,0,"Il binocolo permette di individuare l'oggetto, ma non è ideale per i dettagli: servirebbe maggiore ingrandimento. Configurazione disponibile: 15x con pupilla 4,7 mm."
P04,Binocolo 15x70 cielo lattiginoso,"foschia, trasparenza bassa",Average,48,Poor,35,6,30,messier-M1,M1 Crab Nebula,Messier general,Supernova remnant,General,Binocular,binocular,Celestron SkyMaster Pro 15×70,Celestron SkyMaster Pro 15×70,,15x,15,No,Media,68.0,n/d,,,1,0,0,"Configurazione utilizzabile a basso ingrandimento: 15x con pupilla 4,7 mm; un telescopio può mostrare più dettaglio se disponibile."
P04,Binocolo 15x70 cielo lattiginoso,"foschia, trasparenza bassa",Average,48,Poor,35,6,30,messier-M3,M3,Messier globular,Globular cluster,General,Binocular,binocular,Celestron SkyMaster Pro 15×70,Celestron SkyMaster Pro 15×70,,15x,15,No,Facile,85.5,n/d,,,1,0,0,"Configurazione utilizzabile a basso ingrandimento: 15x con pupilla 4,7 mm; un telescopio può mostrare più dettaglio se disponibile."
P04,Binocolo 15x70 cielo lattiginoso,"foschia, trasparenza bassa",Average,48,Poor,35,6,30,messier-M5,M5 Rose Cluster,Messier globular,Globular cluster,General,Binocular,binocular,Celestron SkyMaster Pro 15×70,Celestron SkyMaster Pro 15×70,,15x,15,No,Facile,85.5,n/d,,,1,0,0,"Configurazione utilizzabile a basso ingrandimento: 15x con pupilla 4,7 mm; un telescopio può mostrare più dettaglio se disponibile."
P04,Binocolo 15x70 cielo lattiginoso,"foschia, trasparenza bassa",Average,48,Poor,35,6,30,messier-M7,M7 Ptolemy's Cluster,Messier wide-field,Open cluster,WideField,Binocular,binocular,Celestron SkyMaster Pro 15×70,Celestron SkyMaster Pro 15×70,,15x,15,No,Facile,83.1,n/d,,,1,0,0,"Oggetto esteso: il binocolo offre una visione più naturale a largo campo. 15x con pupilla 4,7 mm; il campo reale non è stimato perché il catalogo binocoli non include il FOV."
P04,Binocolo 15x70 cielo lattiginoso,"foschia, trasparenza bassa",Average,48,Poor,35,6,30,messier-M8,M8 Lagoon Nebula,Messier wide-field,Nebula with cluster,WideField,Binocular,binocular,Celestron SkyMaster Pro 15×70,Celestron SkyMaster Pro 15×70,,15x,15,No,Facile,78.6,n/d,,,1,0,0,"Oggetto esteso: il binocolo offre una visione più naturale a largo campo. 15x con pupilla 4,7 mm; il campo reale non è stimato perché il catalogo binocoli non include il FOV."
P04,Binocolo 15x70 cielo lattiginoso,"foschia, trasparenza bassa",Average,48,Poor,35,6,30,messier-M13,M13 Great Hercules Cluster,Messier globular,Globular cluster,General,Binocular,binocular,Celestron SkyMaster Pro 15×70,Celestron SkyMaster Pro 15×70,,15x,15,No,Facile,85.5,n/d,,,1,0,0,"Configurazione utilizzabile a basso ingrandimento: 15x con pupilla 4,7 mm; un telescopio può mostrare più dettaglio se disponibile."
P04,Binocolo 15x70 cielo lattiginoso,"foschia, trasparenza bassa",Average,48,Poor,35,6,30,messier-M15,M15 Great Pegasus Cluster,Messier globular,Globular cluster,General,Binocular,binocular,Celestron SkyMaster Pro 15×70,Celestron SkyMaster Pro 15×70,,15x,15,No,Facile,85.5,n/d,,,1,0,0,"Configurazione utilizzabile a basso ingrandimento: 15x con pupilla 4,7 mm; un telescopio può mostrare più dettaglio se disponibile."
P04,Binocolo 15x70 cielo lattiginoso,"foschia, trasparenza bassa",Average,48,Poor,35,6,30,messier-M17,"M17 Omega, Swan, Horseshoe, Lobster, or Checkmark Nebula",Messier nebula,H II region nebula with cluster,General,Binocular,binocular,Celestron SkyMaster Pro 15×70,Celestron SkyMaster Pro 15×70,,15x,15,No,Facile,85.5,n/d,,,1,0,0,"Configurazione utilizzabile a basso ingrandimento: 15x con pupilla 4,7 mm; un telescopio può mostrare più dettaglio se disponibile."
P04,Binocolo 15x70 cielo lattiginoso,"foschia, trasparenza bassa",Average,48,Poor,35,6,30,messier-M24,M24 Small Sagittarius Star Cloud,Messier wide-field,Milky Way star cloud,WideField,Binocular,binocular,Celestron SkyMaster Pro 15×70,Celestron SkyMaster Pro 15×70,,15x,15,No,Facile,83.1,n/d,,,1,0,0,"Oggetto esteso: il binocolo offre una visione più naturale a largo campo. 15x con pupilla 4,7 mm; il campo reale non è stimato perché il catalogo binocoli non include il FOV."
P04,Binocolo 15x70 cielo lattiginoso,"foschia, trasparenza bassa",Average,48,Poor,35,6,30,messier-M27,M27 Dumbbell Nebula,Messier planetary nebula,Planetary nebula,General,Binocular,binocular,Celestron SkyMaster Pro 15×70,Celestron SkyMaster Pro 15×70,,15x,15,No,Media,69.5,n/d,,,1,0,0,"Configurazione utilizzabile a basso ingrandimento: 15x con pupilla 4,7 mm; un telescopio può mostrare più dettaglio se disponibile."
P04,Binocolo 15x70 cielo lattiginoso,"foschia, trasparenza bassa",Average,48,Poor,35,6,30,messier-M31,M31 Andromeda Galaxy,Messier wide-field,Spiral galaxy,WideField,Binocular,binocular,Celestron SkyMaster Pro 15×70,Celestron SkyMaster Pro 15×70,,15x,15,No,Media,68.8,n/d,,,1,0,0,"Oggetto esteso: il binocolo offre una visione più naturale a largo campo. 15x con pupilla 4,7 mm; il campo reale non è stimato perché il catalogo binocoli non include il FOV."
P04,Binocolo 15x70 cielo lattiginoso,"foschia, trasparenza bassa",Average,48,Poor,35,6,30,messier-M42,M42 Great Orion Nebula,Messier wide-field,H II region nebula,WideField,Binocular,binocular,Celestron SkyMaster Pro 15×70,Celestron SkyMaster Pro 15×70,,15x,15,No,Facile,83.1,n/d,,,1,0,0,"Oggetto esteso: il binocolo offre una visione più naturale a largo campo. 15x con pupilla 4,7 mm; il campo reale non è stimato perché il catalogo binocoli non include il FOV."
P04,Binocolo 15x70 cielo lattiginoso,"foschia, trasparenza bassa",Average,48,Poor,35,6,30,messier-M44,M44 Beehive Cluster or Praesepe,Messier wide-field,Open cluster,WideField,Binocular,binocular,Celestron SkyMaster Pro 15×70,Celestron SkyMaster Pro 15×70,,15x,15,No,Facile,78.6,n/d,,,1,0,0,"Oggetto esteso: il binocolo offre una visione più naturale a largo campo. 15x con pupilla 4,7 mm; il campo reale non è stimato perché il catalogo binocoli non include il FOV."
P04,Binocolo 15x70 cielo lattiginoso,"foschia, trasparenza bassa",Average,48,Poor,35,6,30,messier-M45,"M45 Pleiades, Seven Sisters or Subaru",Messier wide-field,Open cluster,WideField,Binocular,binocular,Celestron SkyMaster Pro 15×70,Celestron SkyMaster Pro 15×70,,15x,15,No,Facile,83.1,n/d,,,1,0,0,"Oggetto esteso: il binocolo offre una visione più naturale a largo campo. 15x con pupilla 4,7 mm; il campo reale non è stimato perché il catalogo binocoli non include il FOV."
P04,Binocolo 15x70 cielo lattiginoso,"foschia, trasparenza bassa",Average,48,Poor,35,6,30,messier-M51,M51 Whirlpool Galaxy,Messier galaxy,Spiral galaxy,General,Binocular,binocular,Celestron SkyMaster Pro 15×70,Celestron SkyMaster Pro 15×70,,15x,15,No,Facile,80.0,n/d,,,1,0,0,"Configurazione utilizzabile a basso ingrandimento: 15x con pupilla 4,7 mm; un telescopio può mostrare più dettaglio se disponibile."
P04,Binocolo 15x70 cielo lattiginoso,"foschia, trasparenza bassa",Average,48,Poor,35,6,30,messier-M57,M57 Ring Nebula,Messier planetary nebula,Planetary nebula,HighMagnification,Binocular,binocular,Celestron SkyMaster Pro 15×70,Celestron SkyMaster Pro 15×70,,15x,15,No,Difficile,33.4,n/d,,,1,0,0,"Il binocolo permette di individuare l'oggetto, ma non è ideale per i dettagli: servirebbe maggiore ingrandimento. Configurazione disponibile: 15x con pupilla 4,7 mm."
P04,Binocolo 15x70 cielo lattiginoso,"foschia, trasparenza bassa",Average,48,Poor,35,6,30,messier-M81,M81 Bode's Galaxy,Messier galaxy,Spiral galaxy,General,Binocular,binocular,Celestron SkyMaster Pro 15×70,Celestron SkyMaster Pro 15×70,,15x,15,No,Facile,81.0,n/d,,,1,0,0,"Configurazione utilizzabile a basso ingrandimento: 15x con pupilla 4,7 mm; un telescopio può mostrare più dettaglio se disponibile."
P04,Binocolo 15x70 cielo lattiginoso,"foschia, trasparenza bassa",Average,48,Poor,35,6,30,messier-M92,M92,Messier globular,Globular cluster,General,Binocular,binocular,Celestron SkyMaster Pro 15×70,Celestron SkyMaster Pro 15×70,,15x,15,No,Facile,85.5,n/d,,,1,0,0,"Configurazione utilizzabile a basso ingrandimento: 15x con pupilla 4,7 mm; un telescopio può mostrare più dettaglio se disponibile."
P05,Rifrattore 80/640 con oculari base,sereno stabile,Good,78,Good,80,4,2,mercury,Mercurio,Planet,Pianeta,HighMagnification,Telescope,telescope,Rifrattore 80/640 + 10 mm,10 mm,10 mm,64x,64,No,Difficile,87.7,18 mm,,32 mm,3,0,0,"64x con pupilla 1,2 mm; campo reale 0,94°; senza Barlow per mantenere contrasto e campo; altezza massima 18°."
P05,Rifrattore 80/640 con oculari base,sereno stabile,Good,78,Good,80,4,2,venus,Venere,Planet,Pianeta,HighMagnification,Telescope,telescope,Rifrattore 80/640 + 10 mm,10 mm,10 mm,64x,64,No,Facile,78.5,18 mm,,32 mm,3,0,0,"64x con pupilla 1,2 mm; campo reale 0,94°; senza Barlow per mantenere contrasto e campo; altezza massima 35°."
P05,Rifrattore 80/640 con oculari base,sereno stabile,Good,78,Good,80,4,2,mars,Marte,Planet,Pianeta,HighMagnification,Telescope,telescope,Rifrattore 80/640 + 10 mm,10 mm,10 mm,64x,64,No,Media,78.5,18 mm,,32 mm,3,0,0,"64x con pupilla 1,2 mm; campo reale 0,94°; senza Barlow per mantenere contrasto e campo; altezza massima 62°."
P05,Rifrattore 80/640 con oculari base,sereno stabile,Good,78,Good,80,4,2,jupiter,Giove,Planet,Pianeta,HighMagnification,Telescope,telescope,Rifrattore 80/640 + 10 mm,10 mm,10 mm,64x,64,No,Facile,78.5,18 mm,,32 mm,3,0,0,"64x con pupilla 1,2 mm; campo reale 0,94°; senza Barlow per mantenere contrasto e campo; altezza massima 50°."
P05,Rifrattore 80/640 con oculari base,sereno stabile,Good,78,Good,80,4,2,saturn,Saturno,Planet,Pianeta,HighMagnification,Telescope,telescope,Rifrattore 80/640 + 10 mm,10 mm,10 mm,64x,64,No,Facile,78.5,18 mm,,32 mm,3,0,0,"64x con pupilla 1,2 mm; campo reale 0,94°; senza Barlow per mantenere contrasto e campo; altezza massima 38°."
P05,Rifrattore 80/640 con oculari base,sereno stabile,Good,78,Good,80,4,2,uranus,Urano,Planet,Pianeta,HighMagnification,Telescope,telescope,Rifrattore 80/640 + 10 mm,10 mm,10 mm,64x,64,No,Media,78.5,18 mm,,32 mm,3,0,0,"64x con pupilla 1,2 mm; campo reale 0,94°; senza Barlow per mantenere contrasto e campo; altezza massima 45°."
P05,Rifrattore 80/640 con oculari base,sereno stabile,Good,78,Good,80,4,2,neptune,Nettuno,Planet,Pianeta,HighMagnification,Telescope,telescope,Rifrattore 80/640 + 10 mm,10 mm,10 mm,64x,64,No,Difficile,78.5,18 mm,,32 mm,3,0,0,"64x con pupilla 1,2 mm; campo reale 0,94°; senza Barlow per mantenere contrasto e campo; altezza massima 42°."
P05,Rifrattore 80/640 con oculari base,sereno stabile,Good,78,Good,80,4,2,messier-M1,M1 Crab Nebula,Messier general,Supernova remnant,General,Telescope,telescope,Rifrattore 80/640 + 10 mm,10 mm,10 mm,64x,64,No,Difficile,92.4,18 mm,,32 mm,3,0,0,"64x con pupilla 1,2 mm; campo reale 0,94°; senza Barlow per mantenere contrasto e campo; altezza massima 55°."
P05,Rifrattore 80/640 con oculari base,sereno stabile,Good,78,Good,80,4,2,messier-M3,M3,Messier globular,Globular cluster,General,Telescope,telescope,Rifrattore 80/640 + 10 mm,10 mm,10 mm,64x,64,No,Facile,89.0,18 mm,,32 mm,3,0,0,"64x con pupilla 1,2 mm; campo reale 0,94°; senza Barlow per mantenere contrasto e campo; altezza massima 55°."
P05,Rifrattore 80/640 con oculari base,sereno stabile,Good,78,Good,80,4,2,messier-M5,M5 Rose Cluster,Messier globular,Globular cluster,General,Telescope,telescope,Rifrattore 80/640 + 10 mm,10 mm,10 mm,64x,64,No,Facile,89.0,18 mm,,32 mm,3,0,0,"64x con pupilla 1,2 mm; campo reale 0,94°; senza Barlow per mantenere contrasto e campo; altezza massima 55°."
P05,Rifrattore 80/640 con oculari base,sereno stabile,Good,78,Good,80,4,2,messier-M7,M7 Ptolemy's Cluster,Messier wide-field,Open cluster,WideField,Telescope,telescope,Rifrattore 80/640 + 32 mm,32 mm,32 mm,20x,20,No,Difficile,91.4,18 mm,10 mm,,3,0,0,"20x con pupilla 4,0 mm; campo reale 2,60°; senza Barlow per mantenere contrasto e campo; altezza massima 11°."
P05,Rifrattore 80/640 con oculari base,sereno stabile,Good,78,Good,80,4,2,messier-M8,M8 Lagoon Nebula,Messier wide-field,Nebula with cluster,WideField,Telescope,telescope,Rifrattore 80/640 + 32 mm,32 mm,32 mm,20x,20,No,Difficile,89.0,18 mm,10 mm,,3,0,0,"20x con pupilla 4,0 mm; campo reale 2,60°; senza Barlow per mantenere contrasto e campo; altezza massima 22°."
P05,Rifrattore 80/640 con oculari base,sereno stabile,Good,78,Good,80,4,2,messier-M13,M13 Great Hercules Cluster,Messier globular,Globular cluster,General,Telescope,telescope,Rifrattore 80/640 + 10 mm,10 mm,10 mm,64x,64,No,Facile,89.0,18 mm,,32 mm,3,0,0,"64x con pupilla 1,2 mm; campo reale 0,94°; senza Barlow per mantenere contrasto e campo; altezza massima 55°."
P05,Rifrattore 80/640 con oculari base,sereno stabile,Good,78,Good,80,4,2,messier-M15,M15 Great Pegasus Cluster,Messier globular,Globular cluster,General,Telescope,telescope,Rifrattore 80/640 + 10 mm,10 mm,10 mm,64x,64,No,Facile,89.0,18 mm,,32 mm,3,0,0,"64x con pupilla 1,2 mm; campo reale 0,94°; senza Barlow per mantenere contrasto e campo; altezza massima 55°."
P05,Rifrattore 80/640 con oculari base,sereno stabile,Good,78,Good,80,4,2,messier-M17,"M17 Omega, Swan, Horseshoe, Lobster, or Checkmark Nebula",Messier nebula,H II region nebula with cluster,General,Telescope,telescope,Rifrattore 80/640 + 18 mm,18 mm,18 mm,36x,36,No,Difficile,95.5,32 mm,10 mm,,3,0,0,"36x con pupilla 2,2 mm; campo reale 1,69°; senza Barlow per mantenere contrasto e campo; altezza massima 30°."
P05,Rifrattore 80/640 con oculari base,sereno stabile,Good,78,Good,80,4,2,messier-M24,M24 Small Sagittarius Star Cloud,Messier wide-field,Milky Way star cloud,WideField,Telescope,telescope,Rifrattore 80/640 + 32 mm,32 mm,32 mm,20x,20,No,Media,93.3,18 mm,10 mm,,3,0,0,"20x con pupilla 4,0 mm; campo reale 2,60°; senza Barlow per mantenere contrasto e campo; altezza massima 25°."
P05,Rifrattore 80/640 con oculari base,sereno stabile,Good,78,Good,80,4,2,messier-M27,M27 Dumbbell Nebula,Messier planetary nebula,Planetary nebula,General,Telescope,telescope,Rifrattore 80/640 + 10 mm,10 mm,10 mm,64x,64,No,Difficile,92.8,18 mm,,32 mm,3,0,0,"64x con pupilla 1,2 mm; campo reale 0,94°; senza Barlow per mantenere contrasto e campo; altezza massima 55°."
P05,Rifrattore 80/640 con oculari base,sereno stabile,Good,78,Good,80,4,2,messier-M31,M31 Andromeda Galaxy,Messier wide-field,Spiral galaxy,WideField,Telescope,telescope,Rifrattore 80/640 + 32 mm,32 mm,32 mm,20x,20,No,Difficile,77.1,18 mm,10 mm,,3,0,0,"20x con pupilla 4,0 mm; campo reale 2,60°; senza Barlow per mantenere contrasto e campo; altezza massima 55°."
P05,Rifrattore 80/640 con oculari base,sereno stabile,Good,78,Good,80,4,2,messier-M42,M42 Great Orion Nebula,Messier wide-field,H II region nebula,WideField,Telescope,telescope,Rifrattore 80/640 + 32 mm,32 mm,32 mm,20x,20,No,Difficile,85.9,18 mm,10 mm,,3,0,0,"20x con pupilla 4,0 mm; campo reale 2,60°; senza Barlow per mantenere contrasto e campo; altezza massima 45°."
P05,Rifrattore 80/640 con oculari base,sereno stabile,Good,78,Good,80,4,2,messier-M44,M44 Beehive Cluster or Praesepe,Messier wide-field,Open cluster,WideField,Telescope,telescope,Rifrattore 80/640 + 32 mm,32 mm,32 mm,20x,20,No,Facile,89.2,18 mm,10 mm,,3,0,0,"20x con pupilla 4,0 mm; campo reale 2,60°; senza Barlow per mantenere contrasto e campo; altezza massima 55°."
P05,Rifrattore 80/640 con oculari base,sereno stabile,Good,78,Good,80,4,2,messier-M45,"M45 Pleiades, Seven Sisters or Subaru",Messier wide-field,Open cluster,WideField,Telescope,telescope,Rifrattore 80/640 + 32 mm,32 mm,32 mm,20x,20,No,Facile,93.3,18 mm,10 mm,,3,0,0,"20x con pupilla 4,0 mm; campo reale 2,60°; senza Barlow per mantenere contrasto e campo; altezza massima 55°."
P05,Rifrattore 80/640 con oculari base,sereno stabile,Good,78,Good,80,4,2,messier-M51,M51 Whirlpool Galaxy,Messier galaxy,Spiral galaxy,General,Telescope,telescope,Rifrattore 80/640 + 18 mm,18 mm,18 mm,36x,36,No,Difficile,82.4,10 mm,,32 mm,3,0,0,"36x con pupilla 2,2 mm; campo reale 1,69°; senza Barlow per mantenere contrasto e campo; altezza massima 55°."
P05,Rifrattore 80/640 con oculari base,sereno stabile,Good,78,Good,80,4,2,messier-M57,M57 Ring Nebula,Messier planetary nebula,Planetary nebula,HighMagnification,Telescope,telescope,Rifrattore 80/640 + 10 mm,10 mm,10 mm,64x,64,No,Difficile,96.9,18 mm,,32 mm,3,0,0,"64x con pupilla 1,2 mm; campo reale 0,94°; senza Barlow per mantenere contrasto e campo; altezza massima 70°."
P05,Rifrattore 80/640 con oculari base,sereno stabile,Good,78,Good,80,4,2,messier-M81,M81 Bode's Galaxy,Messier galaxy,Spiral galaxy,General,Telescope,telescope,Rifrattore 80/640 + 18 mm,18 mm,18 mm,36x,36,No,Difficile,82.7,10 mm,,32 mm,3,0,0,"36x con pupilla 2,2 mm; campo reale 1,69°; senza Barlow per mantenere contrasto e campo; altezza massima 55°."
P05,Rifrattore 80/640 con oculari base,sereno stabile,Good,78,Good,80,4,2,messier-M92,M92,Messier globular,Globular cluster,General,Telescope,telescope,Rifrattore 80/640 + 10 mm,10 mm,10 mm,64x,64,No,Facile,89.0,18 mm,,32 mm,3,0,0,"64x con pupilla 1,2 mm; campo reale 0,94°; senza Barlow per mantenere contrasto e campo; altezza massima 55°."
P06,Mak 90/1250 con Plossl e Barlow,"meteo buono, seeing non disponibile",Unknown,,Unknown,,5,8,mercury,Mercurio,Planet,Pianeta,HighMagnification,Telescope,telescope,Maksutov 90/1250 + 25 mm,25 mm,25 mm,50x,50,No,Difficile,83.1,25 mm + Barlow 2x,10 mm + Barlow 2x,,3,0,0,"50x con pupilla 1,8 mm; campo reale 1,04°; senza Barlow per mantenere contrasto e campo; altezza massima 18°."
P06,Mak 90/1250 con Plossl e Barlow,"meteo buono, seeing non disponibile",Unknown,,Unknown,,5,8,venus,Venere,Planet,Pianeta,HighMagnification,Telescope,telescope,Maksutov 90/1250 + 10 mm,10 mm,10 mm,125x,125,No,Facile,84.2,25 mm + Barlow 2x,10 mm + Barlow 2x,25 mm,4,0,0,"125x con pupilla 0,7 mm; campo reale 0,48°; senza Barlow per mantenere contrasto e campo; altezza massima 35°."
P06,Mak 90/1250 con Plossl e Barlow,"meteo buono, seeing non disponibile",Unknown,,Unknown,,5,8,mars,Marte,Planet,Pianeta,HighMagnification,Telescope,telescope,Maksutov 90/1250 + 10 mm,10 mm,10 mm,125x,125,No,Media,84.2,25 mm + Barlow 2x,10 mm + Barlow 2x,25 mm,4,0,0,"125x con pupilla 0,7 mm; campo reale 0,48°; senza Barlow per mantenere contrasto e campo; altezza massima 62°."
P06,Mak 90/1250 con Plossl e Barlow,"meteo buono, seeing non disponibile",Unknown,,Unknown,,5,8,jupiter,Giove,Planet,Pianeta,HighMagnification,Telescope,telescope,Maksutov 90/1250 + 10 mm,10 mm,10 mm,125x,125,No,Facile,84.2,25 mm + Barlow 2x,10 mm + Barlow 2x,25 mm,4,0,0,"125x con pupilla 0,7 mm; campo reale 0,48°; senza Barlow per mantenere contrasto e campo; altezza massima 50°."
P06,Mak 90/1250 con Plossl e Barlow,"meteo buono, seeing non disponibile",Unknown,,Unknown,,5,8,saturn,Saturno,Planet,Pianeta,HighMagnification,Telescope,telescope,Maksutov 90/1250 + 10 mm,10 mm,10 mm,125x,125,No,Facile,84.2,25 mm + Barlow 2x,10 mm + Barlow 2x,25 mm,4,0,0,"125x con pupilla 0,7 mm; campo reale 0,48°; senza Barlow per mantenere contrasto e campo; altezza massima 38°."
P06,Mak 90/1250 con Plossl e Barlow,"meteo buono, seeing non disponibile",Unknown,,Unknown,,5,8,uranus,Urano,Planet,Pianeta,HighMagnification,Telescope,telescope,Maksutov 90/1250 + 10 mm,10 mm,10 mm,125x,125,No,Media,84.2,25 mm + Barlow 2x,10 mm + Barlow 2x,25 mm,4,0,0,"125x con pupilla 0,7 mm; campo reale 0,48°; senza Barlow per mantenere contrasto e campo; altezza massima 45°."
P06,Mak 90/1250 con Plossl e Barlow,"meteo buono, seeing non disponibile",Unknown,,Unknown,,5,8,neptune,Nettuno,Planet,Pianeta,HighMagnification,Telescope,telescope,Maksutov 90/1250 + 10 mm,10 mm,10 mm,125x,125,No,Difficile,84.2,25 mm + Barlow 2x,10 mm + Barlow 2x,25 mm,4,0,0,"125x con pupilla 0,7 mm; campo reale 0,48°; senza Barlow per mantenere contrasto e campo; altezza massima 42°."
P06,Mak 90/1250 con Plossl e Barlow,"meteo buono, seeing non disponibile",Unknown,,Unknown,,5,8,messier-M1,M1 Crab Nebula,Messier general,Supernova remnant,General,Telescope,telescope,Maksutov 90/1250 + 25 mm,25 mm,25 mm,50x,50,No,Difficile,97.8,10 mm,10 mm + Barlow 2x,,3,0,0,"50x con pupilla 1,8 mm; campo reale 1,04°; senza Barlow per mantenere contrasto e campo; altezza massima 55°."
P06,Mak 90/1250 con Plossl e Barlow,"meteo buono, seeing non disponibile",Unknown,,Unknown,,5,8,messier-M3,M3,Messier globular,Globular cluster,General,Telescope,telescope,Maksutov 90/1250 + 25 mm,25 mm,25 mm,50x,50,No,Facile,87.2,25 mm + Barlow 2x,10 mm + Barlow 2x,,3,0,0,"50x con pupilla 1,8 mm; campo reale 1,04°; senza Barlow per mantenere contrasto e campo; altezza massima 55°."
P06,Mak 90/1250 con Plossl e Barlow,"meteo buono, seeing non disponibile",Unknown,,Unknown,,5,8,messier-M5,M5 Rose Cluster,Messier globular,Globular cluster,General,Telescope,telescope,Maksutov 90/1250 + 25 mm,25 mm,25 mm,50x,50,No,Facile,87.2,25 mm + Barlow 2x,10 mm + Barlow 2x,,3,0,0,"50x con pupilla 1,8 mm; campo reale 1,04°; senza Barlow per mantenere contrasto e campo; altezza massima 55°."
P06,Mak 90/1250 con Plossl e Barlow,"meteo buono, seeing non disponibile",Unknown,,Unknown,,5,8,messier-M7,M7 Ptolemy's Cluster,Messier wide-field,Open cluster,WideField,Telescope,telescope,Maksutov 90/1250 + 25 mm,25 mm,25 mm,50x,50,No,Difficile,58.7,10 mm,10 mm + Barlow 2x,,3,0,0,"50x con pupilla 1,8 mm; campo reale 1,04°; senza Barlow per mantenere contrasto e campo; altezza massima 11°."
P06,Mak 90/1250 con Plossl e Barlow,"meteo buono, seeing non disponibile",Unknown,,Unknown,,5,8,messier-M8,M8 Lagoon Nebula,Messier wide-field,Nebula with cluster,WideField,Telescope,telescope,Maksutov 90/1250 + 25 mm,25 mm,25 mm,50x,50,No,Difficile,53.3,10 mm,10 mm + Barlow 2x,,3,0,0,"50x con pupilla 1,8 mm; campo reale 1,04°; senza Barlow per mantenere contrasto e campo; altezza massima 22°."
P06,Mak 90/1250 con Plossl e Barlow,"meteo buono, seeing non disponibile",Unknown,,Unknown,,5,8,messier-M13,M13 Great Hercules Cluster,Messier globular,Globular cluster,General,Telescope,telescope,Maksutov 90/1250 + 25 mm,25 mm,25 mm,50x,50,No,Facile,87.2,25 mm + Barlow 2x,10 mm + Barlow 2x,,3,0,0,"50x con pupilla 1,8 mm; campo reale 1,04°; senza Barlow per mantenere contrasto e campo; altezza massima 55°."
P06,Mak 90/1250 con Plossl e Barlow,"meteo buono, seeing non disponibile",Unknown,,Unknown,,5,8,messier-M15,M15 Great Pegasus Cluster,Messier globular,Globular cluster,General,Telescope,telescope,Maksutov 90/1250 + 25 mm,25 mm,25 mm,50x,50,No,Facile,87.2,25 mm + Barlow 2x,10 mm + Barlow 2x,,3,0,0,"50x con pupilla 1,8 mm; campo reale 1,04°; senza Barlow per mantenere contrasto e campo; altezza massima 55°."
P06,Mak 90/1250 con Plossl e Barlow,"meteo buono, seeing non disponibile",Unknown,,Unknown,,5,8,messier-M17,"M17 Omega, Swan, Horseshoe, Lobster, or Checkmark Nebula",Messier nebula,H II region nebula with cluster,General,Telescope,telescope,Maksutov 90/1250 + 25 mm,25 mm,25 mm,50x,50,No,Difficile,90.0,10 mm,10 mm + Barlow 2x,,3,0,0,"50x con pupilla 1,8 mm; campo reale 1,04°; senza Barlow per mantenere contrasto e campo; altezza massima 30°."
P06,Mak 90/1250 con Plossl e Barlow,"meteo buono, seeing non disponibile",Unknown,,Unknown,,5,8,messier-M24,M24 Small Sagittarius Star Cloud,Messier wide-field,Milky Way star cloud,WideField,Telescope,telescope,Maksutov 90/1250 + 25 mm,25 mm,25 mm,50x,50,No,Media,54.7,10 mm,10 mm + Barlow 2x,,3,0,0,"50x con pupilla 1,8 mm; campo reale 1,04°; senza Barlow per mantenere contrasto e campo; altezza massima 25°."
P06,Mak 90/1250 con Plossl e Barlow,"meteo buono, seeing non disponibile",Unknown,,Unknown,,5,8,messier-M27,M27 Dumbbell Nebula,Messier planetary nebula,Planetary nebula,General,Telescope,telescope,Maksutov 90/1250 + 25 mm,25 mm,25 mm,50x,50,No,Difficile,97.8,10 mm,10 mm + Barlow 2x,,3,0,0,"50x con pupilla 1,8 mm; campo reale 1,04°; senza Barlow per mantenere contrasto e campo; altezza massima 55°."
P06,Mak 90/1250 con Plossl e Barlow,"meteo buono, seeing non disponibile",Unknown,,Unknown,,5,8,messier-M31,M31 Andromeda Galaxy,Messier wide-field,Spiral galaxy,WideField,Telescope,telescope,Maksutov 90/1250 + 25 mm,25 mm,25 mm,50x,50,No,Difficile,46.1,10 mm,10 mm + Barlow 2x,,3,0,0,"50x con pupilla 1,8 mm; campo reale 1,04°; senza Barlow per mantenere contrasto e campo; altezza massima 55°."
P06,Mak 90/1250 con Plossl e Barlow,"meteo buono, seeing non disponibile",Unknown,,Unknown,,5,8,messier-M42,M42 Great Orion Nebula,Messier wide-field,H II region nebula,WideField,Telescope,telescope,Maksutov 90/1250 + 25 mm,25 mm,25 mm,50x,50,No,Difficile,63.7,10 mm,10 mm + Barlow 2x,,3,0,0,"50x con pupilla 1,8 mm; campo reale 1,04°; senza Barlow per mantenere contrasto e campo; altezza massima 45°."
P06,Mak 90/1250 con Plossl e Barlow,"meteo buono, seeing non disponibile",Unknown,,Unknown,,5,8,messier-M44,M44 Beehive Cluster or Praesepe,Messier wide-field,Open cluster,WideField,Telescope,telescope,Maksutov 90/1250 + 25 mm,25 mm,25 mm,50x,50,No,Facile,52.7,10 mm,10 mm + Barlow 2x,,3,0,0,"50x con pupilla 1,8 mm; campo reale 1,04°; senza Barlow per mantenere contrasto e campo; altezza massima 55°."
P06,Mak 90/1250 con Plossl e Barlow,"meteo buono, seeing non disponibile",Unknown,,Unknown,,5,8,messier-M45,"M45 Pleiades, Seven Sisters or Subaru",Messier wide-field,Open cluster,WideField,Telescope,telescope,Maksutov 90/1250 + 25 mm,25 mm,25 mm,50x,50,No,Facile,54.7,10 mm,10 mm + Barlow 2x,,3,0,0,"50x con pupilla 1,8 mm; campo reale 1,04°; senza Barlow per mantenere contrasto e campo; altezza massima 55°."
P06,Mak 90/1250 con Plossl e Barlow,"meteo buono, seeing non disponibile",Unknown,,Unknown,,5,8,messier-M51,M51 Whirlpool Galaxy,Messier galaxy,Spiral galaxy,General,Telescope,telescope,Maksutov 90/1250 + 25 mm,25 mm,25 mm,50x,50,No,Difficile,88.5,10 mm,10 mm + Barlow 2x,,3,0,0,"50x con pupilla 1,8 mm; campo reale 1,04°; senza Barlow per mantenere contrasto e campo; altezza massima 55°."
P06,Mak 90/1250 con Plossl e Barlow,"meteo buono, seeing non disponibile",Unknown,,Unknown,,5,8,messier-M57,M57 Ring Nebula,Messier planetary nebula,Planetary nebula,HighMagnification,Telescope,telescope,Maksutov 90/1250 + 10 mm,10 mm,10 mm,125x,125,No,Difficile,89.6,25 mm + Barlow 2x,10 mm + Barlow 2x,25 mm,4,0,0,"125x con pupilla 0,7 mm; campo reale 0,48°; senza Barlow per mantenere contrasto e campo; altezza massima 70°."
P06,Mak 90/1250 con Plossl e Barlow,"meteo buono, seeing non disponibile",Unknown,,Unknown,,5,8,messier-M81,M81 Bode's Galaxy,Messier galaxy,Spiral galaxy,General,Telescope,telescope,Maksutov 90/1250 + 25 mm,25 mm,25 mm,50x,50,No,Difficile,88.5,10 mm,10 mm + Barlow 2x,,3,0,0,"50x con pupilla 1,8 mm; campo reale 1,04°; senza Barlow per mantenere contrasto e campo; altezza massima 55°."
P06,Mak 90/1250 con Plossl e Barlow,"meteo buono, seeing non disponibile",Unknown,,Unknown,,5,8,messier-M92,M92,Messier globular,Globular cluster,General,Telescope,telescope,Maksutov 90/1250 + 25 mm,25 mm,25 mm,50x,50,No,Facile,87.2,25 mm + Barlow 2x,10 mm + Barlow 2x,,3,0,0,"50x con pupilla 1,8 mm; campo reale 1,04°; senza Barlow per mantenere contrasto e campo; altezza massima 55°."
P07,Newton 130/650 completo,sereno stabile,Excellent,82,Good,78,4,2,mercury,Mercurio,Planet,Pianeta,HighMagnification,Telescope,telescope,Newton 130/650 + 6 mm,6 mm,6 mm,108x,108,No,Difficile,91.3,10 mm + Barlow 2x,6 mm + Barlow 2x,32 mm,4,0,0,"108x con pupilla 1,2 mm; campo reale 0,54°; senza Barlow per mantenere contrasto e campo; altezza massima 18°."
P07,Newton 130/650 completo,sereno stabile,Excellent,82,Good,78,4,2,venus,Venere,Planet,Pianeta,HighMagnification,Telescope,telescope,Newton 130/650 + 6 mm,6 mm,6 mm,108x,108,No,Facile,75.1,6 mm + Barlow 2x,,32 mm,3,0,0,"108x con pupilla 1,2 mm; campo reale 0,54°; senza Barlow per mantenere contrasto e campo; altezza massima 35°."
P07,Newton 130/650 completo,sereno stabile,Excellent,82,Good,78,4,2,mars,Marte,Planet,Pianeta,HighMagnification,Telescope,telescope,Newton 130/650 + 6 mm,6 mm,6 mm,108x,108,No,Facile,75.1,6 mm + Barlow 2x,,32 mm,3,0,0,"108x con pupilla 1,2 mm; campo reale 0,54°; senza Barlow per mantenere contrasto e campo; altezza massima 62°."
P07,Newton 130/650 completo,sereno stabile,Excellent,82,Good,78,4,2,jupiter,Giove,Planet,Pianeta,HighMagnification,Telescope,telescope,Newton 130/650 + 6 mm,6 mm,6 mm,108x,108,No,Facile,75.1,6 mm + Barlow 2x,,32 mm,3,0,0,"108x con pupilla 1,2 mm; campo reale 0,54°; senza Barlow per mantenere contrasto e campo; altezza massima 50°."
P07,Newton 130/650 completo,sereno stabile,Excellent,82,Good,78,4,2,saturn,Saturno,Planet,Pianeta,HighMagnification,Telescope,telescope,Newton 130/650 + 6 mm,6 mm,6 mm,108x,108,No,Facile,75.1,6 mm + Barlow 2x,,32 mm,3,0,0,"108x con pupilla 1,2 mm; campo reale 0,54°; senza Barlow per mantenere contrasto e campo; altezza massima 38°."
P07,Newton 130/650 completo,sereno stabile,Excellent,82,Good,78,4,2,uranus,Urano,Planet,Pianeta,HighMagnification,Telescope,telescope,Newton 130/650 + 6 mm,6 mm,6 mm,108x,108,No,Media,75.1,6 mm + Barlow 2x,,32 mm,3,0,0,"108x con pupilla 1,2 mm; campo reale 0,54°; senza Barlow per mantenere contrasto e campo; altezza massima 45°."
P07,Newton 130/650 completo,sereno stabile,Excellent,82,Good,78,4,2,neptune,Nettuno,Planet,Pianeta,HighMagnification,Telescope,telescope,Newton 130/650 + 6 mm,6 mm,6 mm,108x,108,No,Media,75.1,6 mm + Barlow 2x,,32 mm,3,0,0,"108x con pupilla 1,2 mm; campo reale 0,54°; senza Barlow per mantenere contrasto e campo; altezza massima 42°."
P07,Newton 130/650 completo,sereno stabile,Excellent,82,Good,78,4,2,messier-M1,M1 Crab Nebula,Messier general,Supernova remnant,General,Telescope,telescope,Newton 130/650 + 10 mm,10 mm,10 mm,65x,65,No,Media,98.6,25 mm + Barlow 2x,6 mm + Barlow 2x,32 mm,4,0,0,"65x con pupilla 2,0 mm; campo reale 0,92°; senza Barlow per mantenere contrasto e campo; altezza massima 55°."
P07,Newton 130/650 completo,sereno stabile,Excellent,82,Good,78,4,2,messier-M3,M3,Messier globular,Globular cluster,General,Telescope,telescope,Newton 130/650 + 10 mm,10 mm,10 mm,65x,65,No,Facile,94.1,6 mm,6 mm + Barlow 2x,32 mm,4,0,0,"65x con pupilla 2,0 mm; campo reale 0,92°; senza Barlow per mantenere contrasto e campo; altezza massima 55°."
P07,Newton 130/650 completo,sereno stabile,Excellent,82,Good,78,4,2,messier-M5,M5 Rose Cluster,Messier globular,Globular cluster,General,Telescope,telescope,Newton 130/650 + 10 mm,10 mm,10 mm,65x,65,No,Facile,94.1,6 mm,6 mm + Barlow 2x,32 mm,4,0,0,"65x con pupilla 2,0 mm; campo reale 0,92°; senza Barlow per mantenere contrasto e campo; altezza massima 55°."
P07,Newton 130/650 completo,sereno stabile,Excellent,82,Good,78,4,2,messier-M7,M7 Ptolemy's Cluster,Messier wide-field,Open cluster,WideField,Telescope,telescope,Newton 130/650 + 25 mm,25 mm,25 mm,26x,26,No,Difficile,97.7,32 mm,6 mm + Barlow 2x,,3,0,0,"26x con pupilla 5,0 mm; campo reale 2,00°; senza Barlow per mantenere contrasto e campo; altezza massima 11°."
P07,Newton 130/650 completo,sereno stabile,Excellent,82,Good,78,4,2,messier-M8,M8 Lagoon Nebula,Messier wide-field,Nebula with cluster,WideField,Telescope,telescope,Newton 130/650 + 25 mm,25 mm,25 mm,26x,26,No,Media,92.9,32 mm,6 mm + Barlow 2x,,3,0,0,"26x con pupilla 5,0 mm; campo reale 2,00°; senza Barlow per mantenere contrasto e campo; altezza massima 22°."
P07,Newton 130/650 completo,sereno stabile,Excellent,82,Good,78,4,2,messier-M13,M13 Great Hercules Cluster,Messier globular,Globular cluster,General,Telescope,telescope,Newton 130/650 + 10 mm,10 mm,10 mm,65x,65,No,Facile,94.1,6 mm,6 mm + Barlow 2x,32 mm,4,0,0,"65x con pupilla 2,0 mm; campo reale 0,92°; senza Barlow per mantenere contrasto e campo; altezza massima 55°."
P07,Newton 130/650 completo,sereno stabile,Excellent,82,Good,78,4,2,messier-M15,M15 Great Pegasus Cluster,Messier globular,Globular cluster,General,Telescope,telescope,Newton 130/650 + 10 mm,10 mm,10 mm,65x,65,No,Facile,94.1,6 mm,6 mm + Barlow 2x,32 mm,4,0,0,"65x con pupilla 2,0 mm; campo reale 0,92°; senza Barlow per mantenere contrasto e campo; altezza massima 55°."
P07,Newton 130/650 completo,sereno stabile,Excellent,82,Good,78,4,2,messier-M17,"M17 Omega, Swan, Horseshoe, Lobster, or Checkmark Nebula",Messier nebula,H II region nebula with cluster,General,Telescope,telescope,Newton 130/650 + 10 mm,10 mm,10 mm,65x,65,No,Media,84.1,32 mm + Barlow 2x,6 mm + Barlow 2x,32 mm,4,0,0,"65x con pupilla 2,0 mm; campo reale 0,92°; senza Barlow per mantenere contrasto e campo; altezza massima 30°."
P07,Newton 130/650 completo,sereno stabile,Excellent,82,Good,78,4,2,messier-M24,M24 Small Sagittarius Star Cloud,Messier wide-field,Milky Way star cloud,WideField,Telescope,telescope,Newton 130/650 + 25 mm,25 mm,25 mm,26x,26,No,Media,93.0,32 mm,6 mm + Barlow 2x,,3,0,0,"26x con pupilla 5,0 mm; campo reale 2,00°; senza Barlow per mantenere contrasto e campo; altezza massima 25°."
P07,Newton 130/650 completo,sereno stabile,Excellent,82,Good,78,4,2,messier-M27,M27 Dumbbell Nebula,Messier planetary nebula,Planetary nebula,General,Telescope,telescope,Newton 130/650 + 10 mm,10 mm,10 mm,65x,65,No,Media,98.6,25 mm + Barlow 2x,6 mm + Barlow 2x,32 mm,4,0,0,"65x con pupilla 2,0 mm; campo reale 0,92°; senza Barlow per mantenere contrasto e campo; altezza massima 55°."
P07,Newton 130/650 completo,sereno stabile,Excellent,82,Good,78,4,2,messier-M31,M31 Andromeda Galaxy,Messier wide-field,Spiral galaxy,WideField,Telescope,telescope,Newton 130/650 + 32 mm,32 mm,32 mm,20x,20,No,Media,82.0,25 mm,6 mm + Barlow 2x,,3,0,0,"20x con pupilla 6,4 mm; campo reale 3,35°; senza Barlow per mantenere contrasto e campo; altezza massima 55°."
P07,Newton 130/650 completo,sereno stabile,Excellent,82,Good,78,4,2,messier-M42,M42 Great Orion Nebula,Messier wide-field,H II region nebula,WideField,Telescope,telescope,Newton 130/650 + 25 mm,25 mm,25 mm,26x,26,No,Media,97.5,32 mm + Barlow 2x,6 mm + Barlow 2x,32 mm,4,0,0,"26x con pupilla 5,0 mm; campo reale 2,00°; senza Barlow per mantenere contrasto e campo; altezza massima 45°."
P07,Newton 130/650 completo,sereno stabile,Excellent,82,Good,78,4,2,messier-M44,M44 Beehive Cluster or Praesepe,Messier wide-field,Open cluster,WideField,Telescope,telescope,Newton 130/650 + 25 mm,25 mm,25 mm,26x,26,No,Facile,91.5,32 mm,6 mm + Barlow 2x,,3,0,0,"26x con pupilla 5,0 mm; campo reale 2,00°; senza Barlow per mantenere contrasto e campo; altezza massima 55°."
P07,Newton 130/650 completo,sereno stabile,Excellent,82,Good,78,4,2,messier-M45,"M45 Pleiades, Seven Sisters or Subaru",Messier wide-field,Open cluster,WideField,Telescope,telescope,Newton 130/650 + 25 mm,25 mm,25 mm,26x,26,No,Facile,93.0,32 mm,6 mm + Barlow 2x,,3,0,0,"26x con pupilla 5,0 mm; campo reale 2,00°; senza Barlow per mantenere contrasto e campo; altezza massima 55°."
P07,Newton 130/650 completo,sereno stabile,Excellent,82,Good,78,4,2,messier-M51,M51 Whirlpool Galaxy,Messier galaxy,Spiral galaxy,General,Telescope,telescope,Newton 130/650 + 10 mm,10 mm,10 mm,65x,65,No,Media,90.3,25 mm + Barlow 2x,6 mm + Barlow 2x,32 mm,4,0,0,"65x con pupilla 2,0 mm; campo reale 0,92°; senza Barlow per mantenere contrasto e campo; altezza massima 55°."
P07,Newton 130/650 completo,sereno stabile,Excellent,82,Good,78,4,2,messier-M57,M57 Ring Nebula,Messier planetary nebula,Planetary nebula,HighMagnification,Telescope,telescope,Newton 130/650 + 6 mm,6 mm,6 mm,108x,108,No,Media,95.5,10 mm + Barlow 2x,6 mm + Barlow 2x,32 mm,4,0,0,"108x con pupilla 1,2 mm; campo reale 0,54°; senza Barlow per mantenere contrasto e campo; altezza massima 70°."
P07,Newton 130/650 completo,sereno stabile,Excellent,82,Good,78,4,2,messier-M81,M81 Bode's Galaxy,Messier galaxy,Spiral galaxy,General,Telescope,telescope,Newton 130/650 + 10 mm,10 mm,10 mm,65x,65,No,Media,90.3,25 mm + Barlow 2x,6 mm + Barlow 2x,32 mm,4,0,0,"65x con pupilla 2,0 mm; campo reale 0,92°; senza Barlow per mantenere contrasto e campo; altezza massima 55°."
P07,Newton 130/650 completo,sereno stabile,Excellent,82,Good,78,4,2,messier-M92,M92,Messier globular,Globular cluster,General,Telescope,telescope,Newton 130/650 + 10 mm,10 mm,10 mm,65x,65,No,Facile,94.1,6 mm,6 mm + Barlow 2x,32 mm,4,0,0,"65x con pupilla 2,0 mm; campo reale 0,92°; senza Barlow per mantenere contrasto e campo; altezza massima 55°."
P08,Mak 127 con Hyperion Zoom,seeing sconosciuto,Unknown,,Unknown,,5,8,mercury,Mercurio,Planet,Pianeta,HighMagnification,Telescope,telescope,Mak 127 + Baader Hyperion Zoom 8-24 mm @ 24 mm,Baader Hyperion Zoom 8-24 mm @ 24 mm,24 mm,62x,62,No,Difficile,82.1,Baader Hyperion Zoom 8-24 mm @ 20 mm,Baader Hyperion Zoom 8-24 mm @ 8 mm,,3,0,0,"62x con pupilla 2,0 mm; campo reale 0,96°; senza Barlow per mantenere contrasto e campo; altezza massima 18°."
P08,Mak 127 con Hyperion Zoom,seeing sconosciuto,Unknown,,Unknown,,5,8,venus,Venere,Planet,Pianeta,HighMagnification,Telescope,telescope,Mak 127 + Baader Hyperion Zoom 8-24 mm @ 16 mm,Baader Hyperion Zoom 8-24 mm @ 16 mm,16 mm,94x,94,No,Facile,88.5,Baader Hyperion Zoom 8-24 mm @ 12 mm,Baader Hyperion Zoom 8-24 mm @ 8 mm,Baader Hyperion Zoom 8-24 mm @ 24 mm,4,0,0,"94x con pupilla 1,4 mm; campo reale 0,64°; senza Barlow per mantenere contrasto e campo; altezza massima 35°."
P08,Mak 127 con Hyperion Zoom,seeing sconosciuto,Unknown,,Unknown,,5,8,mars,Marte,Planet,Pianeta,HighMagnification,Telescope,telescope,Mak 127 + Baader Hyperion Zoom 8-24 mm @ 16 mm,Baader Hyperion Zoom 8-24 mm @ 16 mm,16 mm,94x,94,No,Media,88.5,Baader Hyperion Zoom 8-24 mm @ 12 mm,Baader Hyperion Zoom 8-24 mm @ 8 mm,Baader Hyperion Zoom 8-24 mm @ 24 mm,4,0,0,"94x con pupilla 1,4 mm; campo reale 0,64°; senza Barlow per mantenere contrasto e campo; altezza massima 62°."
P08,Mak 127 con Hyperion Zoom,seeing sconosciuto,Unknown,,Unknown,,5,8,jupiter,Giove,Planet,Pianeta,HighMagnification,Telescope,telescope,Mak 127 + Baader Hyperion Zoom 8-24 mm @ 16 mm,Baader Hyperion Zoom 8-24 mm @ 16 mm,16 mm,94x,94,No,Facile,88.5,Baader Hyperion Zoom 8-24 mm @ 12 mm,Baader Hyperion Zoom 8-24 mm @ 8 mm,Baader Hyperion Zoom 8-24 mm @ 24 mm,4,0,0,"94x con pupilla 1,4 mm; campo reale 0,64°; senza Barlow per mantenere contrasto e campo; altezza massima 50°."
P08,Mak 127 con Hyperion Zoom,seeing sconosciuto,Unknown,,Unknown,,5,8,saturn,Saturno,Planet,Pianeta,HighMagnification,Telescope,telescope,Mak 127 + Baader Hyperion Zoom 8-24 mm @ 16 mm,Baader Hyperion Zoom 8-24 mm @ 16 mm,16 mm,94x,94,No,Facile,88.5,Baader Hyperion Zoom 8-24 mm @ 12 mm,Baader Hyperion Zoom 8-24 mm @ 8 mm,Baader Hyperion Zoom 8-24 mm @ 24 mm,4,0,0,"94x con pupilla 1,4 mm; campo reale 0,64°; senza Barlow per mantenere contrasto e campo; altezza massima 38°."
P08,Mak 127 con Hyperion Zoom,seeing sconosciuto,Unknown,,Unknown,,5,8,uranus,Urano,Planet,Pianeta,HighMagnification,Telescope,telescope,Mak 127 + Baader Hyperion Zoom 8-24 mm @ 16 mm,Baader Hyperion Zoom 8-24 mm @ 16 mm,16 mm,94x,94,No,Media,88.5,Baader Hyperion Zoom 8-24 mm @ 12 mm,Baader Hyperion Zoom 8-24 mm @ 8 mm,Baader Hyperion Zoom 8-24 mm @ 24 mm,4,0,0,"94x con pupilla 1,4 mm; campo reale 0,64°; senza Barlow per mantenere contrasto e campo; altezza massima 45°."
P08,Mak 127 con Hyperion Zoom,seeing sconosciuto,Unknown,,Unknown,,5,8,neptune,Nettuno,Planet,Pianeta,HighMagnification,Telescope,telescope,Mak 127 + Baader Hyperion Zoom 8-24 mm @ 16 mm,Baader Hyperion Zoom 8-24 mm @ 16 mm,16 mm,94x,94,No,Difficile,88.5,Baader Hyperion Zoom 8-24 mm @ 12 mm,Baader Hyperion Zoom 8-24 mm @ 8 mm,Baader Hyperion Zoom 8-24 mm @ 24 mm,4,0,0,"94x con pupilla 1,4 mm; campo reale 0,64°; senza Barlow per mantenere contrasto e campo; altezza massima 42°."
P08,Mak 127 con Hyperion Zoom,seeing sconosciuto,Unknown,,Unknown,,5,8,messier-M1,M1 Crab Nebula,Messier general,Supernova remnant,General,Telescope,telescope,Mak 127 + Baader Hyperion Zoom 8-24 mm @ 24 mm,Baader Hyperion Zoom 8-24 mm @ 24 mm,24 mm,62x,62,No,Media,99.2,Baader Hyperion Zoom 8-24 mm @ 20 mm,Baader Hyperion Zoom 8-24 mm @ 8 mm,,3,0,0,"62x con pupilla 2,0 mm; campo reale 0,96°; senza Barlow per mantenere contrasto e campo; altezza massima 55°."
P08,Mak 127 con Hyperion Zoom,seeing sconosciuto,Unknown,,Unknown,,5,8,messier-M3,M3,Messier globular,Globular cluster,General,Telescope,telescope,Mak 127 + Baader Hyperion Zoom 8-24 mm @ 20 mm,Baader Hyperion Zoom 8-24 mm @ 20 mm,20 mm,75x,75,No,Facile,98.5,Baader Hyperion Zoom 8-24 mm @ 16 mm,Baader Hyperion Zoom 8-24 mm @ 8 mm,Baader Hyperion Zoom 8-24 mm @ 24 mm,4,0,0,"75x con pupilla 1,7 mm; campo reale 0,80°; senza Barlow per mantenere contrasto e campo; altezza massima 55°."
P08,Mak 127 con Hyperion Zoom,seeing sconosciuto,Unknown,,Unknown,,5,8,messier-M5,M5 Rose Cluster,Messier globular,Globular cluster,General,Telescope,telescope,Mak 127 + Baader Hyperion Zoom 8-24 mm @ 20 mm,Baader Hyperion Zoom 8-24 mm @ 20 mm,20 mm,75x,75,No,Facile,98.5,Baader Hyperion Zoom 8-24 mm @ 16 mm,Baader Hyperion Zoom 8-24 mm @ 8 mm,Baader Hyperion Zoom 8-24 mm @ 24 mm,4,0,0,"75x con pupilla 1,7 mm; campo reale 0,80°; senza Barlow per mantenere contrasto e campo; altezza massima 55°."
P08,Mak 127 con Hyperion Zoom,seeing sconosciuto,Unknown,,Unknown,,5,8,messier-M7,M7 Ptolemy's Cluster,Messier wide-field,Open cluster,WideField,Telescope,telescope,Mak 127 + Baader Hyperion Zoom 8-24 mm @ 24 mm,Baader Hyperion Zoom 8-24 mm @ 24 mm,24 mm,62x,62,No,Difficile,54.7,Baader Hyperion Zoom 8-24 mm @ 20 mm,Baader Hyperion Zoom 8-24 mm @ 8 mm,,3,0,0,"62x con pupilla 2,0 mm; campo reale 0,96°; senza Barlow per mantenere contrasto e campo; altezza massima 11°."
P08,Mak 127 con Hyperion Zoom,seeing sconosciuto,Unknown,,Unknown,,5,8,messier-M8,M8 Lagoon Nebula,Messier wide-field,Nebula with cluster,WideField,Telescope,telescope,Mak 127 + Baader Hyperion Zoom 8-24 mm @ 24 mm,Baader Hyperion Zoom 8-24 mm @ 24 mm,24 mm,62x,62,No,Media,50.8,Baader Hyperion Zoom 8-24 mm @ 20 mm,Baader Hyperion Zoom 8-24 mm @ 8 mm,,3,0,0,"62x con pupilla 2,0 mm; campo reale 0,96°; senza Barlow per mantenere contrasto e campo; altezza massima 22°."
P08,Mak 127 con Hyperion Zoom,seeing sconosciuto,Unknown,,Unknown,,5,8,messier-M13,M13 Great Hercules Cluster,Messier globular,Globular cluster,General,Telescope,telescope,Mak 127 + Baader Hyperion Zoom 8-24 mm @ 20 mm,Baader Hyperion Zoom 8-24 mm @ 20 mm,20 mm,75x,75,No,Facile,98.5,Baader Hyperion Zoom 8-24 mm @ 16 mm,Baader Hyperion Zoom 8-24 mm @ 8 mm,Baader Hyperion Zoom 8-24 mm @ 24 mm,4,0,0,"75x con pupilla 1,7 mm; campo reale 0,80°; senza Barlow per mantenere contrasto e campo; altezza massima 55°."
P08,Mak 127 con Hyperion Zoom,seeing sconosciuto,Unknown,,Unknown,,5,8,messier-M15,M15 Great Pegasus Cluster,Messier globular,Globular cluster,General,Telescope,telescope,Mak 127 + Baader Hyperion Zoom 8-24 mm @ 20 mm,Baader Hyperion Zoom 8-24 mm @ 20 mm,20 mm,75x,75,No,Facile,98.5,Baader Hyperion Zoom 8-24 mm @ 16 mm,Baader Hyperion Zoom 8-24 mm @ 8 mm,Baader Hyperion Zoom 8-24 mm @ 24 mm,4,0,0,"75x con pupilla 1,7 mm; campo reale 0,80°; senza Barlow per mantenere contrasto e campo; altezza massima 55°."
P08,Mak 127 con Hyperion Zoom,seeing sconosciuto,Unknown,,Unknown,,5,8,messier-M17,"M17 Omega, Swan, Horseshoe, Lobster, or Checkmark Nebula",Messier nebula,H II region nebula with cluster,General,Telescope,telescope,Mak 127 + Baader Hyperion Zoom 8-24 mm @ 24 mm,Baader Hyperion Zoom 8-24 mm @ 24 mm,24 mm,62x,62,No,Media,85.4,Baader Hyperion Zoom 8-24 mm @ 20 mm,Baader Hyperion Zoom 8-24 mm @ 8 mm,,3,0,0,"62x con pupilla 2,0 mm; campo reale 0,96°; senza Barlow per mantenere contrasto e campo; altezza massima 30°."
P08,Mak 127 con Hyperion Zoom,seeing sconosciuto,Unknown,,Unknown,,5,8,messier-M24,M24 Small Sagittarius Star Cloud,Messier wide-field,Milky Way star cloud,WideField,Telescope,telescope,Mak 127 + Baader Hyperion Zoom 8-24 mm @ 24 mm,Baader Hyperion Zoom 8-24 mm @ 24 mm,24 mm,62x,62,No,Media,51.2,Baader Hyperion Zoom 8-24 mm @ 20 mm,Baader Hyperion Zoom 8-24 mm @ 8 mm,,3,0,0,"62x con pupilla 2,0 mm; campo reale 0,96°; senza Barlow per mantenere contrasto e campo; altezza massima 25°."
P08,Mak 127 con Hyperion Zoom,seeing sconosciuto,Unknown,,Unknown,,5,8,messier-M27,M27 Dumbbell Nebula,Messier planetary nebula,Planetary nebula,General,Telescope,telescope,Mak 127 + Baader Hyperion Zoom 8-24 mm @ 24 mm,Baader Hyperion Zoom 8-24 mm @ 24 mm,24 mm,62x,62,No,Media,99.2,Baader Hyperion Zoom 8-24 mm @ 20 mm,Baader Hyperion Zoom 8-24 mm @ 8 mm,,3,0,0,"62x con pupilla 2,0 mm; campo reale 0,96°; senza Barlow per mantenere contrasto e campo; altezza massima 55°."
P08,Mak 127 con Hyperion Zoom,seeing sconosciuto,Unknown,,Unknown,,5,8,messier-M31,M31 Andromeda Galaxy,Messier wide-field,Spiral galaxy,WideField,Telescope,telescope,Mak 127 + Baader Hyperion Zoom 8-24 mm @ 24 mm,Baader Hyperion Zoom 8-24 mm @ 24 mm,24 mm,62x,62,No,Media,45.2,Baader Hyperion Zoom 8-24 mm @ 20 mm,Baader Hyperion Zoom 8-24 mm @ 8 mm,,3,0,0,"62x con pupilla 2,0 mm; campo reale 0,96°; senza Barlow per mantenere contrasto e campo; altezza massima 55°."
P08,Mak 127 con Hyperion Zoom,seeing sconosciuto,Unknown,,Unknown,,5,8,messier-M42,M42 Great Orion Nebula,Messier wide-field,H II region nebula,WideField,Telescope,telescope,Mak 127 + Baader Hyperion Zoom 8-24 mm @ 24 mm,Baader Hyperion Zoom 8-24 mm @ 24 mm,24 mm,62x,62,No,Media,57.9,Baader Hyperion Zoom 8-24 mm @ 20 mm,Baader Hyperion Zoom 8-24 mm @ 8 mm,,3,0,0,"62x con pupilla 2,0 mm; campo reale 0,96°; senza Barlow per mantenere contrasto e campo; altezza massima 45°."
P08,Mak 127 con Hyperion Zoom,seeing sconosciuto,Unknown,,Unknown,,5,8,messier-M44,M44 Beehive Cluster or Praesepe,Messier wide-field,Open cluster,WideField,Telescope,telescope,Mak 127 + Baader Hyperion Zoom 8-24 mm @ 24 mm,Baader Hyperion Zoom 8-24 mm @ 24 mm,24 mm,62x,62,No,Facile,50.3,Baader Hyperion Zoom 8-24 mm @ 20 mm,Baader Hyperion Zoom 8-24 mm @ 8 mm,,3,0,0,"62x con pupilla 2,0 mm; campo reale 0,96°; senza Barlow per mantenere contrasto e campo; altezza massima 55°."
P08,Mak 127 con Hyperion Zoom,seeing sconosciuto,Unknown,,Unknown,,5,8,messier-M45,"M45 Pleiades, Seven Sisters or Subaru",Messier wide-field,Open cluster,WideField,Telescope,telescope,Mak 127 + Baader Hyperion Zoom 8-24 mm @ 24 mm,Baader Hyperion Zoom 8-24 mm @ 24 mm,24 mm,62x,62,No,Facile,51.2,Baader Hyperion Zoom 8-24 mm @ 20 mm,Baader Hyperion Zoom 8-24 mm @ 8 mm,,3,0,0,"62x con pupilla 2,0 mm; campo reale 0,96°; senza Barlow per mantenere contrasto e campo; altezza massima 55°."
P08,Mak 127 con Hyperion Zoom,seeing sconosciuto,Unknown,,Unknown,,5,8,messier-M51,M51 Whirlpool Galaxy,Messier galaxy,Spiral galaxy,General,Telescope,telescope,Mak 127 + Baader Hyperion Zoom 8-24 mm @ 24 mm,Baader Hyperion Zoom 8-24 mm @ 24 mm,24 mm,62x,62,No,Media,91.5,Baader Hyperion Zoom 8-24 mm @ 20 mm,Baader Hyperion Zoom 8-24 mm @ 8 mm,,3,0,0,"62x con pupilla 2,0 mm; campo reale 0,96°; senza Barlow per mantenere contrasto e campo; altezza massima 55°."
P08,Mak 127 con Hyperion Zoom,seeing sconosciuto,Unknown,,Unknown,,5,8,messier-M57,M57 Ring Nebula,Messier planetary nebula,Planetary nebula,HighMagnification,Telescope,telescope,Mak 127 + Baader Hyperion Zoom 8-24 mm @ 12 mm,Baader Hyperion Zoom 8-24 mm @ 12 mm,12 mm,125x,125,No,Media,98.7,Baader Hyperion Zoom 8-24 mm @ 16 mm,Baader Hyperion Zoom 8-24 mm @ 8 mm,Baader Hyperion Zoom 8-24 mm @ 24 mm,4,0,0,"125x con pupilla 1,0 mm; campo reale 0,48°; senza Barlow per mantenere contrasto e campo; altezza massima 70°."
P08,Mak 127 con Hyperion Zoom,seeing sconosciuto,Unknown,,Unknown,,5,8,messier-M81,M81 Bode's Galaxy,Messier galaxy,Spiral galaxy,General,Telescope,telescope,Mak 127 + Baader Hyperion Zoom 8-24 mm @ 24 mm,Baader Hyperion Zoom 8-24 mm @ 24 mm,24 mm,62x,62,No,Media,91.5,Baader Hyperion Zoom 8-24 mm @ 20 mm,Baader Hyperion Zoom 8-24 mm @ 8 mm,,3,0,0,"62x con pupilla 2,0 mm; campo reale 0,96°; senza Barlow per mantenere contrasto e campo; altezza massima 55°."
P08,Mak 127 con Hyperion Zoom,seeing sconosciuto,Unknown,,Unknown,,5,8,messier-M92,M92,Messier globular,Globular cluster,General,Telescope,telescope,Mak 127 + Baader Hyperion Zoom 8-24 mm @ 20 mm,Baader Hyperion Zoom 8-24 mm @ 20 mm,20 mm,75x,75,No,Facile,98.5,Baader Hyperion Zoom 8-24 mm @ 16 mm,Baader Hyperion Zoom 8-24 mm @ 8 mm,Baader Hyperion Zoom 8-24 mm @ 24 mm,4,0,0,"75x con pupilla 1,7 mm; campo reale 0,80°; senza Barlow per mantenere contrasto e campo; altezza massima 55°."
P09,Mak 127 con Zoom e Barlow 2.25x,seeing ottimo,Excellent,90,Excellent,82,5,8,mercury,Mercurio,Planet,Pianeta,HighMagnification,Telescope,telescope,Mak 127 + Baader Hyperion Zoom 8-24 mm @ 12 mm,Baader Hyperion Zoom 8-24 mm @ 12 mm,12 mm,125x,125,No,Difficile,88.4,Baader Hyperion Zoom 8-24 mm @ 16 mm,Baader Hyperion Zoom 8-24 mm + Hyperion Zoom Barlow 2.25x @ 8 mm,Baader Hyperion Zoom 8-24 mm @ 24 mm,4,0,0,"125x con pupilla 1,0 mm; campo reale 0,48°; senza Barlow per mantenere contrasto e campo; altezza massima 18°."
P09,Mak 127 con Zoom e Barlow 2.25x,seeing ottimo,Excellent,90,Excellent,82,5,8,venus,Venere,Planet,Pianeta,HighMagnification,Telescope,telescope,Mak 127 + Baader Hyperion Zoom 8-24 mm @ 8 mm,Baader Hyperion Zoom 8-24 mm @ 8 mm,8 mm,188x,188,No,Facile,88.3,Baader Hyperion Zoom 8-24 mm + Hyperion Zoom Barlow 2.25x @ 20 mm,Baader Hyperion Zoom 8-24 mm + Hyperion Zoom Barlow 2.25x @ 8 mm,Baader Hyperion Zoom 8-24 mm @ 24 mm,4,0,0,"188x con pupilla 0,7 mm; campo reale 0,32°; senza Barlow per mantenere contrasto e campo; altezza massima 35°."
P09,Mak 127 con Zoom e Barlow 2.25x,seeing ottimo,Excellent,90,Excellent,82,5,8,mars,Marte,Planet,Pianeta,HighMagnification,Telescope,telescope,Mak 127 + Baader Hyperion Zoom 8-24 mm @ 8 mm,Baader Hyperion Zoom 8-24 mm @ 8 mm,8 mm,188x,188,No,Media,88.3,Baader Hyperion Zoom 8-24 mm + Hyperion Zoom Barlow 2.25x @ 20 mm,Baader Hyperion Zoom 8-24 mm + Hyperion Zoom Barlow 2.25x @ 8 mm,Baader Hyperion Zoom 8-24 mm @ 24 mm,4,0,0,"188x con pupilla 0,7 mm; campo reale 0,32°; senza Barlow per mantenere contrasto e campo; altezza massima 62°."
P09,Mak 127 con Zoom e Barlow 2.25x,seeing ottimo,Excellent,90,Excellent,82,5,8,jupiter,Giove,Planet,Pianeta,HighMagnification,Telescope,telescope,Mak 127 + Baader Hyperion Zoom 8-24 mm @ 8 mm,Baader Hyperion Zoom 8-24 mm @ 8 mm,8 mm,188x,188,No,Facile,88.3,Baader Hyperion Zoom 8-24 mm + Hyperion Zoom Barlow 2.25x @ 20 mm,Baader Hyperion Zoom 8-24 mm + Hyperion Zoom Barlow 2.25x @ 8 mm,Baader Hyperion Zoom 8-24 mm @ 24 mm,4,0,0,"188x con pupilla 0,7 mm; campo reale 0,32°; senza Barlow per mantenere contrasto e campo; altezza massima 50°."
P09,Mak 127 con Zoom e Barlow 2.25x,seeing ottimo,Excellent,90,Excellent,82,5,8,saturn,Saturno,Planet,Pianeta,HighMagnification,Telescope,telescope,Mak 127 + Baader Hyperion Zoom 8-24 mm @ 8 mm,Baader Hyperion Zoom 8-24 mm @ 8 mm,8 mm,188x,188,No,Facile,88.3,Baader Hyperion Zoom 8-24 mm + Hyperion Zoom Barlow 2.25x @ 20 mm,Baader Hyperion Zoom 8-24 mm + Hyperion Zoom Barlow 2.25x @ 8 mm,Baader Hyperion Zoom 8-24 mm @ 24 mm,4,0,0,"188x con pupilla 0,7 mm; campo reale 0,32°; senza Barlow per mantenere contrasto e campo; altezza massima 38°."
P09,Mak 127 con Zoom e Barlow 2.25x,seeing ottimo,Excellent,90,Excellent,82,5,8,uranus,Urano,Planet,Pianeta,HighMagnification,Telescope,telescope,Mak 127 + Baader Hyperion Zoom 8-24 mm @ 8 mm,Baader Hyperion Zoom 8-24 mm @ 8 mm,8 mm,188x,188,No,Media,88.3,Baader Hyperion Zoom 8-24 mm + Hyperion Zoom Barlow 2.25x @ 20 mm,Baader Hyperion Zoom 8-24 mm + Hyperion Zoom Barlow 2.25x @ 8 mm,Baader Hyperion Zoom 8-24 mm @ 24 mm,4,0,0,"188x con pupilla 0,7 mm; campo reale 0,32°; senza Barlow per mantenere contrasto e campo; altezza massima 45°."
P09,Mak 127 con Zoom e Barlow 2.25x,seeing ottimo,Excellent,90,Excellent,82,5,8,neptune,Nettuno,Planet,Pianeta,HighMagnification,Telescope,telescope,Mak 127 + Baader Hyperion Zoom 8-24 mm @ 8 mm,Baader Hyperion Zoom 8-24 mm @ 8 mm,8 mm,188x,188,No,Difficile,88.3,Baader Hyperion Zoom 8-24 mm + Hyperion Zoom Barlow 2.25x @ 20 mm,Baader Hyperion Zoom 8-24 mm + Hyperion Zoom Barlow 2.25x @ 8 mm,Baader Hyperion Zoom 8-24 mm @ 24 mm,4,0,0,"188x con pupilla 0,7 mm; campo reale 0,32°; senza Barlow per mantenere contrasto e campo; altezza massima 42°."
P09,Mak 127 con Zoom e Barlow 2.25x,seeing ottimo,Excellent,90,Excellent,82,5,8,messier-M1,M1 Crab Nebula,Messier general,Supernova remnant,General,Telescope,telescope,Mak 127 + Baader Hyperion Zoom 8-24 mm @ 24 mm,Baader Hyperion Zoom 8-24 mm @ 24 mm,24 mm,62x,62,No,Media,99.2,Baader Hyperion Zoom 8-24 mm @ 20 mm,Baader Hyperion Zoom 8-24 mm + Hyperion Zoom Barlow 2.25x @ 8 mm,,3,0,0,"62x con pupilla 2,0 mm; campo reale 0,96°; senza Barlow per mantenere contrasto e campo; altezza massima 55°."
P09,Mak 127 con Zoom e Barlow 2.25x,seeing ottimo,Excellent,90,Excellent,82,5,8,messier-M3,M3,Messier globular,Globular cluster,General,Telescope,telescope,Mak 127 + Baader Hyperion Zoom 8-24 mm @ 20 mm,Baader Hyperion Zoom 8-24 mm @ 20 mm,20 mm,75x,75,No,Facile,98.5,Baader Hyperion Zoom 8-24 mm @ 16 mm,Baader Hyperion Zoom 8-24 mm + Hyperion Zoom Barlow 2.25x @ 8 mm,Baader Hyperion Zoom 8-24 mm @ 24 mm,4,0,0,"75x con pupilla 1,7 mm; campo reale 0,80°; senza Barlow per mantenere contrasto e campo; altezza massima 55°."
P09,Mak 127 con Zoom e Barlow 2.25x,seeing ottimo,Excellent,90,Excellent,82,5,8,messier-M5,M5 Rose Cluster,Messier globular,Globular cluster,General,Telescope,telescope,Mak 127 + Baader Hyperion Zoom 8-24 mm @ 20 mm,Baader Hyperion Zoom 8-24 mm @ 20 mm,20 mm,75x,75,No,Facile,98.5,Baader Hyperion Zoom 8-24 mm @ 16 mm,Baader Hyperion Zoom 8-24 mm + Hyperion Zoom Barlow 2.25x @ 8 mm,Baader Hyperion Zoom 8-24 mm @ 24 mm,4,0,0,"75x con pupilla 1,7 mm; campo reale 0,80°; senza Barlow per mantenere contrasto e campo; altezza massima 55°."
P09,Mak 127 con Zoom e Barlow 2.25x,seeing ottimo,Excellent,90,Excellent,82,5,8,messier-M7,M7 Ptolemy's Cluster,Messier wide-field,Open cluster,WideField,Telescope,telescope,Mak 127 + Baader Hyperion Zoom 8-24 mm @ 24 mm,Baader Hyperion Zoom 8-24 mm @ 24 mm,24 mm,62x,62,No,Difficile,54.7,Baader Hyperion Zoom 8-24 mm @ 20 mm,Baader Hyperion Zoom 8-24 mm + Hyperion Zoom Barlow 2.25x @ 8 mm,,3,0,0,"62x con pupilla 2,0 mm; campo reale 0,96°; senza Barlow per mantenere contrasto e campo; altezza massima 11°."
P09,Mak 127 con Zoom e Barlow 2.25x,seeing ottimo,Excellent,90,Excellent,82,5,8,messier-M8,M8 Lagoon Nebula,Messier wide-field,Nebula with cluster,WideField,Telescope,telescope,Mak 127 + Baader Hyperion Zoom 8-24 mm @ 24 mm,Baader Hyperion Zoom 8-24 mm @ 24 mm,24 mm,62x,62,No,Media,50.8,Baader Hyperion Zoom 8-24 mm @ 20 mm,Baader Hyperion Zoom 8-24 mm + Hyperion Zoom Barlow 2.25x @ 8 mm,,3,0,0,"62x con pupilla 2,0 mm; campo reale 0,96°; senza Barlow per mantenere contrasto e campo; altezza massima 22°."
P09,Mak 127 con Zoom e Barlow 2.25x,seeing ottimo,Excellent,90,Excellent,82,5,8,messier-M13,M13 Great Hercules Cluster,Messier globular,Globular cluster,General,Telescope,telescope,Mak 127 + Baader Hyperion Zoom 8-24 mm @ 20 mm,Baader Hyperion Zoom 8-24 mm @ 20 mm,20 mm,75x,75,No,Facile,98.5,Baader Hyperion Zoom 8-24 mm @ 16 mm,Baader Hyperion Zoom 8-24 mm + Hyperion Zoom Barlow 2.25x @ 8 mm,Baader Hyperion Zoom 8-24 mm @ 24 mm,4,0,0,"75x con pupilla 1,7 mm; campo reale 0,80°; senza Barlow per mantenere contrasto e campo; altezza massima 55°."
P09,Mak 127 con Zoom e Barlow 2.25x,seeing ottimo,Excellent,90,Excellent,82,5,8,messier-M15,M15 Great Pegasus Cluster,Messier globular,Globular cluster,General,Telescope,telescope,Mak 127 + Baader Hyperion Zoom 8-24 mm @ 20 mm,Baader Hyperion Zoom 8-24 mm @ 20 mm,20 mm,75x,75,No,Facile,98.5,Baader Hyperion Zoom 8-24 mm @ 16 mm,Baader Hyperion Zoom 8-24 mm + Hyperion Zoom Barlow 2.25x @ 8 mm,Baader Hyperion Zoom 8-24 mm @ 24 mm,4,0,0,"75x con pupilla 1,7 mm; campo reale 0,80°; senza Barlow per mantenere contrasto e campo; altezza massima 55°."
P09,Mak 127 con Zoom e Barlow 2.25x,seeing ottimo,Excellent,90,Excellent,82,5,8,messier-M17,"M17 Omega, Swan, Horseshoe, Lobster, or Checkmark Nebula",Messier nebula,H II region nebula with cluster,General,Telescope,telescope,Mak 127 + Baader Hyperion Zoom 8-24 mm @ 24 mm,Baader Hyperion Zoom 8-24 mm @ 24 mm,24 mm,62x,62,No,Media,85.4,Baader Hyperion Zoom 8-24 mm @ 20 mm,Baader Hyperion Zoom 8-24 mm + Hyperion Zoom Barlow 2.25x @ 8 mm,,3,0,0,"62x con pupilla 2,0 mm; campo reale 0,96°; senza Barlow per mantenere contrasto e campo; altezza massima 30°."
P09,Mak 127 con Zoom e Barlow 2.25x,seeing ottimo,Excellent,90,Excellent,82,5,8,messier-M24,M24 Small Sagittarius Star Cloud,Messier wide-field,Milky Way star cloud,WideField,Telescope,telescope,Mak 127 + Baader Hyperion Zoom 8-24 mm @ 24 mm,Baader Hyperion Zoom 8-24 mm @ 24 mm,24 mm,62x,62,No,Media,51.2,Baader Hyperion Zoom 8-24 mm @ 20 mm,Baader Hyperion Zoom 8-24 mm + Hyperion Zoom Barlow 2.25x @ 8 mm,,3,0,0,"62x con pupilla 2,0 mm; campo reale 0,96°; senza Barlow per mantenere contrasto e campo; altezza massima 25°."
P09,Mak 127 con Zoom e Barlow 2.25x,seeing ottimo,Excellent,90,Excellent,82,5,8,messier-M27,M27 Dumbbell Nebula,Messier planetary nebula,Planetary nebula,General,Telescope,telescope,Mak 127 + Baader Hyperion Zoom 8-24 mm @ 24 mm,Baader Hyperion Zoom 8-24 mm @ 24 mm,24 mm,62x,62,No,Media,99.2,Baader Hyperion Zoom 8-24 mm @ 20 mm,Baader Hyperion Zoom 8-24 mm + Hyperion Zoom Barlow 2.25x @ 8 mm,,3,0,0,"62x con pupilla 2,0 mm; campo reale 0,96°; senza Barlow per mantenere contrasto e campo; altezza massima 55°."
P09,Mak 127 con Zoom e Barlow 2.25x,seeing ottimo,Excellent,90,Excellent,82,5,8,messier-M31,M31 Andromeda Galaxy,Messier wide-field,Spiral galaxy,WideField,Telescope,telescope,Mak 127 + Baader Hyperion Zoom 8-24 mm @ 24 mm,Baader Hyperion Zoom 8-24 mm @ 24 mm,24 mm,62x,62,No,Media,45.2,Baader Hyperion Zoom 8-24 mm @ 20 mm,Baader Hyperion Zoom 8-24 mm + Hyperion Zoom Barlow 2.25x @ 8 mm,,3,0,0,"62x con pupilla 2,0 mm; campo reale 0,96°; senza Barlow per mantenere contrasto e campo; altezza massima 55°."
P09,Mak 127 con Zoom e Barlow 2.25x,seeing ottimo,Excellent,90,Excellent,82,5,8,messier-M42,M42 Great Orion Nebula,Messier wide-field,H II region nebula,WideField,Telescope,telescope,Mak 127 + Baader Hyperion Zoom 8-24 mm @ 24 mm,Baader Hyperion Zoom 8-24 mm @ 24 mm,24 mm,62x,62,No,Media,57.9,Baader Hyperion Zoom 8-24 mm @ 20 mm,Baader Hyperion Zoom 8-24 mm + Hyperion Zoom Barlow 2.25x @ 8 mm,,3,0,0,"62x con pupilla 2,0 mm; campo reale 0,96°; senza Barlow per mantenere contrasto e campo; altezza massima 45°."
P09,Mak 127 con Zoom e Barlow 2.25x,seeing ottimo,Excellent,90,Excellent,82,5,8,messier-M44,M44 Beehive Cluster or Praesepe,Messier wide-field,Open cluster,WideField,Telescope,telescope,Mak 127 + Baader Hyperion Zoom 8-24 mm @ 24 mm,Baader Hyperion Zoom 8-24 mm @ 24 mm,24 mm,62x,62,No,Facile,50.3,Baader Hyperion Zoom 8-24 mm @ 20 mm,Baader Hyperion Zoom 8-24 mm + Hyperion Zoom Barlow 2.25x @ 8 mm,,3,0,0,"62x con pupilla 2,0 mm; campo reale 0,96°; senza Barlow per mantenere contrasto e campo; altezza massima 55°."
P09,Mak 127 con Zoom e Barlow 2.25x,seeing ottimo,Excellent,90,Excellent,82,5,8,messier-M45,"M45 Pleiades, Seven Sisters or Subaru",Messier wide-field,Open cluster,WideField,Telescope,telescope,Mak 127 + Baader Hyperion Zoom 8-24 mm @ 24 mm,Baader Hyperion Zoom 8-24 mm @ 24 mm,24 mm,62x,62,No,Facile,51.2,Baader Hyperion Zoom 8-24 mm @ 20 mm,Baader Hyperion Zoom 8-24 mm + Hyperion Zoom Barlow 2.25x @ 8 mm,,3,0,0,"62x con pupilla 2,0 mm; campo reale 0,96°; senza Barlow per mantenere contrasto e campo; altezza massima 55°."
P09,Mak 127 con Zoom e Barlow 2.25x,seeing ottimo,Excellent,90,Excellent,82,5,8,messier-M51,M51 Whirlpool Galaxy,Messier galaxy,Spiral galaxy,General,Telescope,telescope,Mak 127 + Baader Hyperion Zoom 8-24 mm @ 24 mm,Baader Hyperion Zoom 8-24 mm @ 24 mm,24 mm,62x,62,No,Media,91.5,Baader Hyperion Zoom 8-24 mm @ 20 mm,Baader Hyperion Zoom 8-24 mm + Hyperion Zoom Barlow 2.25x @ 8 mm,,3,0,0,"62x con pupilla 2,0 mm; campo reale 0,96°; senza Barlow per mantenere contrasto e campo; altezza massima 55°."
P09,Mak 127 con Zoom e Barlow 2.25x,seeing ottimo,Excellent,90,Excellent,82,5,8,messier-M57,M57 Ring Nebula,Messier planetary nebula,Planetary nebula,HighMagnification,Telescope,telescope,Mak 127 + Baader Hyperion Zoom 8-24 mm @ 12 mm,Baader Hyperion Zoom 8-24 mm @ 12 mm,12 mm,125x,125,No,Media,98.7,Baader Hyperion Zoom 8-24 mm + Hyperion Zoom Barlow 2.25x @ 24 mm,Baader Hyperion Zoom 8-24 mm + Hyperion Zoom Barlow 2.25x @ 8 mm,Baader Hyperion Zoom 8-24 mm @ 24 mm,4,0,0,"125x con pupilla 1,0 mm; campo reale 0,48°; senza Barlow per mantenere contrasto e campo; altezza massima 70°."
P09,Mak 127 con Zoom e Barlow 2.25x,seeing ottimo,Excellent,90,Excellent,82,5,8,messier-M81,M81 Bode's Galaxy,Messier galaxy,Spiral galaxy,General,Telescope,telescope,Mak 127 + Baader Hyperion Zoom 8-24 mm @ 24 mm,Baader Hyperion Zoom 8-24 mm @ 24 mm,24 mm,62x,62,No,Media,91.5,Baader Hyperion Zoom 8-24 mm @ 20 mm,Baader Hyperion Zoom 8-24 mm + Hyperion Zoom Barlow 2.25x @ 8 mm,,3,0,0,"62x con pupilla 2,0 mm; campo reale 0,96°; senza Barlow per mantenere contrasto e campo; altezza massima 55°."
P09,Mak 127 con Zoom e Barlow 2.25x,seeing ottimo,Excellent,90,Excellent,82,5,8,messier-M92,M92,Messier globular,Globular cluster,General,Telescope,telescope,Mak 127 + Baader Hyperion Zoom 8-24 mm @ 20 mm,Baader Hyperion Zoom 8-24 mm @ 20 mm,20 mm,75x,75,No,Facile,98.5,Baader Hyperion Zoom 8-24 mm @ 16 mm,Baader Hyperion Zoom 8-24 mm + Hyperion Zoom Barlow 2.25x @ 8 mm,Baader Hyperion Zoom 8-24 mm @ 24 mm,4,0,0,"75x con pupilla 1,7 mm; campo reale 0,80°; senza Barlow per mantenere contrasto e campo; altezza massima 55°."
P10,Mak 127 con Zoom e seeing scarso,vento e seeing scarso,Poor,30,Average,55,5,8,mercury,Mercurio,Planet,Pianeta,HighMagnification,Telescope,telescope,Mak 127 + Baader Hyperion Zoom 8-24 mm @ 24 mm,Baader Hyperion Zoom 8-24 mm @ 24 mm,24 mm,62x,62,No,Difficile,81.4,Baader Hyperion Zoom 8-24 mm @ 20 mm,Baader Hyperion Zoom 8-24 mm + Hyperion Zoom Barlow 2.25x @ 8 mm,,3,0,0,"62x con pupilla 2,0 mm; campo reale 0,96°; senza Barlow per mantenere contrasto e campo; altezza massima 18°."
P10,Mak 127 con Zoom e seeing scarso,vento e seeing scarso,Poor,30,Average,55,5,8,venus,Venere,Planet,Pianeta,HighMagnification,Telescope,telescope,Mak 127 + Baader Hyperion Zoom 8-24 mm @ 24 mm,Baader Hyperion Zoom 8-24 mm @ 24 mm,24 mm,62x,62,No,Facile,83.8,Baader Hyperion Zoom 8-24 mm @ 20 mm,Baader Hyperion Zoom 8-24 mm + Hyperion Zoom Barlow 2.25x @ 8 mm,,3,0,0,"62x con pupilla 2,0 mm; campo reale 0,96°; senza Barlow per mantenere contrasto e campo; altezza massima 35°."
P10,Mak 127 con Zoom e seeing scarso,vento e seeing scarso,Poor,30,Average,55,5,8,mars,Marte,Planet,Pianeta,HighMagnification,Telescope,telescope,Mak 127 + Baader Hyperion Zoom 8-24 mm @ 24 mm,Baader Hyperion Zoom 8-24 mm @ 24 mm,24 mm,62x,62,No,Media,83.8,Baader Hyperion Zoom 8-24 mm @ 20 mm,Baader Hyperion Zoom 8-24 mm + Hyperion Zoom Barlow 2.25x @ 8 mm,,3,0,0,"62x con pupilla 2,0 mm; campo reale 0,96°; senza Barlow per mantenere contrasto e campo; altezza massima 62°."
P10,Mak 127 con Zoom e seeing scarso,vento e seeing scarso,Poor,30,Average,55,5,8,jupiter,Giove,Planet,Pianeta,HighMagnification,Telescope,telescope,Mak 127 + Baader Hyperion Zoom 8-24 mm @ 24 mm,Baader Hyperion Zoom 8-24 mm @ 24 mm,24 mm,62x,62,No,Facile,83.8,Baader Hyperion Zoom 8-24 mm @ 20 mm,Baader Hyperion Zoom 8-24 mm + Hyperion Zoom Barlow 2.25x @ 8 mm,,3,0,0,"62x con pupilla 2,0 mm; campo reale 0,96°; senza Barlow per mantenere contrasto e campo; altezza massima 50°."
P10,Mak 127 con Zoom e seeing scarso,vento e seeing scarso,Poor,30,Average,55,5,8,saturn,Saturno,Planet,Pianeta,HighMagnification,Telescope,telescope,Mak 127 + Baader Hyperion Zoom 8-24 mm @ 24 mm,Baader Hyperion Zoom 8-24 mm @ 24 mm,24 mm,62x,62,No,Facile,83.8,Baader Hyperion Zoom 8-24 mm @ 20 mm,Baader Hyperion Zoom 8-24 mm + Hyperion Zoom Barlow 2.25x @ 8 mm,,3,0,0,"62x con pupilla 2,0 mm; campo reale 0,96°; senza Barlow per mantenere contrasto e campo; altezza massima 38°."
P10,Mak 127 con Zoom e seeing scarso,vento e seeing scarso,Poor,30,Average,55,5,8,uranus,Urano,Planet,Pianeta,HighMagnification,Telescope,telescope,Mak 127 + Baader Hyperion Zoom 8-24 mm @ 24 mm,Baader Hyperion Zoom 8-24 mm @ 24 mm,24 mm,62x,62,No,Media,83.8,Baader Hyperion Zoom 8-24 mm @ 20 mm,Baader Hyperion Zoom 8-24 mm + Hyperion Zoom Barlow 2.25x @ 8 mm,,3,0,0,"62x con pupilla 2,0 mm; campo reale 0,96°; senza Barlow per mantenere contrasto e campo; altezza massima 45°."
P10,Mak 127 con Zoom e seeing scarso,vento e seeing scarso,Poor,30,Average,55,5,8,neptune,Nettuno,Planet,Pianeta,HighMagnification,Telescope,telescope,Mak 127 + Baader Hyperion Zoom 8-24 mm @ 24 mm,Baader Hyperion Zoom 8-24 mm @ 24 mm,24 mm,62x,62,No,Difficile,83.8,Baader Hyperion Zoom 8-24 mm @ 20 mm,Baader Hyperion Zoom 8-24 mm + Hyperion Zoom Barlow 2.25x @ 8 mm,,3,0,0,"62x con pupilla 2,0 mm; campo reale 0,96°; senza Barlow per mantenere contrasto e campo; altezza massima 42°."
P10,Mak 127 con Zoom e seeing scarso,vento e seeing scarso,Poor,30,Average,55,5,8,messier-M1,M1 Crab Nebula,Messier general,Supernova remnant,General,Telescope,telescope,Mak 127 + Baader Hyperion Zoom 8-24 mm @ 24 mm,Baader Hyperion Zoom 8-24 mm @ 24 mm,24 mm,62x,62,No,Media,99.2,Baader Hyperion Zoom 8-24 mm @ 20 mm,Baader Hyperion Zoom 8-24 mm + Hyperion Zoom Barlow 2.25x @ 8 mm,,3,0,0,"62x con pupilla 2,0 mm; campo reale 0,96°; senza Barlow per mantenere contrasto e campo; altezza massima 55°."
P10,Mak 127 con Zoom e seeing scarso,vento e seeing scarso,Poor,30,Average,55,5,8,messier-M3,M3,Messier globular,Globular cluster,General,Telescope,telescope,Mak 127 + Baader Hyperion Zoom 8-24 mm @ 20 mm,Baader Hyperion Zoom 8-24 mm @ 20 mm,20 mm,75x,75,No,Facile,99.7,Baader Hyperion Zoom 8-24 mm @ 24 mm,Baader Hyperion Zoom 8-24 mm + Hyperion Zoom Barlow 2.25x @ 8 mm,,3,0,0,"75x con pupilla 1,7 mm; campo reale 0,80°; senza Barlow per mantenere contrasto e campo; altezza massima 55°."
P10,Mak 127 con Zoom e seeing scarso,vento e seeing scarso,Poor,30,Average,55,5,8,messier-M5,M5 Rose Cluster,Messier globular,Globular cluster,General,Telescope,telescope,Mak 127 + Baader Hyperion Zoom 8-24 mm @ 20 mm,Baader Hyperion Zoom 8-24 mm @ 20 mm,20 mm,75x,75,No,Facile,99.7,Baader Hyperion Zoom 8-24 mm @ 24 mm,Baader Hyperion Zoom 8-24 mm + Hyperion Zoom Barlow 2.25x @ 8 mm,,3,0,0,"75x con pupilla 1,7 mm; campo reale 0,80°; senza Barlow per mantenere contrasto e campo; altezza massima 55°."
P10,Mak 127 con Zoom e seeing scarso,vento e seeing scarso,Poor,30,Average,55,5,8,messier-M7,M7 Ptolemy's Cluster,Messier wide-field,Open cluster,WideField,Telescope,telescope,Mak 127 + Baader Hyperion Zoom 8-24 mm @ 24 mm,Baader Hyperion Zoom 8-24 mm @ 24 mm,24 mm,62x,62,No,Difficile,54.7,Baader Hyperion Zoom 8-24 mm @ 20 mm,Baader Hyperion Zoom 8-24 mm + Hyperion Zoom Barlow 2.25x @ 8 mm,,3,0,0,"62x con pupilla 2,0 mm; campo reale 0,96°; senza Barlow per mantenere contrasto e campo; altezza massima 11°."
P10,Mak 127 con Zoom e seeing scarso,vento e seeing scarso,Poor,30,Average,55,5,8,messier-M8,M8 Lagoon Nebula,Messier wide-field,Nebula with cluster,WideField,Telescope,telescope,Mak 127 + Baader Hyperion Zoom 8-24 mm @ 24 mm,Baader Hyperion Zoom 8-24 mm @ 24 mm,24 mm,62x,62,No,Media,50.8,Baader Hyperion Zoom 8-24 mm @ 20 mm,Baader Hyperion Zoom 8-24 mm + Hyperion Zoom Barlow 2.25x @ 8 mm,,3,0,0,"62x con pupilla 2,0 mm; campo reale 0,96°; senza Barlow per mantenere contrasto e campo; altezza massima 22°."
P10,Mak 127 con Zoom e seeing scarso,vento e seeing scarso,Poor,30,Average,55,5,8,messier-M13,M13 Great Hercules Cluster,Messier globular,Globular cluster,General,Telescope,telescope,Mak 127 + Baader Hyperion Zoom 8-24 mm @ 20 mm,Baader Hyperion Zoom 8-24 mm @ 20 mm,20 mm,75x,75,No,Facile,99.7,Baader Hyperion Zoom 8-24 mm @ 24 mm,Baader Hyperion Zoom 8-24 mm + Hyperion Zoom Barlow 2.25x @ 8 mm,,3,0,0,"75x con pupilla 1,7 mm; campo reale 0,80°; senza Barlow per mantenere contrasto e campo; altezza massima 55°."
P10,Mak 127 con Zoom e seeing scarso,vento e seeing scarso,Poor,30,Average,55,5,8,messier-M15,M15 Great Pegasus Cluster,Messier globular,Globular cluster,General,Telescope,telescope,Mak 127 + Baader Hyperion Zoom 8-24 mm @ 20 mm,Baader Hyperion Zoom 8-24 mm @ 20 mm,20 mm,75x,75,No,Facile,99.7,Baader Hyperion Zoom 8-24 mm @ 24 mm,Baader Hyperion Zoom 8-24 mm + Hyperion Zoom Barlow 2.25x @ 8 mm,,3,0,0,"75x con pupilla 1,7 mm; campo reale 0,80°; senza Barlow per mantenere contrasto e campo; altezza massima 55°."
P10,Mak 127 con Zoom e seeing scarso,vento e seeing scarso,Poor,30,Average,55,5,8,messier-M17,"M17 Omega, Swan, Horseshoe, Lobster, or Checkmark Nebula",Messier nebula,H II region nebula with cluster,General,Telescope,telescope,Mak 127 + Baader Hyperion Zoom 8-24 mm @ 24 mm,Baader Hyperion Zoom 8-24 mm @ 24 mm,24 mm,62x,62,No,Media,85.4,Baader Hyperion Zoom 8-24 mm @ 20 mm,Baader Hyperion Zoom 8-24 mm + Hyperion Zoom Barlow 2.25x @ 8 mm,,3,0,0,"62x con pupilla 2,0 mm; campo reale 0,96°; senza Barlow per mantenere contrasto e campo; altezza massima 30°."
P10,Mak 127 con Zoom e seeing scarso,vento e seeing scarso,Poor,30,Average,55,5,8,messier-M24,M24 Small Sagittarius Star Cloud,Messier wide-field,Milky Way star cloud,WideField,Telescope,telescope,Mak 127 + Baader Hyperion Zoom 8-24 mm @ 24 mm,Baader Hyperion Zoom 8-24 mm @ 24 mm,24 mm,62x,62,No,Media,51.2,Baader Hyperion Zoom 8-24 mm @ 20 mm,Baader Hyperion Zoom 8-24 mm + Hyperion Zoom Barlow 2.25x @ 8 mm,,3,0,0,"62x con pupilla 2,0 mm; campo reale 0,96°; senza Barlow per mantenere contrasto e campo; altezza massima 25°."
P10,Mak 127 con Zoom e seeing scarso,vento e seeing scarso,Poor,30,Average,55,5,8,messier-M27,M27 Dumbbell Nebula,Messier planetary nebula,Planetary nebula,General,Telescope,telescope,Mak 127 + Baader Hyperion Zoom 8-24 mm @ 24 mm,Baader Hyperion Zoom 8-24 mm @ 24 mm,24 mm,62x,62,No,Media,99.2,Baader Hyperion Zoom 8-24 mm @ 20 mm,Baader Hyperion Zoom 8-24 mm + Hyperion Zoom Barlow 2.25x @ 8 mm,,3,0,0,"62x con pupilla 2,0 mm; campo reale 0,96°; senza Barlow per mantenere contrasto e campo; altezza massima 55°."
P10,Mak 127 con Zoom e seeing scarso,vento e seeing scarso,Poor,30,Average,55,5,8,messier-M31,M31 Andromeda Galaxy,Messier wide-field,Spiral galaxy,WideField,Telescope,telescope,Mak 127 + Baader Hyperion Zoom 8-24 mm @ 24 mm,Baader Hyperion Zoom 8-24 mm @ 24 mm,24 mm,62x,62,No,Media,45.2,Baader Hyperion Zoom 8-24 mm @ 20 mm,Baader Hyperion Zoom 8-24 mm + Hyperion Zoom Barlow 2.25x @ 8 mm,,3,0,0,"62x con pupilla 2,0 mm; campo reale 0,96°; senza Barlow per mantenere contrasto e campo; altezza massima 55°."
P10,Mak 127 con Zoom e seeing scarso,vento e seeing scarso,Poor,30,Average,55,5,8,messier-M42,M42 Great Orion Nebula,Messier wide-field,H II region nebula,WideField,Telescope,telescope,Mak 127 + Baader Hyperion Zoom 8-24 mm @ 24 mm,Baader Hyperion Zoom 8-24 mm @ 24 mm,24 mm,62x,62,No,Media,57.9,Baader Hyperion Zoom 8-24 mm @ 20 mm,Baader Hyperion Zoom 8-24 mm + Hyperion Zoom Barlow 2.25x @ 8 mm,,3,0,0,"62x con pupilla 2,0 mm; campo reale 0,96°; senza Barlow per mantenere contrasto e campo; altezza massima 45°."
P10,Mak 127 con Zoom e seeing scarso,vento e seeing scarso,Poor,30,Average,55,5,8,messier-M44,M44 Beehive Cluster or Praesepe,Messier wide-field,Open cluster,WideField,Telescope,telescope,Mak 127 + Baader Hyperion Zoom 8-24 mm @ 24 mm,Baader Hyperion Zoom 8-24 mm @ 24 mm,24 mm,62x,62,No,Facile,50.3,Baader Hyperion Zoom 8-24 mm @ 20 mm,Baader Hyperion Zoom 8-24 mm + Hyperion Zoom Barlow 2.25x @ 8 mm,,3,0,0,"62x con pupilla 2,0 mm; campo reale 0,96°; senza Barlow per mantenere contrasto e campo; altezza massima 55°."
P10,Mak 127 con Zoom e seeing scarso,vento e seeing scarso,Poor,30,Average,55,5,8,messier-M45,"M45 Pleiades, Seven Sisters or Subaru",Messier wide-field,Open cluster,WideField,Telescope,telescope,Mak 127 + Baader Hyperion Zoom 8-24 mm @ 24 mm,Baader Hyperion Zoom 8-24 mm @ 24 mm,24 mm,62x,62,No,Facile,51.2,Baader Hyperion Zoom 8-24 mm @ 20 mm,Baader Hyperion Zoom 8-24 mm + Hyperion Zoom Barlow 2.25x @ 8 mm,,3,0,0,"62x con pupilla 2,0 mm; campo reale 0,96°; senza Barlow per mantenere contrasto e campo; altezza massima 55°."
P10,Mak 127 con Zoom e seeing scarso,vento e seeing scarso,Poor,30,Average,55,5,8,messier-M51,M51 Whirlpool Galaxy,Messier galaxy,Spiral galaxy,General,Telescope,telescope,Mak 127 + Baader Hyperion Zoom 8-24 mm @ 24 mm,Baader Hyperion Zoom 8-24 mm @ 24 mm,24 mm,62x,62,No,Media,91.5,Baader Hyperion Zoom 8-24 mm @ 20 mm,Baader Hyperion Zoom 8-24 mm + Hyperion Zoom Barlow 2.25x @ 8 mm,,3,0,0,"62x con pupilla 2,0 mm; campo reale 0,96°; senza Barlow per mantenere contrasto e campo; altezza massima 55°."
P10,Mak 127 con Zoom e seeing scarso,vento e seeing scarso,Poor,30,Average,55,5,8,messier-M57,M57 Ring Nebula,Messier planetary nebula,Planetary nebula,HighMagnification,Telescope,telescope,Mak 127 + Baader Hyperion Zoom 8-24 mm @ 24 mm,Baader Hyperion Zoom 8-24 mm @ 24 mm,24 mm,62x,62,No,Media,90.9,Baader Hyperion Zoom 8-24 mm @ 20 mm,Baader Hyperion Zoom 8-24 mm + Hyperion Zoom Barlow 2.25x @ 8 mm,,3,0,0,"62x con pupilla 2,0 mm; campo reale 0,96°; senza Barlow per mantenere contrasto e campo; altezza massima 70°."
P10,Mak 127 con Zoom e seeing scarso,vento e seeing scarso,Poor,30,Average,55,5,8,messier-M81,M81 Bode's Galaxy,Messier galaxy,Spiral galaxy,General,Telescope,telescope,Mak 127 + Baader Hyperion Zoom 8-24 mm @ 24 mm,Baader Hyperion Zoom 8-24 mm @ 24 mm,24 mm,62x,62,No,Media,91.5,Baader Hyperion Zoom 8-24 mm @ 20 mm,Baader Hyperion Zoom 8-24 mm + Hyperion Zoom Barlow 2.25x @ 8 mm,,3,0,0,"62x con pupilla 2,0 mm; campo reale 0,96°; senza Barlow per mantenere contrasto e campo; altezza massima 55°."
P10,Mak 127 con Zoom e seeing scarso,vento e seeing scarso,Poor,30,Average,55,5,8,messier-M92,M92,Messier globular,Globular cluster,General,Telescope,telescope,Mak 127 + Baader Hyperion Zoom 8-24 mm @ 20 mm,Baader Hyperion Zoom 8-24 mm @ 20 mm,20 mm,75x,75,No,Facile,99.7,Baader Hyperion Zoom 8-24 mm @ 24 mm,Baader Hyperion Zoom 8-24 mm + Hyperion Zoom Barlow 2.25x @ 8 mm,,3,0,0,"75x con pupilla 1,7 mm; campo reale 0,80°; senza Barlow per mantenere contrasto e campo; altezza massima 55°."
P11,Newton 150/750 con oculari wide/high,sereno buono,Good,76,Good,75,3,0.8,mercury,Mercurio,Planet,Pianeta,HighMagnification,Telescope,telescope,Newton 150/750 + Hyperion 10 mm,Hyperion 10 mm,10 mm,75x,75,No,Difficile,82.2,Hyperion 17 mm + Barlow 2x,Ortho 6 mm + Barlow 2x,Hyperion 24 mm,4,0,0,"75x con pupilla 2,0 mm; campo reale 0,91°; senza Barlow per mantenere contrasto e campo; altezza massima 18°."
P11,Newton 150/750 con oculari wide/high,sereno buono,Good,76,Good,75,3,0.8,venus,Venere,Planet,Pianeta,HighMagnification,Telescope,telescope,Newton 150/750 + Ortho 6 mm,Ortho 6 mm,6 mm,125x,125,No,Facile,86.6,Hyperion 10 mm + Barlow 2x,Ortho 6 mm + Barlow 2x,Hyperion 24 mm,4,0,0,"125x con pupilla 1,2 mm; campo reale 0,40°; senza Barlow per mantenere contrasto e campo; altezza massima 35°."
P11,Newton 150/750 con oculari wide/high,sereno buono,Good,76,Good,75,3,0.8,mars,Marte,Planet,Pianeta,HighMagnification,Telescope,telescope,Newton 150/750 + Ortho 6 mm,Ortho 6 mm,6 mm,125x,125,No,Facile,86.6,Hyperion 10 mm + Barlow 2x,Ortho 6 mm + Barlow 2x,Hyperion 24 mm,4,0,0,"125x con pupilla 1,2 mm; campo reale 0,40°; senza Barlow per mantenere contrasto e campo; altezza massima 62°."
P11,Newton 150/750 con oculari wide/high,sereno buono,Good,76,Good,75,3,0.8,jupiter,Giove,Planet,Pianeta,HighMagnification,Telescope,telescope,Newton 150/750 + Ortho 6 mm,Ortho 6 mm,6 mm,125x,125,No,Facile,86.6,Hyperion 10 mm + Barlow 2x,Ortho 6 mm + Barlow 2x,Hyperion 24 mm,4,0,0,"125x con pupilla 1,2 mm; campo reale 0,40°; senza Barlow per mantenere contrasto e campo; altezza massima 50°."
P11,Newton 150/750 con oculari wide/high,sereno buono,Good,76,Good,75,3,0.8,saturn,Saturno,Planet,Pianeta,HighMagnification,Telescope,telescope,Newton 150/750 + Ortho 6 mm,Ortho 6 mm,6 mm,125x,125,No,Facile,86.6,Hyperion 10 mm + Barlow 2x,Ortho 6 mm + Barlow 2x,Hyperion 24 mm,4,0,0,"125x con pupilla 1,2 mm; campo reale 0,40°; senza Barlow per mantenere contrasto e campo; altezza massima 38°."
P11,Newton 150/750 con oculari wide/high,sereno buono,Good,76,Good,75,3,0.8,uranus,Urano,Planet,Pianeta,HighMagnification,Telescope,telescope,Newton 150/750 + Ortho 6 mm,Ortho 6 mm,6 mm,125x,125,No,Media,86.6,Hyperion 10 mm + Barlow 2x,Ortho 6 mm + Barlow 2x,Hyperion 24 mm,4,0,0,"125x con pupilla 1,2 mm; campo reale 0,40°; senza Barlow per mantenere contrasto e campo; altezza massima 45°."
P11,Newton 150/750 con oculari wide/high,sereno buono,Good,76,Good,75,3,0.8,neptune,Nettuno,Planet,Pianeta,HighMagnification,Telescope,telescope,Newton 150/750 + Ortho 6 mm,Ortho 6 mm,6 mm,125x,125,No,Media,86.6,Hyperion 10 mm + Barlow 2x,Ortho 6 mm + Barlow 2x,Hyperion 24 mm,4,0,0,"125x con pupilla 1,2 mm; campo reale 0,40°; senza Barlow per mantenere contrasto e campo; altezza massima 42°."
P11,Newton 150/750 con oculari wide/high,sereno buono,Good,76,Good,75,3,0.8,messier-M1,M1 Crab Nebula,Messier general,Supernova remnant,General,Telescope,telescope,Newton 150/750 + Hyperion 10 mm,Hyperion 10 mm,10 mm,75x,75,No,Media,94.6,Hyperion 24 mm + Barlow 2x,Ortho 6 mm + Barlow 2x,Hyperion 24 mm,4,0,0,"75x con pupilla 2,0 mm; campo reale 0,91°; senza Barlow per mantenere contrasto e campo; altezza massima 55°."
P11,Newton 150/750 con oculari wide/high,sereno buono,Good,76,Good,75,3,0.8,messier-M3,M3,Messier globular,Globular cluster,General,Telescope,telescope,Newton 150/750 + Hyperion 10 mm,Hyperion 10 mm,10 mm,75x,75,No,Facile,98.1,Hyperion 17 mm + Barlow 2x,Ortho 6 mm + Barlow 2x,Hyperion 24 mm,4,0,0,"75x con pupilla 2,0 mm; campo reale 0,91°; senza Barlow per mantenere contrasto e campo; altezza massima 55°."
P11,Newton 150/750 con oculari wide/high,sereno buono,Good,76,Good,75,3,0.8,messier-M5,M5 Rose Cluster,Messier globular,Globular cluster,General,Telescope,telescope,Newton 150/750 + Hyperion 10 mm,Hyperion 10 mm,10 mm,75x,75,No,Facile,98.1,Hyperion 17 mm + Barlow 2x,Ortho 6 mm + Barlow 2x,Hyperion 24 mm,4,0,0,"75x con pupilla 2,0 mm; campo reale 0,91°; senza Barlow per mantenere contrasto e campo; altezza massima 55°."
P11,Newton 150/750 con oculari wide/high,sereno buono,Good,76,Good,75,3,0.8,messier-M7,M7 Ptolemy's Cluster,Messier wide-field,Open cluster,WideField,Telescope,telescope,Newton 150/750 + Hyperion 24 mm,Hyperion 24 mm,24 mm,31x,31,No,Difficile,98.6,Hyperion 17 mm,Ortho 6 mm + Barlow 2x,,3,0,0,"31x con pupilla 4,8 mm; campo reale 2,18°; senza Barlow per mantenere contrasto e campo; altezza massima 11°."
P11,Newton 150/750 con oculari wide/high,sereno buono,Good,76,Good,75,3,0.8,messier-M8,M8 Lagoon Nebula,Messier wide-field,Nebula with cluster,WideField,Telescope,telescope,Newton 150/750 + Hyperion 24 mm,Hyperion 24 mm,24 mm,31x,31,No,Media,95.6,Hyperion 17 mm,Ortho 6 mm + Barlow 2x,,3,0,0,"31x con pupilla 4,8 mm; campo reale 2,18°; senza Barlow per mantenere contrasto e campo; altezza massima 22°."
P11,Newton 150/750 con oculari wide/high,sereno buono,Good,76,Good,75,3,0.8,messier-M13,M13 Great Hercules Cluster,Messier globular,Globular cluster,General,Telescope,telescope,Newton 150/750 + Hyperion 10 mm,Hyperion 10 mm,10 mm,75x,75,No,Facile,98.1,Hyperion 17 mm + Barlow 2x,Ortho 6 mm + Barlow 2x,Hyperion 24 mm,4,0,0,"75x con pupilla 2,0 mm; campo reale 0,91°; senza Barlow per mantenere contrasto e campo; altezza massima 55°."
P11,Newton 150/750 con oculari wide/high,sereno buono,Good,76,Good,75,3,0.8,messier-M15,M15 Great Pegasus Cluster,Messier globular,Globular cluster,General,Telescope,telescope,Newton 150/750 + Hyperion 10 mm,Hyperion 10 mm,10 mm,75x,75,No,Facile,98.1,Hyperion 17 mm + Barlow 2x,Ortho 6 mm + Barlow 2x,Hyperion 24 mm,4,0,0,"75x con pupilla 2,0 mm; campo reale 0,91°; senza Barlow per mantenere contrasto e campo; altezza massima 55°."
P11,Newton 150/750 con oculari wide/high,sereno buono,Good,76,Good,75,3,0.8,messier-M17,"M17 Omega, Swan, Horseshoe, Lobster, or Checkmark Nebula",Messier nebula,H II region nebula with cluster,General,Telescope,telescope,Newton 150/750 + Hyperion 17 mm,Hyperion 17 mm,17 mm,44x,44,No,Media,97.6,Hyperion 24 mm,Ortho 6 mm + Barlow 2x,,3,0,0,"44x con pupilla 3,4 mm; campo reale 1,54°; senza Barlow per mantenere contrasto e campo; altezza massima 30°."
P11,Newton 150/750 con oculari wide/high,sereno buono,Good,76,Good,75,3,0.8,messier-M24,M24 Small Sagittarius Star Cloud,Messier wide-field,Milky Way star cloud,WideField,Telescope,telescope,Newton 150/750 + Hyperion 24 mm,Hyperion 24 mm,24 mm,31x,31,No,Media,95.5,Hyperion 17 mm,Ortho 6 mm + Barlow 2x,,3,0,0,"31x con pupilla 4,8 mm; campo reale 2,18°; senza Barlow per mantenere contrasto e campo; altezza massima 25°."
P11,Newton 150/750 con oculari wide/high,sereno buono,Good,76,Good,75,3,0.8,messier-M27,M27 Dumbbell Nebula,Messier planetary nebula,Planetary nebula,General,Telescope,telescope,Newton 150/750 + Hyperion 10 mm,Hyperion 10 mm,10 mm,75x,75,No,Media,94.6,Hyperion 24 mm + Barlow 2x,Ortho 6 mm + Barlow 2x,Hyperion 24 mm,4,0,0,"75x con pupilla 2,0 mm; campo reale 0,91°; senza Barlow per mantenere contrasto e campo; altezza massima 55°."
P11,Newton 150/750 con oculari wide/high,sereno buono,Good,76,Good,75,3,0.8,messier-M31,M31 Andromeda Galaxy,Messier wide-field,Spiral galaxy,WideField,Telescope,telescope,Newton 150/750 + Hyperion 24 mm,Hyperion 24 mm,24 mm,31x,31,No,Media,75.3,Hyperion 17 mm,Ortho 6 mm + Barlow 2x,,3,0,0,"31x con pupilla 4,8 mm; campo reale 2,18°; senza Barlow per mantenere contrasto e campo; altezza massima 55°."
P11,Newton 150/750 con oculari wide/high,sereno buono,Good,76,Good,75,3,0.8,messier-M42,M42 Great Orion Nebula,Messier wide-field,H II region nebula,WideField,Telescope,telescope,Newton 150/750 + Hyperion 24 mm,Hyperion 24 mm,24 mm,31x,31,No,Media,95.9,Hyperion 17 mm,Ortho 6 mm + Barlow 2x,,3,0,0,"31x con pupilla 4,8 mm; campo reale 2,18°; senza Barlow per mantenere contrasto e campo; altezza massima 45°."
P11,Newton 150/750 con oculari wide/high,sereno buono,Good,76,Good,75,3,0.8,messier-M44,M44 Beehive Cluster or Praesepe,Messier wide-field,Open cluster,WideField,Telescope,telescope,Newton 150/750 + Hyperion 24 mm,Hyperion 24 mm,24 mm,31x,31,No,Facile,94.5,Hyperion 17 mm,Ortho 6 mm + Barlow 2x,,3,0,0,"31x con pupilla 4,8 mm; campo reale 2,18°; senza Barlow per mantenere contrasto e campo; altezza massima 55°."
P11,Newton 150/750 con oculari wide/high,sereno buono,Good,76,Good,75,3,0.8,messier-M45,"M45 Pleiades, Seven Sisters or Subaru",Messier wide-field,Open cluster,WideField,Telescope,telescope,Newton 150/750 + Hyperion 24 mm,Hyperion 24 mm,24 mm,31x,31,No,Facile,95.5,Hyperion 17 mm,Ortho 6 mm + Barlow 2x,,3,0,0,"31x con pupilla 4,8 mm; campo reale 2,18°; senza Barlow per mantenere contrasto e campo; altezza massima 55°."
P11,Newton 150/750 con oculari wide/high,sereno buono,Good,76,Good,75,3,0.8,messier-M51,M51 Whirlpool Galaxy,Messier galaxy,Spiral galaxy,General,Telescope,telescope,Newton 150/750 + Hyperion 17 mm,Hyperion 17 mm,17 mm,44x,44,No,Media,92.2,Hyperion 24 mm + Barlow 2x,Ortho 6 mm + Barlow 2x,Hyperion 24 mm,4,0,0,"44x con pupilla 3,4 mm; campo reale 1,54°; senza Barlow per mantenere contrasto e campo; altezza massima 55°."
P11,Newton 150/750 con oculari wide/high,sereno buono,Good,76,Good,75,3,0.8,messier-M57,M57 Ring Nebula,Messier planetary nebula,Planetary nebula,HighMagnification,Telescope,telescope,Newton 150/750 + Ortho 6 mm,Ortho 6 mm,6 mm,125x,125,No,Media,97.9,Hyperion 17 mm + Barlow 2x,Ortho 6 mm + Barlow 2x,Hyperion 24 mm,4,0,0,"125x con pupilla 1,2 mm; campo reale 0,40°; senza Barlow per mantenere contrasto e campo; altezza massima 70°."
P11,Newton 150/750 con oculari wide/high,sereno buono,Good,76,Good,75,3,0.8,messier-M81,M81 Bode's Galaxy,Messier galaxy,Spiral galaxy,General,Telescope,telescope,Newton 150/750 + Hyperion 17 mm,Hyperion 17 mm,17 mm,44x,44,No,Media,92.2,Hyperion 24 mm + Barlow 2x,Ortho 6 mm + Barlow 2x,Hyperion 24 mm,4,0,0,"44x con pupilla 3,4 mm; campo reale 1,54°; senza Barlow per mantenere contrasto e campo; altezza massima 55°."
P11,Newton 150/750 con oculari wide/high,sereno buono,Good,76,Good,75,3,0.8,messier-M92,M92,Messier globular,Globular cluster,General,Telescope,telescope,Newton 150/750 + Hyperion 10 mm,Hyperion 10 mm,10 mm,75x,75,No,Facile,98.1,Hyperion 17 mm + Barlow 2x,Ortho 6 mm + Barlow 2x,Hyperion 24 mm,4,0,0,"75x con pupilla 2,0 mm; campo reale 0,91°; senza Barlow per mantenere contrasto e campo; altezza massima 55°."
P12,Dobson 203/1200 con set ampio,"cielo scuro, seeing buono",Good,78,Excellent,86,2,0.15,mercury,Mercurio,Planet,Pianeta,HighMagnification,Telescope,telescope,Dobson 203/1200 + 12 mm 68,12 mm 68,12 mm,100x,100,No,Difficile,79.4,32 mm 68 + Barlow 2x,8 mm 60 + Barlow 2x,32 mm 68,4,0,0,"100x con pupilla 2,0 mm; campo reale 0,68°; senza Barlow per mantenere contrasto e campo; altezza massima 18°."
P12,Dobson 203/1200 con set ampio,"cielo scuro, seeing buono",Good,78,Excellent,86,2,0.15,venus,Venere,Planet,Pianeta,HighMagnification,Telescope,telescope,Dobson 203/1200 + 8 mm 60,8 mm 60,8 mm,150x,150,No,Facile,89.7,12 mm 68 + Barlow 2x,8 mm 60 + Barlow 2x,32 mm 68,4,0,0,"150x con pupilla 1,4 mm; campo reale 0,40°; senza Barlow per mantenere contrasto e campo; altezza massima 35°."
P12,Dobson 203/1200 con set ampio,"cielo scuro, seeing buono",Good,78,Excellent,86,2,0.15,mars,Marte,Planet,Pianeta,HighMagnification,Telescope,telescope,Dobson 203/1200 + 8 mm 60,8 mm 60,8 mm,150x,150,No,Facile,89.7,12 mm 68 + Barlow 2x,8 mm 60 + Barlow 2x,32 mm 68,4,0,0,"150x con pupilla 1,4 mm; campo reale 0,40°; senza Barlow per mantenere contrasto e campo; altezza massima 62°."
P12,Dobson 203/1200 con set ampio,"cielo scuro, seeing buono",Good,78,Excellent,86,2,0.15,jupiter,Giove,Planet,Pianeta,HighMagnification,Telescope,telescope,Dobson 203/1200 + 8 mm 60,8 mm 60,8 mm,150x,150,No,Facile,89.7,12 mm 68 + Barlow 2x,8 mm 60 + Barlow 2x,32 mm 68,4,0,0,"150x con pupilla 1,4 mm; campo reale 0,40°; senza Barlow per mantenere contrasto e campo; altezza massima 50°."
P12,Dobson 203/1200 con set ampio,"cielo scuro, seeing buono",Good,78,Excellent,86,2,0.15,saturn,Saturno,Planet,Pianeta,HighMagnification,Telescope,telescope,Dobson 203/1200 + 8 mm 60,8 mm 60,8 mm,150x,150,No,Facile,89.7,12 mm 68 + Barlow 2x,8 mm 60 + Barlow 2x,32 mm 68,4,0,0,"150x con pupilla 1,4 mm; campo reale 0,40°; senza Barlow per mantenere contrasto e campo; altezza massima 38°."
P12,Dobson 203/1200 con set ampio,"cielo scuro, seeing buono",Good,78,Excellent,86,2,0.15,uranus,Urano,Planet,Pianeta,HighMagnification,Telescope,telescope,Dobson 203/1200 + 8 mm 60,8 mm 60,8 mm,150x,150,No,Facile,89.7,12 mm 68 + Barlow 2x,8 mm 60 + Barlow 2x,32 mm 68,4,0,0,"150x con pupilla 1,4 mm; campo reale 0,40°; senza Barlow per mantenere contrasto e campo; altezza massima 45°."
P12,Dobson 203/1200 con set ampio,"cielo scuro, seeing buono",Good,78,Excellent,86,2,0.15,neptune,Nettuno,Planet,Pianeta,HighMagnification,Telescope,telescope,Dobson 203/1200 + 8 mm 60,8 mm 60,8 mm,150x,150,No,Media,89.7,12 mm 68 + Barlow 2x,8 mm 60 + Barlow 2x,32 mm 68,4,0,0,"150x con pupilla 1,4 mm; campo reale 0,40°; senza Barlow per mantenere contrasto e campo; altezza massima 42°."
P12,Dobson 203/1200 con set ampio,"cielo scuro, seeing buono",Good,78,Excellent,86,2,0.15,messier-M1,M1 Crab Nebula,Messier general,Supernova remnant,General,Telescope,telescope,Dobson 203/1200 + 20 mm 70,20 mm 70,20 mm,60x,60,No,Media,91.1,12 mm 68,8 mm 60 + Barlow 2x,32 mm 68,4,0,0,"60x con pupilla 3,4 mm; campo reale 1,17°; senza Barlow per mantenere contrasto e campo; altezza massima 55°."
P12,Dobson 203/1200 con set ampio,"cielo scuro, seeing buono",Good,78,Excellent,86,2,0.15,messier-M3,M3,Messier globular,Globular cluster,General,Telescope,telescope,Dobson 203/1200 + 12 mm 68,12 mm 68,12 mm,100x,100,No,Facile,96.4,32 mm 68 + Barlow 2x,8 mm 60 + Barlow 2x,32 mm 68,4,0,0,"100x con pupilla 2,0 mm; campo reale 0,68°; senza Barlow per mantenere contrasto e campo; altezza massima 55°."
P12,Dobson 203/1200 con set ampio,"cielo scuro, seeing buono",Good,78,Excellent,86,2,0.15,messier-M5,M5 Rose Cluster,Messier globular,Globular cluster,General,Telescope,telescope,Dobson 203/1200 + 12 mm 68,12 mm 68,12 mm,100x,100,No,Facile,95.9,32 mm 68 + Barlow 2x,8 mm 60 + Barlow 2x,32 mm 68,4,0,0,"100x con pupilla 2,0 mm; campo reale 0,68°; senza Barlow per mantenere contrasto e campo; altezza massima 55°."
P12,Dobson 203/1200 con set ampio,"cielo scuro, seeing buono",Good,78,Excellent,86,2,0.15,messier-M7,M7 Ptolemy's Cluster,Messier wide-field,Open cluster,WideField,Telescope,telescope,Dobson 203/1200 + 32 mm 68,32 mm 68,32 mm,38x,38,No,Difficile,89.9,20 mm 70,8 mm 60 + Barlow 2x,,3,0,0,"38x con pupilla 5,4 mm; campo reale 1,81°; senza Barlow per mantenere contrasto e campo; altezza massima 11°."
P12,Dobson 203/1200 con set ampio,"cielo scuro, seeing buono",Good,78,Excellent,86,2,0.15,messier-M8,M8 Lagoon Nebula,Messier wide-field,Nebula with cluster,WideField,Telescope,telescope,Dobson 203/1200 + 32 mm 68,32 mm 68,32 mm,38x,38,No,Media,86.7,20 mm 70,8 mm 60 + Barlow 2x,,3,0,0,"38x con pupilla 5,4 mm; campo reale 1,81°; senza Barlow per mantenere contrasto e campo; altezza massima 22°."
P12,Dobson 203/1200 con set ampio,"cielo scuro, seeing buono",Good,78,Excellent,86,2,0.15,messier-M13,M13 Great Hercules Cluster,Messier globular,Globular cluster,General,Telescope,telescope,Dobson 203/1200 + 12 mm 68,12 mm 68,12 mm,100x,100,No,Facile,96.4,32 mm 68 + Barlow 2x,8 mm 60 + Barlow 2x,32 mm 68,4,0,0,"100x con pupilla 2,0 mm; campo reale 0,68°; senza Barlow per mantenere contrasto e campo; altezza massima 55°."
P12,Dobson 203/1200 con set ampio,"cielo scuro, seeing buono",Good,78,Excellent,86,2,0.15,messier-M15,M15 Great Pegasus Cluster,Messier globular,Globular cluster,General,Telescope,telescope,Dobson 203/1200 + 12 mm 68,12 mm 68,12 mm,100x,100,No,Facile,96.4,32 mm 68 + Barlow 2x,8 mm 60 + Barlow 2x,32 mm 68,4,0,0,"100x con pupilla 2,0 mm; campo reale 0,68°; senza Barlow per mantenere contrasto e campo; altezza massima 55°."
P12,Dobson 203/1200 con set ampio,"cielo scuro, seeing buono",Good,78,Excellent,86,2,0.15,messier-M17,"M17 Omega, Swan, Horseshoe, Lobster, or Checkmark Nebula",Messier nebula,H II region nebula with cluster,General,Telescope,telescope,Dobson 203/1200 + 32 mm 68,32 mm 68,32 mm,38x,38,No,Media,89.2,20 mm 70,8 mm 60 + Barlow 2x,,3,0,0,"38x con pupilla 5,4 mm; campo reale 1,81°; senza Barlow per mantenere contrasto e campo; altezza massima 30°."
P12,Dobson 203/1200 con set ampio,"cielo scuro, seeing buono",Good,78,Excellent,86,2,0.15,messier-M24,M24 Small Sagittarius Star Cloud,Messier wide-field,Milky Way star cloud,WideField,Telescope,telescope,Dobson 203/1200 + 32 mm 68,32 mm 68,32 mm,38x,38,No,Media,78.3,20 mm 70,8 mm 60 + Barlow 2x,,3,0,0,"38x con pupilla 5,4 mm; campo reale 1,81°; senza Barlow per mantenere contrasto e campo; altezza massima 25°."
P12,Dobson 203/1200 con set ampio,"cielo scuro, seeing buono",Good,78,Excellent,86,2,0.15,messier-M27,M27 Dumbbell Nebula,Messier planetary nebula,Planetary nebula,General,Telescope,telescope,Dobson 203/1200 + 20 mm 70,20 mm 70,20 mm,60x,60,No,Media,91.1,12 mm 68,8 mm 60 + Barlow 2x,32 mm 68,4,0,0,"60x con pupilla 3,4 mm; campo reale 1,17°; senza Barlow per mantenere contrasto e campo; altezza massima 55°."
P12,Dobson 203/1200 con set ampio,"cielo scuro, seeing buono",Good,78,Excellent,86,2,0.15,messier-M31,M31 Andromeda Galaxy,Messier wide-field,Spiral galaxy,WideField,Telescope,telescope,Dobson 203/1200 + 32 mm 68,32 mm 68,32 mm,38x,38,No,Media,68.4,20 mm 70,8 mm 60 + Barlow 2x,,3,0,0,"38x con pupilla 5,4 mm; campo reale 1,81°; senza Barlow per mantenere contrasto e campo; altezza massima 55°."
P12,Dobson 203/1200 con set ampio,"cielo scuro, seeing buono",Good,78,Excellent,86,2,0.15,messier-M42,M42 Great Orion Nebula,Messier wide-field,H II region nebula,WideField,Telescope,telescope,Dobson 203/1200 + 32 mm 68,32 mm 68,32 mm,38x,38,No,Media,92.5,20 mm 70,8 mm 60 + Barlow 2x,,3,0,0,"38x con pupilla 5,4 mm; campo reale 1,81°; senza Barlow per mantenere contrasto e campo; altezza massima 45°."
P12,Dobson 203/1200 con set ampio,"cielo scuro, seeing buono",Good,78,Excellent,86,2,0.15,messier-M44,M44 Beehive Cluster or Praesepe,Messier wide-field,Open cluster,WideField,Telescope,telescope,Dobson 203/1200 + 32 mm 68,32 mm 68,32 mm,38x,38,No,Facile,85.2,20 mm 70,8 mm 60 + Barlow 2x,,3,0,0,"38x con pupilla 5,4 mm; campo reale 1,81°; senza Barlow per mantenere contrasto e campo; altezza massima 55°."
P12,Dobson 203/1200 con set ampio,"cielo scuro, seeing buono",Good,78,Excellent,86,2,0.15,messier-M45,"M45 Pleiades, Seven Sisters or Subaru",Messier wide-field,Open cluster,WideField,Telescope,telescope,Dobson 203/1200 + 32 mm 68,32 mm 68,32 mm,38x,38,No,Facile,78.3,20 mm 70,8 mm 60 + Barlow 2x,,3,0,0,"38x con pupilla 5,4 mm; campo reale 1,81°; senza Barlow per mantenere contrasto e campo; altezza massima 55°."
P12,Dobson 203/1200 con set ampio,"cielo scuro, seeing buono",Good,78,Excellent,86,2,0.15,messier-M51,M51 Whirlpool Galaxy,Messier galaxy,Spiral galaxy,General,Telescope,telescope,Dobson 203/1200 + 20 mm 70,20 mm 70,20 mm,60x,60,No,Media,97.4,32 mm 68 + Barlow 2x,8 mm 60 + Barlow 2x,32 mm 68,4,0,0,"60x con pupilla 3,4 mm; campo reale 1,17°; senza Barlow per mantenere contrasto e campo; altezza massima 55°."
P12,Dobson 203/1200 con set ampio,"cielo scuro, seeing buono",Good,78,Excellent,86,2,0.15,messier-M57,M57 Ring Nebula,Messier planetary nebula,Planetary nebula,HighMagnification,Telescope,telescope,Dobson 203/1200 + 12 mm 68,12 mm 68,12 mm,100x,100,No,Media,91.7,20 mm 70 + Barlow 2x,8 mm 60 + Barlow 2x,32 mm 68,4,0,0,"100x con pupilla 2,0 mm; campo reale 0,68°; senza Barlow per mantenere contrasto e campo; altezza massima 70°."
P12,Dobson 203/1200 con set ampio,"cielo scuro, seeing buono",Good,78,Excellent,86,2,0.15,messier-M81,M81 Bode's Galaxy,Messier galaxy,Spiral galaxy,General,Telescope,telescope,Dobson 203/1200 + 20 mm 70,20 mm 70,20 mm,60x,60,No,Media,97.4,32 mm 68 + Barlow 2x,8 mm 60 + Barlow 2x,32 mm 68,4,0,0,"60x con pupilla 3,4 mm; campo reale 1,17°; senza Barlow per mantenere contrasto e campo; altezza massima 55°."
P12,Dobson 203/1200 con set ampio,"cielo scuro, seeing buono",Good,78,Excellent,86,2,0.15,messier-M92,M92,Messier globular,Globular cluster,General,Telescope,telescope,Dobson 203/1200 + 12 mm 68,12 mm 68,12 mm,100x,100,No,Facile,96.4,32 mm 68 + Barlow 2x,8 mm 60 + Barlow 2x,32 mm 68,4,0,0,"100x con pupilla 2,0 mm; campo reale 0,68°; senza Barlow per mantenere contrasto e campo; altezza massima 55°."
P13,Rifrattore rapido 72/400 wide-field,cielo montano limpido,Good,65,Excellent,90,3,0.4,mercury,Mercurio,Planet,Pianeta,HighMagnification,Telescope,telescope,Rifrattore 72/400 + 13 mm 68,13 mm 68,13 mm,31x,31,No,Difficile,65.6,24 mm 68,,32 mm 68,3,0,0,"31x con pupilla 2,3 mm; campo reale 2,21°; senza Barlow per mantenere contrasto e campo; altezza massima 18°."
P13,Rifrattore rapido 72/400 wide-field,cielo montano limpido,Good,65,Excellent,90,3,0.4,venus,Venere,Planet,Pianeta,HighMagnification,Telescope,telescope,Rifrattore 72/400 + 13 mm 68,13 mm 68,13 mm,31x,31,No,Media,61.3,24 mm 68,,32 mm 68,3,0,0,"31x con pupilla 2,3 mm; campo reale 2,21°; senza Barlow per mantenere contrasto e campo; altezza massima 35°."
P13,Rifrattore rapido 72/400 wide-field,cielo montano limpido,Good,65,Excellent,90,3,0.4,mars,Marte,Planet,Pianeta,HighMagnification,Telescope,telescope,Rifrattore 72/400 + 13 mm 68,13 mm 68,13 mm,31x,31,No,Media,61.3,24 mm 68,,32 mm 68,3,0,0,"31x con pupilla 2,3 mm; campo reale 2,21°; senza Barlow per mantenere contrasto e campo; altezza massima 62°."
P13,Rifrattore rapido 72/400 wide-field,cielo montano limpido,Good,65,Excellent,90,3,0.4,jupiter,Giove,Planet,Pianeta,HighMagnification,Telescope,telescope,Rifrattore 72/400 + 13 mm 68,13 mm 68,13 mm,31x,31,No,Media,61.3,24 mm 68,,32 mm 68,3,0,0,"31x con pupilla 2,3 mm; campo reale 2,21°; senza Barlow per mantenere contrasto e campo; altezza massima 50°."
P13,Rifrattore rapido 72/400 wide-field,cielo montano limpido,Good,65,Excellent,90,3,0.4,saturn,Saturno,Planet,Pianeta,HighMagnification,Telescope,telescope,Rifrattore 72/400 + 13 mm 68,13 mm 68,13 mm,31x,31,No,Media,61.3,24 mm 68,,32 mm 68,3,0,0,"31x con pupilla 2,3 mm; campo reale 2,21°; senza Barlow per mantenere contrasto e campo; altezza massima 38°."
P13,Rifrattore rapido 72/400 wide-field,cielo montano limpido,Good,65,Excellent,90,3,0.4,uranus,Urano,Planet,Pianeta,HighMagnification,Telescope,telescope,Rifrattore 72/400 + 13 mm 68,13 mm 68,13 mm,31x,31,No,Media,61.3,24 mm 68,,32 mm 68,3,0,0,"31x con pupilla 2,3 mm; campo reale 2,21°; senza Barlow per mantenere contrasto e campo; altezza massima 45°."
P13,Rifrattore rapido 72/400 wide-field,cielo montano limpido,Good,65,Excellent,90,3,0.4,neptune,Nettuno,Planet,Pianeta,HighMagnification,Telescope,telescope,Rifrattore 72/400 + 13 mm 68,13 mm 68,13 mm,31x,31,No,Difficile,61.3,24 mm 68,,32 mm 68,3,0,0,"31x con pupilla 2,3 mm; campo reale 2,21°; senza Barlow per mantenere contrasto e campo; altezza massima 42°."
P13,Rifrattore rapido 72/400 wide-field,cielo montano limpido,Good,65,Excellent,90,3,0.4,messier-M1,M1 Crab Nebula,Messier general,Supernova remnant,General,Telescope,telescope,Rifrattore 72/400 + 13 mm 68,13 mm 68,13 mm,31x,31,No,Difficile,81.4,24 mm 68,,32 mm 68,3,0,0,"31x con pupilla 2,3 mm; campo reale 2,21°; senza Barlow per mantenere contrasto e campo; altezza massima 55°."
P13,Rifrattore rapido 72/400 wide-field,cielo montano limpido,Good,65,Excellent,90,3,0.4,messier-M3,M3,Messier globular,Globular cluster,General,Telescope,telescope,Rifrattore 72/400 + 13 mm 68,13 mm 68,13 mm,31x,31,No,Facile,77.3,24 mm 68,,32 mm 68,3,0,0,"31x con pupilla 2,3 mm; campo reale 2,21°; senza Barlow per mantenere contrasto e campo; altezza massima 55°."
P13,Rifrattore rapido 72/400 wide-field,cielo montano limpido,Good,65,Excellent,90,3,0.4,messier-M5,M5 Rose Cluster,Messier globular,Globular cluster,General,Telescope,telescope,Rifrattore 72/400 + 13 mm 68,13 mm 68,13 mm,31x,31,No,Facile,77.3,24 mm 68,,32 mm 68,3,0,0,"31x con pupilla 2,3 mm; campo reale 2,21°; senza Barlow per mantenere contrasto e campo; altezza massima 55°."
P13,Rifrattore rapido 72/400 wide-field,cielo montano limpido,Good,65,Excellent,90,3,0.4,messier-M7,M7 Ptolemy's Cluster,Messier wide-field,Open cluster,WideField,Telescope,telescope,Rifrattore 72/400 + 13 mm 68,13 mm 68,13 mm,31x,31,No,Difficile,88.8,24 mm 68,,32 mm 68,3,0,0,"31x con pupilla 2,3 mm; campo reale 2,21°; senza Barlow per mantenere contrasto e campo; altezza massima 11°."
P13,Rifrattore rapido 72/400 wide-field,cielo montano limpido,Good,65,Excellent,90,3,0.4,messier-M8,M8 Lagoon Nebula,Messier wide-field,Nebula with cluster,WideField,Telescope,telescope,Rifrattore 72/400 + 13 mm 68,13 mm 68,13 mm,31x,31,No,Difficile,83.4,24 mm 68,,32 mm 68,3,0,0,"31x con pupilla 2,3 mm; campo reale 2,21°; senza Barlow per mantenere contrasto e campo; altezza massima 22°."
P13,Rifrattore rapido 72/400 wide-field,cielo montano limpido,Good,65,Excellent,90,3,0.4,messier-M13,M13 Great Hercules Cluster,Messier globular,Globular cluster,General,Telescope,telescope,Rifrattore 72/400 + 13 mm 68,13 mm 68,13 mm,31x,31,No,Facile,77.3,24 mm 68,,32 mm 68,3,0,0,"31x con pupilla 2,3 mm; campo reale 2,21°; senza Barlow per mantenere contrasto e campo; altezza massima 55°."
P13,Rifrattore rapido 72/400 wide-field,cielo montano limpido,Good,65,Excellent,90,3,0.4,messier-M15,M15 Great Pegasus Cluster,Messier globular,Globular cluster,General,Telescope,telescope,Rifrattore 72/400 + 13 mm 68,13 mm 68,13 mm,31x,31,No,Facile,77.3,24 mm 68,,32 mm 68,3,0,0,"31x con pupilla 2,3 mm; campo reale 2,21°; senza Barlow per mantenere contrasto e campo; altezza massima 55°."
P13,Rifrattore rapido 72/400 wide-field,cielo montano limpido,Good,65,Excellent,90,3,0.4,messier-M17,"M17 Omega, Swan, Horseshoe, Lobster, or Checkmark Nebula",Messier nebula,H II region nebula with cluster,General,Telescope,telescope,Rifrattore 72/400 + 13 mm 68,13 mm 68,13 mm,31x,31,No,Difficile,91.9,24 mm 68,,32 mm 68,3,0,0,"31x con pupilla 2,3 mm; campo reale 2,21°; senza Barlow per mantenere contrasto e campo; altezza massima 30°."
P13,Rifrattore rapido 72/400 wide-field,cielo montano limpido,Good,65,Excellent,90,3,0.4,messier-M24,M24 Small Sagittarius Star Cloud,Messier wide-field,Milky Way star cloud,WideField,Telescope,telescope,Rifrattore 72/400 + 13 mm 68,13 mm 68,13 mm,31x,31,No,Media,86.0,24 mm 68,,32 mm 68,3,0,0,"31x con pupilla 2,3 mm; campo reale 2,21°; senza Barlow per mantenere contrasto e campo; altezza massima 25°."
P13,Rifrattore rapido 72/400 wide-field,cielo montano limpido,Good,65,Excellent,90,3,0.4,messier-M27,M27 Dumbbell Nebula,Messier planetary nebula,Planetary nebula,General,Telescope,telescope,Rifrattore 72/400 + 13 mm 68,13 mm 68,13 mm,31x,31,No,Difficile,82.7,24 mm 68,,32 mm 68,3,0,0,"31x con pupilla 2,3 mm; campo reale 2,21°; senza Barlow per mantenere contrasto e campo; altezza massima 55°."
P13,Rifrattore rapido 72/400 wide-field,cielo montano limpido,Good,65,Excellent,90,3,0.4,messier-M31,M31 Andromeda Galaxy,Messier wide-field,Spiral galaxy,WideField,Telescope,telescope,Rifrattore 72/400 + 24 mm 68,24 mm 68,24 mm,17x,17,No,Difficile,88.7,32 mm 68,13 mm 68,,3,0,0,"17x con pupilla 4,3 mm; campo reale 4,08°; senza Barlow per mantenere contrasto e campo; altezza massima 55°."
P13,Rifrattore rapido 72/400 wide-field,cielo montano limpido,Good,65,Excellent,90,3,0.4,messier-M42,M42 Great Orion Nebula,Messier wide-field,H II region nebula,WideField,Telescope,telescope,Rifrattore 72/400 + 13 mm 68,13 mm 68,13 mm,31x,31,No,Difficile,85.7,24 mm 68,,32 mm 68,3,0,0,"31x con pupilla 2,3 mm; campo reale 2,21°; senza Barlow per mantenere contrasto e campo; altezza massima 45°."
P13,Rifrattore rapido 72/400 wide-field,cielo montano limpido,Good,65,Excellent,90,3,0.4,messier-M44,M44 Beehive Cluster or Praesepe,Messier wide-field,Open cluster,WideField,Telescope,telescope,Rifrattore 72/400 + 13 mm 68,13 mm 68,13 mm,31x,31,No,Facile,82.3,24 mm 68,,32 mm 68,3,0,0,"31x con pupilla 2,3 mm; campo reale 2,21°; senza Barlow per mantenere contrasto e campo; altezza massima 55°."
P13,Rifrattore rapido 72/400 wide-field,cielo montano limpido,Good,65,Excellent,90,3,0.4,messier-M45,"M45 Pleiades, Seven Sisters or Subaru",Messier wide-field,Open cluster,WideField,Telescope,telescope,Rifrattore 72/400 + 13 mm 68,13 mm 68,13 mm,31x,31,No,Facile,86.0,24 mm 68,,32 mm 68,3,0,0,"31x con pupilla 2,3 mm; campo reale 2,21°; senza Barlow per mantenere contrasto e campo; altezza massima 55°."
P13,Rifrattore rapido 72/400 wide-field,cielo montano limpido,Good,65,Excellent,90,3,0.4,messier-M51,M51 Whirlpool Galaxy,Messier galaxy,Spiral galaxy,General,Telescope,telescope,Rifrattore 72/400 + 13 mm 68,13 mm 68,13 mm,31x,31,No,Difficile,78.9,24 mm 68,,32 mm 68,3,0,0,"31x con pupilla 2,3 mm; campo reale 2,21°; senza Barlow per mantenere contrasto e campo; altezza massima 55°."
P13,Rifrattore rapido 72/400 wide-field,cielo montano limpido,Good,65,Excellent,90,3,0.4,messier-M57,M57 Ring Nebula,Messier planetary nebula,Planetary nebula,HighMagnification,Telescope,telescope,Rifrattore 72/400 + 13 mm 68,13 mm 68,13 mm,31x,31,No,Difficile,70.0,24 mm 68,,32 mm 68,3,0,0,"31x con pupilla 2,3 mm; campo reale 2,21°; senza Barlow per mantenere contrasto e campo; altezza massima 70°."
P13,Rifrattore rapido 72/400 wide-field,cielo montano limpido,Good,65,Excellent,90,3,0.4,messier-M81,M81 Bode's Galaxy,Messier galaxy,Spiral galaxy,General,Telescope,telescope,Rifrattore 72/400 + 13 mm 68,13 mm 68,13 mm,31x,31,No,Difficile,79.7,24 mm 68,,32 mm 68,3,0,0,"31x con pupilla 2,3 mm; campo reale 2,21°; senza Barlow per mantenere contrasto e campo; altezza massima 55°."
P13,Rifrattore rapido 72/400 wide-field,cielo montano limpido,Good,65,Excellent,90,3,0.4,messier-M92,M92,Messier globular,Globular cluster,General,Telescope,telescope,Rifrattore 72/400 + 13 mm 68,13 mm 68,13 mm,31x,31,No,Facile,77.3,24 mm 68,,32 mm 68,3,0,0,"31x con pupilla 2,3 mm; campo reale 2,21°; senza Barlow per mantenere contrasto e campo; altezza massima 55°."
P14,SCT 203/2032 con Hyperion Zoom,"cielo urbano, seeing sconosciuto",Unknown,,Unknown,,7,65,mercury,Mercurio,Planet,Pianeta,HighMagnification,Telescope,telescope,SCT 203/2032 + Baader Hyperion Zoom 8-24 mm @ 24 mm,Baader Hyperion Zoom 8-24 mm @ 24 mm,24 mm,85x,85,No,Difficile,69.4,Baader Hyperion Zoom 8-24 mm @ 20 mm,Baader Hyperion Zoom 8-24 mm + Barlow 2x @ 8 mm,,3,0,0,"85x con pupilla 2,4 mm; campo reale 0,71°; senza Barlow per mantenere contrasto e campo; altezza massima 18°."
P14,SCT 203/2032 con Hyperion Zoom,"cielo urbano, seeing sconosciuto",Unknown,,Unknown,,7,65,venus,Venere,Planet,Pianeta,HighMagnification,Telescope,telescope,SCT 203/2032 + Baader Hyperion Zoom 8-24 mm @ 20 mm,Baader Hyperion Zoom 8-24 mm @ 20 mm,20 mm,102x,102,No,Facile,84.0,Baader Hyperion Zoom 8-24 mm @ 16 mm,Baader Hyperion Zoom 8-24 mm + Barlow 2x @ 8 mm,Baader Hyperion Zoom 8-24 mm @ 24 mm,4,0,0,"102x con pupilla 2,0 mm; campo reale 0,59°; senza Barlow per mantenere contrasto e campo; altezza massima 35°."
P14,SCT 203/2032 con Hyperion Zoom,"cielo urbano, seeing sconosciuto",Unknown,,Unknown,,7,65,mars,Marte,Planet,Pianeta,HighMagnification,Telescope,telescope,SCT 203/2032 + Baader Hyperion Zoom 8-24 mm @ 20 mm,Baader Hyperion Zoom 8-24 mm @ 20 mm,20 mm,102x,102,No,Facile,84.0,Baader Hyperion Zoom 8-24 mm @ 16 mm,Baader Hyperion Zoom 8-24 mm + Barlow 2x @ 8 mm,Baader Hyperion Zoom 8-24 mm @ 24 mm,4,0,0,"102x con pupilla 2,0 mm; campo reale 0,59°; senza Barlow per mantenere contrasto e campo; altezza massima 62°."
P14,SCT 203/2032 con Hyperion Zoom,"cielo urbano, seeing sconosciuto",Unknown,,Unknown,,7,65,jupiter,Giove,Planet,Pianeta,HighMagnification,Telescope,telescope,SCT 203/2032 + Baader Hyperion Zoom 8-24 mm @ 20 mm,Baader Hyperion Zoom 8-24 mm @ 20 mm,20 mm,102x,102,No,Facile,84.0,Baader Hyperion Zoom 8-24 mm @ 16 mm,Baader Hyperion Zoom 8-24 mm + Barlow 2x @ 8 mm,Baader Hyperion Zoom 8-24 mm @ 24 mm,4,0,0,"102x con pupilla 2,0 mm; campo reale 0,59°; senza Barlow per mantenere contrasto e campo; altezza massima 50°."
P14,SCT 203/2032 con Hyperion Zoom,"cielo urbano, seeing sconosciuto",Unknown,,Unknown,,7,65,saturn,Saturno,Planet,Pianeta,HighMagnification,Telescope,telescope,SCT 203/2032 + Baader Hyperion Zoom 8-24 mm @ 20 mm,Baader Hyperion Zoom 8-24 mm @ 20 mm,20 mm,102x,102,No,Facile,84.0,Baader Hyperion Zoom 8-24 mm @ 16 mm,Baader Hyperion Zoom 8-24 mm + Barlow 2x @ 8 mm,Baader Hyperion Zoom 8-24 mm @ 24 mm,4,0,0,"102x con pupilla 2,0 mm; campo reale 0,59°; senza Barlow per mantenere contrasto e campo; altezza massima 38°."
P14,SCT 203/2032 con Hyperion Zoom,"cielo urbano, seeing sconosciuto",Unknown,,Unknown,,7,65,uranus,Urano,Planet,Pianeta,HighMagnification,Telescope,telescope,SCT 203/2032 + Baader Hyperion Zoom 8-24 mm @ 20 mm,Baader Hyperion Zoom 8-24 mm @ 20 mm,20 mm,102x,102,No,Facile,84.0,Baader Hyperion Zoom 8-24 mm @ 16 mm,Baader Hyperion Zoom 8-24 mm + Barlow 2x @ 8 mm,Baader Hyperion Zoom 8-24 mm @ 24 mm,4,0,0,"102x con pupilla 2,0 mm; campo reale 0,59°; senza Barlow per mantenere contrasto e campo; altezza massima 45°."
P14,SCT 203/2032 con Hyperion Zoom,"cielo urbano, seeing sconosciuto",Unknown,,Unknown,,7,65,neptune,Nettuno,Planet,Pianeta,HighMagnification,Telescope,telescope,SCT 203/2032 + Baader Hyperion Zoom 8-24 mm @ 20 mm,Baader Hyperion Zoom 8-24 mm @ 20 mm,20 mm,102x,102,No,Media,84.0,Baader Hyperion Zoom 8-24 mm @ 16 mm,Baader Hyperion Zoom 8-24 mm + Barlow 2x @ 8 mm,Baader Hyperion Zoom 8-24 mm @ 24 mm,4,0,0,"102x con pupilla 2,0 mm; campo reale 0,59°; senza Barlow per mantenere contrasto e campo; altezza massima 42°."
P14,SCT 203/2032 con Hyperion Zoom,"cielo urbano, seeing sconosciuto",Unknown,,Unknown,,7,65,messier-M1,M1 Crab Nebula,Messier general,Supernova remnant,General,Telescope,telescope,SCT 203/2032 + Baader Hyperion Zoom 8-24 mm @ 24 mm,Baader Hyperion Zoom 8-24 mm @ 24 mm,24 mm,85x,85,No,Media,85.9,Baader Hyperion Zoom 8-24 mm @ 20 mm,Baader Hyperion Zoom 8-24 mm + Barlow 2x @ 8 mm,,3,0,0,"85x con pupilla 2,4 mm; campo reale 0,71°; senza Barlow per mantenere contrasto e campo; altezza massima 55°."
P14,SCT 203/2032 con Hyperion Zoom,"cielo urbano, seeing sconosciuto",Unknown,,Unknown,,7,65,messier-M3,M3,Messier globular,Globular cluster,General,Telescope,telescope,SCT 203/2032 + Baader Hyperion Zoom 8-24 mm @ 24 mm,Baader Hyperion Zoom 8-24 mm @ 24 mm,24 mm,85x,85,No,Facile,96.3,Baader Hyperion Zoom 8-24 mm @ 20 mm,Baader Hyperion Zoom 8-24 mm + Barlow 2x @ 8 mm,,3,0,0,"85x con pupilla 2,4 mm; campo reale 0,71°; senza Barlow per mantenere contrasto e campo; altezza massima 55°."
P14,SCT 203/2032 con Hyperion Zoom,"cielo urbano, seeing sconosciuto",Unknown,,Unknown,,7,65,messier-M5,M5 Rose Cluster,Messier globular,Globular cluster,General,Telescope,telescope,SCT 203/2032 + Baader Hyperion Zoom 8-24 mm @ 24 mm,Baader Hyperion Zoom 8-24 mm @ 24 mm,24 mm,85x,85,No,Facile,96.0,Baader Hyperion Zoom 8-24 mm @ 20 mm,Baader Hyperion Zoom 8-24 mm + Barlow 2x @ 8 mm,,3,0,0,"85x con pupilla 2,4 mm; campo reale 0,71°; senza Barlow per mantenere contrasto e campo; altezza massima 55°."
P14,SCT 203/2032 con Hyperion Zoom,"cielo urbano, seeing sconosciuto",Unknown,,Unknown,,7,65,messier-M7,M7 Ptolemy's Cluster,Messier wide-field,Open cluster,WideField,Telescope,telescope,SCT 203/2032 + Baader Hyperion Zoom 8-24 mm @ 24 mm,Baader Hyperion Zoom 8-24 mm @ 24 mm,24 mm,85x,85,No,Difficile,52.5,Baader Hyperion Zoom 8-24 mm @ 20 mm,Baader Hyperion Zoom 8-24 mm + Barlow 2x @ 8 mm,,3,0,0,"85x con pupilla 2,4 mm; campo reale 0,71°; senza Barlow per mantenere contrasto e campo; altezza massima 11°."
P14,SCT 203/2032 con Hyperion Zoom,"cielo urbano, seeing sconosciuto",Unknown,,Unknown,,7,65,messier-M8,M8 Lagoon Nebula,Messier wide-field,Nebula with cluster,WideField,Telescope,telescope,SCT 203/2032 + Baader Hyperion Zoom 8-24 mm @ 24 mm,Baader Hyperion Zoom 8-24 mm @ 24 mm,24 mm,85x,85,No,Difficile,51.8,Baader Hyperion Zoom 8-24 mm @ 20 mm,Baader Hyperion Zoom 8-24 mm + Barlow 2x @ 8 mm,,3,0,0,"85x con pupilla 2,4 mm; campo reale 0,71°; senza Barlow per mantenere contrasto e campo; altezza massima 22°."
P14,SCT 203/2032 con Hyperion Zoom,"cielo urbano, seeing sconosciuto",Unknown,,Unknown,,7,65,messier-M13,M13 Great Hercules Cluster,Messier globular,Globular cluster,General,Telescope,telescope,SCT 203/2032 + Baader Hyperion Zoom 8-24 mm @ 24 mm,Baader Hyperion Zoom 8-24 mm @ 24 mm,24 mm,85x,85,No,Facile,96.3,Baader Hyperion Zoom 8-24 mm @ 20 mm,Baader Hyperion Zoom 8-24 mm + Barlow 2x @ 8 mm,,3,0,0,"85x con pupilla 2,4 mm; campo reale 0,71°; senza Barlow per mantenere contrasto e campo; altezza massima 55°."
P14,SCT 203/2032 con Hyperion Zoom,"cielo urbano, seeing sconosciuto",Unknown,,Unknown,,7,65,messier-M15,M15 Great Pegasus Cluster,Messier globular,Globular cluster,General,Telescope,telescope,SCT 203/2032 + Baader Hyperion Zoom 8-24 mm @ 24 mm,Baader Hyperion Zoom 8-24 mm @ 24 mm,24 mm,85x,85,No,Facile,96.3,Baader Hyperion Zoom 8-24 mm @ 20 mm,Baader Hyperion Zoom 8-24 mm + Barlow 2x @ 8 mm,,3,0,0,"85x con pupilla 2,4 mm; campo reale 0,71°; senza Barlow per mantenere contrasto e campo; altezza massima 55°."
P14,SCT 203/2032 con Hyperion Zoom,"cielo urbano, seeing sconosciuto",Unknown,,Unknown,,7,65,messier-M17,"M17 Omega, Swan, Horseshoe, Lobster, or Checkmark Nebula",Messier nebula,H II region nebula with cluster,General,Telescope,telescope,SCT 203/2032 + Baader Hyperion Zoom 8-24 mm @ 24 mm,Baader Hyperion Zoom 8-24 mm @ 24 mm,24 mm,85x,85,No,Media,82.2,Baader Hyperion Zoom 8-24 mm @ 20 mm,Baader Hyperion Zoom 8-24 mm + Barlow 2x @ 8 mm,,3,0,0,"85x con pupilla 2,4 mm; campo reale 0,71°; senza Barlow per mantenere contrasto e campo; altezza massima 30°."
P14,SCT 203/2032 con Hyperion Zoom,"cielo urbano, seeing sconosciuto",Unknown,,Unknown,,7,65,messier-M24,M24 Small Sagittarius Star Cloud,Messier wide-field,Milky Way star cloud,WideField,Telescope,telescope,SCT 203/2032 + Baader Hyperion Zoom 8-24 mm @ 24 mm,Baader Hyperion Zoom 8-24 mm @ 24 mm,24 mm,85x,85,No,Media,50.6,Baader Hyperion Zoom 8-24 mm @ 20 mm,Baader Hyperion Zoom 8-24 mm + Barlow 2x @ 8 mm,,3,0,0,"85x con pupilla 2,4 mm; campo reale 0,71°; senza Barlow per mantenere contrasto e campo; altezza massima 25°."
P14,SCT 203/2032 con Hyperion Zoom,"cielo urbano, seeing sconosciuto",Unknown,,Unknown,,7,65,messier-M27,M27 Dumbbell Nebula,Messier planetary nebula,Planetary nebula,General,Telescope,telescope,SCT 203/2032 + Baader Hyperion Zoom 8-24 mm @ 24 mm,Baader Hyperion Zoom 8-24 mm @ 24 mm,24 mm,85x,85,No,Media,88.3,Baader Hyperion Zoom 8-24 mm @ 20 mm,Baader Hyperion Zoom 8-24 mm + Barlow 2x @ 8 mm,,3,0,0,"85x con pupilla 2,4 mm; campo reale 0,71°; senza Barlow per mantenere contrasto e campo; altezza massima 55°."
P14,SCT 203/2032 con Hyperion Zoom,"cielo urbano, seeing sconosciuto",Unknown,,Unknown,,7,65,messier-M31,M31 Andromeda Galaxy,Messier wide-field,Spiral galaxy,WideField,Telescope,telescope,SCT 203/2032 + Baader Hyperion Zoom 8-24 mm @ 24 mm,Baader Hyperion Zoom 8-24 mm @ 24 mm,24 mm,85x,85,No,Difficile,48.7,Baader Hyperion Zoom 8-24 mm @ 20 mm,Baader Hyperion Zoom 8-24 mm + Barlow 2x @ 8 mm,,3,0,0,"85x con pupilla 2,4 mm; campo reale 0,71°; senza Barlow per mantenere contrasto e campo; altezza massima 55°."
P14,SCT 203/2032 con Hyperion Zoom,"cielo urbano, seeing sconosciuto",Unknown,,Unknown,,7,65,messier-M42,M42 Great Orion Nebula,Messier wide-field,H II region nebula,WideField,Telescope,telescope,SCT 203/2032 + Baader Hyperion Zoom 8-24 mm @ 24 mm,Baader Hyperion Zoom 8-24 mm @ 24 mm,24 mm,85x,85,No,Media,54.3,Baader Hyperion Zoom 8-24 mm @ 20 mm,Baader Hyperion Zoom 8-24 mm + Barlow 2x @ 8 mm,,3,0,0,"85x con pupilla 2,4 mm; campo reale 0,71°; senza Barlow per mantenere contrasto e campo; altezza massima 45°."
P14,SCT 203/2032 con Hyperion Zoom,"cielo urbano, seeing sconosciuto",Unknown,,Unknown,,7,65,messier-M44,M44 Beehive Cluster or Praesepe,Messier wide-field,Open cluster,WideField,Telescope,telescope,SCT 203/2032 + Baader Hyperion Zoom 8-24 mm @ 24 mm,Baader Hyperion Zoom 8-24 mm @ 24 mm,24 mm,85x,85,No,Facile,51.5,Baader Hyperion Zoom 8-24 mm @ 20 mm,Baader Hyperion Zoom 8-24 mm + Barlow 2x @ 8 mm,,3,0,0,"85x con pupilla 2,4 mm; campo reale 0,71°; senza Barlow per mantenere contrasto e campo; altezza massima 55°."
P14,SCT 203/2032 con Hyperion Zoom,"cielo urbano, seeing sconosciuto",Unknown,,Unknown,,7,65,messier-M45,"M45 Pleiades, Seven Sisters or Subaru",Messier wide-field,Open cluster,WideField,Telescope,telescope,SCT 203/2032 + Baader Hyperion Zoom 8-24 mm @ 24 mm,Baader Hyperion Zoom 8-24 mm @ 24 mm,24 mm,85x,85,No,Facile,50.6,Baader Hyperion Zoom 8-24 mm @ 20 mm,Baader Hyperion Zoom 8-24 mm + Barlow 2x @ 8 mm,,3,0,0,"85x con pupilla 2,4 mm; campo reale 0,71°; senza Barlow per mantenere contrasto e campo; altezza massima 55°."
P14,SCT 203/2032 con Hyperion Zoom,"cielo urbano, seeing sconosciuto",Unknown,,Unknown,,7,65,messier-M51,M51 Whirlpool Galaxy,Messier galaxy,Spiral galaxy,General,Telescope,telescope,SCT 203/2032 + Baader Hyperion Zoom 8-24 mm @ 24 mm,Baader Hyperion Zoom 8-24 mm @ 24 mm,24 mm,85x,85,No,Difficile,85.7,Baader Hyperion Zoom 8-24 mm @ 20 mm,Baader Hyperion Zoom 8-24 mm + Barlow 2x @ 8 mm,,3,0,0,"85x con pupilla 2,4 mm; campo reale 0,71°; senza Barlow per mantenere contrasto e campo; altezza massima 55°."
P14,SCT 203/2032 con Hyperion Zoom,"cielo urbano, seeing sconosciuto",Unknown,,Unknown,,7,65,messier-M57,M57 Ring Nebula,Messier planetary nebula,Planetary nebula,HighMagnification,Telescope,telescope,SCT 203/2032 + Baader Hyperion Zoom 8-24 mm @ 16 mm,Baader Hyperion Zoom 8-24 mm @ 16 mm,16 mm,127x,127,No,Media,94.7,Baader Hyperion Zoom 8-24 mm @ 12 mm,Baader Hyperion Zoom 8-24 mm + Barlow 2x @ 8 mm,Baader Hyperion Zoom 8-24 mm @ 24 mm,4,0,0,"127x con pupilla 1,6 mm; campo reale 0,47°; senza Barlow per mantenere contrasto e campo; altezza massima 70°."
P14,SCT 203/2032 con Hyperion Zoom,"cielo urbano, seeing sconosciuto",Unknown,,Unknown,,7,65,messier-M81,M81 Bode's Galaxy,Messier galaxy,Spiral galaxy,General,Telescope,telescope,SCT 203/2032 + Baader Hyperion Zoom 8-24 mm @ 24 mm,Baader Hyperion Zoom 8-24 mm @ 24 mm,24 mm,85x,85,No,Difficile,86.0,Baader Hyperion Zoom 8-24 mm @ 20 mm,Baader Hyperion Zoom 8-24 mm + Barlow 2x @ 8 mm,,3,0,0,"85x con pupilla 2,4 mm; campo reale 0,71°; senza Barlow per mantenere contrasto e campo; altezza massima 55°."
P14,SCT 203/2032 con Hyperion Zoom,"cielo urbano, seeing sconosciuto",Unknown,,Unknown,,7,65,messier-M92,M92,Messier globular,Globular cluster,General,Telescope,telescope,SCT 203/2032 + Baader Hyperion Zoom 8-24 mm @ 24 mm,Baader Hyperion Zoom 8-24 mm @ 24 mm,24 mm,85x,85,No,Facile,96.3,Baader Hyperion Zoom 8-24 mm @ 20 mm,Baader Hyperion Zoom 8-24 mm + Barlow 2x @ 8 mm,,3,0,0,"85x con pupilla 2,4 mm; campo reale 0,71°; senza Barlow per mantenere contrasto e campo; altezza massima 55°."
P15,Profilo misto completo urbano,"meteo discreto, VIIRS urbano",Average,55,Average,50,7,75,mercury,Mercurio,Planet,Pianeta,HighMagnification,Telescope,telescope,Newton 130/650 + Baader Hyperion Zoom 8-24 mm @ 12 mm,Baader Hyperion Zoom 8-24 mm @ 12 mm,12 mm,54x,54,No,Difficile,82.1,Baader Hyperion Zoom 8-24 mm @ 24 mm,6 mm + Barlow 2x,32 mm,4,0,0,"54x con pupilla 2,4 mm; campo reale 1,11°; senza Barlow per mantenere contrasto e campo; altezza massima 18°."
P15,Profilo misto completo urbano,"meteo discreto, VIIRS urbano",Average,55,Average,50,7,75,venus,Venere,Planet,Pianeta,HighMagnification,Telescope,telescope,Newton 130/650 + 6 mm,6 mm,6 mm,108x,108,No,Facile,90.8,Baader Hyperion Zoom 8-24 mm @ 16 mm,6 mm + Barlow 2x,32 mm,4,0,0,"108x con pupilla 1,2 mm; campo reale 0,54°; senza Barlow per mantenere contrasto e campo; altezza massima 35°."
P15,Profilo misto completo urbano,"meteo discreto, VIIRS urbano",Average,55,Average,50,7,75,mars,Marte,Planet,Pianeta,HighMagnification,Telescope,telescope,Newton 130/650 + 6 mm,6 mm,6 mm,108x,108,No,Facile,90.8,Baader Hyperion Zoom 8-24 mm @ 16 mm,6 mm + Barlow 2x,32 mm,4,0,0,"108x con pupilla 1,2 mm; campo reale 0,54°; senza Barlow per mantenere contrasto e campo; altezza massima 62°."
P15,Profilo misto completo urbano,"meteo discreto, VIIRS urbano",Average,55,Average,50,7,75,jupiter,Giove,Planet,Pianeta,HighMagnification,Telescope,telescope,Newton 130/650 + 6 mm,6 mm,6 mm,108x,108,No,Facile,90.8,Baader Hyperion Zoom 8-24 mm @ 16 mm,6 mm + Barlow 2x,32 mm,4,0,0,"108x con pupilla 1,2 mm; campo reale 0,54°; senza Barlow per mantenere contrasto e campo; altezza massima 50°."
P15,Profilo misto completo urbano,"meteo discreto, VIIRS urbano",Average,55,Average,50,7,75,saturn,Saturno,Planet,Pianeta,HighMagnification,Telescope,telescope,Newton 130/650 + 6 mm,6 mm,6 mm,108x,108,No,Facile,90.8,Baader Hyperion Zoom 8-24 mm @ 16 mm,6 mm + Barlow 2x,32 mm,4,0,0,"108x con pupilla 1,2 mm; campo reale 0,54°; senza Barlow per mantenere contrasto e campo; altezza massima 38°."
P15,Profilo misto completo urbano,"meteo discreto, VIIRS urbano",Average,55,Average,50,7,75,uranus,Urano,Planet,Pianeta,HighMagnification,Telescope,telescope,Newton 130/650 + 6 mm,6 mm,6 mm,108x,108,No,Media,90.8,Baader Hyperion Zoom 8-24 mm @ 16 mm,6 mm + Barlow 2x,32 mm,4,0,0,"108x con pupilla 1,2 mm; campo reale 0,54°; senza Barlow per mantenere contrasto e campo; altezza massima 45°."
P15,Profilo misto completo urbano,"meteo discreto, VIIRS urbano",Average,55,Average,50,7,75,neptune,Nettuno,Planet,Pianeta,HighMagnification,Telescope,telescope,Newton 130/650 + 6 mm,6 mm,6 mm,108x,108,No,Media,90.8,Baader Hyperion Zoom 8-24 mm @ 16 mm,6 mm + Barlow 2x,32 mm,4,0,0,"108x con pupilla 1,2 mm; campo reale 0,54°; senza Barlow per mantenere contrasto e campo; altezza massima 42°."
P15,Profilo misto completo urbano,"meteo discreto, VIIRS urbano",Average,55,Average,50,7,75,messier-M1,M1 Crab Nebula,Messier general,Supernova remnant,General,Telescope,telescope,Mak 127 + Baader Hyperion Zoom 8-24 mm @ 24 mm,Baader Hyperion Zoom 8-24 mm @ 24 mm,24 mm,62x,62,No,Media,96.8,10 mm,6 mm + Barlow 2x,32 mm,4,0,0,"62x con pupilla 2,0 mm; campo reale 0,96°; senza Barlow per mantenere contrasto e campo; altezza massima 55°."
P15,Profilo misto completo urbano,"meteo discreto, VIIRS urbano",Average,55,Average,50,7,75,messier-M3,M3,Messier globular,Globular cluster,General,Telescope,telescope,Newton 130/650 + Baader Hyperion Zoom 8-24 mm @ 8 mm,Baader Hyperion Zoom 8-24 mm @ 8 mm,8 mm,81x,81,No,Facile,99.1,Baader Hyperion Zoom 8-24 mm @ 20 mm,6 mm + Barlow 2x,32 mm,4,0,0,"81x con pupilla 1,6 mm; campo reale 0,74°; senza Barlow per mantenere contrasto e campo; altezza massima 55°."
P15,Profilo misto completo urbano,"meteo discreto, VIIRS urbano",Average,55,Average,50,7,75,messier-M5,M5 Rose Cluster,Messier globular,Globular cluster,General,Telescope,telescope,Newton 130/650 + Baader Hyperion Zoom 8-24 mm @ 8 mm,Baader Hyperion Zoom 8-24 mm @ 8 mm,8 mm,81x,81,No,Facile,99.1,Baader Hyperion Zoom 8-24 mm @ 20 mm,6 mm + Barlow 2x,32 mm,4,0,0,"81x con pupilla 1,6 mm; campo reale 0,74°; senza Barlow per mantenere contrasto e campo; altezza massima 55°."
P15,Profilo misto completo urbano,"meteo discreto, VIIRS urbano",Average,55,Average,50,7,75,messier-M7,M7 Ptolemy's Cluster,Messier wide-field,Open cluster,WideField,Binocular,binocular,Nikon Aculon A211 10×50,Nikon Aculon A211 10×50,,10x,10,No,Facile,99.2,Baader Hyperion Zoom 8-24 mm @ 24 mm,6 mm + Barlow 2x,32 mm,4,0,0,"Oggetto esteso: il binocolo offre una visione più naturale a largo campo. 10x con pupilla 5,0 mm; il campo reale non è stimato perché il catalogo binocoli non include il FOV."
P15,Profilo misto completo urbano,"meteo discreto, VIIRS urbano",Average,55,Average,50,7,75,messier-M8,M8 Lagoon Nebula,Messier wide-field,Nebula with cluster,WideField,Binocular,binocular,Nikon Aculon A211 10×50,Nikon Aculon A211 10×50,,10x,10,No,Facile,93.9,Baader Hyperion Zoom 8-24 mm @ 24 mm,6 mm + Barlow 2x,32 mm,4,0,0,"Oggetto esteso: il binocolo offre una visione più naturale a largo campo. 10x con pupilla 5,0 mm; il campo reale non è stimato perché il catalogo binocoli non include il FOV."
P15,Profilo misto completo urbano,"meteo discreto, VIIRS urbano",Average,55,Average,50,7,75,messier-M13,M13 Great Hercules Cluster,Messier globular,Globular cluster,General,Telescope,telescope,Newton 130/650 + Baader Hyperion Zoom 8-24 mm @ 8 mm,Baader Hyperion Zoom 8-24 mm @ 8 mm,8 mm,81x,81,No,Facile,99.1,Baader Hyperion Zoom 8-24 mm @ 20 mm,6 mm + Barlow 2x,32 mm,4,0,0,"81x con pupilla 1,6 mm; campo reale 0,74°; senza Barlow per mantenere contrasto e campo; altezza massima 55°."
P15,Profilo misto completo urbano,"meteo discreto, VIIRS urbano",Average,55,Average,50,7,75,messier-M15,M15 Great Pegasus Cluster,Messier globular,Globular cluster,General,Telescope,telescope,Newton 130/650 + Baader Hyperion Zoom 8-24 mm @ 8 mm,Baader Hyperion Zoom 8-24 mm @ 8 mm,8 mm,81x,81,No,Facile,99.1,Baader Hyperion Zoom 8-24 mm @ 20 mm,6 mm + Barlow 2x,32 mm,4,0,0,"81x con pupilla 1,6 mm; campo reale 0,74°; senza Barlow per mantenere contrasto e campo; altezza massima 55°."
P15,Profilo misto completo urbano,"meteo discreto, VIIRS urbano",Average,55,Average,50,7,75,messier-M17,"M17 Omega, Swan, Horseshoe, Lobster, or Checkmark Nebula",Messier nebula,H II region nebula with cluster,General,Telescope,telescope,Newton 130/650 + Baader Hyperion Zoom 8-24 mm @ 16 mm,Baader Hyperion Zoom 8-24 mm @ 16 mm,16 mm,41x,41,No,Media,99.0,Mak 127 + 32 mm,6 mm + Barlow 2x,Newton 130/650 + 32 mm,4,0,0,"41x con pupilla 3,2 mm; campo reale 1,48°; senza Barlow per mantenere contrasto e campo; altezza massima 30°."
P15,Profilo misto completo urbano,"meteo discreto, VIIRS urbano",Average,55,Average,50,7,75,messier-M24,M24 Small Sagittarius Star Cloud,Messier wide-field,Milky Way star cloud,WideField,Binocular,binocular,Nikon Aculon A211 10×50,Nikon Aculon A211 10×50,,10x,10,No,Facile,99.2,Baader Hyperion Zoom 8-24 mm @ 24 mm,6 mm + Barlow 2x,32 mm,4,0,0,"Oggetto esteso: il binocolo offre una visione più naturale a largo campo. 10x con pupilla 5,0 mm; il campo reale non è stimato perché il catalogo binocoli non include il FOV."
P15,Profilo misto completo urbano,"meteo discreto, VIIRS urbano",Average,55,Average,50,7,75,messier-M27,M27 Dumbbell Nebula,Messier planetary nebula,Planetary nebula,General,Telescope,telescope,Mak 127 + Baader Hyperion Zoom 8-24 mm @ 24 mm,Baader Hyperion Zoom 8-24 mm @ 24 mm,24 mm,62x,62,No,Media,99.2,10 mm,6 mm + Barlow 2x,32 mm,4,0,0,"62x con pupilla 2,0 mm; campo reale 0,96°; senza Barlow per mantenere contrasto e campo; altezza massima 55°."
P15,Profilo misto completo urbano,"meteo discreto, VIIRS urbano",Average,55,Average,50,7,75,messier-M31,M31 Andromeda Galaxy,Messier wide-field,Spiral galaxy,WideField,Binocular,binocular,Nikon Aculon A211 10×50,Nikon Aculon A211 10×50,,10x,10,No,Facile,90.9,32 mm,6 mm + Barlow 2x,,3,0,0,"Oggetto esteso: il binocolo offre una visione più naturale a largo campo. 10x con pupilla 5,0 mm; il campo reale non è stimato perché il catalogo binocoli non include il FOV."
P15,Profilo misto completo urbano,"meteo discreto, VIIRS urbano",Average,55,Average,50,7,75,messier-M42,M42 Great Orion Nebula,Messier wide-field,H II region nebula,WideField,Binocular,binocular,Nikon Aculon A211 10×50,Nikon Aculon A211 10×50,,10x,10,No,Facile,99.2,Baader Hyperion Zoom 8-24 mm @ 20 mm,6 mm + Barlow 2x,32 mm,4,0,0,"Oggetto esteso: il binocolo offre una visione più naturale a largo campo. 10x con pupilla 5,0 mm; il campo reale non è stimato perché il catalogo binocoli non include il FOV."
P15,Profilo misto completo urbano,"meteo discreto, VIIRS urbano",Average,55,Average,50,7,75,messier-M44,M44 Beehive Cluster or Praesepe,Messier wide-field,Open cluster,WideField,Binocular,binocular,Nikon Aculon A211 10×50,Nikon Aculon A211 10×50,,10x,10,No,Facile,93.9,Baader Hyperion Zoom 8-24 mm @ 24 mm,6 mm + Barlow 2x,32 mm,4,0,0,"Oggetto esteso: il binocolo offre una visione più naturale a largo campo. 10x con pupilla 5,0 mm; il campo reale non è stimato perché il catalogo binocoli non include il FOV."
P15,Profilo misto completo urbano,"meteo discreto, VIIRS urbano",Average,55,Average,50,7,75,messier-M45,"M45 Pleiades, Seven Sisters or Subaru",Messier wide-field,Open cluster,WideField,Binocular,binocular,Nikon Aculon A211 10×50,Nikon Aculon A211 10×50,,10x,10,No,Facile,99.2,Baader Hyperion Zoom 8-24 mm @ 24 mm,6 mm + Barlow 2x,32 mm,4,0,0,"Oggetto esteso: il binocolo offre una visione più naturale a largo campo. 10x con pupilla 5,0 mm; il campo reale non è stimato perché il catalogo binocoli non include il FOV."
P15,Profilo misto completo urbano,"meteo discreto, VIIRS urbano",Average,55,Average,50,7,75,messier-M51,M51 Whirlpool Galaxy,Messier galaxy,Spiral galaxy,General,Telescope,telescope,Newton 130/650 + Baader Hyperion Zoom 8-24 mm @ 12 mm,Baader Hyperion Zoom 8-24 mm @ 12 mm,12 mm,54x,54,No,Difficile,94.2,Mak 127 + 32 mm,6 mm + Barlow 2x,Newton 130/650 + 32 mm,4,0,0,"54x con pupilla 2,4 mm; campo reale 1,11°; senza Barlow per mantenere contrasto e campo; altezza massima 55°."
P15,Profilo misto completo urbano,"meteo discreto, VIIRS urbano",Average,55,Average,50,7,75,messier-M57,M57 Ring Nebula,Messier planetary nebula,Planetary nebula,HighMagnification,Telescope,telescope,Mak 127 + Baader Hyperion Zoom 8-24 mm @ 20 mm,Baader Hyperion Zoom 8-24 mm @ 20 mm,20 mm,75x,75,No,Media,93.7,Baader Hyperion Zoom 8-24 mm @ 8 mm,6 mm + Barlow 2x,32 mm,4,0,0,"75x con pupilla 1,7 mm; campo reale 0,80°; senza Barlow per mantenere contrasto e campo; altezza massima 70°."
P15,Profilo misto completo urbano,"meteo discreto, VIIRS urbano",Average,55,Average,50,7,75,messier-M81,M81 Bode's Galaxy,Messier galaxy,Spiral galaxy,General,Telescope,telescope,Newton 130/650 + Baader Hyperion Zoom 8-24 mm @ 12 mm,Baader Hyperion Zoom 8-24 mm @ 12 mm,12 mm,54x,54,No,Difficile,96.2,Mak 127 + 32 mm,6 mm + Barlow 2x,Newton 130/650 + 32 mm,4,0,0,"54x con pupilla 2,4 mm; campo reale 1,11°; senza Barlow per mantenere contrasto e campo; altezza massima 55°."
P15,Profilo misto completo urbano,"meteo discreto, VIIRS urbano",Average,55,Average,50,7,75,messier-M92,M92,Messier globular,Globular cluster,General,Telescope,telescope,Newton 130/650 + Baader Hyperion Zoom 8-24 mm @ 8 mm,Baader Hyperion Zoom 8-24 mm @ 8 mm,8 mm,81x,81,No,Facile,99.1,Baader Hyperion Zoom 8-24 mm @ 20 mm,6 mm + Barlow 2x,32 mm,4,0,0,"81x con pupilla 1,6 mm; campo reale 0,74°; senza Barlow per mantenere contrasto e campo; altezza massima 55°."
